event_id,emp_id,period_start,period_end,hours_regular,hours_overtime,gross_pay,deductions,net_pay,jurisdiction,is_anomaly,anomaly_type
PE-EMP-00001-01,EMP-00001,2025-01-01,2025-01-30,156.1,0.0,8228.0,1621.97,6606.03,FL,False,none
PE-EMP-00001-02,EMP-00001,2025-01-31,2025-03-01,148.7,0.0,8228.0,2215.18,6012.82,FL,False,none
PE-EMP-00001-03,EMP-00001,2025-03-02,2025-03-31,155.1,0.0,8228.0,1522.78,6705.22,FL,False,none
PE-EMP-00001-04,EMP-00001,2025-04-01,2025-04-30,140.8,0.0,8228.0,2224.27,6003.73,FL,False,none
PE-EMP-00001-05,EMP-00001,2025-05-01,2025-05-30,141.4,0.0,8228.0,1796.67,6431.33,FL,False,none
PE-EMP-00001-06,EMP-00001,2025-05-31,2025-06-29,142.4,0.0,8228.0,1803.51,6424.49,FL,False,none
PE-EMP-00002-01,EMP-00002,2025-01-01,2025-01-30,159.7,0.0,8030.0,2161.09,5868.91,CA,False,none
PE-EMP-00002-02,EMP-00002,2025-01-31,2025-03-01,157.6,0.0,8030.0,1999.57,6030.43,CA,False,none
PE-EMP-00002-03,EMP-00002,2025-03-02,2025-03-31,152.5,0.0,8030.0,1730.97,6299.03,CA,False,none
PE-EMP-00002-04,EMP-00002,2025-04-01,2025-04-30,149.3,0.0,8030.0,1604.51,6425.49,CA,False,none
PE-EMP-00002-05,EMP-00002,2025-05-01,2025-05-30,161.2,0.0,8030.0,2095.27,5934.73,CA,False,none
PE-EMP-00002-06,EMP-00002,2025-05-31,2025-06-29,142.2,0.0,8030.0,2186.4,5843.6,CA,False,none
PE-EMP-00003-01,EMP-00003,2025-01-01,2025-01-30,161.4,8.5,7270.6,1376.26,5894.34,FL,False,none
PE-EMP-00003-02,EMP-00003,2025-01-31,2025-03-01,162.5,10.5,7394.45,1402.92,5991.53,FL,False,none
PE-EMP-00003-03,EMP-00003,2025-03-02,2025-03-31,148.7,9.7,7343.15,1884.61,5458.54,FL,False,none
PE-EMP-00003-04,EMP-00003,2025-04-01,2025-04-30,153.2,14.2,7630.07,1483.07,6147.0,FL,False,none
PE-EMP-00003-05,EMP-00003,2025-05-01,2025-05-30,165.1,3.9,6977.33,1509.51,5467.82,FL,False,none
PE-EMP-00003-06,EMP-00003,2025-05-31,2025-06-29,145.1,13.8,7601.49,1619.37,5982.12,FL,False,none
PE-EMP-00004-01,EMP-00004,2025-01-01,2025-01-30,164.1,4.9,4734.79,1083.09,3651.7,WA,False,none
PE-EMP-00004-02,EMP-00004,2025-01-31,2025-03-01,141.8,1.7,4599.88,1048.15,3551.73,WA,False,none
PE-EMP-00004-03,EMP-00004,2025-03-02,2025-03-31,163.7,4.2,4707.73,1011.51,3696.22,WA,False,none
PE-EMP-00004-04,EMP-00004,2025-04-01,2025-04-30,156.1,7.6,4851.44,1070.08,3781.36,WA,False,none
PE-EMP-00004-05,EMP-00004,2025-05-01,2025-05-30,160.0,1.6,4596.12,1082.91,3513.21,WA,False,none
PE-EMP-00004-06,EMP-00004,2025-05-31,2025-06-29,142.0,4.5,4720.37,1067.26,3653.11,WA,False,none
PE-EMP-00005-01,EMP-00005,2025-01-01,2025-01-30,156.5,3.6,6365.63,1300.94,5064.69,WA,False,none
PE-EMP-00005-02,EMP-00005,2025-01-31,2025-03-01,144.5,7.2,6576.79,1227.27,5349.52,WA,False,none
PE-EMP-00005-03,EMP-00005,2025-03-02,2025-03-31,145.8,10.4,6760.13,1508.29,5251.84,WA,False,none
PE-EMP-00005-04,EMP-00005,2025-04-01,2025-04-30,167.4,8.5,6650.27,1424.62,5225.65,WA,False,none
PE-EMP-00005-05,EMP-00005,2025-05-01,2025-05-30,159.4,2.6,6308.91,1558.05,4750.86,WA,False,none
PE-EMP-00005-06,EMP-00005,2025-05-31,2025-06-29,160.7,10.7,6775.59,1786.55,4989.04,WA,False,none
PE-EMP-00006-01,EMP-00006,2025-01-01,2025-01-30,143.2,0.0,6799.0,1629.09,5169.91,UK_national,False,none
PE-EMP-00006-02,EMP-00006,2025-01-31,2025-03-01,149.1,0.0,6799.0,1290.21,5508.79,UK_national,True,ghost_employee
PE-EMP-00006-03,EMP-00006,2025-03-02,2025-03-31,152.5,0.0,6799.0,1433.25,5365.75,UK_national,False,none
PE-EMP-00006-04,EMP-00006,2025-04-01,2025-04-30,151.4,0.0,6799.0,1630.58,5168.42,UK_national,False,none
PE-EMP-00006-05,EMP-00006,2025-05-01,2025-05-30,159.2,0.0,6799.0,1629.32,5169.68,UK_national,False,none
PE-EMP-00006-06,EMP-00006,2025-05-31,2025-06-29,163.0,0.0,6799.0,1446.42,5352.58,UK_national,False,none
PE-EMP-00007-01,EMP-00007,2025-01-01,2025-01-30,158.1,0.0,7249.0,1349.39,5899.61,DE_national,False,none
PE-EMP-00007-02,EMP-00007,2025-01-31,2025-03-01,146.1,0.0,7249.0,1405.52,5843.48,DE_national,False,none
PE-EMP-00007-03,EMP-00007,2025-03-02,2025-03-31,156.3,0.0,7249.0,1852.11,5396.89,DE_national,False,none
PE-EMP-00007-04,EMP-00007,2025-04-01,2025-04-30,162.7,0.0,7249.0,1853.63,5395.37,DE_national,False,none
PE-EMP-00007-05,EMP-00007,2025-05-01,2025-05-30,158.5,0.0,7249.0,1633.18,5615.82,DE_national,False,none
PE-EMP-00007-06,EMP-00007,2025-05-31,2025-06-29,148.2,0.0,7249.0,1751.05,5497.95,DE_national,False,none
PE-EMP-00008-01,EMP-00008,2025-01-01,2025-01-30,152.5,3.1,4415.1,1182.11,3232.99,federal,False,none
PE-EMP-00008-02,EMP-00008,2025-01-31,2025-03-01,148.4,11.9,4770.33,1182.83,3587.5,federal,False,none
PE-EMP-00008-03,EMP-00008,2025-03-02,2025-03-31,165.7,14.1,4856.21,1222.69,3633.52,federal,False,none
PE-EMP-00008-04,EMP-00008,2025-04-01,2025-04-30,165.6,14.9,4888.56,1164.81,3723.75,federal,False,none
PE-EMP-00008-05,EMP-00008,2025-05-01,2025-05-30,157.1,7.7,4599.0,1217.65,3381.35,federal,False,none
PE-EMP-00008-06,EMP-00008,2025-05-31,2025-06-29,163.9,0.9,4328.66,1169.2,3159.46,federal,False,none
PE-EMP-00009-01,EMP-00009,2025-01-01,2025-01-30,167.1,0.0,8081.0,1455.26,6625.74,WA,False,none
PE-EMP-00009-02,EMP-00009,2025-01-31,2025-03-01,155.7,0.0,8081.0,2245.46,5835.54,WA,False,none
PE-EMP-00009-03,EMP-00009,2025-03-02,2025-03-31,143.1,0.0,8081.0,1682.63,6398.37,WA,False,none
PE-EMP-00009-04,EMP-00009,2025-04-01,2025-04-30,140.9,0.0,8081.0,1803.45,6277.55,WA,False,none
PE-EMP-00009-05,EMP-00009,2025-05-01,2025-05-30,156.5,0.0,8081.0,1959.82,6121.18,WA,False,none
PE-EMP-00009-06,EMP-00009,2025-05-31,2025-06-29,159.9,0.0,8081.0,1782.69,6298.31,WA,False,none
PE-EMP-00010-01,EMP-00010,2025-01-01,2025-01-30,152.2,0.0,8650.0,1739.7,6910.3,DE_national,False,none
PE-EMP-00010-02,EMP-00010,2025-01-31,2025-03-01,144.9,0.0,8650.0,1677.29,6972.71,DE_national,False,none
PE-EMP-00010-03,EMP-00010,2025-03-02,2025-03-31,155.6,0.0,11715.79,2286.48,6363.52,DE_national,True,rate_violation
PE-EMP-00010-04,EMP-00010,2025-04-01,2025-04-30,150.1,0.0,8650.0,1917.91,6732.09,DE_national,False,none
PE-EMP-00010-05,EMP-00010,2025-05-01,2025-05-30,148.1,0.0,8650.0,2311.92,6338.08,DE_national,False,none
PE-EMP-00010-06,EMP-00010,2025-05-31,2025-06-29,143.5,0.0,8650.0,1567.04,7082.96,DE_national,False,none
PE-EMP-00011-01,EMP-00011,2025-01-01,2025-01-30,158.2,2.2,6821.39,1831.47,4989.92,FL,False,none
PE-EMP-00011-02,EMP-00011,2025-01-31,2025-03-01,158.4,14.6,7602.69,1471.71,6130.98,FL,False,none
PE-EMP-00011-03,EMP-00011,2025-03-02,2025-03-31,143.8,12.1,7443.76,1980.15,5463.61,FL,False,none
PE-EMP-00011-04,EMP-00011,2025-04-01,2025-04-30,165.0,10.4,7339.82,2004.0,5335.82,FL,False,none
PE-EMP-00011-05,EMP-00011,2025-05-01,2025-05-30,157.5,6.8,7113.23,1582.07,5531.16,FL,False,none
PE-EMP-00011-06,EMP-00011,2025-05-31,2025-06-29,163.0,5.8,7047.72,1427.69,5620.03,FL,False,none
PE-EMP-00012-01,EMP-00012,2025-01-01,2025-01-30,151.9,0.0,8473.0,1531.44,6941.56,TX,False,none
PE-EMP-00012-02,EMP-00012,2025-01-31,2025-03-01,153.9,0.0,8473.0,2144.44,6328.56,TX,False,none
PE-EMP-00012-03,EMP-00012,2025-03-02,2025-03-31,159.9,0.0,8473.0,1753.28,6719.72,TX,False,none
PE-EMP-00012-04,EMP-00012,2025-04-01,2025-04-30,165.9,0.0,8473.0,2013.48,6459.52,TX,False,none
PE-EMP-00012-05,EMP-00012,2025-05-01,2025-05-30,140.9,0.0,8473.0,1557.22,6915.78,TX,False,none
PE-EMP-00012-06,EMP-00012,2025-05-31,2025-06-29,153.5,0.0,8473.0,1837.44,6635.56,TX,False,none
PE-EMP-00013-01,EMP-00013,2025-01-01,2025-01-30,156.2,0.0,6934.0,1914.99,5019.01,CA,False,none
PE-EMP-00013-02,EMP-00013,2025-01-31,2025-03-01,142.2,0.0,6934.0,1754.43,5179.57,CA,False,none
PE-EMP-00013-03,EMP-00013,2025-03-02,2025-03-31,154.7,0.0,6934.0,1843.99,5090.01,CA,False,none
PE-EMP-00013-04,EMP-00013,2025-04-01,2025-04-30,161.0,0.0,6934.0,1441.87,5492.13,CA,False,none
PE-EMP-00013-05,EMP-00013,2025-05-01,2025-05-30,154.5,0.0,6934.0,1611.02,5322.98,CA,False,none
PE-EMP-00013-06,EMP-00013,2025-05-31,2025-06-29,157.1,0.0,6934.0,1418.16,5515.84,CA,False,none
PE-EMP-00014-01,EMP-00014,2025-01-01,2025-01-30,157.7,0.0,6916.0,1703.92,5212.08,NY,False,none
PE-EMP-00014-02,EMP-00014,2025-01-31,2025-03-01,158.7,0.0,6916.0,1717.99,5198.01,NY,False,none
PE-EMP-00014-03,EMP-00014,2025-03-02,2025-03-31,155.1,0.0,6916.0,1645.75,5270.25,NY,False,none
PE-EMP-00014-04,EMP-00014,2025-04-01,2025-04-30,157.2,0.0,6916.0,1869.8,5046.2,NY,False,none
PE-EMP-00014-05,EMP-00014,2025-05-01,2025-05-30,155.0,0.0,6916.0,1252.34,5663.66,NY,False,none
PE-EMP-00014-06,EMP-00014,2025-05-31,2025-06-29,152.7,0.0,6916.0,1871.51,5044.49,NY,False,none
PE-EMP-00015-01,EMP-00015,2025-01-01,2025-01-30,156.1,0.0,7605.0,1621.02,5983.98,UK_national,False,none
PE-EMP-00015-02,EMP-00015,2025-01-31,2025-03-01,149.9,0.0,7605.0,2112.49,5492.51,UK_national,False,none
PE-EMP-00015-03,EMP-00015,2025-03-02,2025-03-31,148.2,0.0,7605.0,1496.29,6108.71,UK_national,False,none
PE-EMP-00015-04,EMP-00015,2025-04-01,2025-04-30,159.5,0.0,7605.0,1823.4,5781.6,UK_national,False,none
PE-EMP-00015-05,EMP-00015,2025-05-01,2025-05-30,148.5,0.0,7605.0,1965.91,5639.09,UK_national,False,none
PE-EMP-00015-06,EMP-00015,2025-05-31,2025-06-29,147.3,0.0,7605.0,1847.48,5757.52,UK_national,False,none
PE-EMP-00016-01,EMP-00016,2025-01-01,2025-01-30,156.2,8.6,7306.74,1794.77,5511.97,FL,False,none
PE-EMP-00016-02,EMP-00016,2025-01-31,2025-03-01,148.2,11.1,7463.18,1363.75,6099.43,FL,False,none
PE-EMP-00016-03,EMP-00016,2025-03-02,2025-03-31,153.6,1.9,6882.6,1291.77,5590.83,FL,False,none
PE-EMP-00016-04,EMP-00016,2025-04-01,2025-04-30,161.9,3.8,7001.68,1691.46,5310.22,FL,False,none
PE-EMP-00016-05,EMP-00016,2025-05-01,2025-05-30,147.7,3.9,12015.42,1780.61,5225.73,FL,True,rate_violation
PE-EMP-00016-06,EMP-00016,2025-05-31,2025-06-29,156.9,13.7,7627.45,1936.58,5690.87,FL,False,none
PE-EMP-00017-01,EMP-00017,2025-01-01,2025-01-30,158.5,0.0,7670.0,1664.21,6005.79,UK_national,False,none
PE-EMP-00017-02,EMP-00017,2025-01-31,2025-03-01,144.9,0.0,7670.0,1980.8,5689.2,UK_national,False,none
PE-EMP-00017-03,EMP-00017,2025-03-02,2025-03-31,146.6,0.0,7670.0,1519.28,6150.72,UK_national,False,none
PE-EMP-00017-04,EMP-00017,2025-04-01,2025-04-30,154.8,0.0,7670.0,1405.98,6264.02,UK_national,False,none
PE-EMP-00017-05,EMP-00017,2025-05-01,2025-05-30,167.6,0.0,7670.0,2122.55,5547.45,UK_national,False,none
PE-EMP-00017-06,EMP-00017,2025-05-31,2025-06-29,156.7,0.0,7670.0,2010.86,5659.14,UK_national,False,none
PE-EMP-00018-01,EMP-00018,2025-01-01,2025-01-30,163.5,11.3,7609.4,1683.92,5925.48,CA,False,none
PE-EMP-00018-02,EMP-00018,2025-01-31,2025-03-01,150.7,9.9,7520.29,1899.62,5620.67,CA,False,none
PE-EMP-00018-03,EMP-00018,2025-03-02,2025-03-31,144.7,8.7,7440.06,1965.54,5474.52,CA,False,none
PE-EMP-00018-04,EMP-00018,2025-04-01,2025-04-30,141.5,4.0,7136.84,1869.52,5267.32,CA,False,none
PE-EMP-00018-05,EMP-00018,2025-05-01,2025-05-30,141.5,7.0,7330.0,1668.48,5661.52,CA,False,none
PE-EMP-00018-06,EMP-00018,2025-05-31,2025-06-29,153.3,14.2,7798.57,2123.13,5675.44,CA,False,none
PE-EMP-00019-01,EMP-00019,2025-01-01,2025-01-30,146.5,10.3,7008.58,1534.93,5473.65,NY,False,none
PE-EMP-00019-02,EMP-00019,2025-01-31,2025-03-01,147.4,8.0,6870.95,1535.47,5335.48,NY,False,none
PE-EMP-00019-03,EMP-00019,2025-03-02,2025-03-31,148.1,12.0,7110.91,1551.6,5559.31,NY,False,none
PE-EMP-00019-04,EMP-00019,2025-04-01,2025-04-30,148.8,8.0,6870.78,1893.5,4977.28,NY,False,none
PE-EMP-00019-05,EMP-00019,2025-05-01,2025-05-30,142.7,8.0,6871.72,1480.05,5391.67,NY,False,none
PE-EMP-00019-06,EMP-00019,2025-05-31,2025-06-29,163.6,9.2,6942.92,1702.45,5240.47,NY,False,none
PE-EMP-00020-01,EMP-00020,2025-01-01,2025-01-30,147.6,0.0,7996.0,1655.43,6340.57,CA,False,none
PE-EMP-00020-02,EMP-00020,2025-01-31,2025-03-01,162.5,0.0,7996.0,1643.45,6352.55,CA,False,none
PE-EMP-00020-03,EMP-00020,2025-03-02,2025-03-31,156.4,0.0,7996.0,1807.98,6188.02,CA,False,none
PE-EMP-00020-04,EMP-00020,2025-04-01,2025-04-30,158.9,0.0,7996.0,1632.62,6363.38,CA,False,none
PE-EMP-00020-05,EMP-00020,2025-05-01,2025-05-30,158.8,0.0,7996.0,2055.37,5940.63,CA,False,none
PE-EMP-00020-06,EMP-00020,2025-05-31,2025-06-29,154.6,0.0,7996.0,1981.18,6014.82,CA,False,none
PE-EMP-00021-01,EMP-00021,2025-01-01,2025-01-30,167.8,0.0,7600.0,1606.09,5993.91,NY,False,none
PE-EMP-00021-02,EMP-00021,2025-01-31,2025-03-01,140.3,0.0,7600.0,1374.44,6225.56,NY,False,none
PE-EMP-00021-03,EMP-00021,2025-03-02,2025-03-31,141.9,0.0,7600.0,1680.55,5919.45,NY,False,none
PE-EMP-00021-04,EMP-00021,2025-04-01,2025-04-30,154.7,0.0,7600.0,1888.98,5711.02,NY,False,none
PE-EMP-00021-05,EMP-00021,2025-05-01,2025-05-30,149.8,0.0,7600.0,1919.19,5680.81,NY,False,none
PE-EMP-00021-06,EMP-00021,2025-05-31,2025-06-29,147.1,0.0,7600.0,1393.87,6206.13,NY,False,none
PE-EMP-00022-01,EMP-00022,2025-01-01,2025-01-30,157.3,0.9,7050.95,1688.1,5362.85,WA,False,none
PE-EMP-00022-02,EMP-00022,2025-01-31,2025-03-01,165.0,3.3,7208.28,1729.54,5478.74,WA,False,none
PE-EMP-00022-03,EMP-00022,2025-03-02,2025-03-31,143.4,14.4,7937.16,1497.26,6439.9,WA,False,none
PE-EMP-00022-04,EMP-00022,2025-04-01,2025-04-30,156.9,5.6,7364.82,1888.24,5476.58,WA,False,none
PE-EMP-00022-05,EMP-00022,2025-05-01,2025-05-30,158.1,12.0,7785.09,1545.16,6239.93,WA,False,none
PE-EMP-00022-06,EMP-00022,2025-05-31,2025-06-29,143.1,2.8,7176.25,1503.11,5673.14,WA,False,none
PE-EMP-00023-01,EMP-00023,2025-01-01,2025-01-30,158.5,1.1,6221.54,1401.99,4819.55,FL,False,none
PE-EMP-00023-02,EMP-00023,2025-01-31,2025-03-01,167.9,11.5,6822.02,1700.2,5121.82,FL,False,none
PE-EMP-00023-03,EMP-00023,2025-03-02,2025-03-31,158.7,11.6,6822.68,1403.65,5419.03,FL,False,none
PE-EMP-00023-04,EMP-00023,2025-04-01,2025-04-30,161.9,4.2,6396.04,1191.19,5204.85,FL,False,none
PE-EMP-00023-05,EMP-00023,2025-05-01,2025-05-30,150.9,14.9,7018.19,1444.51,5573.68,FL,False,none
PE-EMP-00023-06,EMP-00023,2025-05-31,2025-06-29,162.8,2.7,6310.03,1179.6,5130.43,FL,False,none
PE-EMP-00024-01,EMP-00024,2025-01-01,2025-01-30,167.4,3.0,6188.85,1356.99,4831.86,DE_national,False,none
PE-EMP-00024-02,EMP-00024,2025-01-31,2025-03-01,158.1,1.6,6110.78,1430.31,4680.47,DE_national,False,none
PE-EMP-00024-03,EMP-00024,2025-03-02,2025-03-31,152.1,9.2,6538.67,1246.43,5292.24,DE_national,False,none
PE-EMP-00024-04,EMP-00024,2025-04-01,2025-04-30,152.4,3.9,6238.22,1144.63,5093.59,DE_national,False,none
PE-EMP-00024-05,EMP-00024,2025-05-01,2025-05-30,142.0,10.9,6634.81,1709.95,4924.86,DE_national,False,none
PE-EMP-00024-06,EMP-00024,2025-05-31,2025-06-29,140.5,7.5,6440.27,1579.71,4860.56,DE_national,False,none
PE-EMP-00025-01,EMP-00025,2025-01-01,2025-01-30,140.0,0.0,6946.0,1276.56,5669.44,CA,False,none
PE-EMP-00025-02,EMP-00025,2025-01-31,2025-03-01,150.9,0.0,6946.0,1355.59,5590.41,CA,False,none
PE-EMP-00025-03,EMP-00025,2025-03-02,2025-03-31,149.2,0.0,6946.0,1522.1,5423.9,CA,False,none
PE-EMP-00025-04,EMP-00025,2025-04-01,2025-04-30,140.1,0.0,6946.0,1741.78,5204.22,CA,False,none
PE-EMP-00025-05,EMP-00025,2025-05-01,2025-05-30,161.6,0.0,6946.0,1582.4,5363.6,CA,False,none
PE-EMP-00025-06,EMP-00025,2025-05-31,2025-06-29,151.3,0.0,6946.0,1755.79,5190.21,CA,False,none
PE-EMP-00026-01,EMP-00026,2025-01-01,2025-01-30,162.7,0.0,8778.0,1641.57,7136.43,NY,False,none
PE-EMP-00026-02,EMP-00026,2025-01-31,2025-03-01,146.3,0.0,8778.0,1917.49,6860.51,NY,False,none
PE-EMP-00026-03,EMP-00026,2025-03-02,2025-03-31,159.3,0.0,8778.0,2264.57,6513.43,NY,False,none
PE-EMP-00026-04,EMP-00026,2025-04-01,2025-04-30,143.4,0.0,8778.0,2049.93,6728.07,NY,False,none
PE-EMP-00026-05,EMP-00026,2025-05-01,2025-05-30,167.8,0.0,8778.0,1872.73,6905.27,NY,False,none
PE-EMP-00026-06,EMP-00026,2025-05-31,2025-06-29,148.5,0.0,8778.0,1628.49,7149.51,NY,False,none
PE-EMP-00027-01,EMP-00027,2025-01-01,2025-01-30,167.9,9.7,6841.63,1481.46,5360.17,TX,False,none
PE-EMP-00027-02,EMP-00027,2025-01-31,2025-03-01,163.9,5.1,6570.89,1735.49,4835.4,TX,False,none
PE-EMP-00027-03,EMP-00027,2025-03-02,2025-03-31,161.3,4.3,6526.7,1307.38,5219.32,TX,False,none
PE-EMP-00027-04,EMP-00027,2025-04-01,2025-04-30,155.5,14.5,7124.21,1753.08,5371.13,TX,False,none
PE-EMP-00027-05,EMP-00027,2025-05-01,2025-05-30,148.4,5.9,6615.02,1261.33,5353.69,TX,False,none
PE-EMP-00027-06,EMP-00027,2025-05-31,2025-06-29,159.3,7.3,6700.03,1799.1,4900.93,TX,False,none
PE-EMP-00028-01,EMP-00028,2025-01-01,2025-01-30,152.3,0.0,8030.0,1597.54,6432.46,FL,False,none
PE-EMP-00028-02,EMP-00028,2025-01-31,2025-03-01,141.0,0.0,8030.0,1465.77,6564.23,FL,False,none
PE-EMP-00028-03,EMP-00028,2025-03-02,2025-03-31,167.9,0.0,8030.0,1636.9,6393.1,FL,False,none
PE-EMP-00028-04,EMP-00028,2025-04-01,2025-04-30,150.9,0.0,8030.0,2081.97,5948.03,FL,False,none
PE-EMP-00028-05,EMP-00028,2025-05-01,2025-05-30,158.0,0.0,8030.0,1846.65,6183.35,FL,False,none
PE-EMP-00028-06,EMP-00028,2025-05-31,2025-06-29,167.0,0.0,8030.0,2097.26,5932.74,FL,False,none
PE-EMP-00029-01,EMP-00029,2025-01-01,2025-01-30,167.1,0.2,3831.83,819.74,3012.09,DE_national,False,none
PE-EMP-00029-02,EMP-00029,2025-01-31,2025-03-01,149.5,10.8,4210.62,928.66,3281.96,DE_national,False,none
PE-EMP-00029-03,EMP-00029,2025-03-02,2025-03-31,145.9,9.8,4174.52,969.79,3204.73,DE_national,False,none
PE-EMP-00029-04,EMP-00029,2025-04-01,2025-04-30,166.3,13.1,4290.83,1002.58,3288.25,DE_national,False,none
PE-EMP-00029-05,EMP-00029,2025-05-01,2025-05-30,160.7,3.5,3948.26,739.13,3209.13,DE_national,False,none
PE-EMP-00029-06,EMP-00029,2025-05-31,2025-06-29,160.6,7.3,4085.83,743.24,3342.59,DE_national,False,none
PE-EMP-00030-01,EMP-00030,2025-01-01,2025-01-30,165.4,9.3,7176.1,1465.85,5710.25,CA,False,none
PE-EMP-00030-02,EMP-00030,2025-01-31,2025-03-01,158.2,0.2,6615.34,1609.29,5006.05,CA,False,none
PE-EMP-00030-03,EMP-00030,2025-03-02,2025-03-31,165.3,12.3,7363.98,1397.16,5966.82,CA,False,none
PE-EMP-00030-04,EMP-00030,2025-04-01,2025-04-30,157.1,12.5,7377.55,1375.14,6002.41,CA,False,none
PE-EMP-00030-05,EMP-00030,2025-05-01,2025-05-30,162.9,1.7,6708.01,1606.55,5101.46,CA,False,none
PE-EMP-00030-06,EMP-00030,2025-05-31,2025-06-29,157.2,0.9,6660.59,1333.88,5326.71,CA,False,none
PE-EMP-00031-01,EMP-00031,2025-01-01,2025-01-30,149.4,12.5,7514.39,1907.1,5607.29,NY,False,none
PE-EMP-00031-02,EMP-00031,2025-01-31,2025-03-01,151.3,1.8,6838.23,1698.68,5139.55,NY,False,none
PE-EMP-00031-03,EMP-00031,2025-03-02,2025-03-31,155.3,4.8,7028.08,1943.05,5085.03,NY,False,none
PE-EMP-00031-04,EMP-00031,2025-04-01,2025-04-30,146.0,0.7,6767.1,1335.45,5431.65,NY,False,none
PE-EMP-00031-05,EMP-00031,2025-05-01,2025-05-30,141.8,4.1,6982.98,1785.93,5197.05,NY,False,none
PE-EMP-00031-06,EMP-00031,2025-05-31,2025-06-29,144.7,5.5,7073.79,1390.0,5683.79,NY,False,none
PE-EMP-00032-01,EMP-00032,2025-01-01,2025-01-30,146.8,8.7,6568.94,1270.02,5298.92,federal,False,none
PE-EMP-00032-02,EMP-00032,2025-01-31,2025-03-01,162.1,9.5,6611.82,1438.82,5173.0,federal,False,none
PE-EMP-00032-03,EMP-00032,2025-03-02,2025-03-31,144.4,13.2,6823.09,1283.23,5539.86,federal,False,none
PE-EMP-00032-04,EMP-00032,2025-04-01,2025-04-30,140.2,13.9,6862.81,1720.33,5142.48,federal,False,none
PE-EMP-00032-05,EMP-00032,2025-05-01,2025-05-30,156.6,4.3,6314.27,1574.47,4739.8,federal,False,none
PE-EMP-00032-06,EMP-00032,2025-05-31,2025-06-29,162.2,7.1,6478.46,1248.33,5230.13,federal,False,none
PE-EMP-00033-01,EMP-00033,2025-01-01,2025-01-30,144.0,4.1,6801.65,1530.66,5270.99,FL,False,none
PE-EMP-00033-02,EMP-00033,2025-01-31,2025-03-01,146.7,2.6,6712.83,1672.62,5040.21,FL,False,none
PE-EMP-00033-03,EMP-00033,2025-03-02,2025-03-31,156.7,10.8,7212.81,1739.77,5473.04,FL,False,none
PE-EMP-00033-04,EMP-00033,2025-04-01,2025-04-30,142.5,12.4,7313.5,1536.71,5776.79,FL,False,none
PE-EMP-00033-05,EMP-00033,2025-05-01,2025-05-30,151.7,8.4,7065.86,1407.45,5658.41,FL,False,none
PE-EMP-00033-06,EMP-00033,2025-05-31,2025-06-29,167.6,14.7,7451.99,1802.58,5649.41,FL,False,none
PE-EMP-00034-01,EMP-00034,2025-01-01,2025-01-30,164.2,0.0,8126.0,2264.54,5861.46,DE_national,False,none
PE-EMP-00034-02,EMP-00034,2025-01-31,2025-03-01,154.2,0.0,8126.0,1839.9,6286.1,DE_national,False,none
PE-EMP-00034-03,EMP-00034,2025-03-02,2025-03-31,157.5,0.0,8126.0,1631.79,6494.21,DE_national,False,none
PE-EMP-00034-04,EMP-00034,2025-04-01,2025-04-30,141.5,0.0,8126.0,1554.24,6571.76,DE_national,False,none
PE-EMP-00034-05,EMP-00034,2025-05-01,2025-05-30,144.2,0.0,8126.0,2148.34,5977.66,DE_national,False,none
PE-EMP-00034-06,EMP-00034,2025-05-31,2025-06-29,165.5,0.0,8126.0,1866.96,6259.04,DE_national,False,none
PE-EMP-00035-01,EMP-00035,2025-01-01,2025-01-30,144.5,13.8,7187.48,1332.58,5854.9,UK_national,False,none
PE-EMP-00035-02,EMP-00035,2025-01-31,2025-03-01,150.2,3.1,6549.51,1343.55,5205.96,UK_national,False,none
PE-EMP-00035-03,EMP-00035,2025-03-02,2025-03-31,157.3,13.4,7158.32,1612.88,5545.44,UK_national,True,ghost_employee
PE-EMP-00035-04,EMP-00035,2025-04-01,2025-04-30,142.9,0.8,6408.93,1498.0,4910.93,UK_national,False,none
PE-EMP-00035-05,EMP-00035,2025-05-01,2025-05-30,144.4,0.4,6388.0,1478.76,4909.24,UK_national,False,none
PE-EMP-00035-06,EMP-00035,2025-05-31,2025-06-29,142.0,3.5,6572.51,1475.41,5097.1,UK_national,False,none
PE-EMP-00036-01,EMP-00036,2025-01-01,2025-01-30,156.2,6.3,3983.7,1014.68,2969.02,NY,False,none
PE-EMP-00036-02,EMP-00036,2025-01-31,2025-03-01,165.2,3.5,3883.71,741.84,3141.87,NY,False,none
PE-EMP-00036-03,EMP-00036,2025-03-02,2025-03-31,146.4,3.6,3887.44,860.13,3027.31,NY,False,none
PE-EMP-00036-04,EMP-00036,2025-04-01,2025-04-30,145.6,13.4,4233.56,793.17,3440.39,NY,False,none
PE-EMP-00036-05,EMP-00036,2025-05-01,2025-05-30,156.4,0.8,3790.75,847.56,2943.19,NY,False,none
PE-EMP-00036-06,EMP-00036,2025-05-31,2025-06-29,146.1,9.1,4084.41,807.92,3276.49,NY,False,none
PE-EMP-00037-01,EMP-00037,2025-01-01,2025-01-30,150.5,0.0,6894.0,1556.49,5337.51,FL,False,none
PE-EMP-00037-02,EMP-00037,2025-01-31,2025-03-01,145.4,0.0,6894.0,1488.13,5405.87,FL,False,none
PE-EMP-00037-03,EMP-00037,2025-03-02,2025-03-31,147.6,0.0,6894.0,1472.48,5421.52,FL,False,none
PE-EMP-00037-04,EMP-00037,2025-04-01,2025-04-30,140.9,0.0,6894.0,1632.96,5261.04,FL,False,none
PE-EMP-00037-05,EMP-00037,2025-05-01,2025-05-30,147.9,0.0,6894.0,1317.52,5576.48,FL,False,none
PE-EMP-00037-06,EMP-00037,2025-05-31,2025-06-29,153.0,0.0,6894.0,1529.24,5364.76,FL,False,none
PE-EMP-00038-01,EMP-00038,2025-01-01,2025-01-30,161.3,3.3,4108.2,860.73,3247.47,TX,False,none
PE-EMP-00038-02,EMP-00038,2025-01-31,2025-03-01,144.4,11.9,4430.27,1219.55,3210.72,TX,False,none
PE-EMP-00038-03,EMP-00038,2025-03-02,2025-03-31,165.4,8.7,4308.97,1013.8,3295.17,TX,False,none
PE-EMP-00038-04,EMP-00038,2025-04-01,2025-04-30,146.4,6.2,4215.71,978.79,3236.92,TX,False,none
PE-EMP-00038-05,EMP-00038,2025-05-01,2025-05-30,164.1,3.2,4106.29,933.56,3172.73,TX,False,none
PE-EMP-00038-06,EMP-00038,2025-05-31,2025-06-29,153.0,0.2,3993.13,889.71,3103.42,TX,False,none
PE-EMP-00039-01,EMP-00039,2025-01-01,2025-01-30,164.4,3.7,6261.89,1399.06,4862.83,NY,False,none
PE-EMP-00039-02,EMP-00039,2025-01-31,2025-03-01,146.2,13.9,6840.21,1878.49,4961.72,NY,False,none
PE-EMP-00039-03,EMP-00039,2025-03-02,2025-03-31,165.6,13.5,6815.34,1511.49,5303.85,NY,False,none
PE-EMP-00039-04,EMP-00039,2025-04-01,2025-04-30,141.2,14.9,6894.5,1746.71,5147.79,NY,False,none
PE-EMP-00039-05,EMP-00039,2025-05-01,2025-05-30,154.1,6.4,6413.24,1407.27,5005.97,NY,False,none
PE-EMP-00039-06,EMP-00039,2025-05-31,2025-06-29,162.7,10.4,6643.8,1260.99,5382.81,NY,False,none
PE-EMP-00040-01,EMP-00040,2025-01-01,2025-01-30,153.9,0.0,8416.0,1584.81,6831.19,TX,False,none
PE-EMP-00040-02,EMP-00040,2025-01-31,2025-03-01,161.1,0.0,8416.0,2098.24,6317.76,TX,False,none
PE-EMP-00040-03,EMP-00040,2025-03-02,2025-03-31,151.4,0.0,8416.0,1698.35,6717.65,TX,False,none
PE-EMP-00040-04,EMP-00040,2025-04-01,2025-04-30,150.0,0.0,8416.0,1716.07,6699.93,TX,False,none
PE-EMP-00040-05,EMP-00040,2025-05-01,2025-05-30,168.0,0.0,8416.0,1528.29,6887.71,TX,False,none
PE-EMP-00040-06,EMP-00040,2025-05-31,2025-06-29,158.7,0.0,8416.0,1651.05,6764.95,TX,False,none
PE-EMP-00041-01,EMP-00041,2025-01-01,2025-01-30,152.9,8.6,4178.25,995.95,3182.3,CA,True,ghost_employee
PE-EMP-00041-02,EMP-00041,2025-01-31,2025-03-01,167.3,7.0,4120.26,798.76,3321.5,CA,False,none
PE-EMP-00041-03,EMP-00041,2025-03-02,2025-03-31,159.7,2.8,3968.6,1060.23,2908.37,CA,True,rule_override
PE-EMP-00041-04,EMP-00041,2025-04-01,2025-04-30,157.6,10.6,4250.88,765.74,3485.14,CA,False,none
PE-EMP-00041-05,EMP-00041,2025-05-01,2025-05-30,157.6,5.8,4077.35,1015.57,3061.78,CA,False,none
PE-EMP-00041-06,EMP-00041,2025-05-31,2025-06-29,154.9,4.4,4029.33,1028.64,3000.69,CA,False,none
PE-EMP-00042-01,EMP-00042,2025-01-01,2025-01-30,159.5,0.0,8292.0,2000.45,6291.55,DE_national,False,none
PE-EMP-00042-02,EMP-00042,2025-01-31,2025-03-01,156.1,0.0,8292.0,1664.33,6627.67,DE_national,False,none
PE-EMP-00042-03,EMP-00042,2025-03-02,2025-03-31,159.2,0.0,8292.0,2007.04,6284.96,DE_national,False,none
PE-EMP-00042-04,EMP-00042,2025-04-01,2025-04-30,149.4,0.0,8292.0,2265.58,6026.42,DE_national,False,none
PE-EMP-00042-05,EMP-00042,2025-05-01,2025-05-30,154.4,0.0,8292.0,2247.14,6044.86,DE_national,False,none
PE-EMP-00042-06,EMP-00042,2025-05-31,2025-06-29,150.2,0.0,8292.0,1535.32,6756.68,DE_national,False,none
PE-EMP-00043-01,EMP-00043,2025-01-01,2025-01-30,150.7,0.0,7603.0,1722.35,5880.65,FL,False,none
PE-EMP-00043-02,EMP-00043,2025-01-31,2025-03-01,141.1,0.0,7603.0,1647.14,5955.86,FL,False,none
PE-EMP-00043-03,EMP-00043,2025-03-02,2025-03-31,158.1,0.0,7603.0,1904.46,5698.54,FL,False,none
PE-EMP-00043-04,EMP-00043,2025-04-01,2025-04-30,155.7,0.0,7603.0,1956.69,5646.31,FL,False,none
PE-EMP-00043-05,EMP-00043,2025-05-01,2025-05-30,143.9,0.0,7603.0,1623.19,5979.81,FL,False,none
PE-EMP-00043-06,EMP-00043,2025-05-31,2025-06-29,155.1,0.0,7603.0,1862.0,5741.0,FL,False,none
PE-EMP-00044-01,EMP-00044,2025-01-01,2025-01-30,160.6,0.0,8051.0,2054.84,5996.16,CA,False,none
PE-EMP-00044-02,EMP-00044,2025-01-31,2025-03-01,164.4,0.0,8051.0,2015.04,6035.96,CA,False,none
PE-EMP-00044-03,EMP-00044,2025-03-02,2025-03-31,161.1,0.0,8051.0,2061.77,5989.23,CA,False,none
PE-EMP-00044-04,EMP-00044,2025-04-01,2025-04-30,149.0,0.0,8051.0,2172.11,5878.89,CA,False,none
PE-EMP-00044-05,EMP-00044,2025-05-01,2025-05-30,154.1,0.0,8051.0,1789.68,6261.32,CA,False,none
PE-EMP-00044-06,EMP-00044,2025-05-31,2025-06-29,141.5,0.0,8051.0,1749.33,6301.67,CA,False,none
PE-EMP-00045-01,EMP-00045,2025-01-01,2025-01-30,152.7,7.5,4893.33,1286.73,3606.6,NY,False,none
PE-EMP-00045-02,EMP-00045,2025-01-31,2025-03-01,153.2,8.0,4912.91,1289.83,3623.08,NY,False,none
PE-EMP-00045-03,EMP-00045,2025-03-02,2025-03-31,165.2,6.8,4861.53,1054.05,3807.48,NY,False,none
PE-EMP-00045-04,EMP-00045,2025-04-01,2025-04-30,158.9,10.4,5016.6,1393.65,3622.95,NY,False,none
PE-EMP-00045-05,EMP-00045,2025-05-01,2025-05-30,164.7,2.8,4692.07,1259.34,3432.73,NY,False,none
PE-EMP-00045-06,EMP-00045,2025-05-31,2025-06-29,142.4,5.9,4822.13,954.21,3867.92,NY,False,none
PE-EMP-00046-01,EMP-00046,2025-01-01,2025-01-30,166.8,0.0,8122.0,1524.46,6597.54,UK_national,False,none
PE-EMP-00046-02,EMP-00046,2025-01-31,2025-03-01,144.6,0.0,8122.0,1552.95,6569.05,UK_national,False,none
PE-EMP-00046-03,EMP-00046,2025-03-02,2025-03-31,144.1,0.0,8122.0,1584.19,6537.81,UK_national,False,none
PE-EMP-00046-04,EMP-00046,2025-04-01,2025-04-30,145.7,0.0,8122.0,2235.26,5886.74,UK_national,False,none
PE-EMP-00046-05,EMP-00046,2025-05-01,2025-05-30,140.6,0.0,8122.0,1800.27,6321.73,UK_national,False,none
PE-EMP-00046-06,EMP-00046,2025-05-31,2025-06-29,159.1,0.0,8122.0,2218.7,5903.3,UK_national,False,none
PE-EMP-00047-01,EMP-00047,2025-01-01,2025-01-30,153.3,6.3,7067.25,1793.46,5273.79,UK_national,False,none
PE-EMP-00047-02,EMP-00047,2025-01-31,2025-03-01,140.6,2.8,6850.41,1248.17,5602.24,UK_national,False,none
PE-EMP-00047-03,EMP-00047,2025-03-02,2025-03-31,162.5,12.5,7456.51,1729.63,5726.88,UK_national,False,none
PE-EMP-00047-04,EMP-00047,2025-04-01,2025-04-30,149.4,8.7,7216.05,1772.09,5443.96,UK_national,False,none
PE-EMP-00047-05,EMP-00047,2025-05-01,2025-05-30,162.0,7.3,7129.2,1757.96,5371.24,UK_national,False,none
PE-EMP-00047-06,EMP-00047,2025-05-31,2025-06-29,154.8,8.2,7187.68,1622.98,5564.7,UK_national,False,none
PE-EMP-00048-01,EMP-00048,2025-01-01,2025-01-30,155.9,0.0,7985.0,2154.58,5830.42,FL,False,none
PE-EMP-00048-02,EMP-00048,2025-01-31,2025-03-01,148.6,0.0,7985.0,2067.53,5917.47,FL,False,none
PE-EMP-00048-03,EMP-00048,2025-03-02,2025-03-31,146.3,0.0,7985.0,1734.26,6250.74,FL,False,none
PE-EMP-00048-04,EMP-00048,2025-04-01,2025-04-30,148.1,0.0,7985.0,2112.44,5872.56,FL,False,none
PE-EMP-00048-05,EMP-00048,2025-05-01,2025-05-30,144.2,0.0,7985.0,1664.38,6320.62,FL,False,none
PE-EMP-00048-06,EMP-00048,2025-05-31,2025-06-29,166.8,0.0,7985.0,1931.28,6053.72,FL,False,none
PE-EMP-00049-01,EMP-00049,2025-01-01,2025-01-30,144.5,8.0,7190.39,1425.34,5765.05,TX,False,none
PE-EMP-00049-02,EMP-00049,2025-01-31,2025-03-01,144.9,10.6,7352.88,1988.74,5364.14,TX,False,none
PE-EMP-00049-03,EMP-00049,2025-03-02,2025-03-31,162.2,2.4,6838.64,1310.91,5527.73,TX,False,none
PE-EMP-00049-04,EMP-00049,2025-04-01,2025-04-30,167.8,8.6,7227.26,1619.55,5607.71,TX,False,none
PE-EMP-00049-05,EMP-00049,2025-05-01,2025-05-30,150.4,3.1,6879.92,1724.89,5155.03,TX,False,none
PE-EMP-00049-06,EMP-00049,2025-05-31,2025-06-29,158.6,14.7,7606.69,1481.74,6124.95,TX,False,none
PE-EMP-00050-01,EMP-00050,2025-01-01,2025-01-30,152.6,14.6,4740.88,1106.35,3634.53,CA,False,none
PE-EMP-00050-02,EMP-00050,2025-01-31,2025-03-01,143.4,0.4,4183.61,1142.57,3041.04,CA,False,none
PE-EMP-00050-03,EMP-00050,2025-03-02,2025-03-31,161.5,14.2,4724.66,1288.8,3435.86,CA,False,none
PE-EMP-00050-04,EMP-00050,2025-04-01,2025-04-30,144.4,14.6,4737.77,1111.55,3626.22,CA,False,none
PE-EMP-00050-05,EMP-00050,2025-05-01,2025-05-30,154.2,9.7,4548.46,953.16,3595.3,CA,False,none
PE-EMP-00050-06,EMP-00050,2025-05-31,2025-06-29,165.1,14.5,4737.45,1210.02,3527.43,CA,False,none
PE-EMP-00051-01,EMP-00051,2025-01-01,2025-01-30,167.8,0.0,7818.0,1928.61,5889.39,FL,False,none
PE-EMP-00051-02,EMP-00051,2025-01-31,2025-03-01,162.4,0.0,7818.0,1976.82,5841.18,FL,False,none
PE-EMP-00051-03,EMP-00051,2025-03-02,2025-03-31,165.8,0.0,7818.0,1672.02,6145.98,FL,False,none
PE-EMP-00051-04,EMP-00051,2025-04-01,2025-04-30,143.1,0.0,7818.0,1781.71,6036.29,FL,False,none
PE-EMP-00051-05,EMP-00051,2025-05-01,2025-05-30,141.1,0.0,7818.0,1937.31,5880.69,FL,False,none
PE-EMP-00051-06,EMP-00051,2025-05-31,2025-06-29,143.3,0.0,7818.0,1426.63,6391.37,FL,False,none
PE-EMP-00052-01,EMP-00052,2025-01-01,2025-01-30,157.3,3.3,6575.65,1418.63,5157.02,FL,False,none
PE-EMP-00052-02,EMP-00052,2025-01-31,2025-03-01,149.1,9.1,6923.45,1381.33,5542.12,FL,False,none
PE-EMP-00052-03,EMP-00052,2025-03-02,2025-03-31,154.7,11.7,7078.74,1817.18,5261.56,FL,False,none
PE-EMP-00052-04,EMP-00052,2025-04-01,2025-04-30,145.5,1.3,6452.97,1709.68,4743.29,FL,False,none
PE-EMP-00052-05,EMP-00052,2025-05-01,2025-05-30,159.0,14.4,7236.9,2008.85,5228.05,FL,False,none
PE-EMP-00052-06,EMP-00052,2025-05-31,2025-06-29,151.0,7.4,6817.9,1638.46,5179.44,FL,False,none
PE-EMP-00053-01,EMP-00053,2025-01-01,2025-01-30,154.3,0.8,6735.67,1661.53,5074.14,CA,False,none
PE-EMP-00053-02,EMP-00053,2025-01-31,2025-03-01,151.1,10.7,7355.86,1638.62,5717.24,CA,False,none
PE-EMP-00053-03,EMP-00053,2025-03-02,2025-03-31,150.8,0.2,6694.46,1435.91,5258.55,CA,False,none
PE-EMP-00053-04,EMP-00053,2025-04-01,2025-04-30,148.6,6.7,7101.75,1676.75,5425.0,CA,False,none
PE-EMP-00053-05,EMP-00053,2025-05-01,2025-05-30,146.0,13.3,7517.36,1910.56,5606.8,CA,False,none
PE-EMP-00053-06,EMP-00053,2025-05-31,2025-06-29,151.6,6.6,7098.86,1394.07,5704.79,CA,False,none
PE-EMP-00054-01,EMP-00054,2025-01-01,2025-01-30,160.4,0.0,6818.0,1839.31,4978.69,WA,False,none
PE-EMP-00054-02,EMP-00054,2025-01-31,2025-03-01,160.4,0.0,6818.0,1509.64,5308.36,WA,False,none
PE-EMP-00054-03,EMP-00054,2025-03-02,2025-03-31,163.4,0.0,6818.0,1634.91,5183.09,WA,False,none
PE-EMP-00054-04,EMP-00054,2025-04-01,2025-04-30,144.0,0.0,6818.0,1433.98,5384.02,WA,False,none
PE-EMP-00054-05,EMP-00054,2025-05-01,2025-05-30,167.7,0.0,6818.0,1585.39,5232.61,WA,False,none
PE-EMP-00054-06,EMP-00054,2025-05-31,2025-06-29,149.4,0.0,6818.0,1863.46,4954.54,WA,False,none
PE-EMP-00055-01,EMP-00055,2025-01-01,2025-01-30,156.5,0.0,7919.0,1722.99,6196.01,WA,False,none
PE-EMP-00055-02,EMP-00055,2025-01-31,2025-03-01,140.2,0.0,7919.0,1931.29,5987.71,WA,False,none
PE-EMP-00055-03,EMP-00055,2025-03-02,2025-03-31,147.7,0.0,7919.0,1563.92,6355.08,WA,False,none
PE-EMP-00055-04,EMP-00055,2025-04-01,2025-04-30,152.9,0.0,7919.0,1875.15,6043.85,WA,False,none
PE-EMP-00055-05,EMP-00055,2025-05-01,2025-05-30,165.6,0.0,7919.0,1583.21,6335.79,WA,False,none
PE-EMP-00055-06,EMP-00055,2025-05-31,2025-06-29,163.3,0.0,7919.0,1654.65,6264.35,WA,False,none
PE-EMP-00056-01,EMP-00056,2025-01-01,2025-01-30,153.7,0.0,6957.0,1824.68,5132.32,DE_national,False,none
PE-EMP-00056-02,EMP-00056,2025-01-31,2025-03-01,148.5,0.0,6957.0,1659.39,5297.61,DE_national,False,none
PE-EMP-00056-03,EMP-00056,2025-03-02,2025-03-31,153.8,0.0,6957.0,1766.98,5190.02,DE_national,False,none
PE-EMP-00056-04,EMP-00056,2025-04-01,2025-04-30,146.3,0.0,6957.0,1802.71,5154.29,DE_national,False,none
PE-EMP-00056-05,EMP-00056,2025-05-01,2025-05-30,144.3,0.0,6957.0,1461.09,5495.91,DE_national,False,none
PE-EMP-00056-06,EMP-00056,2025-05-31,2025-06-29,157.9,0.0,6957.0,1695.12,5261.88,DE_national,False,none
PE-EMP-00057-01,EMP-00057,2025-01-01,2025-01-30,143.5,0.0,8003.0,1973.47,6029.53,CA,False,none
PE-EMP-00057-02,EMP-00057,2025-01-31,2025-03-01,148.1,0.0,8003.0,1584.09,6418.91,CA,False,none
PE-EMP-00057-03,EMP-00057,2025-03-02,2025-03-31,165.4,0.0,8003.0,1956.56,6046.44,CA,False,none
PE-EMP-00057-04,EMP-00057,2025-04-01,2025-04-30,140.8,0.0,8003.0,2052.54,5950.46,CA,False,none
PE-EMP-00057-05,EMP-00057,2025-05-01,2025-05-30,153.8,0.0,8003.0,2217.33,5785.67,CA,False,none
PE-EMP-00057-06,EMP-00057,2025-05-31,2025-06-29,156.8,0.0,8003.0,1730.06,6272.94,CA,False,none
PE-EMP-00058-01,EMP-00058,2025-01-01,2025-01-30,153.5,6.5,6966.52,1433.65,5532.87,DE_national,False,none
PE-EMP-00058-02,EMP-00058,2025-01-31,2025-03-01,159.2,14.6,7463.3,1954.1,5509.2,DE_national,False,none
PE-EMP-00058-03,EMP-00058,2025-03-02,2025-03-31,150.4,11.0,7240.57,1316.01,5924.56,DE_national,False,none
PE-EMP-00058-04,EMP-00058,2025-04-01,2025-04-30,147.3,8.7,7100.9,1381.93,5718.97,DE_national,False,none
PE-EMP-00058-05,EMP-00058,2025-05-01,2025-05-30,152.9,10.4,7203.94,1554.17,5649.77,DE_national,False,none
PE-EMP-00058-06,EMP-00058,2025-05-31,2025-06-29,141.5,5.4,6897.38,1680.37,5217.01,DE_national,False,none
PE-EMP-00059-01,EMP-00059,2025-01-01,2025-01-30,166.7,0.0,8267.0,1528.33,6738.67,NY,False,none
PE-EMP-00059-02,EMP-00059,2025-01-31,2025-03-01,148.2,0.0,8267.0,2016.28,6250.72,NY,False,none
PE-EMP-00059-03,EMP-00059,2025-03-02,2025-03-31,142.2,0.0,8267.0,1648.29,6618.71,NY,False,none
PE-EMP-00059-04,EMP-00059,2025-04-01,2025-04-30,157.6,0.0,8267.0,2120.23,6146.77,NY,False,none
PE-EMP-00059-05,EMP-00059,2025-05-01,2025-05-30,156.8,0.0,8267.0,1626.23,6640.77,NY,False,none
PE-EMP-00059-06,EMP-00059,2025-05-31,2025-06-29,149.0,0.0,8267.0,1749.47,6517.53,NY,False,none
PE-EMP-00060-01,EMP-00060,2025-01-01,2025-01-30,163.7,0.0,7740.0,2012.3,5727.7,TX,False,none
PE-EMP-00060-02,EMP-00060,2025-01-31,2025-03-01,147.6,0.0,7740.0,1933.43,5806.57,TX,False,none
PE-EMP-00060-03,EMP-00060,2025-03-02,2025-03-31,150.2,0.0,7740.0,1806.84,5933.16,TX,False,none
PE-EMP-00060-04,EMP-00060,2025-04-01,2025-04-30,149.8,0.0,7740.0,1504.44,6235.56,TX,False,none
PE-EMP-00060-05,EMP-00060,2025-05-01,2025-05-30,143.8,0.0,7740.0,1611.02,6128.98,TX,False,none
PE-EMP-00060-06,EMP-00060,2025-05-31,2025-06-29,161.8,0.0,7740.0,1712.08,6027.92,TX,False,none
PE-EMP-00061-01,EMP-00061,2025-01-01,2025-01-30,165.8,0.0,8920.0,1751.02,7168.98,CA,False,none
PE-EMP-00061-02,EMP-00061,2025-01-31,2025-03-01,146.1,0.0,8920.0,2054.62,6865.38,CA,False,none
PE-EMP-00061-03,EMP-00061,2025-03-02,2025-03-31,163.3,0.0,8920.0,2314.84,6605.16,CA,False,none
PE-EMP-00061-04,EMP-00061,2025-04-01,2025-04-30,155.6,0.0,8920.0,2220.77,6699.23,CA,False,none
PE-EMP-00061-05,EMP-00061,2025-05-01,2025-05-30,166.7,0.0,8920.0,2360.29,6559.71,CA,False,none
PE-EMP-00061-06,EMP-00061,2025-05-31,2025-06-29,160.0,0.0,8920.0,2232.02,6687.98,CA,False,none
PE-EMP-00062-01,EMP-00062,2025-01-01,2025-01-30,162.5,6.3,7196.97,1954.72,5242.25,federal,False,none
PE-EMP-00062-02,EMP-00062,2025-01-31,2025-03-01,143.3,2.0,6923.45,1258.25,5665.2,federal,False,none
PE-EMP-00062-03,EMP-00062,2025-03-02,2025-03-31,149.7,10.4,7458.62,1446.24,6012.38,federal,False,none
PE-EMP-00062-04,EMP-00062,2025-04-01,2025-04-30,152.4,14.8,7742.1,1798.58,5943.52,federal,False,none
PE-EMP-00062-05,EMP-00062,2025-05-01,2025-05-30,167.2,2.6,6962.62,1465.41,5497.21,federal,False,none
PE-EMP-00062-06,EMP-00062,2025-05-31,2025-06-29,160.8,1.8,6911.37,1333.01,5578.36,federal,False,none
PE-EMP-00063-01,EMP-00063,2025-01-01,2025-01-30,159.4,10.3,5153.66,1086.1,4067.56,TX,False,none
PE-EMP-00063-02,EMP-00063,2025-01-31,2025-03-01,145.9,14.7,5347.31,1189.67,4157.64,TX,False,none
PE-EMP-00063-03,EMP-00063,2025-03-02,2025-03-31,161.4,1.7,4772.83,868.09,3904.74,TX,False,none
PE-EMP-00063-04,EMP-00063,2025-04-01,2025-04-30,153.6,6.5,4983.97,994.98,3988.99,TX,False,none
PE-EMP-00063-05-DUP,EMP-00063,2025-05-01,2025-05-30,140.9,9.9,5134.99,1228.89,3906.1,TX,True,duplicate_payment
PE-EMP-00063-06,EMP-00063,2025-05-31,2025-06-29,153.1,13.6,5299.35,976.82,4322.53,TX,False,none
PE-EMP-00064-01,EMP-00064,2025-01-01,2025-01-30,148.4,0.2,4507.5,854.85,3652.65,federal,False,none
PE-EMP-00064-02,EMP-00064,2025-01-31,2025-03-01,143.5,9.0,4881.91,1165.61,3716.3,federal,False,none
PE-EMP-00064-03,EMP-00064,2025-03-02,2025-03-31,145.6,10.1,4925.46,900.99,4024.47,federal,False,none
PE-EMP-00064-04,EMP-00064,2025-04-01,2025-04-30,144.1,11.2,4973.31,1033.14,3940.17,federal,False,none
PE-EMP-00064-05,EMP-00064,2025-05-01,2025-05-30,156.2,5.3,4723.93,1254.27,3469.66,federal,False,none
PE-EMP-00064-06,EMP-00064,2025-05-31,2025-06-29,161.9,9.2,4888.97,1126.86,3762.11,federal,False,none
PE-EMP-00065-01,EMP-00065,2025-01-01,2025-01-30,141.9,12.3,7127.59,1826.98,5300.61,NY,False,none
PE-EMP-00065-02,EMP-00065,2025-01-31,2025-03-01,154.8,10.7,7034.32,1944.47,5089.85,NY,False,none
PE-EMP-00065-03,EMP-00065,2025-03-02,2025-03-31,144.8,11.3,7068.66,1275.42,5793.24,NY,False,none
PE-EMP-00065-04,EMP-00065,2025-04-01,2025-04-30,160.3,13.9,7221.64,1964.63,5257.01,NY,False,none
PE-EMP-00065-05,EMP-00065,2025-05-01,2025-05-30,163.8,7.1,6817.64,1703.14,5114.5,NY,False,none
PE-EMP-00065-06,EMP-00065,2025-05-31,2025-06-29,145.2,10.1,6996.32,1334.43,5661.89,NY,False,none
PE-EMP-00066-01,EMP-00066,2025-01-01,2025-01-30,163.4,14.7,4617.99,1027.08,3590.91,DE_national,False,none
PE-EMP-00066-02,EMP-00066,2025-01-31,2025-03-01,154.4,6.1,4290.59,1099.0,3191.59,DE_national,False,none
PE-EMP-00066-03,EMP-00066,2025-03-02,2025-03-31,148.8,7.0,4323.87,1003.02,3320.85,DE_national,False,none
PE-EMP-00066-04,EMP-00066,2025-04-01,2025-04-30,153.9,5.4,4264.15,890.47,3373.68,DE_national,False,none
PE-EMP-00066-05,EMP-00066,2025-05-01,2025-05-30,160.2,1.2,4104.94,941.56,3163.38,DE_national,False,none
PE-EMP-00066-06,EMP-00066,2025-05-31,2025-06-29,150.8,6.9,4318.76,1095.31,3223.45,DE_national,False,none
PE-EMP-00067-01,EMP-00067,2025-01-01,2025-01-30,159.2,12.6,7165.93,1451.73,5714.2,FL,False,none
PE-EMP-00067-02,EMP-00067,2025-01-31,2025-03-01,151.4,14.8,7295.57,1625.43,5670.14,FL,False,none
PE-EMP-00067-03,EMP-00067,2025-03-02,2025-03-31,164.0,13.4,7214.29,1877.47,5336.82,FL,False,none
PE-EMP-00067-04,EMP-00067,2025-04-01,2025-04-30,166.3,5.5,6739.11,1221.66,5517.45,FL,False,none
PE-EMP-00067-05,EMP-00067,2025-05-01,2025-05-30,158.9,10.1,7013.64,1540.45,5473.19,FL,False,none
PE-EMP-00067-06,EMP-00067,2025-05-31,2025-06-29,154.6,10.1,7017.63,1346.84,5670.79,FL,False,none
PE-EMP-00068-01,EMP-00068,2025-01-01,2025-01-30,151.1,0.0,7356.0,1835.35,5520.65,federal,False,none
PE-EMP-00068-02,EMP-00068,2025-01-31,2025-03-01,167.4,0.0,7356.0,1869.48,5486.52,federal,False,none
PE-EMP-00068-03,EMP-00068,2025-03-02,2025-03-31,165.0,0.0,7356.0,1448.19,5907.81,federal,False,none
PE-EMP-00068-04,EMP-00068,2025-04-01,2025-04-30,150.2,0.0,7356.0,1470.53,5885.47,federal,False,none
PE-EMP-00068-05,EMP-00068,2025-05-01,2025-05-30,145.6,0.0,7356.0,1944.95,5411.05,federal,False,none
PE-EMP-00068-06,EMP-00068,2025-05-31,2025-06-29,151.3,0.0,7356.0,1495.38,5860.62,federal,False,none
PE-EMP-00069-01,EMP-00069,2025-01-01,2025-01-30,151.9,7.5,4920.72,1262.07,3658.65,NY,False,none
PE-EMP-00069-02,EMP-00069,2025-01-31,2025-03-01,161.4,8.9,4981.85,1273.51,3708.34,NY,False,none
PE-EMP-00069-03,EMP-00069,2025-03-02,2025-03-31,162.4,14.1,5207.88,1122.87,4085.01,NY,False,none
PE-EMP-00069-04,EMP-00069,2025-04-01,2025-04-30,158.7,14.3,5212.35,1452.95,3759.4,NY,False,none
PE-EMP-00069-05,EMP-00069,2025-05-01,2025-05-30,154.3,2.2,4693.29,1058.17,3635.12,NY,False,none
PE-EMP-00069-06,EMP-00069,2025-05-31,2025-06-29,143.4,7.3,4914.41,998.03,3916.38,NY,False,none
PE-EMP-00070-01,EMP-00070,2025-01-01,2025-01-30,166.4,0.4,6637.63,1684.5,4953.13,NY,False,none
PE-EMP-00070-02,EMP-00070,2025-01-31,2025-03-01,163.2,7.5,7073.03,1292.06,5780.97,NY,False,none
PE-EMP-00070-03,EMP-00070,2025-03-02,2025-03-31,145.0,9.1,7171.98,1525.45,5646.53,NY,False,none
PE-EMP-00070-04,EMP-00070,2025-04-01,2025-04-30,148.5,9.3,7189.31,1840.59,5348.72,NY,False,none
PE-EMP-00070-05,EMP-00070,2025-05-01,2025-05-30,158.5,7.8,7093.31,1625.92,5467.39,NY,False,none
PE-EMP-00070-06,EMP-00070,2025-05-31,2025-06-29,153.0,4.4,6882.88,1581.62,5301.26,NY,False,none
PE-EMP-00071-01,EMP-00071,2025-01-01,2025-01-30,154.1,0.0,7094.0,1661.73,5432.27,NY,False,none
PE-EMP-00071-02,EMP-00071,2025-01-31,2025-03-01,162.7,0.0,7094.0,1660.37,5433.63,NY,False,none
PE-EMP-00071-03,EMP-00071,2025-03-02,2025-03-31,140.5,0.0,7094.0,1818.88,5275.12,NY,False,none
PE-EMP-00071-04,EMP-00071,2025-04-01,2025-04-30,167.7,0.0,7094.0,1901.28,5192.72,NY,False,none
PE-EMP-00071-05,EMP-00071,2025-05-01,2025-05-30,143.3,0.0,7094.0,1596.23,5497.77,NY,False,none
PE-EMP-00071-06,EMP-00071,2025-05-31,2025-06-29,163.9,0.0,7094.0,1590.87,5503.13,NY,False,none
PE-EMP-00072-01,EMP-00072,2025-01-01,2025-01-30,141.0,2.7,6150.26,1512.6,4637.66,UK_national,False,none
PE-EMP-00072-02,EMP-00072,2025-01-31,2025-03-01,161.8,13.3,6747.59,1325.32,5422.27,UK_national,False,none
PE-EMP-00072-03,EMP-00072,2025-03-02,2025-03-31,152.1,4.7,6264.68,1371.39,4893.29,UK_national,False,none
PE-EMP-00072-04,EMP-00072,2025-04-01,2025-04-30,161.4,8.5,6481.05,1484.52,4996.53,UK_national,False,none
PE-EMP-00072-05,EMP-00072,2025-05-01,2025-05-30,155.5,8.1,6456.19,1465.44,4990.75,UK_national,False,none
PE-EMP-00072-06,EMP-00072,2025-05-31,2025-06-29,155.7,2.3,6132.91,1138.11,4994.8,UK_national,False,none
PE-EMP-00073-01,EMP-00073,2025-01-01,2025-01-30,147.4,0.0,7371.0,1762.44,5608.56,UK_national,False,none
PE-EMP-00073-02,EMP-00073,2025-01-31,2025-03-01,150.6,0.0,7371.0,1825.42,5545.58,UK_national,False,none
PE-EMP-00073-03,EMP-00073,2025-03-02,2025-03-31,161.5,0.0,7371.0,1536.44,5834.56,UK_national,False,none
PE-EMP-00073-04,EMP-00073,2025-04-01,2025-04-30,141.7,0.0,7371.0,1762.01,5608.99,UK_national,False,none
PE-EMP-00073-05,EMP-00073,2025-05-01,2025-05-30,143.6,0.0,7371.0,1596.86,5774.14,UK_national,False,none
PE-EMP-00073-06,EMP-00073,2025-05-31,2025-06-29,162.7,0.0,7371.0,1757.22,5613.78,UK_national,False,none
PE-EMP-00074-01,EMP-00074,2025-01-01,2025-01-30,161.4,0.0,7819.0,1896.23,5922.77,WA,False,none
PE-EMP-00074-02,EMP-00074,2025-01-31,2025-03-01,150.7,0.0,7819.0,1742.19,6076.81,WA,False,none
PE-EMP-00074-03,EMP-00074,2025-03-02,2025-03-31,167.8,0.0,7819.0,1729.51,6089.49,WA,False,none
PE-EMP-00074-04,EMP-00074,2025-04-01,2025-04-30,141.6,0.0,7819.0,1598.38,6220.62,WA,False,none
PE-EMP-00074-05,EMP-00074,2025-05-01,2025-05-30,146.6,0.0,7819.0,1651.45,6167.55,WA,False,none
PE-EMP-00074-06,EMP-00074,2025-05-31,2025-06-29,142.4,0.0,7819.0,1945.36,5873.64,WA,False,none
PE-EMP-00075-01,EMP-00075,2025-01-01,2025-01-30,164.3,1.7,4335.69,854.04,3481.65,WA,False,none
PE-EMP-00075-02,EMP-00075,2025-01-31,2025-03-01,155.1,0.6,4289.43,1054.24,3235.19,WA,False,none
PE-EMP-00075-03,EMP-00075,2025-03-02,2025-03-31,151.8,7.7,4575.88,1016.38,3559.5,WA,False,none
PE-EMP-00075-04,EMP-00075,2025-04-01,2025-04-30,140.6,7.0,4548.84,828.91,3719.93,WA,False,none
PE-EMP-00075-05,EMP-00075,2025-05-01,2025-05-30,148.9,8.6,4609.24,978.27,3630.97,WA,False,none
PE-EMP-00075-06,EMP-00075,2025-05-31,2025-06-29,142.7,7.3,4560.04,1135.84,3424.2,WA,False,none
PE-EMP-00076-01,EMP-00076,2025-01-01,2025-01-30,145.8,7.5,7093.12,1852.34,5240.78,TX,False,none
PE-EMP-00076-02,EMP-00076,2025-01-31,2025-03-01,158.7,2.5,6785.35,1424.6,5360.75,TX,False,none
PE-EMP-00076-03,EMP-00076,2025-03-02,2025-03-31,167.1,3.0,6818.11,1660.51,5157.6,TX,False,none
PE-EMP-00076-04,EMP-00076,2025-04-01,2025-04-30,167.3,1.1,6700.23,1775.78,4924.45,TX,False,none
PE-EMP-00076-05,EMP-00076,2025-05-01,2025-05-30,146.0,4.0,6877.22,1442.37,5434.85,TX,False,none
PE-EMP-00076-06,EMP-00076,2025-05-31,2025-06-29,156.1,12.1,7380.17,1789.38,5590.79,TX,False,none
PE-EMP-00077-01,EMP-00077,2025-01-01,2025-01-30,166.8,0.0,6993.0,1760.63,5232.37,WA,False,none
PE-EMP-00077-02,EMP-00077,2025-01-31,2025-03-01,156.2,0.0,6993.0,1672.63,5320.37,WA,False,none
PE-EMP-00077-03,EMP-00077,2025-03-02,2025-03-31,147.7,0.0,6993.0,1654.84,5338.16,WA,False,none
PE-EMP-00077-04,EMP-00077,2025-04-01,2025-04-30,154.9,0.0,6993.0,1557.42,5435.58,WA,False,none
PE-EMP-00077-05,EMP-00077,2025-05-01,2025-05-30,149.7,0.0,6993.0,1312.35,5680.65,WA,False,none
PE-EMP-00077-06,EMP-00077,2025-05-31,2025-06-29,163.1,0.0,6993.0,1611.63,5381.37,WA,False,none
PE-EMP-00078-01,EMP-00078,2025-01-01,2025-01-30,148.4,10.0,4539.38,959.33,3580.05,DE_national,False,none
PE-EMP-00078-02,EMP-00078,2025-01-31,2025-03-01,151.6,3.8,4298.71,995.31,3303.4,DE_national,False,none
PE-EMP-00078-03,EMP-00078,2025-03-02,2025-03-31,158.8,8.2,4471.71,1198.82,3272.89,DE_national,False,none
PE-EMP-00078-04,EMP-00078,2025-04-01,2025-04-30,157.6,7.7,4453.41,884.69,3568.72,DE_national,False,none
PE-EMP-00078-05,EMP-00078,2025-05-01,2025-05-30,154.0,9.9,4537.83,1190.68,3347.15,DE_national,False,none
PE-EMP-00078-06,EMP-00078,2025-05-31,2025-06-29,166.3,4.0,4308.44,1050.37,3258.07,DE_national,False,none
PE-EMP-00079-01,EMP-00079,2025-01-01,2025-01-30,162.7,0.0,7590.0,2013.46,5576.54,NY,False,none
PE-EMP-00079-02,EMP-00079,2025-01-31,2025-03-01,165.4,0.0,7590.0,2075.59,5514.41,NY,False,none
PE-EMP-00079-03,EMP-00079,2025-03-02,2025-03-31,160.3,0.0,7590.0,1411.65,6178.35,NY,False,none
PE-EMP-00079-04,EMP-00079,2025-04-01,2025-04-30,145.6,0.0,7590.0,1717.23,5872.77,NY,False,none
PE-EMP-00079-05,EMP-00079,2025-05-01,2025-05-30,146.7,0.0,7590.0,1932.74,5657.26,NY,False,none
PE-EMP-00079-06,EMP-00079,2025-05-31,2025-06-29,161.4,0.0,7590.0,2006.89,5583.11,NY,False,none
PE-EMP-00080-01,EMP-00080,2025-01-01,2025-01-30,151.5,0.0,7988.0,2124.96,5863.04,FL,False,none
PE-EMP-00080-02,EMP-00080,2025-01-31,2025-03-01,165.5,0.0,7988.0,1944.22,6043.78,FL,False,none
PE-EMP-00080-03,EMP-00080,2025-03-02,2025-03-31,163.7,0.0,7988.0,1651.07,6336.93,FL,False,none
PE-EMP-00080-04,EMP-00080,2025-04-01,2025-04-30,148.0,0.0,7988.0,1566.11,6421.89,FL,False,none
PE-EMP-00080-05,EMP-00080,2025-05-01,2025-05-30,159.2,0.0,7988.0,1626.46,6361.54,FL,False,none
PE-EMP-00080-06,EMP-00080,2025-05-31,2025-06-29,146.7,0.0,7988.0,1557.63,6430.37,FL,False,none
PE-EMP-00081-01,EMP-00081,2025-01-01,2025-01-30,140.8,12.0,6724.77,1419.29,5305.48,CA,False,none
PE-EMP-00081-02,EMP-00081,2025-01-31,2025-03-01,153.6,14.9,6889.96,1530.96,5359.0,CA,False,none
PE-EMP-00081-03,EMP-00081,2025-03-02,2025-03-31,165.4,3.0,6218.76,1288.97,4929.79,CA,False,none
PE-EMP-00081-04,EMP-00081,2025-04-01,2025-04-30,140.8,11.8,6718.5,1395.95,5322.55,CA,False,none
PE-EMP-00081-05,EMP-00081,2025-05-01,2025-05-30,155.4,9.7,6594.88,1214.93,5379.95,CA,False,none
PE-EMP-00081-06,EMP-00081,2025-05-31,2025-06-29,160.2,11.7,6712.18,1245.33,5466.85,CA,False,none
PE-EMP-00082-01,EMP-00082,2025-01-01,2025-01-30,165.1,4.7,4810.37,1009.21,3801.16,UK_national,False,none
PE-EMP-00082-02,EMP-00082,2025-01-31,2025-03-01,141.8,14.3,5225.76,1409.27,3816.49,UK_national,False,none
PE-EMP-00082-03,EMP-00082,2025-03-02,2025-03-31,158.8,13.3,5180.82,1138.17,4042.65,UK_national,False,none
PE-EMP-00082-04,EMP-00082,2025-04-01,2025-04-30,163.5,12.6,5152.98,1049.17,4103.81,UK_national,False,none
PE-EMP-00082-05,EMP-00082,2025-05-01,2025-05-30,156.0,7.5,4931.09,947.09,3984.0,UK_national,False,none
PE-EMP-00082-06,EMP-00082,2025-05-31,2025-06-29,158.6,8.7,4983.03,1283.19,3699.84,UK_national,False,none
PE-EMP-00083-01,EMP-00083,2025-01-01,2025-01-30,154.7,7.4,6685.26,1263.68,5421.58,UK_national,False,none
PE-EMP-00083-02,EMP-00083,2025-01-31,2025-03-01,156.8,11.6,6928.45,1464.27,5464.18,UK_national,False,none
PE-EMP-00083-03,EMP-00083,2025-03-02,2025-03-31,163.3,11.1,6896.86,1797.21,5099.65,UK_national,False,none
PE-EMP-00083-04,EMP-00083,2025-04-01,2025-04-30,160.8,14.0,7071.09,1426.95,5644.14,UK_national,False,none
PE-EMP-00083-05,EMP-00083,2025-05-01,2025-05-30,143.0,3.2,6437.15,1335.42,5101.73,UK_national,False,none
PE-EMP-00083-06,EMP-00083,2025-05-31,2025-06-29,151.4,12.9,7007.29,1300.5,5706.79,UK_national,False,none
PE-EMP-00084-01,EMP-00084,2025-01-01,2025-01-30,154.9,0.0,8180.0,2044.69,6135.31,FL,False,none
PE-EMP-00084-02,EMP-00084,2025-01-31,2025-03-01,143.2,0.0,8180.0,1918.82,6261.18,FL,False,none
PE-EMP-00084-03,EMP-00084,2025-03-02,2025-03-31,153.3,0.0,8180.0,1673.91,6506.09,FL,False,none
PE-EMP-00084-04,EMP-00084,2025-04-01,2025-04-30,147.8,0.0,8180.0,2113.94,6066.06,FL,False,none
PE-EMP-00084-05,EMP-00084,2025-05-01,2025-05-30,144.1,0.0,8180.0,1861.13,6318.87,FL,False,none
PE-EMP-00084-06,EMP-00084,2025-05-31,2025-06-29,150.3,0.0,8180.0,1724.48,6455.52,FL,False,none
PE-EMP-00085-01,EMP-00085,2025-01-01,2025-01-30,158.1,13.6,4697.45,861.89,3835.56,NY,False,none
PE-EMP-00085-02,EMP-00085,2025-01-31,2025-03-01,160.7,12.0,4635.17,859.67,3775.5,NY,False,none
PE-EMP-00085-03,EMP-00085,2025-03-02,2025-03-31,165.7,10.1,4560.55,936.27,3624.28,NY,False,none
PE-EMP-00085-04,EMP-00085,2025-04-01,2025-04-30,150.8,9.6,4541.41,1135.63,3405.78,NY,False,none
PE-EMP-00085-05,EMP-00085,2025-05-01,2025-05-30,165.3,10.3,4568.54,1066.71,3501.83,NY,False,none
PE-EMP-00085-06,EMP-00085,2025-05-31,2025-06-29,146.6,6.6,4426.24,800.2,3626.04,NY,False,none
PE-EMP-00086-01,EMP-00086,2025-01-01,2025-01-30,166.9,13.9,5143.46,1397.95,3745.51,UK_national,False,none
PE-EMP-00086-02,EMP-00086,2025-01-31,2025-03-01,148.4,14.0,5149.1,1316.45,3832.65,UK_national,False,none
PE-EMP-00086-03,EMP-00086,2025-03-02,2025-03-31,148.3,12.9,5099.89,999.69,4100.2,UK_national,False,none
PE-EMP-00086-04,EMP-00086,2025-04-01,2025-04-30,152.3,4.8,4752.95,1241.59,3511.36,UK_national,False,none
PE-EMP-00086-05,EMP-00086,2025-05-01,2025-05-30,158.0,11.8,5055.04,1048.43,4006.61,UK_national,False,none
PE-EMP-00086-06,EMP-00086,2025-05-31,2025-06-29,142.2,11.7,5048.73,1157.01,3891.72,UK_national,False,none
PE-EMP-00087-01,EMP-00087,2025-01-01,2025-01-30,160.6,13.9,4481.59,955.8,3525.79,DE_national,False,none
PE-EMP-00087-02,EMP-00087,2025-01-31,2025-03-01,151.8,13.8,4477.16,850.84,3626.32,DE_national,False,none
PE-EMP-00087-03,EMP-00087,2025-03-02,2025-03-31,144.5,3.9,4110.51,767.17,3343.34,DE_national,False,none
PE-EMP-00087-04,EMP-00087,2025-04-01,2025-04-30,151.8,10.9,4371.6,1026.33,3345.27,DE_national,False,none
PE-EMP-00087-05,EMP-00087,2025-05-01,2025-05-30,149.1,10.4,4352.63,1115.13,3237.5,DE_national,False,none
PE-EMP-00087-06,EMP-00087,2025-05-31,2025-06-29,158.0,2.8,4067.45,912.49,3154.96,DE_national,False,none
PE-EMP-00088-01,EMP-00088,2025-01-01,2025-01-30,158.0,0.0,7150.0,1289.2,5860.8,WA,False,none
PE-EMP-00088-02,EMP-00088,2025-01-31,2025-03-01,145.6,0.0,7150.0,1505.47,5644.53,WA,False,none
PE-EMP-00088-03,EMP-00088,2025-03-02,2025-03-31,156.1,0.0,7150.0,1366.24,5783.76,WA,False,none
PE-EMP-00088-04,EMP-00088,2025-04-01,2025-04-30,147.0,0.0,7150.0,1797.2,5352.8,WA,False,none
PE-EMP-00088-05,EMP-00088,2025-05-01,2025-05-30,161.5,0.0,7150.0,1751.16,5398.84,WA,False,none
PE-EMP-00088-06,EMP-00088,2025-05-31,2025-06-29,143.6,0.0,7150.0,1711.72,5438.28,WA,False,none
PE-EMP-00089-01,EMP-00089,2025-01-01,2025-01-30,151.5,0.0,7027.0,1924.99,5102.01,federal,False,none
PE-EMP-00089-02,EMP-00089,2025-01-31,2025-03-01,152.6,0.0,7027.0,1878.67,5148.33,federal,False,none
PE-EMP-00089-03,EMP-00089,2025-03-02,2025-03-31,143.7,0.0,7027.0,1386.76,5640.24,federal,False,none
PE-EMP-00089-04,EMP-00089,2025-04-01,2025-04-30,156.6,0.0,7027.0,1495.05,5531.95,federal,False,none
PE-EMP-00089-05,EMP-00089,2025-05-01,2025-05-30,147.9,0.0,7027.0,1324.17,5702.83,federal,False,none
PE-EMP-00089-06,EMP-00089,2025-05-31,2025-06-29,150.3,0.0,7027.0,1541.37,5485.63,federal,False,none
PE-EMP-00090-01,EMP-00090,2025-01-01,2025-01-30,150.6,0.0,8392.0,2211.02,6180.98,FL,False,none
PE-EMP-00090-02,EMP-00090,2025-01-31,2025-03-01,156.0,0.0,8392.0,1527.96,6864.04,FL,False,none
PE-EMP-00090-03,EMP-00090,2025-03-02,2025-03-31,140.6,0.0,8392.0,1979.28,6412.72,FL,False,none
PE-EMP-00090-04,EMP-00090,2025-04-01,2025-04-30,157.1,0.0,8392.0,1702.49,6689.51,FL,False,none
PE-EMP-00090-05,EMP-00090,2025-05-01,2025-05-30,142.5,0.0,8392.0,1898.63,6493.37,FL,False,none
PE-EMP-00090-06,EMP-00090,2025-05-31,2025-06-29,147.3,0.0,8392.0,2225.42,6166.58,FL,False,none
PE-EMP-00091-01,EMP-00091,2025-01-01,2025-01-30,141.4,9.3,6888.82,1653.59,5235.23,UK_national,False,none
PE-EMP-00091-02,EMP-00091,2025-01-31,2025-03-01,144.2,14.4,7191.88,1416.89,5774.99,UK_national,False,none
PE-EMP-00091-03,EMP-00091,2025-03-02,2025-03-31,155.9,0.2,6350.58,1477.04,4873.54,UK_national,False,none
PE-EMP-00091-04,EMP-00091,2025-04-01,2025-04-30,161.7,13.9,7165.36,1882.52,5282.84,UK_national,False,none
PE-EMP-00091-05,EMP-00091,2025-05-01,2025-05-30,153.8,3.4,6538.08,1309.67,5228.41,UK_national,False,none
PE-EMP-00091-06,EMP-00091,2025-05-31,2025-06-29,166.5,12.2,7062.98,1459.35,5603.63,UK_national,False,none
PE-EMP-00092-01,EMP-00092,2025-01-01,2025-01-30,160.9,5.7,4796.57,1070.26,3726.31,FL,False,none
PE-EMP-00092-02,EMP-00092,2025-01-31,2025-03-01,145.8,3.2,4689.99,1230.7,3459.29,FL,False,none
PE-EMP-00092-03,EMP-00092,2025-03-02,2025-03-31,160.3,2.8,4673.22,925.47,3747.75,FL,False,none
PE-EMP-00092-04,EMP-00092,2025-04-01,2025-04-30,162.2,0.4,4570.42,1268.81,3301.61,FL,False,none
PE-EMP-00092-05,EMP-00092,2025-05-01,2025-05-30,146.6,6.8,4840.68,991.53,3849.15,FL,False,none
PE-EMP-00092-06,EMP-00092,2025-05-31,2025-06-29,156.3,9.7,4966.31,936.52,4029.79,FL,False,none
PE-EMP-00093-01,EMP-00093,2025-01-01,2025-01-30,153.1,13.1,4160.16,1154.19,3005.97,DE_national,False,none
PE-EMP-00093-02,EMP-00093,2025-01-31,2025-03-01,151.1,3.2,3816.6,833.35,2983.25,DE_national,False,none
PE-EMP-00093-03,EMP-00093,2025-03-02,2025-03-31,151.9,9.0,4017.23,752.45,3264.78,DE_national,False,none
PE-EMP-00093-04,EMP-00093,2025-04-01,2025-04-30,155.6,0.8,3733.16,1019.55,2713.61,DE_national,False,none
PE-EMP-00093-05,EMP-00093,2025-05-01,2025-05-30,153.2,5.3,3890.65,936.24,2954.41,DE_national,False,none
PE-EMP-00093-06,EMP-00093,2025-05-31,2025-06-29,158.8,12.0,4124.1,1034.97,3089.13,DE_national,False,none
PE-EMP-00094-01,EMP-00094,2025-01-01,2025-01-30,162.7,0.0,7199.0,1299.68,5899.32,FL,False,none
PE-EMP-00094-02,EMP-00094,2025-01-31,2025-03-01,154.1,0.0,7199.0,1570.06,5628.94,FL,False,none
PE-EMP-00094-03,EMP-00094,2025-03-02,2025-03-31,167.4,0.0,7199.0,1779.06,5419.94,FL,False,none
PE-EMP-00094-04,EMP-00094,2025-04-01,2025-04-30,143.7,0.0,7199.0,1938.13,5260.87,FL,False,none
PE-EMP-00094-05,EMP-00094,2025-05-01,2025-05-30,141.2,0.0,7199.0,1424.95,5774.05,FL,True,ghost_employee
PE-EMP-00094-06,EMP-00094,2025-05-31,2025-06-29,144.8,0.0,7199.0,1650.62,5548.38,FL,False,none
PE-EMP-00095-01,EMP-00095,2025-01-01,2025-01-30,149.5,0.0,7098.0,1609.89,5488.11,CA,False,none
PE-EMP-00095-02,EMP-00095,2025-01-31,2025-03-01,142.5,0.0,7098.0,1781.78,5316.22,CA,False,none
PE-EMP-00095-03,EMP-00095,2025-03-02,2025-03-31,152.1,0.0,7098.0,1462.48,5635.52,CA,False,none
PE-EMP-00095-04,EMP-00095,2025-04-01,2025-04-30,148.8,0.0,7098.0,1972.19,5125.81,CA,False,none
PE-EMP-00095-05,EMP-00095,2025-05-01,2025-05-30,154.0,0.0,7098.0,1968.54,5129.46,CA,False,none
PE-EMP-00095-06,EMP-00095,2025-05-31,2025-06-29,147.9,0.0,7098.0,1533.59,5564.41,CA,False,none
PE-EMP-00096-01,EMP-00096,2025-01-01,2025-01-30,152.0,13.5,4887.6,1008.42,3879.18,TX,False,none
PE-EMP-00096-02,EMP-00096,2025-01-31,2025-03-01,163.2,13.9,4902.2,1135.83,3766.37,TX,False,none
PE-EMP-00096-03,EMP-00096,2025-03-02,2025-03-31,152.2,2.5,4437.62,1125.77,3311.85,TX,False,none
PE-EMP-00096-04,EMP-00096,2025-04-01,2025-04-30,153.8,14.3,4916.43,1158.15,3758.28,TX,False,none
PE-EMP-00096-05,EMP-00096,2025-05-01,2025-05-30,165.8,9.5,4725.29,1058.46,3666.83,TX,False,none
PE-EMP-00096-06,EMP-00096,2025-05-31,2025-06-29,145.3,0.8,4370.28,866.69,3503.59,TX,False,none
PE-EMP-00097-01,EMP-00097,2025-01-01,2025-01-30,153.2,0.0,8658.0,1700.05,6957.95,NY,False,none
PE-EMP-00097-02,EMP-00097,2025-01-31,2025-03-01,153.1,0.0,8658.0,1658.89,6999.11,NY,False,none
PE-EMP-00097-03,EMP-00097,2025-03-02,2025-03-31,165.1,0.0,8658.0,1986.93,6671.07,NY,False,none
PE-EMP-00097-04,EMP-00097,2025-04-01,2025-04-30,152.4,0.0,8658.0,2414.56,6243.44,NY,False,none
PE-EMP-00097-05,EMP-00097,2025-05-01,2025-05-30,155.7,0.0,8658.0,1954.77,6703.23,NY,False,none
PE-EMP-00097-06,EMP-00097,2025-05-31,2025-06-29,143.1,0.0,8658.0,2181.61,6476.39,NY,False,none
PE-EMP-00098-01,EMP-00098,2025-01-01,2025-01-30,144.1,5.2,6574.06,1317.27,5256.79,CA,False,none
PE-EMP-00098-02,EMP-00098,2025-01-31,2025-03-01,148.0,12.5,7001.72,1785.39,5216.33,CA,False,none
PE-EMP-00098-03,EMP-00098,2025-03-02,2025-03-31,163.0,8.4,6762.31,1665.65,5096.66,CA,False,none
PE-EMP-00098-04,EMP-00098,2025-04-01,2025-04-30,145.9,15.0,7145.4,1289.12,5856.28,CA,False,none
PE-EMP-00098-05,EMP-00098,2025-05-01,2025-05-30,161.5,2.7,6425.11,1747.9,4677.21,CA,False,none
PE-EMP-00098-06,EMP-00098,2025-05-31,2025-06-29,146.9,7.5,6704.91,1270.11,5434.8,CA,False,none
PE-EMP-00099-01,EMP-00099,2025-01-01,2025-01-30,149.2,0.0,7045.0,1468.38,5576.62,federal,False,none
PE-EMP-00099-02,EMP-00099,2025-01-31,2025-03-01,167.5,0.0,7045.0,1354.04,5690.96,federal,False,none
PE-EMP-00099-03,EMP-00099,2025-03-02,2025-03-31,150.5,0.0,7045.0,1922.69,5122.31,federal,False,none
PE-EMP-00099-04,EMP-00099,2025-04-01,2025-04-30,143.0,0.0,7045.0,1496.03,5548.97,federal,False,none
PE-EMP-00099-05,EMP-00099,2025-05-01,2025-05-30,140.8,0.0,7045.0,1592.33,5452.67,federal,False,none
PE-EMP-00099-06,EMP-00099,2025-05-31,2025-06-29,159.8,0.0,7045.0,1606.16,5438.84,federal,False,none
PE-EMP-00100-01,EMP-00100,2025-01-01,2025-01-30,157.6,0.0,7181.0,1485.98,5695.02,NY,False,none
PE-EMP-00100-02,EMP-00100,2025-01-31,2025-03-01,158.4,0.0,7181.0,1529.14,5651.86,NY,False,none
PE-EMP-00100-03,EMP-00100,2025-03-02,2025-03-31,141.2,0.0,7181.0,1739.5,5441.5,NY,False,none
PE-EMP-00100-04,EMP-00100,2025-04-01,2025-04-30,152.7,0.0,7181.0,1972.92,5208.08,NY,False,none
PE-EMP-00100-05,EMP-00100,2025-05-01,2025-05-30,168.0,0.0,7181.0,1943.81,5237.19,NY,False,none
PE-EMP-00100-06,EMP-00100,2025-05-31,2025-06-29,162.3,0.0,7181.0,1385.44,5795.56,NY,False,none
PE-EMP-00101-01,EMP-00101,2025-01-01,2025-01-30,164.2,0.0,7965.0,2072.14,5892.86,FL,False,none
PE-EMP-00101-02,EMP-00101,2025-01-31,2025-03-01,147.9,0.0,7965.0,2069.42,5895.58,FL,False,none
PE-EMP-00101-03,EMP-00101,2025-03-02,2025-03-31,160.8,0.0,7965.0,1869.51,6095.49,FL,False,none
PE-EMP-00101-04,EMP-00101,2025-04-01,2025-04-30,156.9,0.0,7965.0,1507.42,6457.58,FL,False,none
PE-EMP-00101-05,EMP-00101,2025-05-01,2025-05-30,147.1,0.0,7965.0,1624.92,6340.08,FL,False,none
PE-EMP-00101-06,EMP-00101,2025-05-31,2025-06-29,161.6,0.0,7965.0,1751.44,6213.56,FL,False,none
PE-EMP-00102-01,EMP-00102,2025-01-01,2025-01-30,140.6,0.0,8859.0,1779.08,7079.92,FL,False,none
PE-EMP-00102-02,EMP-00102,2025-01-31,2025-03-01,150.9,0.0,8859.0,1951.1,6907.9,FL,False,none
PE-EMP-00102-03,EMP-00102,2025-03-02,2025-03-31,158.1,0.0,8859.0,2440.15,6418.85,FL,False,none
PE-EMP-00102-04,EMP-00102,2025-04-01,2025-04-30,144.3,0.0,8859.0,1859.1,6999.9,FL,False,none
PE-EMP-00102-05,EMP-00102,2025-05-01,2025-05-30,162.4,0.0,8859.0,2246.54,6612.46,FL,False,none
PE-EMP-00102-06,EMP-00102,2025-05-31,2025-06-29,165.8,0.0,8859.0,2395.24,6463.76,FL,False,none
PE-EMP-00103-01,EMP-00103,2025-01-01,2025-01-30,156.9,0.0,7784.0,1680.6,6103.4,TX,False,none
PE-EMP-00103-02,EMP-00103,2025-01-31,2025-03-01,142.7,0.0,7784.0,1687.15,6096.85,TX,False,none
PE-EMP-00103-03,EMP-00103,2025-03-02,2025-03-31,145.6,0.0,7784.0,1747.85,6036.15,TX,False,none
PE-EMP-00103-04,EMP-00103,2025-04-01,2025-04-30,150.9,0.0,7784.0,1610.1,6173.9,TX,False,none
PE-EMP-00103-05,EMP-00103,2025-05-01,2025-05-30,156.8,0.0,7784.0,1471.35,6312.65,TX,False,none
PE-EMP-00103-06,EMP-00103,2025-05-31,2025-06-29,151.8,0.0,7784.0,1687.75,6096.25,TX,False,none
PE-EMP-00104-01,EMP-00104,2025-01-01,2025-01-30,145.2,0.0,8085.0,1965.21,6119.79,WA,False,none
PE-EMP-00104-02,EMP-00104,2025-01-31,2025-03-01,142.6,0.0,8085.0,1870.34,6214.66,WA,False,none
PE-EMP-00104-03,EMP-00104,2025-03-02,2025-03-31,167.3,0.0,8085.0,2002.2,6082.8,WA,False,none
PE-EMP-00104-04,EMP-00104,2025-04-01,2025-04-30,158.1,0.0,8085.0,2032.27,6052.73,WA,False,none
PE-EMP-00104-05,EMP-00104,2025-05-01,2025-05-30,166.1,0.0,8085.0,1881.6,6203.4,WA,False,none
PE-EMP-00104-06,EMP-00104,2025-05-31,2025-06-29,158.1,0.0,8085.0,1523.19,6561.81,WA,False,none
PE-EMP-00105-01,EMP-00105,2025-01-01,2025-01-30,153.1,1.2,6178.04,1607.24,4570.8,WA,False,none
PE-EMP-00105-02,EMP-00105,2025-01-31,2025-03-01,148.4,14.8,6955.63,1728.0,5227.63,WA,False,none
PE-EMP-00105-03,EMP-00105,2025-03-02,2025-03-31,148.4,3.7,6323.65,1408.74,4914.91,WA,False,none
PE-EMP-00105-04,EMP-00105,2025-04-01,2025-04-30,155.9,8.3,6583.42,1788.91,4794.51,WA,True,ghost_employee
PE-EMP-00105-05,EMP-00105,2025-05-01,2025-05-30,154.4,7.7,6548.76,1449.25,5099.51,WA,False,none
PE-EMP-00105-06,EMP-00105,2025-05-31,2025-06-29,153.0,10.8,6728.9,1758.14,4970.76,WA,False,none
PE-EMP-00106-01,EMP-00106,2025-01-01,2025-01-30,150.0,0.0,8964.0,2138.42,6825.58,UK_national,False,none
PE-EMP-00106-02,EMP-00106,2025-01-31,2025-03-01,161.5,0.0,8964.0,1628.1,7335.9,UK_national,False,none
PE-EMP-00106-03,EMP-00106,2025-03-02,2025-03-31,160.7,0.0,8964.0,2028.44,6935.56,UK_national,False,none
PE-EMP-00106-04,EMP-00106,2025-04-01,2025-04-30,162.0,0.0,8964.0,2369.1,6594.9,UK_national,False,none
PE-EMP-00106-05,EMP-00106,2025-05-01,2025-05-30,141.3,0.0,8964.0,1986.65,6977.35,UK_national,False,none
PE-EMP-00106-06,EMP-00106,2025-05-31,2025-06-29,159.7,0.0,8964.0,1894.94,7069.06,UK_national,False,none
PE-EMP-00107-01,EMP-00107,2025-01-01,2025-01-30,160.3,0.0,8870.0,2268.37,6601.63,WA,False,none
PE-EMP-00107-02,EMP-00107,2025-01-31,2025-03-01,152.6,0.0,8870.0,2313.15,6556.85,WA,False,none
PE-EMP-00107-03,EMP-00107,2025-03-02,2025-03-31,149.6,0.0,8870.0,2410.97,6459.03,WA,False,none
PE-EMP-00107-04,EMP-00107,2025-04-01,2025-04-30,162.7,0.0,8870.0,1783.82,7086.18,WA,False,none
PE-EMP-00107-05,EMP-00107,2025-05-01,2025-05-30,142.2,0.0,8870.0,2467.8,6402.2,WA,False,none
PE-EMP-00107-06,EMP-00107,2025-05-31,2025-06-29,147.3,0.0,8870.0,2193.91,6676.09,WA,False,none
PE-EMP-00108-01,EMP-00108,2025-01-01,2025-01-30,152.1,0.0,8677.0,1577.41,7099.59,UK_national,False,none
PE-EMP-00108-02,EMP-00108,2025-01-31,2025-03-01,151.1,0.0,8677.0,1573.4,7103.6,UK_national,False,none
PE-EMP-00108-03,EMP-00108,2025-03-02,2025-03-31,158.4,0.0,8677.0,1961.14,6715.86,UK_national,False,none
PE-EMP-00108-04,EMP-00108,2025-04-01,2025-04-30,151.3,0.0,8677.0,2132.56,6544.44,UK_national,False,none
PE-EMP-00108-05,EMP-00108,2025-05-01,2025-05-30,160.8,0.0,8677.0,2191.73,6485.27,UK_national,False,none
PE-EMP-00108-06,EMP-00108,2025-05-31,2025-06-29,148.5,0.0,8677.0,2267.42,6409.58,UK_national,False,none
PE-EMP-00109-01,EMP-00109,2025-01-01,2025-01-30,157.3,0.0,8842.0,2202.24,6639.76,UK_national,False,none
PE-EMP-00109-02,EMP-00109,2025-01-31,2025-03-01,167.0,0.0,8842.0,2188.49,6653.51,UK_national,False,none
PE-EMP-00109-03,EMP-00109,2025-03-02,2025-03-31,162.5,0.0,8842.0,1669.05,7172.95,UK_national,False,none
PE-EMP-00109-04,EMP-00109,2025-04-01,2025-04-30,143.8,0.0,8842.0,1760.27,7081.73,UK_national,False,none
PE-EMP-00109-05,EMP-00109,2025-05-01,2025-05-30,162.8,0.0,8842.0,2206.99,6635.01,UK_national,False,none
PE-EMP-00109-06,EMP-00109,2025-05-31,2025-06-29,145.3,0.0,8842.0,1615.27,7226.73,UK_national,False,none
PE-EMP-00110-01,EMP-00110,2025-01-01,2025-01-30,153.5,0.0,8724.0,1696.95,7027.05,DE_national,False,none
PE-EMP-00110-02,EMP-00110,2025-01-31,2025-03-01,146.8,0.0,8724.0,2304.96,6419.04,DE_national,False,none
PE-EMP-00110-03,EMP-00110,2025-03-02,2025-03-31,164.0,0.0,8724.0,2040.18,6683.82,DE_national,False,none
PE-EMP-00110-04,EMP-00110,2025-04-01,2025-04-30,142.4,0.0,8724.0,2241.82,6482.18,DE_national,False,none
PE-EMP-00110-05,EMP-00110,2025-05-01,2025-05-30,144.1,0.0,8724.0,1938.37,6785.63,DE_national,False,none
PE-EMP-00110-06,EMP-00110,2025-05-31,2025-06-29,143.3,0.0,8724.0,2357.59,6366.41,DE_national,False,none
PE-EMP-00111-01,EMP-00111,2025-01-01,2025-01-30,160.7,6.7,4437.48,1013.98,3423.5,DE_national,False,none
PE-EMP-00111-02,EMP-00111,2025-01-31,2025-03-01,140.5,6.7,4439.98,906.92,3533.06,DE_national,False,none
PE-EMP-00111-03,EMP-00111,2025-03-02,2025-03-31,148.3,12.4,4663.09,1022.03,3641.06,DE_national,False,none
PE-EMP-00111-04,EMP-00111,2025-04-01,2025-04-30,149.3,1.5,4236.29,1121.61,3114.68,DE_national,False,none
PE-EMP-00111-05,EMP-00111,2025-05-01,2025-05-30,152.1,6.2,4420.11,1014.73,3405.38,DE_national,False,none
PE-EMP-00111-06,EMP-00111,2025-05-31,2025-06-29,156.2,11.0,4605.33,1289.04,3316.29,DE_national,False,none
PE-EMP-00112-01,EMP-00112,2025-01-01,2025-01-30,141.0,0.0,8150.0,1792.74,6357.26,FL,False,none
PE-EMP-00112-02,EMP-00112,2025-01-31,2025-03-01,154.4,0.0,8150.0,2057.56,6092.44,FL,False,none
PE-EMP-00112-03,EMP-00112,2025-03-02,2025-03-31,166.2,0.0,8150.0,2204.63,5945.37,FL,False,none
PE-EMP-00112-04,EMP-00112,2025-04-01,2025-04-30,164.3,0.0,8150.0,1656.0,6494.0,FL,False,none
PE-EMP-00112-05,EMP-00112,2025-05-01,2025-05-30,141.7,0.0,8150.0,1482.5,6667.5,FL,False,none
PE-EMP-00112-06,EMP-00112,2025-05-31,2025-06-29,156.1,0.0,8150.0,1917.9,6232.1,FL,False,none
PE-EMP-00113-01,EMP-00113,2025-01-01,2025-01-30,147.5,0.0,7283.0,1783.1,5499.9,DE_national,False,none
PE-EMP-00113-02,EMP-00113,2025-01-31,2025-03-01,164.9,0.0,7283.0,1396.11,5886.89,DE_national,False,none
PE-EMP-00113-03,EMP-00113,2025-03-02,2025-03-31,157.4,0.0,7283.0,1781.55,5501.45,DE_national,False,none
PE-EMP-00113-04,EMP-00113,2025-04-01,2025-04-30,152.6,0.0,7283.0,1628.65,5654.35,DE_national,False,none
PE-EMP-00113-05,EMP-00113,2025-05-01,2025-05-30,144.5,0.0,7283.0,1839.84,5443.16,DE_national,False,none
PE-EMP-00113-06,EMP-00113,2025-05-31,2025-06-29,153.1,0.0,7283.0,1630.02,5652.98,DE_national,False,none
PE-EMP-00114-01,EMP-00114,2025-01-01,2025-01-30,154.2,8.8,4948.75,1229.75,3719.0,DE_national,False,none
PE-EMP-00114-02,EMP-00114,2025-01-31,2025-03-01,165.8,12.8,5119.6,1287.68,3831.92,DE_national,False,none
PE-EMP-00114-03-DUP,EMP-00114,2025-03-02,2025-03-31,153.1,13.2,5138.7,1296.49,3842.21,DE_national,True,duplicate_payment
PE-EMP-00114-04,EMP-00114,2025-04-01,2025-04-30,150.9,6.3,4838.96,1326.45,3512.51,DE_national,False,none
PE-EMP-00114-05,EMP-00114,2025-05-01,2025-05-30,158.3,5.4,4802.57,1091.3,3711.27,DE_national,False,none
PE-EMP-00114-06,EMP-00114,2025-05-31,2025-06-29,167.2,2.4,4675.15,938.4,3736.75,DE_national,False,none
PE-EMP-00115-01,EMP-00115,2025-01-01,2025-01-30,159.3,1.3,6898.61,1574.88,5323.73,federal,False,none
PE-EMP-00115-02,EMP-00115,2025-01-31,2025-03-01,144.9,2.3,6965.83,1596.7,5369.13,federal,False,none
PE-EMP-00115-03,EMP-00115,2025-03-02,2025-03-31,162.2,14.1,7719.92,1770.74,5949.18,federal,False,none
PE-EMP-00115-04,EMP-00115,2025-04-01,2025-04-30,146.6,8.4,7349.72,2057.38,5292.34,federal,False,none
PE-EMP-00115-05,EMP-00115,2025-05-01,2025-05-30,150.0,3.9,7065.98,1750.19,5315.79,federal,False,none
PE-EMP-00115-06,EMP-00115,2025-05-31,2025-06-29,144.9,12.9,7639.79,1759.81,5879.98,federal,False,none
PE-EMP-00116-01,EMP-00116,2025-01-01,2025-01-30,162.6,0.0,7229.0,1545.37,5683.63,CA,False,none
PE-EMP-00116-02,EMP-00116,2025-01-31,2025-03-01,143.2,0.0,7229.0,1465.09,5763.91,CA,False,none
PE-EMP-00116-03,EMP-00116,2025-03-02,2025-03-31,155.7,0.0,7229.0,1652.81,5576.19,CA,False,none
PE-EMP-00116-04,EMP-00116,2025-04-01,2025-04-30,167.8,0.0,7229.0,1868.61,5360.39,CA,False,none
PE-EMP-00116-05,EMP-00116,2025-05-01,2025-05-30,161.5,0.0,7229.0,1857.92,5371.08,CA,False,none
PE-EMP-00116-06,EMP-00116,2025-05-31,2025-06-29,155.6,0.0,7229.0,1949.17,5279.83,CA,False,none
PE-EMP-00117-01,EMP-00117,2025-01-01,2025-01-30,163.9,0.0,8568.0,2290.82,6277.18,DE_national,False,none
PE-EMP-00117-02,EMP-00117,2025-01-31,2025-03-01,156.9,0.0,8568.0,1631.47,6936.53,DE_national,False,none
PE-EMP-00117-03,EMP-00117,2025-03-02,2025-03-31,141.4,0.0,8568.0,2353.0,6215.0,DE_national,False,none
PE-EMP-00117-04,EMP-00117,2025-04-01,2025-04-30,162.4,0.0,8568.0,2367.04,6200.96,DE_national,False,none
PE-EMP-00117-05,EMP-00117,2025-05-01,2025-05-30,161.2,0.0,8568.0,2377.33,6190.67,DE_national,False,none
PE-EMP-00117-06,EMP-00117,2025-05-31,2025-06-29,161.9,0.0,8568.0,2064.59,6503.41,DE_national,False,none
PE-EMP-00118-01,EMP-00118,2025-01-01,2025-01-30,164.0,1.5,3849.36,909.4,2939.96,CA,False,none
PE-EMP-00118-02,EMP-00118,2025-01-31,2025-03-01,154.2,2.5,3884.15,745.0,3139.15,CA,False,none
PE-EMP-00118-03,EMP-00118,2025-03-02,2025-03-31,145.8,5.4,3988.0,1008.31,2979.69,CA,False,none
PE-EMP-00118-04,EMP-00118,2025-04-01,2025-04-30,159.8,11.4,4201.64,965.7,3235.94,CA,False,none
PE-EMP-00118-05,EMP-00118,2025-05-01,2025-05-30,164.4,2.3,3877.34,838.95,3038.39,CA,False,none
PE-EMP-00118-06,EMP-00118,2025-05-31,2025-06-29,162.9,1.8,3860.63,772.86,3087.77,CA,False,none
PE-EMP-00119-01,EMP-00119,2025-01-01,2025-01-30,167.1,11.5,7401.48,1337.14,6064.34,WA,False,none
PE-EMP-00119-02,EMP-00119,2025-01-31,2025-03-01,163.4,7.1,10835.41,1486.58,5637.3,WA,True,rate_violation
PE-EMP-00119-03,EMP-00119,2025-03-02,2025-03-31,144.8,4.0,6928.85,1742.74,5186.11,WA,False,none
PE-EMP-00119-04,EMP-00119,2025-04-01,2025-04-30,151.6,9.4,7270.19,1487.08,5783.11,WA,False,none
PE-EMP-00119-05,EMP-00119,2025-05-01,2025-05-30,161.1,7.9,7176.47,1856.71,5319.76,WA,False,none
PE-EMP-00119-06,EMP-00119,2025-05-31,2025-06-29,143.9,6.4,7081.77,1924.84,5156.93,WA,False,none
PE-EMP-00120-01,EMP-00120,2025-01-01,2025-01-30,165.1,0.0,7463.0,2053.7,5409.3,UK_national,False,none
PE-EMP-00120-02,EMP-00120,2025-01-31,2025-03-01,154.5,0.0,7463.0,1852.46,5610.54,UK_national,False,none
PE-EMP-00120-03,EMP-00120,2025-03-02,2025-03-31,166.4,0.0,7463.0,1673.64,5789.36,UK_national,False,none
PE-EMP-00120-04,EMP-00120,2025-04-01,2025-04-30,161.6,0.0,7463.0,1878.9,5584.1,UK_national,False,none
PE-EMP-00120-05,EMP-00120,2025-05-01,2025-05-30,154.5,0.0,7463.0,1395.27,6067.73,UK_national,False,none
PE-EMP-00120-06,EMP-00120,2025-05-31,2025-06-29,149.5,0.0,7463.0,1643.09,5819.91,UK_national,False,none
PE-EMP-00121-01,EMP-00121,2025-01-01,2025-01-30,161.6,0.0,7013.0,1566.75,5446.25,WA,False,none
PE-EMP-00121-02,EMP-00121,2025-01-31,2025-03-01,151.0,0.0,7013.0,1288.35,5724.65,WA,True,rule_override
PE-EMP-00121-03,EMP-00121,2025-03-02,2025-03-31,165.8,0.0,7013.0,1368.2,5644.8,WA,False,none
PE-EMP-00121-04,EMP-00121,2025-04-01,2025-04-30,156.1,0.0,7013.0,1948.02,5064.98,WA,False,none
PE-EMP-00121-05,EMP-00121,2025-05-01,2025-05-30,167.4,0.0,7013.0,1822.73,5190.27,WA,False,none
PE-EMP-00121-06,EMP-00121,2025-05-31,2025-06-29,164.5,0.0,7013.0,1944.47,5068.53,WA,False,none
PE-EMP-00122-01,EMP-00122,2025-01-01,2025-01-30,151.7,13.3,6884.58,1721.69,5162.89,federal,False,none
PE-EMP-00122-02,EMP-00122,2025-01-31,2025-03-01,164.5,10.8,6743.19,1425.3,5317.89,federal,False,none
PE-EMP-00122-03,EMP-00122,2025-03-02,2025-03-31,149.6,12.4,6833.97,1845.31,4988.66,federal,False,none
PE-EMP-00122-04,EMP-00122,2025-04-01,2025-04-30,157.1,2.2,6248.43,1377.12,4871.31,federal,False,none
PE-EMP-00122-05,EMP-00122,2025-05-01,2025-05-30,158.0,13.3,6886.12,1669.44,5216.68,federal,False,none
PE-EMP-00122-06,EMP-00122,2025-05-31,2025-06-29,157.3,6.6,6502.64,1394.98,5107.66,federal,False,none
PE-EMP-00123-01,EMP-00123,2025-01-01,2025-01-30,162.7,9.7,6856.21,1765.75,5090.46,DE_national,False,none
PE-EMP-00123-02,EMP-00123,2025-01-31,2025-03-01,164.7,1.3,10246.8,1486.02,4871.45,DE_national,True,rate_violation
PE-EMP-00123-03,EMP-00123,2025-03-02,2025-03-31,150.9,10.8,6918.16,1853.98,5064.18,DE_national,False,none
PE-EMP-00123-04,EMP-00123,2025-04-01,2025-04-30,154.6,8.1,6760.81,1361.45,5399.36,DE_national,True,ghost_employee
PE-EMP-00123-05,EMP-00123,2025-05-01,2025-05-30,154.3,4.7,6558.89,1404.07,5154.82,DE_national,False,none
PE-EMP-00123-06,EMP-00123,2025-05-31,2025-06-29,157.8,0.4,6303.69,1695.89,4607.8,DE_national,False,none
PE-EMP-00124-01,EMP-00124,2025-01-01,2025-01-30,155.1,0.0,7603.0,1565.22,6037.78,FL,False,none
PE-EMP-00124-02,EMP-00124,2025-01-31,2025-03-01,163.3,0.0,7603.0,1599.63,6003.37,FL,False,none
PE-EMP-00124-03,EMP-00124,2025-03-02,2025-03-31,151.8,0.0,7603.0,1752.7,5850.3,FL,False,none
PE-EMP-00124-04,EMP-00124,2025-04-01,2025-04-30,160.5,0.0,7603.0,2008.4,5594.6,FL,False,none
PE-EMP-00124-05,EMP-00124,2025-05-01,2025-05-30,147.3,0.0,7603.0,1754.39,5848.61,FL,False,none
PE-EMP-00124-06,EMP-00124,2025-05-31,2025-06-29,143.5,0.0,7603.0,1943.75,5659.25,FL,False,none
PE-EMP-00125-01,EMP-00125,2025-01-01,2025-01-30,166.4,0.0,7425.0,1669.69,5755.31,CA,False,none
PE-EMP-00125-02,EMP-00125,2025-01-31,2025-03-01,156.0,0.0,7425.0,1340.37,6084.63,CA,False,none
PE-EMP-00125-03,EMP-00125,2025-03-02,2025-03-31,149.5,0.0,7425.0,1511.8,5913.2,CA,False,none
PE-EMP-00125-04,EMP-00125,2025-04-01,2025-04-30,160.9,0.0,7425.0,1768.33,5656.67,CA,False,none
PE-EMP-00125-05,EMP-00125,2025-05-01,2025-05-30,160.0,0.0,7425.0,2032.62,5392.38,CA,False,none
PE-EMP-00125-06,EMP-00125,2025-05-31,2025-06-29,158.6,0.0,7425.0,1963.54,5461.46,CA,False,none
PE-EMP-00126-01,EMP-00126,2025-01-01,2025-01-30,146.5,4.5,6842.27,1687.93,5154.34,CA,False,none
PE-EMP-00126-02,EMP-00126,2025-01-31,2025-03-01,162.8,8.6,7094.86,1376.38,5718.48,CA,False,none
PE-EMP-00126-03,EMP-00126,2025-03-02,2025-03-31,150.6,11.1,7246.98,1380.71,5866.27,CA,False,none
PE-EMP-00126-04,EMP-00126,2025-04-01,2025-04-30,154.5,2.9,6743.79,1738.92,5004.87,CA,False,none
PE-EMP-00126-05,EMP-00126,2025-05-01,2025-05-30,152.7,2.2,6701.32,1491.51,5209.81,CA,False,none
PE-EMP-00126-06,EMP-00126,2025-05-31,2025-06-29,151.5,1.4,6651.18,1479.81,5171.37,CA,False,none
PE-EMP-00127-01,EMP-00127,2025-01-01,2025-01-30,143.6,3.2,6785.95,1274.45,5511.5,CA,False,none
PE-EMP-00127-02,EMP-00127,2025-01-31,2025-03-01,159.0,6.0,6960.07,1641.86,5318.21,CA,False,none
PE-EMP-00127-03,EMP-00127,2025-03-02,2025-03-31,161.8,13.1,7394.74,1763.13,5631.61,CA,False,none
PE-EMP-00127-04,EMP-00127,2025-04-01,2025-04-30,157.8,14.9,7510.07,1869.27,5640.8,CA,False,none
PE-EMP-00127-05,EMP-00127,2025-05-01,2025-05-30,166.5,11.0,7264.79,1610.55,5654.24,CA,False,none
PE-EMP-00127-06,EMP-00127,2025-05-31,2025-06-29,144.6,7.6,7055.51,1612.02,5443.49,CA,False,none
PE-EMP-00128-01,EMP-00128,2025-01-01,2025-01-30,152.8,14.5,4417.27,1021.8,3395.47,federal,False,none
PE-EMP-00128-02,EMP-00128,2025-01-31,2025-03-01,154.8,10.4,4267.7,962.55,3305.15,federal,False,none
PE-EMP-00128-03,EMP-00128,2025-03-02,2025-03-31,140.9,2.4,3973.75,937.42,3036.33,federal,False,none
PE-EMP-00128-04,EMP-00128,2025-04-01,2025-04-30,165.8,1.8,3952.94,1048.45,2904.49,federal,False,none
PE-EMP-00128-05,EMP-00128,2025-05-01,2025-05-30,143.1,5.5,4090.07,854.66,3235.41,federal,False,none
PE-EMP-00128-06,EMP-00128,2025-05-31,2025-06-29,154.6,1.8,3952.38,831.95,3120.43,federal,False,none
PE-EMP-00129-01,EMP-00129,2025-01-01,2025-01-30,150.5,0.0,7110.0,1488.82,5621.18,NY,False,none
PE-EMP-00129-02,EMP-00129,2025-01-31,2025-03-01,140.8,0.0,7110.0,1381.38,5728.62,NY,False,none
PE-EMP-00129-03,EMP-00129,2025-03-02,2025-03-31,161.9,0.0,7110.0,1579.67,5530.33,NY,False,none
PE-EMP-00129-04,EMP-00129,2025-04-01,2025-04-30,166.2,0.0,7110.0,1496.77,5613.23,NY,False,none
PE-EMP-00129-05,EMP-00129,2025-05-01,2025-05-30,147.9,0.0,7110.0,1409.97,5700.03,NY,False,none
PE-EMP-00129-06,EMP-00129,2025-05-31,2025-06-29,160.7,0.0,7110.0,1281.28,5828.72,NY,False,none
PE-EMP-00130-01,EMP-00130,2025-01-01,2025-01-30,155.3,0.0,8830.0,1649.06,7180.94,TX,False,none
PE-EMP-00130-02,EMP-00130,2025-01-31,2025-03-01,141.3,0.0,8830.0,2014.28,6815.72,TX,False,none
PE-EMP-00130-03,EMP-00130,2025-03-02,2025-03-31,148.7,0.0,8830.0,1988.85,6841.15,TX,False,none
PE-EMP-00130-04,EMP-00130,2025-04-01,2025-04-30,149.5,0.0,8830.0,1922.56,6907.44,TX,False,none
PE-EMP-00130-05,EMP-00130,2025-05-01,2025-05-30,163.4,0.0,8830.0,2325.54,6504.46,TX,False,none
PE-EMP-00130-06,EMP-00130,2025-05-31,2025-06-29,143.7,0.0,8830.0,1711.72,7118.28,TX,False,none
PE-EMP-00131-01,EMP-00131,2025-01-01,2025-01-30,157.8,0.0,7271.0,1862.6,5408.4,NY,False,none
PE-EMP-00131-02,EMP-00131,2025-01-31,2025-03-01,158.7,0.0,7271.0,1417.11,5853.89,NY,False,none
PE-EMP-00131-03,EMP-00131,2025-03-02,2025-03-31,160.4,0.0,7271.0,1373.72,5897.28,NY,False,none
PE-EMP-00131-04,EMP-00131,2025-04-01,2025-04-30,157.5,0.0,7271.0,1762.19,5508.81,NY,False,none
PE-EMP-00131-05,EMP-00131,2025-05-01,2025-05-30,150.8,0.0,7271.0,1963.35,5307.65,NY,False,none
PE-EMP-00131-06,EMP-00131,2025-05-31,2025-06-29,149.5,0.0,7271.0,1342.1,5928.9,NY,False,none
PE-EMP-00132-01,EMP-00132,2025-01-01,2025-01-30,158.8,0.0,8230.0,1846.07,6383.93,DE_national,False,none
PE-EMP-00132-02,EMP-00132,2025-01-31,2025-03-01,147.8,0.0,8230.0,1554.26,6675.74,DE_national,False,none
PE-EMP-00132-03,EMP-00132,2025-03-02,2025-03-31,144.6,0.0,8230.0,1501.81,6728.19,DE_national,False,none
PE-EMP-00132-04,EMP-00132,2025-04-01,2025-04-30,157.6,0.0,8230.0,2116.42,6113.58,DE_national,False,none
PE-EMP-00132-05,EMP-00132,2025-05-01,2025-05-30,148.6,0.0,8230.0,2012.37,6217.63,DE_national,False,none
PE-EMP-00132-06,EMP-00132,2025-05-31,2025-06-29,158.0,0.0,8230.0,1551.48,6678.52,DE_national,False,none
PE-EMP-00133-01,EMP-00133,2025-01-01,2025-01-30,166.7,0.0,7324.0,1715.16,5608.84,CA,False,none
PE-EMP-00133-02,EMP-00133,2025-01-31,2025-03-01,161.2,0.0,7324.0,2019.44,5304.56,CA,False,none
PE-EMP-00133-03,EMP-00133,2025-03-02,2025-03-31,154.6,0.0,7324.0,1868.03,5455.97,CA,False,none
PE-EMP-00133-04,EMP-00133,2025-04-01,2025-04-30,154.1,0.0,7324.0,1331.99,5992.01,CA,False,none
PE-EMP-00133-05,EMP-00133,2025-05-01,2025-05-30,158.4,0.0,7324.0,1707.85,5616.15,CA,False,none
PE-EMP-00133-06,EMP-00133,2025-05-31,2025-06-29,166.9,0.0,7324.0,1519.7,5804.3,CA,False,none
PE-EMP-00134-01,EMP-00134,2025-01-01,2025-01-30,145.8,12.4,6878.72,1815.24,5063.48,NY,False,none
PE-EMP-00134-02,EMP-00134,2025-01-31,2025-03-01,156.2,1.3,6233.33,1454.57,4778.76,NY,False,none
PE-EMP-00134-03,EMP-00134,2025-03-02,2025-03-31,149.0,8.8,6670.13,1528.44,5141.69,NY,False,none
PE-EMP-00134-04,EMP-00134,2025-04-01,2025-04-30,166.1,5.1,6454.49,1278.32,5176.17,NY,False,none
PE-EMP-00134-05,EMP-00134,2025-05-01,2025-05-30,140.7,7.9,6617.29,1443.9,5173.39,NY,False,none
PE-EMP-00134-06,EMP-00134,2025-05-31,2025-06-29,142.5,14.7,7008.74,1641.29,5367.45,NY,False,none
PE-EMP-00135-01,EMP-00135,2025-01-01,2025-01-30,148.0,2.7,6582.86,1690.68,4892.18,CA,False,none
PE-EMP-00135-02,EMP-00135,2025-01-31,2025-03-01,144.3,14.3,7277.36,1803.77,5473.59,CA,False,none
PE-EMP-00135-03,EMP-00135,2025-03-02,2025-03-31,141.6,14.4,7285.44,1443.58,5841.86,CA,False,none
PE-EMP-00135-04,EMP-00135,2025-04-01,2025-04-30,160.0,4.5,6686.98,1269.69,5417.29,CA,False,none
PE-EMP-00135-05,EMP-00135,2025-05-01,2025-05-30,144.0,13.4,7223.97,1486.65,5737.32,CA,False,none
PE-EMP-00135-06,EMP-00135,2025-05-31,2025-06-29,166.4,13.5,7229.83,1338.88,5890.95,CA,False,none
PE-EMP-00136-01,EMP-00136,2025-01-01,2025-01-30,146.7,0.0,7537.0,1806.62,5730.38,CA,False,none
PE-EMP-00136-02,EMP-00136,2025-01-31,2025-03-01,146.6,0.0,7537.0,1740.01,5796.99,CA,False,none
PE-EMP-00136-03,EMP-00136,2025-03-02,2025-03-31,154.1,0.0,7537.0,2072.19,5464.81,CA,False,none
PE-EMP-00136-04,EMP-00136,2025-04-01,2025-04-30,147.5,0.0,7537.0,1596.59,5940.41,CA,False,none
PE-EMP-00136-05,EMP-00136,2025-05-01,2025-05-30,155.5,0.0,7537.0,1406.0,6131.0,CA,False,none
PE-EMP-00136-06,EMP-00136,2025-05-31,2025-06-29,140.8,0.0,7537.0,1834.16,5702.84,CA,False,none
PE-EMP-00137-01,EMP-00137,2025-01-01,2025-01-30,165.6,0.0,7646.0,1390.52,6255.48,FL,False,none
PE-EMP-00137-02,EMP-00137,2025-01-31,2025-03-01,155.5,0.0,7646.0,1824.47,5821.53,FL,False,none
PE-EMP-00137-03,EMP-00137,2025-03-02,2025-03-31,142.8,0.0,7646.0,1959.65,5686.35,FL,False,none
PE-EMP-00137-04,EMP-00137,2025-04-01,2025-04-30,158.2,0.0,7646.0,1472.29,6173.71,FL,False,none
PE-EMP-00137-05,EMP-00137,2025-05-01,2025-05-30,155.9,0.0,7646.0,1717.28,5928.72,FL,False,none
PE-EMP-00137-06,EMP-00137,2025-05-31,2025-06-29,163.7,0.0,7646.0,1758.91,5887.09,FL,False,none
PE-EMP-00138-01,EMP-00138,2025-01-01,2025-01-30,161.9,0.0,7857.0,1526.12,6330.88,NY,False,none
PE-EMP-00138-02,EMP-00138,2025-01-31,2025-03-01,155.1,0.0,7857.0,1546.41,6310.59,NY,False,none
PE-EMP-00138-03,EMP-00138,2025-03-02,2025-03-31,146.9,0.0,7857.0,2162.73,5694.27,NY,False,none
PE-EMP-00138-04,EMP-00138,2025-04-01,2025-04-30,166.9,0.0,7857.0,1850.44,6006.56,NY,False,none
PE-EMP-00138-05,EMP-00138,2025-05-01,2025-05-30,141.2,0.0,7857.0,2052.75,5804.25,NY,False,none
PE-EMP-00138-06,EMP-00138,2025-05-31,2025-06-29,166.9,0.0,7857.0,1901.97,5955.03,NY,False,none
PE-EMP-00139-01,EMP-00139,2025-01-01,2025-01-30,158.3,2.5,6203.66,1153.99,5049.67,NY,False,none
PE-EMP-00139-02,EMP-00139,2025-01-31,2025-03-01,165.8,4.1,6293.94,1290.82,5003.12,NY,False,none
PE-EMP-00139-03,EMP-00139,2025-03-02,2025-03-31,159.0,15.0,6912.68,1826.63,5086.05,NY,False,none
PE-EMP-00139-04,EMP-00139,2025-04-01,2025-04-30,146.0,12.6,6777.54,1410.62,5366.92,NY,True,ghost_employee
PE-EMP-00139-05,EMP-00139,2025-05-01,2025-05-30,144.5,8.0,6516.22,1218.49,5297.73,NY,False,none
PE-EMP-00139-06,EMP-00139,2025-05-31,2025-06-29,142.5,10.5,6656.29,1750.94,4905.35,NY,False,none
PE-EMP-00140-01,EMP-00140,2025-01-01,2025-01-30,160.3,0.0,7179.0,2009.27,5169.73,NY,False,none
PE-EMP-00140-02,EMP-00140,2025-01-31,2025-03-01,164.6,0.0,7179.0,1443.59,5735.41,NY,False,none
PE-EMP-00140-03,EMP-00140,2025-03-02,2025-03-31,154.1,0.0,7179.0,1868.02,5310.98,NY,False,none
PE-EMP-00140-04,EMP-00140,2025-04-01,2025-04-30,164.8,0.0,7179.0,1970.93,5208.07,NY,False,none
PE-EMP-00140-05,EMP-00140,2025-05-01,2025-05-30,157.8,0.0,7179.0,1995.5,5183.5,NY,False,none
PE-EMP-00140-06,EMP-00140,2025-05-31,2025-06-29,159.8,0.0,7179.0,1488.22,5690.78,NY,False,none
PE-EMP-00141-01,EMP-00141,2025-01-01,2025-01-30,158.5,4.8,3953.06,794.81,3158.25,DE_national,False,none
PE-EMP-00141-02,EMP-00141,2025-01-31,2025-03-01,166.9,4.9,3956.69,1073.85,2882.84,DE_national,False,none
PE-EMP-00141-03,EMP-00141,2025-03-02,2025-03-31,143.7,13.8,4272.5,1029.15,3243.35,DE_national,False,none
PE-EMP-00141-04,EMP-00141,2025-04-01,2025-04-30,140.1,0.1,3787.09,747.4,3039.69,DE_national,False,none
PE-EMP-00141-05,EMP-00141,2025-05-01,2025-05-30,155.6,10.4,4152.42,950.48,3201.94,DE_national,False,none
PE-EMP-00141-06,EMP-00141,2025-05-31,2025-06-29,151.0,1.2,3825.16,1023.89,2801.27,DE_national,False,none
PE-EMP-00142-01,EMP-00142,2025-01-01,2025-01-30,158.2,0.0,8026.0,1877.0,6149.0,WA,False,none
PE-EMP-00142-02,EMP-00142,2025-01-31,2025-03-01,165.0,0.0,8026.0,2099.65,5926.35,WA,False,none
PE-EMP-00142-03,EMP-00142,2025-03-02,2025-03-31,152.5,0.0,8026.0,1543.73,6482.27,WA,False,none
PE-EMP-00142-04,EMP-00142,2025-04-01,2025-04-30,167.2,0.0,8026.0,1746.76,6279.24,WA,False,none
PE-EMP-00142-05,EMP-00142,2025-05-01,2025-05-30,156.8,0.0,8026.0,1755.09,6270.91,WA,False,none
PE-EMP-00142-06,EMP-00142,2025-05-31,2025-06-29,163.5,0.0,8026.0,2096.29,5929.71,WA,False,none
PE-EMP-00143-01,EMP-00143,2025-01-01,2025-01-30,167.5,1.9,6899.97,1497.63,5402.34,CA,False,none
PE-EMP-00143-02,EMP-00143,2025-01-31,2025-03-01,145.4,0.1,6789.93,1726.78,5063.15,CA,False,none
PE-EMP-00143-03,EMP-00143,2025-03-02,2025-03-31,161.2,10.2,7429.96,1864.32,5565.64,CA,False,none
PE-EMP-00143-04,EMP-00143,2025-04-01,2025-04-30,145.4,12.2,7559.39,1833.33,5726.06,CA,False,none
PE-EMP-00143-05,EMP-00143,2025-05-01,2025-05-30,162.6,3.3,6991.88,1943.83,5048.05,CA,False,none
PE-EMP-00143-06,EMP-00143,2025-05-31,2025-06-29,167.1,0.6,6816.09,1562.82,5253.27,CA,False,none
PE-EMP-00144-01,EMP-00144,2025-01-01,2025-01-30,159.7,9.1,4665.37,843.1,3822.27,TX,False,none
PE-EMP-00144-02,EMP-00144,2025-01-31,2025-03-01,167.6,9.6,4684.96,895.27,3789.69,TX,False,none
PE-EMP-00144-03,EMP-00144,2025-03-02,2025-03-31,147.8,7.5,4601.47,906.71,3694.76,TX,False,none
PE-EMP-00144-04,EMP-00144,2025-04-01,2025-04-30,145.4,11.1,4745.65,1173.21,3572.44,TX,False,none
PE-EMP-00144-05,EMP-00144,2025-05-01,2025-05-30,156.9,2.6,4405.12,1052.02,3353.1,TX,False,none
PE-EMP-00144-06,EMP-00144,2025-05-31,2025-06-29,160.9,1.9,4376.04,1196.22,3179.82,TX,False,none
PE-EMP-00145-01,EMP-00145,2025-01-01,2025-01-30,164.0,13.2,4628.18,1170.42,3457.76,federal,False,none
PE-EMP-00145-02,EMP-00145,2025-01-31,2025-03-01,147.7,12.7,4608.88,840.25,3768.63,federal,False,none
PE-EMP-00145-03,EMP-00145,2025-03-02,2025-03-31,167.2,10.2,4510.47,1089.03,3421.44,federal,False,none
PE-EMP-00145-04,EMP-00145,2025-04-01,2025-04-30,159.1,13.2,4629.4,834.2,3795.2,federal,False,none
PE-EMP-00145-05,EMP-00145,2025-05-01,2025-05-30,152.0,10.1,4507.79,1104.42,3403.37,federal,False,none
PE-EMP-00145-06,EMP-00145,2025-05-31,2025-06-29,163.9,4.8,4305.05,1138.4,3166.65,federal,False,none
PE-EMP-00146-01,EMP-00146,2025-01-01,2025-01-30,151.4,0.0,7121.0,1368.46,5752.54,federal,False,none
PE-EMP-00146-02,EMP-00146,2025-01-31,2025-03-01,154.5,0.0,7121.0,1634.68,5486.32,federal,False,none
PE-EMP-00146-03,EMP-00146,2025-03-02,2025-03-31,154.5,0.0,7121.0,1312.73,5808.27,federal,False,none
PE-EMP-00146-04,EMP-00146,2025-04-01,2025-04-30,160.2,0.0,7121.0,1315.22,5805.78,federal,False,none
PE-EMP-00146-05,EMP-00146,2025-05-01,2025-05-30,165.7,0.0,7121.0,1660.91,5460.09,federal,False,none
PE-EMP-00146-06,EMP-00146,2025-05-31,2025-06-29,148.9,0.0,7121.0,1560.82,5560.18,federal,False,none
PE-EMP-00147-01,EMP-00147,2025-01-01,2025-01-30,149.4,0.0,6790.0,1819.79,4970.21,DE_national,False,none
PE-EMP-00147-02-DUP,EMP-00147,2025-01-31,2025-03-01,162.6,0.0,6790.0,1894.59,4895.41,DE_national,True,duplicate_payment
PE-EMP-00147-03,EMP-00147,2025-03-02,2025-03-31,146.3,0.0,6790.0,1690.4,5099.6,DE_national,False,none
PE-EMP-00147-04,EMP-00147,2025-04-01,2025-04-30,166.8,0.0,6790.0,1844.84,4945.16,DE_national,False,none
PE-EMP-00147-05,EMP-00147,2025-05-01,2025-05-30,145.5,0.0,6790.0,1445.74,5344.26,DE_national,False,none
PE-EMP-00147-06,EMP-00147,2025-05-31,2025-06-29,141.8,0.0,6790.0,1646.78,5143.22,DE_national,False,none
PE-EMP-00148-01,EMP-00148,2025-01-01,2025-01-30,140.8,0.0,7585.0,1692.93,5892.07,UK_national,False,none
PE-EMP-00148-02,EMP-00148,2025-01-31,2025-03-01,140.7,0.0,7585.0,1969.99,5615.01,UK_national,False,none
PE-EMP-00148-03,EMP-00148,2025-03-02,2025-03-31,166.2,0.0,7585.0,2002.83,5582.17,UK_national,False,none
PE-EMP-00148-04,EMP-00148,2025-04-01,2025-04-30,146.9,0.0,7585.0,1724.51,5860.49,UK_national,False,none
PE-EMP-00148-05,EMP-00148,2025-05-01,2025-05-30,166.8,0.0,7585.0,1996.76,5588.24,UK_national,False,none
PE-EMP-00148-06,EMP-00148,2025-05-31,2025-06-29,163.0,0.0,7585.0,1759.47,5825.53,UK_national,False,none
PE-EMP-00149-01,EMP-00149,2025-01-01,2025-01-30,146.6,0.0,8192.0,1534.29,6657.71,CA,False,none
PE-EMP-00149-02,EMP-00149,2025-01-31,2025-03-01,156.8,0.0,8192.0,1833.8,6358.2,CA,False,none
PE-EMP-00149-03,EMP-00149,2025-03-02,2025-03-31,142.7,0.0,8192.0,1840.3,6351.7,CA,False,none
PE-EMP-00149-04,EMP-00149,2025-04-01,2025-04-30,143.5,0.0,8192.0,2272.89,5919.11,CA,False,none
PE-EMP-00149-05,EMP-00149,2025-05-01,2025-05-30,165.7,0.0,8192.0,1783.72,6408.28,CA,False,none
PE-EMP-00149-06,EMP-00149,2025-05-31,2025-06-29,164.9,0.0,8192.0,2042.56,6149.44,CA,False,none
PE-EMP-00150-01,EMP-00150,2025-01-01,2025-01-30,161.9,0.0,6908.0,1286.27,5621.73,CA,False,none
PE-EMP-00150-02,EMP-00150,2025-01-31,2025-03-01,162.5,0.0,6908.0,1281.29,5626.71,CA,False,none
PE-EMP-00150-03,EMP-00150,2025-03-02,2025-03-31,157.1,0.0,6908.0,1541.75,5366.25,CA,False,none
PE-EMP-00150-04,EMP-00150,2025-04-01,2025-04-30,142.9,0.0,6908.0,1281.98,5626.02,CA,False,none
PE-EMP-00150-05,EMP-00150,2025-05-01,2025-05-30,141.5,0.0,6908.0,1830.57,5077.43,CA,False,none
PE-EMP-00150-06,EMP-00150,2025-05-31,2025-06-29,151.2,0.0,6908.0,1669.87,5238.13,CA,False,none
PE-EMP-00151-01,EMP-00151,2025-01-01,2025-01-30,151.5,0.0,8201.0,2185.22,6015.78,DE_national,False,none
PE-EMP-00151-02,EMP-00151,2025-01-31,2025-03-01,162.0,0.0,8201.0,1987.93,6213.07,DE_national,False,none
PE-EMP-00151-03,EMP-00151,2025-03-02,2025-03-31,152.7,0.0,8201.0,1856.88,6344.12,DE_national,False,none
PE-EMP-00151-04,EMP-00151,2025-04-01,2025-04-30,152.0,0.0,8201.0,1984.81,6216.19,DE_national,False,none
PE-EMP-00151-05,EMP-00151,2025-05-01,2025-05-30,142.8,0.0,8201.0,2010.0,6191.0,DE_national,False,none
PE-EMP-00151-06,EMP-00151,2025-05-31,2025-06-29,158.9,0.0,8201.0,1497.48,6703.52,DE_national,False,none
PE-EMP-00152-01,EMP-00152,2025-01-01,2025-01-30,154.5,0.0,8318.0,1986.18,6331.82,TX,False,none
PE-EMP-00152-02,EMP-00152,2025-01-31,2025-03-01,143.0,0.0,8318.0,1507.46,6810.54,TX,False,none
PE-EMP-00152-03,EMP-00152,2025-03-02,2025-03-31,160.0,0.0,8318.0,1990.4,6327.6,TX,False,none
PE-EMP-00152-04,EMP-00152,2025-04-01,2025-04-30,163.5,0.0,8318.0,2249.49,6068.51,TX,False,none
PE-EMP-00152-05,EMP-00152,2025-05-01,2025-05-30,143.5,0.0,8318.0,1920.54,6397.46,TX,False,none
PE-EMP-00152-06,EMP-00152,2025-05-31,2025-06-29,150.0,0.0,8318.0,1897.67,6420.33,TX,False,none
PE-EMP-00153-01,EMP-00153,2025-01-01,2025-01-30,157.4,0.0,8861.0,1759.73,7101.27,FL,False,none
PE-EMP-00153-02,EMP-00153,2025-01-31,2025-03-01,143.9,0.0,8861.0,1634.03,7226.97,FL,False,none
PE-EMP-00153-03,EMP-00153,2025-03-02,2025-03-31,143.6,0.0,8861.0,2112.93,6748.07,FL,False,none
PE-EMP-00153-04,EMP-00153,2025-04-01,2025-04-30,154.4,0.0,8861.0,2172.46,6688.54,FL,False,none
PE-EMP-00153-05,EMP-00153,2025-05-01,2025-05-30,150.0,0.0,8861.0,2112.17,6748.83,FL,False,none
PE-EMP-00153-06,EMP-00153,2025-05-31,2025-06-29,155.2,0.0,8861.0,1724.02,7136.98,FL,False,none
PE-EMP-00154-01,EMP-00154,2025-01-01,2025-01-30,153.1,9.0,5049.95,1055.98,3993.97,DE_national,False,none
PE-EMP-00154-02,EMP-00154,2025-01-31,2025-03-01,167.2,7.8,4993.88,1227.33,3766.55,DE_national,False,none
PE-EMP-00154-03,EMP-00154,2025-03-02,2025-03-31,144.0,3.6,4810.4,1259.93,3550.47,DE_national,False,none
PE-EMP-00154-04,EMP-00154,2025-04-01,2025-04-30,155.7,0.8,4690.75,1005.61,3685.14,DE_national,False,none
PE-EMP-00154-05,EMP-00154,2025-05-01,2025-05-30,167.3,9.6,5074.31,1015.5,4058.81,DE_national,False,none
PE-EMP-00154-06,EMP-00154,2025-05-31,2025-06-29,141.9,2.8,4778.95,1087.56,3691.39,DE_national,False,none
PE-EMP-00155-01,EMP-00155,2025-01-01,2025-01-30,159.4,0.0,7783.0,1764.72,6018.28,DE_national,False,none
PE-EMP-00155-02,EMP-00155,2025-01-31,2025-03-01,159.4,0.0,7783.0,2064.06,5718.94,DE_national,False,none
PE-EMP-00155-03,EMP-00155,2025-03-02,2025-03-31,155.9,0.0,7783.0,1662.18,6120.82,DE_national,False,none
PE-EMP-00155-04,EMP-00155,2025-04-01,2025-04-30,148.4,0.0,7783.0,1656.7,6126.3,DE_national,False,none
PE-EMP-00155-05,EMP-00155,2025-05-01,2025-05-30,142.9,0.0,7783.0,2082.81,5700.19,DE_national,False,none
PE-EMP-00155-06,EMP-00155,2025-05-31,2025-06-29,165.5,0.0,7783.0,1786.92,5996.08,DE_national,False,none
PE-EMP-00156-01,EMP-00156,2025-01-01,2025-01-30,165.8,9.6,5060.06,1261.58,3798.48,FL,False,none
PE-EMP-00156-02,EMP-00156,2025-01-31,2025-03-01,153.1,3.2,4782.16,1090.69,3691.47,FL,False,none
PE-EMP-00156-03,EMP-00156,2025-03-02,2025-03-31,161.5,12.2,5174.9,1349.24,3825.66,FL,False,none
PE-EMP-00156-04,EMP-00156,2025-04-01,2025-04-30,150.5,6.0,4904.37,1287.93,3616.44,FL,False,none
PE-EMP-00156-05,EMP-00156,2025-05-01,2025-05-30,140.2,0.1,4649.46,1003.3,3646.16,FL,False,none
PE-EMP-00156-06,EMP-00156,2025-05-31,2025-06-29,155.5,2.1,4735.98,1061.05,3674.93,FL,False,none
PE-EMP-00157-01,EMP-00157,2025-01-01,2025-01-30,157.7,0.0,8091.0,2194.85,5896.15,WA,False,none
PE-EMP-00157-02,EMP-00157,2025-01-31,2025-03-01,150.1,0.0,8091.0,2245.5,5845.5,WA,False,none
PE-EMP-00157-03,EMP-00157,2025-03-02,2025-03-31,145.6,0.0,8091.0,1686.25,6404.75,WA,False,none
PE-EMP-00157-04,EMP-00157,2025-04-01,2025-04-30,146.1,0.0,8091.0,1668.36,6422.64,WA,False,none
PE-EMP-00157-05,EMP-00157,2025-05-01,2025-05-30,144.9,0.0,8091.0,2142.12,5948.88,WA,False,none
PE-EMP-00157-06,EMP-00157,2025-05-31,2025-06-29,146.9,0.0,8091.0,1614.95,6476.05,WA,False,none
PE-EMP-00158-01,EMP-00158,2025-01-01,2025-01-30,144.9,0.0,7443.0,1534.59,5908.41,WA,False,none
PE-EMP-00158-02,EMP-00158,2025-01-31,2025-03-01,142.8,0.0,7443.0,1958.59,5484.41,WA,False,none
PE-EMP-00158-03,EMP-00158,2025-03-02,2025-03-31,143.8,0.0,7443.0,1827.16,5615.84,WA,False,none
PE-EMP-00158-04,EMP-00158,2025-04-01,2025-04-30,164.8,0.0,7443.0,1591.6,5851.4,WA,False,none
PE-EMP-00158-05,EMP-00158,2025-05-01,2025-05-30,145.9,0.0,7443.0,1679.29,5763.71,WA,False,none
PE-EMP-00158-06,EMP-00158,2025-05-31,2025-06-29,150.3,0.0,7443.0,1616.88,5826.12,WA,False,none
PE-EMP-00159-01,EMP-00159,2025-01-01,2025-01-30,144.8,0.0,7851.0,1826.87,6024.13,DE_national,False,none
PE-EMP-00159-02,EMP-00159,2025-01-31,2025-03-01,162.4,0.0,7851.0,1902.46,5948.54,DE_national,False,none
PE-EMP-00159-03,EMP-00159,2025-03-02,2025-03-31,152.1,0.0,7851.0,1971.34,5879.66,DE_national,False,none
PE-EMP-00159-04,EMP-00159,2025-04-01,2025-04-30,143.3,0.0,7851.0,2106.21,5744.79,DE_national,False,none
PE-EMP-00159-05,EMP-00159,2025-05-01,2025-05-30,143.7,0.0,7851.0,1562.07,6288.93,DE_national,False,none
PE-EMP-00159-06,EMP-00159,2025-05-31,2025-06-29,154.9,0.0,7851.0,1958.32,5892.68,DE_national,False,none
PE-EMP-00160-01,EMP-00160,2025-01-01,2025-01-30,148.9,0.0,7655.0,1706.71,5948.29,DE_national,False,none
PE-EMP-00160-02,EMP-00160,2025-01-31,2025-03-01,157.8,0.0,7655.0,2082.94,5572.06,DE_national,False,none
PE-EMP-00160-03,EMP-00160,2025-03-02,2025-03-31,161.4,0.0,7655.0,1827.5,5827.5,DE_national,False,none
PE-EMP-00160-04,EMP-00160,2025-04-01,2025-04-30,163.9,0.0,7655.0,1603.1,6051.9,DE_national,False,none
PE-EMP-00160-05,EMP-00160,2025-05-01,2025-05-30,144.2,0.0,7655.0,1567.11,6087.89,DE_national,False,none
PE-EMP-00160-06,EMP-00160,2025-05-31,2025-06-29,157.6,0.0,7655.0,1592.3,6062.7,DE_national,False,none
PE-EMP-00161-01,EMP-00161,2025-01-01,2025-01-30,143.5,7.6,7367.46,1756.46,5611.0,FL,False,none
PE-EMP-00161-02,EMP-00161,2025-01-31,2025-03-01,153.7,10.9,7579.25,1958.98,5620.27,FL,False,none
PE-EMP-00161-03,EMP-00161,2025-03-02,2025-03-31,162.1,9.2,7470.56,1469.78,6000.78,FL,False,none
PE-EMP-00161-04,EMP-00161,2025-04-01,2025-04-30,150.9,13.2,7729.25,1971.84,5757.41,FL,False,none
PE-EMP-00161-05,EMP-00161,2025-05-01,2025-05-30,150.5,7.8,7377.74,1460.05,5917.69,FL,False,none
PE-EMP-00161-06,EMP-00161,2025-05-31,2025-06-29,159.9,7.9,7384.1,1686.01,5698.09,FL,False,none
PE-EMP-00162-01,EMP-00162,2025-01-01,2025-01-30,166.8,0.0,8395.0,1908.82,6486.18,UK_national,False,none
PE-EMP-00162-02,EMP-00162,2025-01-31,2025-03-01,156.3,0.0,8395.0,2046.79,6348.21,UK_national,False,none
PE-EMP-00162-03,EMP-00162,2025-03-02,2025-03-31,162.1,0.0,8395.0,2056.55,6338.45,UK_national,False,none
PE-EMP-00162-04,EMP-00162,2025-04-01,2025-04-30,145.8,0.0,8395.0,2262.36,6132.64,UK_national,False,none
PE-EMP-00162-05,EMP-00162,2025-05-01,2025-05-30,152.7,0.0,8395.0,1707.87,6687.13,UK_national,False,none
PE-EMP-00162-06,EMP-00162,2025-05-31,2025-06-29,146.1,0.0,8395.0,1867.91,6527.09,UK_national,False,none
PE-EMP-00163-01,EMP-00163,2025-01-01,2025-01-30,150.6,2.4,4691.47,1239.69,3451.78,federal,False,none
PE-EMP-00163-02,EMP-00163,2025-01-31,2025-03-01,147.1,1.3,4644.71,1185.15,3459.56,federal,False,none
PE-EMP-00163-03,EMP-00163,2025-03-02,2025-03-31,148.3,7.8,4924.88,999.84,3925.04,federal,False,none
PE-EMP-00163-04,EMP-00163,2025-04-01,2025-04-30,141.2,7.7,4920.65,1051.23,3869.42,federal,False,none
PE-EMP-00163-05,EMP-00163,2025-05-01,2025-05-30,152.6,6.5,4869.17,1055.4,3813.77,federal,False,none
PE-EMP-00163-06,EMP-00163,2025-05-31,2025-06-29,153.9,4.1,4766.23,869.7,3896.53,federal,False,none
PE-EMP-00164-01,EMP-00164,2025-01-01,2025-01-30,152.4,4.0,4604.81,863.81,3741.0,CA,False,none
PE-EMP-00164-02,EMP-00164,2025-01-31,2025-03-01,165.2,4.4,4622.85,1064.07,3558.78,CA,False,none
PE-EMP-00164-03,EMP-00164,2025-03-02,2025-03-31,155.3,1.2,4487.79,931.86,3555.93,CA,False,none
PE-EMP-00164-04,EMP-00164,2025-04-01,2025-04-30,146.4,1.8,4513.03,974.92,3538.11,CA,False,none
PE-EMP-00164-05,EMP-00164,2025-05-01,2025-05-30,155.3,5.0,4647.34,1150.27,3497.07,CA,False,none
PE-EMP-00164-06,EMP-00164,2025-05-31,2025-06-29,147.0,11.2,4904.19,1259.63,3644.56,CA,False,none
PE-EMP-00165-01,EMP-00165,2025-01-01,2025-01-30,163.7,2.9,4620.64,1110.82,3509.82,DE_national,False,none
PE-EMP-00165-02,EMP-00165,2025-01-31,2025-03-01,143.9,12.8,5041.05,1268.42,3772.63,DE_national,False,none
PE-EMP-00165-03,EMP-00165,2025-03-02,2025-03-31,155.2,3.9,4665.25,1199.0,3466.25,DE_national,False,none
PE-EMP-00165-04,EMP-00165,2025-04-01,2025-04-30,147.9,5.2,4719.35,1319.93,3399.42,DE_national,False,none
PE-EMP-00165-05,EMP-00165,2025-05-01,2025-05-30,166.5,12.3,5020.08,1284.04,3736.04,DE_national,False,none
PE-EMP-00165-06,EMP-00165,2025-05-31,2025-06-29,140.3,9.8,4913.92,1370.63,3543.29,DE_national,False,none
PE-EMP-00166-01,EMP-00166,2025-01-01,2025-01-30,166.6,0.0,7572.0,2018.29,5553.71,federal,False,none
PE-EMP-00166-02,EMP-00166,2025-01-31,2025-03-01,146.4,0.0,7572.0,1910.67,5661.33,federal,False,none
PE-EMP-00166-03,EMP-00166,2025-03-02,2025-03-31,145.9,0.0,7572.0,1539.94,6032.06,federal,False,none
PE-EMP-00166-04,EMP-00166,2025-04-01,2025-04-30,156.4,0.0,7572.0,1781.4,5790.6,federal,False,none
PE-EMP-00166-05,EMP-00166,2025-05-01,2025-05-30,153.1,0.0,7572.0,1979.62,5592.38,federal,False,none
PE-EMP-00166-06,EMP-00166,2025-05-31,2025-06-29,149.5,0.0,7572.0,1427.99,6144.01,federal,False,none
PE-EMP-00167-01,EMP-00167,2025-01-01,2025-01-30,163.7,6.4,4593.22,1259.43,3333.79,CA,False,none
PE-EMP-00167-02,EMP-00167,2025-01-31,2025-03-01,151.7,6.6,4599.24,1220.15,3379.09,CA,False,none
PE-EMP-00167-03,EMP-00167,2025-03-02,2025-03-31,140.8,2.1,4416.65,1180.9,3235.75,CA,False,none
PE-EMP-00167-04,EMP-00167,2025-04-01,2025-04-30,148.6,11.1,4781.46,1099.64,3681.82,CA,False,none
PE-EMP-00167-05,EMP-00167,2025-05-01,2025-05-30,158.4,5.3,4548.06,921.21,3626.85,CA,False,none
PE-EMP-00167-06,EMP-00167,2025-05-31,2025-06-29,151.9,11.3,4790.49,1227.73,3562.76,CA,False,none
PE-EMP-00168-01,EMP-00168,2025-01-01,2025-01-30,159.3,4.5,6715.53,1602.97,5112.56,NY,False,none
PE-EMP-00168-02,EMP-00168,2025-01-31,2025-03-01,155.9,0.5,6473.19,1255.24,5217.95,NY,False,none
PE-EMP-00168-03,EMP-00168,2025-03-02,2025-03-31,167.4,14.9,7344.98,1739.43,5605.55,NY,False,none
PE-EMP-00168-04,EMP-00168,2025-04-01,2025-04-30,162.4,13.7,7272.03,1726.29,5545.74,NY,False,none
PE-EMP-00168-05,EMP-00168,2025-05-01,2025-05-30,150.9,5.7,6789.55,1866.24,4923.31,NY,False,none
PE-EMP-00168-06,EMP-00168,2025-05-31,2025-06-29,141.8,5.8,6794.18,1545.52,5248.66,NY,False,none
PE-EMP-00169-01,EMP-00169,2025-01-01,2025-01-30,149.2,0.0,8925.0,2465.03,6459.97,WA,False,none
PE-EMP-00169-02,EMP-00169,2025-01-31,2025-03-01,157.9,0.0,8925.0,1878.4,7046.6,WA,False,none
PE-EMP-00169-03,EMP-00169,2025-03-02,2025-03-31,144.8,0.0,8925.0,2208.84,6716.16,WA,False,none
PE-EMP-00169-04,EMP-00169,2025-04-01,2025-04-30,145.0,0.0,8925.0,2344.13,6580.87,WA,False,none
PE-EMP-00169-05,EMP-00169,2025-05-01,2025-05-30,156.9,0.0,8925.0,1630.45,7294.55,WA,False,none
PE-EMP-00169-06,EMP-00169,2025-05-31,2025-06-29,145.6,0.0,8925.0,2419.88,6505.12,WA,False,none
PE-EMP-00170-01,EMP-00170,2025-01-01,2025-01-30,150.8,0.0,8367.0,1678.33,6688.67,WA,False,none
PE-EMP-00170-02,EMP-00170,2025-01-31,2025-03-01,148.2,0.0,8367.0,1944.82,6422.18,WA,False,none
PE-EMP-00170-03,EMP-00170,2025-03-02,2025-03-31,152.7,0.0,8367.0,1814.51,6552.49,WA,False,none
PE-EMP-00170-04,EMP-00170,2025-04-01,2025-04-30,140.3,0.0,8367.0,1779.47,6587.53,WA,False,none
PE-EMP-00170-05,EMP-00170,2025-05-01,2025-05-30,165.5,0.0,8367.0,1833.3,6533.7,WA,False,none
PE-EMP-00170-06,EMP-00170,2025-05-31,2025-06-29,167.7,0.0,8367.0,1614.11,6752.89,WA,False,none
PE-EMP-00171-01,EMP-00171,2025-01-01,2025-01-30,151.7,11.1,4726.17,1034.56,3691.61,UK_national,False,none
PE-EMP-00171-02,EMP-00171,2025-01-31,2025-03-01,165.3,3.1,4403.25,1175.87,3227.38,UK_national,False,none
PE-EMP-00171-03,EMP-00171,2025-03-02,2025-03-31,148.7,12.3,4771.16,1175.99,3595.17,UK_national,False,none
PE-EMP-00171-04,EMP-00171,2025-04-01,2025-04-30,144.4,8.6,4625.05,976.03,3649.02,UK_national,False,none
PE-EMP-00171-05,EMP-00171,2025-05-01,2025-05-30,145.7,10.8,4710.31,1064.04,3646.27,UK_national,True,rule_override
PE-EMP-00171-06,EMP-00171,2025-05-31,2025-06-29,145.6,14.9,4875.37,1094.88,3780.49,UK_national,False,none
PE-EMP-00172-01,EMP-00172,2025-01-01,2025-01-30,163.1,9.1,7198.27,1473.37,5724.9,UK_national,False,none
PE-EMP-00172-02,EMP-00172,2025-01-31,2025-03-01,149.2,8.5,7165.04,1641.48,5523.56,UK_national,False,none
PE-EMP-00172-03,EMP-00172,2025-03-02,2025-03-31,153.0,0.6,6670.46,1261.45,5409.01,UK_national,False,none
PE-EMP-00172-04,EMP-00172,2025-04-01,2025-04-30,158.1,13.8,7491.24,1608.21,5883.03,UK_national,False,none
PE-EMP-00172-05,EMP-00172,2025-05-01,2025-05-30,163.6,11.9,7373.19,1615.53,5757.66,UK_national,False,none
PE-EMP-00172-06,EMP-00172,2025-05-31,2025-06-29,163.1,12.7,7426.82,1645.08,5781.74,UK_national,False,none
PE-EMP-00173-01,EMP-00173,2025-01-01,2025-01-30,145.0,9.3,4731.14,1056.03,3675.11,DE_national,False,none
PE-EMP-00173-02,EMP-00173,2025-01-31,2025-03-01,150.8,9.9,6742.97,1188.41,3568.04,DE_national,True,rate_violation
PE-EMP-00173-03,EMP-00173,2025-03-02,2025-03-31,142.7,10.5,4780.67,881.4,3899.27,DE_national,False,none
PE-EMP-00173-04,EMP-00173,2025-04-01,2025-04-30,164.8,2.4,4449.68,1193.65,3256.03,DE_national,False,none
PE-EMP-00173-05,EMP-00173,2025-05-01,2025-05-30,155.1,10.0,4761.09,888.77,3872.32,DE_national,False,none
PE-EMP-00173-06,EMP-00173,2025-05-31,2025-06-29,160.3,13.5,4905.29,1328.71,3576.58,DE_national,False,none
PE-EMP-00174-01,EMP-00174,2025-01-01,2025-01-30,151.5,11.4,5117.19,983.13,4134.06,DE_national,False,none
PE-EMP-00174-02,EMP-00174,2025-01-31,2025-03-01,150.3,11.3,5112.98,1178.23,3934.75,DE_national,False,none
PE-EMP-00174-03,EMP-00174,2025-03-02,2025-03-31,161.8,6.2,4888.55,960.52,3928.03,DE_national,False,none
PE-EMP-00174-04,EMP-00174,2025-04-01,2025-04-30,145.8,0.7,4651.01,849.61,3801.4,DE_national,True,ghost_employee
PE-EMP-00174-05,EMP-00174,2025-05-01,2025-05-30,157.9,10.1,5061.13,1144.78,3916.35,DE_national,False,none
PE-EMP-00174-06,EMP-00174,2025-05-31,2025-06-29,149.6,6.0,4881.56,973.58,3907.98,DE_national,False,none
PE-EMP-00175-01,EMP-00175,2025-01-01,2025-01-30,141.1,0.0,8267.0,1695.24,6571.76,DE_national,False,none
PE-EMP-00175-02,EMP-00175,2025-01-31,2025-03-01,159.9,0.0,8267.0,1600.89,6666.11,DE_national,False,none
PE-EMP-00175-03,EMP-00175,2025-03-02,2025-03-31,158.8,0.0,8267.0,1871.85,6395.15,DE_national,True,ghost_employee
PE-EMP-00175-04,EMP-00175,2025-04-01,2025-04-30,152.9,0.0,8267.0,1556.3,6710.7,DE_national,False,none
PE-EMP-00175-05,EMP-00175,2025-05-01,2025-05-30,158.4,0.0,8267.0,2077.98,6189.02,DE_national,False,none
PE-EMP-00175-06,EMP-00175,2025-05-31,2025-06-29,152.3,0.0,8267.0,1877.26,6389.74,DE_national,False,none
PE-EMP-00176-01,EMP-00176,2025-01-01,2025-01-30,147.8,0.0,7767.0,1523.39,6243.61,WA,False,none
PE-EMP-00176-02,EMP-00176,2025-01-31,2025-03-01,163.5,0.0,7767.0,1869.51,5897.49,WA,False,none
PE-EMP-00176-03,EMP-00176,2025-03-02,2025-03-31,145.0,0.0,7767.0,1494.49,6272.51,WA,False,none
PE-EMP-00176-04,EMP-00176,2025-04-01,2025-04-30,160.8,0.0,7767.0,1528.9,6238.1,WA,False,none
PE-EMP-00176-05,EMP-00176,2025-05-01,2025-05-30,158.8,0.0,7767.0,1406.77,6360.23,WA,False,none
PE-EMP-00176-06,EMP-00176,2025-05-31,2025-06-29,147.7,0.0,7767.0,1740.32,6026.68,WA,False,none
PE-EMP-00177-01,EMP-00177,2025-01-01,2025-01-30,145.0,10.7,6869.1,1849.63,5019.47,NY,False,none
PE-EMP-00177-02,EMP-00177,2025-01-31,2025-03-01,154.9,6.6,6630.03,1225.07,5404.96,NY,False,none
PE-EMP-00177-03,EMP-00177,2025-03-02,2025-03-31,157.8,7.8,6700.97,1650.14,5050.83,NY,False,none
PE-EMP-00177-04,EMP-00177,2025-04-01,2025-04-30,158.5,1.5,6332.23,1576.94,4755.29,NY,False,none
PE-EMP-00177-05,EMP-00177,2025-05-01,2025-05-30,152.4,9.0,6767.09,1251.01,5516.08,NY,False,none
PE-EMP-00177-06,EMP-00177,2025-05-31,2025-06-29,150.6,3.0,6419.08,1315.72,5103.36,NY,False,none
PE-EMP-00178-01,EMP-00178,2025-01-01,2025-01-30,165.4,0.0,7322.0,1464.39,5857.61,WA,False,none
PE-EMP-00178-02,EMP-00178,2025-01-31,2025-03-01,140.4,0.0,7322.0,1338.42,5983.58,WA,False,none
PE-EMP-00178-03,EMP-00178,2025-03-02,2025-03-31,140.4,0.0,7322.0,1918.75,5403.25,WA,False,none
PE-EMP-00178-04,EMP-00178,2025-04-01,2025-04-30,159.0,0.0,10643.4,1364.21,5957.79,WA,True,rate_violation
PE-EMP-00178-05,EMP-00178,2025-05-01,2025-05-30,166.8,0.0,7322.0,1388.69,5933.31,WA,False,none
PE-EMP-00178-06,EMP-00178,2025-05-31,2025-06-29,163.4,0.0,7322.0,1804.22,5517.78,WA,False,none
PE-EMP-00179-01,EMP-00179,2025-01-01,2025-01-30,160.3,0.0,7552.0,1392.6,6159.4,DE_national,False,none
PE-EMP-00179-02,EMP-00179,2025-01-31,2025-03-01,154.4,0.0,7552.0,1975.32,5576.68,DE_national,False,none
PE-EMP-00179-03,EMP-00179,2025-03-02,2025-03-31,149.0,0.0,7552.0,1832.71,5719.29,DE_national,False,none
PE-EMP-00179-04,EMP-00179,2025-04-01,2025-04-30,157.5,0.0,7552.0,2064.96,5487.04,DE_national,False,none
PE-EMP-00179-05,EMP-00179,2025-05-01,2025-05-30,151.1,0.0,7552.0,1682.5,5869.5,DE_national,False,none
PE-EMP-00179-06,EMP-00179,2025-05-31,2025-06-29,146.5,0.0,7552.0,1439.32,6112.68,DE_national,False,none
PE-EMP-00180-01,EMP-00180,2025-01-01,2025-01-30,149.1,0.2,6648.99,1631.66,5017.33,FL,False,none
PE-EMP-00180-02,EMP-00180,2025-01-31,2025-03-01,140.3,3.2,6833.52,1380.44,5453.08,FL,False,none
PE-EMP-00180-03,EMP-00180,2025-03-02,2025-03-31,158.4,4.2,6894.81,1671.24,5223.57,FL,False,none
PE-EMP-00180-04,EMP-00180,2025-04-01,2025-04-30,141.2,13.3,7461.18,1649.74,5811.44,FL,False,none
PE-EMP-00180-05,EMP-00180,2025-05-01,2025-05-30,161.5,7.5,7101.13,1981.55,5119.58,FL,False,none
PE-EMP-00180-06,EMP-00180,2025-05-31,2025-06-29,160.0,11.9,7373.28,2007.17,5366.11,FL,False,none
PE-EMP-00181-01,EMP-00181,2025-01-01,2025-01-30,155.9,3.8,7048.17,1335.45,5712.72,WA,False,none
PE-EMP-00181-02,EMP-00181,2025-01-31,2025-03-01,149.1,9.5,7410.89,1621.92,5788.97,WA,False,none
PE-EMP-00181-03,EMP-00181,2025-03-02,2025-03-31,165.9,11.6,7545.42,1458.48,6086.94,WA,False,none
PE-EMP-00181-04,EMP-00181,2025-04-01,2025-04-30,144.9,11.4,7536.14,1874.71,5661.43,WA,False,none
PE-EMP-00181-05,EMP-00181,2025-05-01,2025-05-30,167.4,10.0,7444.87,1390.34,6054.53,WA,False,none
PE-EMP-00181-06,EMP-00181,2025-05-31,2025-06-29,140.5,13.7,7680.1,1727.19,5952.91,WA,False,none
PE-EMP-00182-01,EMP-00182,2025-01-01,2025-01-30,154.3,0.0,8931.0,2270.09,6660.91,NY,False,none
PE-EMP-00182-02,EMP-00182,2025-01-31,2025-03-01,154.1,0.0,8931.0,2236.88,6694.12,NY,False,none
PE-EMP-00182-03,EMP-00182,2025-03-02,2025-03-31,140.4,0.0,8931.0,1626.53,7304.47,NY,False,none
PE-EMP-00182-04,EMP-00182,2025-04-01,2025-04-30,161.3,0.0,8931.0,1718.37,7212.63,NY,False,none
PE-EMP-00182-05,EMP-00182,2025-05-01,2025-05-30,146.6,0.0,8931.0,1990.27,6940.73,NY,False,none
PE-EMP-00182-06,EMP-00182,2025-05-31,2025-06-29,146.8,0.0,8931.0,1678.48,7252.52,NY,False,none
PE-EMP-00183-01,EMP-00183,2025-01-01,2025-01-30,143.9,0.0,6835.0,1571.18,5263.82,FL,False,none
PE-EMP-00183-02,EMP-00183,2025-01-31,2025-03-01,145.7,0.0,6835.0,1487.12,5347.88,FL,False,none
PE-EMP-00183-03,EMP-00183,2025-03-02,2025-03-31,158.0,0.0,6835.0,1393.02,5441.98,FL,False,none
PE-EMP-00183-04,EMP-00183,2025-04-01,2025-04-30,160.3,0.0,6835.0,1905.97,4929.03,FL,False,none
PE-EMP-00183-05,EMP-00183,2025-05-01,2025-05-30,152.4,0.0,6835.0,1829.96,5005.04,FL,False,none
PE-EMP-00183-06,EMP-00183,2025-05-31,2025-06-29,143.8,0.0,6835.0,1447.34,5387.66,FL,False,none
PE-EMP-00184-01,EMP-00184,2025-01-01,2025-01-30,162.0,0.0,7635.0,1404.54,6230.46,WA,False,none
PE-EMP-00184-02,EMP-00184,2025-01-31,2025-03-01,162.2,0.0,7635.0,1691.07,5943.93,WA,False,none
PE-EMP-00184-03,EMP-00184,2025-03-02,2025-03-31,162.8,0.0,7635.0,1947.35,5687.65,WA,False,none
PE-EMP-00184-04,EMP-00184,2025-04-01,2025-04-30,146.4,0.0,7635.0,1933.85,5701.15,WA,False,none
PE-EMP-00184-05,EMP-00184,2025-05-01,2025-05-30,149.6,0.0,7635.0,1531.44,6103.56,WA,False,none
PE-EMP-00184-06,EMP-00184,2025-05-31,2025-06-29,141.5,0.0,7635.0,2074.95,5560.05,WA,False,none
PE-EMP-00185-01,EMP-00185,2025-01-01,2025-01-30,167.7,0.0,7686.0,1999.48,5686.52,DE_national,False,none
PE-EMP-00185-02,EMP-00185,2025-01-31,2025-03-01,159.5,0.0,7686.0,1554.45,6131.55,DE_national,False,none
PE-EMP-00185-03,EMP-00185,2025-03-02,2025-03-31,164.4,0.0,7686.0,1784.28,5901.72,DE_national,False,none
PE-EMP-00185-04,EMP-00185,2025-04-01,2025-04-30,145.1,0.0,7686.0,1867.53,5818.47,DE_national,False,none
PE-EMP-00185-05,EMP-00185,2025-05-01,2025-05-30,141.8,0.0,7686.0,1761.36,5924.64,DE_national,False,none
PE-EMP-00185-06,EMP-00185,2025-05-31,2025-06-29,166.7,0.0,7686.0,1423.53,6262.47,DE_national,False,none
PE-EMP-00186-01,EMP-00186,2025-01-01,2025-01-30,167.8,14.1,6895.81,1327.83,5567.98,federal,False,none
PE-EMP-00186-02,EMP-00186,2025-01-31,2025-03-01,144.9,8.2,6562.19,1703.04,4859.15,federal,False,none
PE-EMP-00186-03,EMP-00186,2025-03-02,2025-03-31,145.7,7.6,6526.7,1453.0,5073.7,federal,False,none
PE-EMP-00186-04,EMP-00186,2025-04-01,2025-04-30,153.1,2.5,6232.63,1244.99,4987.64,federal,False,none
PE-EMP-00186-05,EMP-00186,2025-05-01,2025-05-30,151.9,9.1,6611.03,1390.37,5220.66,federal,False,none
PE-EMP-00186-06,EMP-00186,2025-05-31,2025-06-29,156.1,14.5,6921.04,1385.18,5535.86,federal,False,none
PE-EMP-00187-01,EMP-00187,2025-01-01,2025-01-30,164.1,0.0,8377.0,1910.94,6466.06,DE_national,False,none
PE-EMP-00187-02,EMP-00187,2025-01-31,2025-03-01,166.6,0.0,8377.0,1809.08,6567.92,DE_national,False,none
PE-EMP-00187-03,EMP-00187,2025-03-02,2025-03-31,150.6,0.0,8377.0,1902.18,6474.82,DE_national,False,none
PE-EMP-00187-04,EMP-00187,2025-04-01,2025-04-30,151.8,0.0,8377.0,2018.35,6358.65,DE_national,False,none
PE-EMP-00187-05,EMP-00187,2025-05-01,2025-05-30,152.1,0.0,8377.0,1638.44,6738.56,DE_national,False,none
PE-EMP-00187-06,EMP-00187,2025-05-31,2025-06-29,166.7,0.0,8377.0,1911.63,6465.37,DE_national,False,none
PE-EMP-00188-01,EMP-00188,2025-01-01,2025-01-30,161.3,0.0,7991.0,1779.91,6211.09,NY,False,none
PE-EMP-00188-02,EMP-00188,2025-01-31,2025-03-01,142.3,0.0,7991.0,2162.73,5828.27,NY,False,none
PE-EMP-00188-03,EMP-00188,2025-03-02,2025-03-31,148.4,0.0,7991.0,1867.65,6123.35,NY,False,none
PE-EMP-00188-04,EMP-00188,2025-04-01,2025-04-30,155.5,0.0,7991.0,1578.78,6412.22,NY,False,none
PE-EMP-00188-05,EMP-00188,2025-05-01,2025-05-30,150.7,0.0,7991.0,1682.78,6308.22,NY,False,none
PE-EMP-00188-06,EMP-00188,2025-05-31,2025-06-29,147.9,0.0,7991.0,1887.59,6103.41,NY,False,none
PE-EMP-00189-01,EMP-00189,2025-01-01,2025-01-30,153.5,5.0,4567.45,1148.65,3418.8,FL,False,none
PE-EMP-00189-02,EMP-00189,2025-01-31,2025-03-01,145.5,13.7,4925.09,888.58,4036.51,FL,False,none
PE-EMP-00189-03,EMP-00189,2025-03-02,2025-03-31,164.1,11.0,4811.12,1046.06,3765.06,FL,False,none
PE-EMP-00189-04,EMP-00189,2025-04-01,2025-04-30,151.3,6.2,4618.13,1013.52,3604.61,FL,False,none
PE-EMP-00189-05,EMP-00189,2025-05-01,2025-05-30,160.8,5.8,4598.62,969.3,3629.32,FL,False,none
PE-EMP-00189-06,EMP-00189,2025-05-31,2025-06-29,167.7,1.1,4406.71,1183.2,3223.51,FL,False,none
PE-EMP-00190-01,EMP-00190,2025-01-01,2025-01-30,167.8,1.9,3910.27,1068.34,2841.93,NY,False,none
PE-EMP-00190-02,EMP-00190,2025-01-31,2025-03-01,144.5,11.4,4255.32,1173.23,3082.09,NY,False,none
PE-EMP-00190-03,EMP-00190,2025-03-02,2025-03-31,161.6,11.3,4249.17,912.97,3336.2,NY,False,none
PE-EMP-00190-04,EMP-00190,2025-04-01,2025-04-30,159.9,9.5,4186.16,907.64,3278.52,NY,False,none
PE-EMP-00190-05,EMP-00190,2025-05-01,2025-05-30,141.6,5.8,4051.24,901.01,3150.23,NY,False,none
PE-EMP-00190-06,EMP-00190,2025-05-31,2025-06-29,146.9,7.2,4101.17,1116.12,2985.05,NY,False,none
PE-EMP-00191-01,EMP-00191,2025-01-01,2025-01-30,150.1,0.0,8099.0,2030.06,6068.94,NY,False,none
PE-EMP-00191-02,EMP-00191,2025-01-31,2025-03-01,140.8,0.0,8099.0,1996.95,6102.05,NY,False,none
PE-EMP-00191-03,EMP-00191,2025-03-02,2025-03-31,144.1,0.0,8099.0,1948.16,6150.84,NY,False,none
PE-EMP-00191-04,EMP-00191,2025-04-01,2025-04-30,166.4,0.0,8099.0,1577.17,6521.83,NY,False,none
PE-EMP-00191-05,EMP-00191,2025-05-01,2025-05-30,146.9,0.0,8099.0,1926.22,6172.78,NY,False,none
PE-EMP-00191-06,EMP-00191,2025-05-31,2025-06-29,158.6,0.0,8099.0,1588.56,6510.44,NY,False,none
PE-EMP-00192-01,EMP-00192,2025-01-01,2025-01-30,143.3,0.0,7679.0,1453.1,6225.9,DE_national,False,none
PE-EMP-00192-02,EMP-00192,2025-01-31,2025-03-01,159.9,0.0,7679.0,1677.36,6001.64,DE_national,False,none
PE-EMP-00192-03,EMP-00192,2025-03-02,2025-03-31,159.8,0.0,7679.0,2130.27,5548.73,DE_national,False,none
PE-EMP-00192-04,EMP-00192,2025-04-01,2025-04-30,142.2,0.0,7679.0,2080.97,5598.03,DE_national,False,none
PE-EMP-00192-05,EMP-00192,2025-05-01,2025-05-30,164.5,0.0,7679.0,1509.56,6169.44,DE_national,False,none
PE-EMP-00192-06,EMP-00192,2025-05-31,2025-06-29,152.0,0.0,7679.0,1913.48,5765.52,DE_national,False,none
PE-EMP-00193-01,EMP-00193,2025-01-01,2025-01-30,154.0,8.0,4894.39,1314.95,3579.44,NY,False,none
PE-EMP-00193-02,EMP-00193,2025-01-31,2025-03-01,156.4,11.0,5022.91,1282.08,3740.83,NY,False,none
PE-EMP-00193-03,EMP-00193,2025-03-02,2025-03-31,165.9,13.0,5109.66,975.57,4134.09,NY,False,none
PE-EMP-00193-04,EMP-00193,2025-04-01,2025-04-30,156.0,12.0,5063.63,1323.75,3739.88,NY,False,none
PE-EMP-00193-05,EMP-00193,2025-05-01,2025-05-30,147.5,3.1,4687.15,1194.42,3492.73,NY,False,none
PE-EMP-00193-06,EMP-00193,2025-05-31,2025-06-29,159.6,0.1,4557.11,897.02,3660.09,NY,False,none
PE-EMP-00194-01,EMP-00194,2025-01-01,2025-01-30,153.8,0.0,8006.0,1518.63,6487.37,CA,False,none
PE-EMP-00194-02,EMP-00194,2025-01-31,2025-03-01,161.7,0.0,8006.0,1775.6,6230.4,CA,False,none
PE-EMP-00194-03,EMP-00194,2025-03-02,2025-03-31,151.7,0.0,8006.0,1671.93,6334.07,CA,False,none
PE-EMP-00194-04,EMP-00194,2025-04-01,2025-04-30,152.1,0.0,8006.0,1582.31,6423.69,CA,False,none
PE-EMP-00194-05,EMP-00194,2025-05-01,2025-05-30,145.2,0.0,8006.0,1548.63,6457.37,CA,False,none
PE-EMP-00194-06,EMP-00194,2025-05-31,2025-06-29,153.6,0.0,8006.0,1843.47,6162.53,CA,False,none
PE-EMP-00195-01,EMP-00195,2025-01-01,2025-01-30,143.1,8.5,7423.26,1493.99,5929.27,FL,False,none
PE-EMP-00195-02,EMP-00195,2025-01-31,2025-03-01,145.6,11.2,7600.02,1982.98,5617.04,FL,False,none
PE-EMP-00195-03,EMP-00195,2025-03-02,2025-03-31,145.4,14.7,7825.31,2090.62,5734.69,FL,False,none
PE-EMP-00195-04,EMP-00195,2025-04-01,2025-04-30,152.3,13.7,7757.66,1481.09,6276.57,FL,False,none
PE-EMP-00195-05,EMP-00195,2025-05-01,2025-05-30,157.8,1.2,6952.16,1310.97,5641.19,FL,False,none
PE-EMP-00195-06,EMP-00195,2025-05-31,2025-06-29,143.5,1.0,6937.13,1269.26,5667.87,FL,False,none
PE-EMP-00196-01,EMP-00196,2025-01-01,2025-01-30,146.6,0.0,8407.0,1921.16,6485.84,CA,False,none
PE-EMP-00196-02,EMP-00196,2025-01-31,2025-03-01,161.3,0.0,8407.0,1521.25,6885.75,CA,False,none
PE-EMP-00196-03,EMP-00196,2025-03-02,2025-03-31,147.5,0.0,8407.0,2316.31,6090.69,CA,False,none
PE-EMP-00196-04,EMP-00196,2025-04-01,2025-04-30,158.6,0.0,8407.0,2176.75,6230.25,CA,False,none
PE-EMP-00196-05,EMP-00196,2025-05-01,2025-05-30,141.2,0.0,8407.0,1690.71,6716.29,CA,True,ghost_employee
PE-EMP-00196-06,EMP-00196,2025-05-31,2025-06-29,162.2,0.0,8407.0,1829.08,6577.92,CA,False,none
PE-EMP-00197-01,EMP-00197,2025-01-01,2025-01-30,154.6,14.4,7581.46,1566.21,6015.25,NY,False,none
PE-EMP-00197-02,EMP-00197,2025-01-31,2025-03-01,153.6,11.4,7388.81,1776.54,5612.27,NY,False,none
PE-EMP-00197-03,EMP-00197,2025-03-02,2025-03-31,149.4,10.2,7318.33,1568.37,5749.96,NY,False,none
PE-EMP-00197-04,EMP-00197,2025-04-01,2025-04-30,148.8,3.6,6903.0,1491.88,5411.12,NY,False,none
PE-EMP-00197-05,EMP-00197,2025-05-01,2025-05-30,151.2,9.2,7251.61,2012.54,5239.07,NY,False,none
PE-EMP-00197-06,EMP-00197,2025-05-31,2025-06-29,164.4,12.1,7435.16,1340.62,6094.54,NY,False,none
PE-EMP-00198-01-DUP,EMP-00198,2025-01-01,2025-01-30,164.4,0.0,7549.0,1662.15,5886.85,federal,True,duplicate_payment
PE-EMP-00198-02,EMP-00198,2025-01-31,2025-03-01,163.4,0.0,7549.0,2057.13,5491.87,federal,False,none
PE-EMP-00198-03,EMP-00198,2025-03-02,2025-03-31,140.7,0.0,7549.0,1451.59,6097.41,federal,False,none
PE-EMP-00198-04,EMP-00198,2025-04-01,2025-04-30,154.9,0.0,7549.0,2076.78,5472.22,federal,False,none
PE-EMP-00198-05,EMP-00198,2025-05-01,2025-05-30,161.0,0.0,7549.0,1546.44,6002.56,federal,False,none
PE-EMP-00198-06,EMP-00198,2025-05-31,2025-06-29,152.7,0.0,7549.0,1876.82,5672.18,federal,False,none
PE-EMP-00199-01,EMP-00199,2025-01-01,2025-01-30,164.4,0.0,7900.0,1828.78,6071.22,FL,False,none
PE-EMP-00199-02,EMP-00199,2025-01-31,2025-03-01,158.5,0.0,7900.0,1424.47,6475.53,FL,False,none
PE-EMP-00199-03,EMP-00199,2025-03-02,2025-03-31,157.9,0.0,7900.0,2166.13,5733.87,FL,False,none
PE-EMP-00199-04,EMP-00199,2025-04-01,2025-04-30,149.0,0.0,7900.0,1922.68,5977.32,FL,False,none
PE-EMP-00199-05,EMP-00199,2025-05-01,2025-05-30,164.5,0.0,7900.0,2187.98,5712.02,FL,False,none
PE-EMP-00199-06,EMP-00199,2025-05-31,2025-06-29,160.6,0.0,7900.0,1957.56,5942.44,FL,False,none
PE-EMP-00200-01,EMP-00200,2025-01-01,2025-01-30,146.5,7.3,6711.11,1704.09,5007.02,CA,False,none
PE-EMP-00200-02,EMP-00200,2025-01-31,2025-03-01,162.2,5.2,6590.77,1805.27,4785.5,CA,False,none
PE-EMP-00200-03,EMP-00200,2025-03-02,2025-03-31,166.4,7.1,6703.68,1647.99,5055.69,CA,False,none
PE-EMP-00200-04,EMP-00200,2025-04-01,2025-04-30,159.6,1.5,6371.76,1392.14,4979.62,CA,False,none
PE-EMP-00200-05,EMP-00200,2025-05-01,2025-05-30,157.0,10.7,6912.03,1845.41,5066.62,CA,False,none
PE-EMP-00200-06,EMP-00200,2025-05-31,2025-06-29,164.5,11.8,6976.46,1755.74,5220.72,CA,False,none
PE-EMP-00201-01,EMP-00201,2025-01-01,2025-01-30,140.9,7.5,7143.46,1348.04,5795.42,NY,False,none
PE-EMP-00201-02,EMP-00201,2025-01-31,2025-03-01,163.3,14.9,7611.34,2121.45,5489.89,NY,False,none
PE-EMP-00201-03,EMP-00201,2025-03-02,2025-03-31,153.1,13.4,7517.56,2071.13,5446.43,NY,False,none
PE-EMP-00201-04,EMP-00201,2025-04-01,2025-04-30,153.5,8.1,7183.59,1467.86,5715.73,NY,False,none
PE-EMP-00201-05,EMP-00201,2025-05-01,2025-05-30,144.8,14.2,7562.44,1890.54,5671.9,NY,False,none
PE-EMP-00201-06,EMP-00201,2025-05-31,2025-06-29,143.0,14.9,7608.58,1391.78,6216.8,NY,False,none
PE-EMP-00202-01,EMP-00202,2025-01-01,2025-01-30,166.0,4.9,6905.13,1507.73,5397.4,FL,False,none
PE-EMP-00202-02,EMP-00202,2025-01-31,2025-03-01,147.9,10.8,7269.69,1792.66,5477.03,FL,False,none
PE-EMP-00202-03,EMP-00202,2025-03-02,2025-03-31,166.6,10.1,7224.59,1781.21,5443.38,FL,False,none
PE-EMP-00202-04,EMP-00202,2025-04-01,2025-04-30,165.8,9.5,7190.19,1647.96,5542.23,FL,False,none
PE-EMP-00202-05,EMP-00202,2025-05-01,2025-05-30,162.3,5.0,6910.97,1398.65,5512.32,FL,False,none
PE-EMP-00202-06,EMP-00202,2025-05-31,2025-06-29,156.1,13.9,7459.71,1390.99,6068.72,FL,False,none
PE-EMP-00203-01,EMP-00203,2025-01-01,2025-01-30,149.6,0.0,8129.0,2203.09,5925.91,CA,False,none
PE-EMP-00203-02,EMP-00203,2025-01-31,2025-03-01,160.8,0.0,8129.0,2052.6,6076.4,CA,False,none
PE-EMP-00203-03,EMP-00203,2025-03-02,2025-03-31,158.3,0.0,8129.0,2101.41,6027.59,CA,False,none
PE-EMP-00203-04,EMP-00203,2025-04-01,2025-04-30,167.1,0.0,8129.0,1818.43,6310.57,CA,False,none
PE-EMP-00203-05,EMP-00203,2025-05-01,2025-05-30,146.5,0.0,8129.0,1673.84,6455.16,CA,False,none
PE-EMP-00203-06,EMP-00203,2025-05-31,2025-06-29,148.1,0.0,8129.0,1553.76,6575.24,CA,False,none
PE-EMP-00204-01,EMP-00204,2025-01-01,2025-01-30,149.5,0.0,7759.0,1856.11,5902.89,DE_national,False,none
PE-EMP-00204-02,EMP-00204,2025-01-31,2025-03-01,145.3,0.0,7759.0,2127.52,5631.48,DE_national,True,rule_override
PE-EMP-00204-03,EMP-00204,2025-03-02,2025-03-31,156.0,0.0,7759.0,1495.48,6263.52,DE_national,False,none
PE-EMP-00204-04,EMP-00204,2025-04-01,2025-04-30,148.8,0.0,7759.0,1691.61,6067.39,DE_national,False,none
PE-EMP-00204-05,EMP-00204,2025-05-01,2025-05-30,160.6,0.0,7759.0,1637.77,6121.23,DE_national,False,none
PE-EMP-00204-06,EMP-00204,2025-05-31,2025-06-29,156.5,0.0,7759.0,1543.93,6215.07,DE_national,False,none
PE-EMP-00205-01,EMP-00205,2025-01-01,2025-01-30,150.9,0.0,8268.0,1838.55,6429.45,FL,False,none
PE-EMP-00205-02,EMP-00205,2025-01-31,2025-03-01,161.6,0.0,8268.0,2147.63,6120.37,FL,False,none
PE-EMP-00205-03,EMP-00205,2025-03-02,2025-03-31,166.1,0.0,8268.0,1592.67,6675.33,FL,False,none
PE-EMP-00205-04,EMP-00205,2025-04-01,2025-04-30,158.6,0.0,8268.0,1976.69,6291.31,FL,False,none
PE-EMP-00205-05,EMP-00205,2025-05-01,2025-05-30,143.0,0.0,8268.0,1495.84,6772.16,FL,False,none
PE-EMP-00205-06,EMP-00205,2025-05-31,2025-06-29,163.9,0.0,8268.0,1749.45,6518.55,FL,False,none
PE-EMP-00206-01,EMP-00206,2025-01-01,2025-01-30,162.9,0.0,8062.0,1690.46,6371.54,CA,False,none
PE-EMP-00206-02,EMP-00206,2025-01-31,2025-03-01,146.1,0.0,8062.0,1999.36,6062.64,CA,False,none
PE-EMP-00206-03,EMP-00206,2025-03-02,2025-03-31,144.1,0.0,8062.0,1679.63,6382.37,CA,False,none
PE-EMP-00206-04,EMP-00206,2025-04-01,2025-04-30,160.9,0.0,8062.0,2135.73,5926.27,CA,False,none
PE-EMP-00206-05,EMP-00206,2025-05-01,2025-05-30,163.2,0.0,8062.0,1478.85,6583.15,CA,False,none
PE-EMP-00206-06,EMP-00206,2025-05-31,2025-06-29,149.0,0.0,8062.0,1856.18,6205.82,CA,False,none
PE-EMP-00207-01,EMP-00207,2025-01-01,2025-01-30,159.3,4.1,4599.31,1217.75,3381.56,DE_national,False,none
PE-EMP-00207-02,EMP-00207,2025-01-31,2025-03-01,156.1,9.5,4822.05,971.98,3850.07,DE_national,False,none
PE-EMP-00207-03,EMP-00207,2025-03-02,2025-03-31,148.2,14.5,5030.96,935.16,4095.8,DE_national,False,none
PE-EMP-00207-04,EMP-00207,2025-04-01,2025-04-30,162.7,2.3,4524.11,1138.61,3385.5,DE_national,False,none
PE-EMP-00207-05,EMP-00207,2025-05-01,2025-05-30,163.7,14.0,5010.99,1014.76,3996.23,DE_national,False,none
PE-EMP-00207-06,EMP-00207,2025-05-31,2025-06-29,160.6,13.8,5003.97,1289.04,3714.93,DE_national,False,none
PE-EMP-00208-01,EMP-00208,2025-01-01,2025-01-30,164.0,0.0,8067.0,2038.85,6028.15,TX,False,none
PE-EMP-00208-02,EMP-00208,2025-01-31,2025-03-01,148.4,0.0,8067.0,2109.53,5957.47,TX,False,none
PE-EMP-00208-03,EMP-00208,2025-03-02,2025-03-31,165.5,0.0,8067.0,1580.48,6486.52,TX,False,none
PE-EMP-00208-04,EMP-00208,2025-04-01,2025-04-30,140.6,0.0,8067.0,1768.52,6298.48,TX,False,none
PE-EMP-00208-05,EMP-00208,2025-05-01,2025-05-30,151.8,0.0,8067.0,1833.97,6233.03,TX,False,none
PE-EMP-00208-06,EMP-00208,2025-05-31,2025-06-29,149.8,0.0,8067.0,1767.77,6299.23,TX,False,none
PE-EMP-00209-01,EMP-00209,2025-01-01,2025-01-30,142.0,0.0,7164.0,1810.17,5353.83,WA,False,none
PE-EMP-00209-02,EMP-00209,2025-01-31,2025-03-01,147.9,0.0,7164.0,1950.8,5213.2,WA,False,none
PE-EMP-00209-03-DUP,EMP-00209,2025-03-02,2025-03-31,159.6,0.0,7164.0,1682.11,5481.89,WA,True,duplicate_payment
PE-EMP-00209-04,EMP-00209,2025-04-01,2025-04-30,142.7,0.0,7164.0,1521.22,5642.78,WA,False,none
PE-EMP-00209-05,EMP-00209,2025-05-01,2025-05-30,162.2,0.0,7164.0,1909.82,5254.18,WA,False,none
PE-EMP-00209-06,EMP-00209,2025-05-31,2025-06-29,141.5,0.0,7164.0,1959.05,5204.95,WA,False,none
PE-EMP-00210-01,EMP-00210,2025-01-01,2025-01-30,148.5,0.0,8173.0,2006.17,6166.83,NY,False,none
PE-EMP-00210-02,EMP-00210,2025-01-31,2025-03-01,156.2,0.0,8173.0,1832.29,6340.71,NY,False,none
PE-EMP-00210-03,EMP-00210,2025-03-02,2025-03-31,153.5,0.0,8173.0,2204.44,5968.56,NY,False,none
PE-EMP-00210-04,EMP-00210,2025-04-01,2025-04-30,145.9,0.0,8173.0,2128.54,6044.46,NY,False,none
PE-EMP-00210-05,EMP-00210,2025-05-01,2025-05-30,145.5,0.0,8173.0,2003.4,6169.6,NY,False,none
PE-EMP-00210-06,EMP-00210,2025-05-31,2025-06-29,150.1,0.0,8173.0,2170.86,6002.14,NY,False,none
PE-EMP-00211-01,EMP-00211,2025-01-01,2025-01-30,142.9,11.8,7132.49,1896.12,5236.37,FL,False,none
PE-EMP-00211-02,EMP-00211,2025-01-31,2025-03-01,150.5,14.7,7310.61,1812.63,5497.98,FL,False,none
PE-EMP-00211-03,EMP-00211,2025-03-02,2025-03-31,144.7,0.8,6473.88,1395.5,5078.38,FL,False,none
PE-EMP-00211-04,EMP-00211,2025-04-01,2025-04-30,153.3,14.2,7276.61,1395.18,5881.43,FL,False,none
PE-EMP-00211-05,EMP-00211,2025-05-01,2025-05-30,154.4,5.1,6728.73,1503.08,5225.65,FL,False,none
PE-EMP-00211-06,EMP-00211,2025-05-31,2025-06-29,144.2,10.8,7075.63,1446.97,5628.66,FL,False,none
PE-EMP-00212-01,EMP-00212,2025-01-01,2025-01-30,143.3,5.9,4244.23,892.43,3351.8,NY,False,none
PE-EMP-00212-02,EMP-00212,2025-01-31,2025-03-01,156.7,2.6,4117.51,1047.99,3069.52,NY,False,none
PE-EMP-00212-03,EMP-00212,2025-03-02,2025-03-31,161.7,14.9,4580.32,1131.68,3448.64,NY,False,none
PE-EMP-00212-04,EMP-00212,2025-04-01,2025-04-30,142.5,7.0,4282.12,1121.14,3160.98,NY,False,none
PE-EMP-00212-05,EMP-00212,2025-05-01,2025-05-30,150.7,9.5,4377.47,982.79,3394.68,NY,False,none
PE-EMP-00212-06,EMP-00212,2025-05-31,2025-06-29,140.3,1.7,4085.93,785.34,3300.59,NY,False,none
PE-EMP-00213-01,EMP-00213,2025-01-01,2025-01-30,158.0,0.0,7403.0,2005.09,5397.91,TX,False,none
PE-EMP-00213-02,EMP-00213,2025-01-31,2025-03-01,146.3,0.0,7403.0,1766.99,5636.01,TX,False,none
PE-EMP-00213-03,EMP-00213,2025-03-02,2025-03-31,167.6,0.0,7403.0,1687.51,5715.49,TX,False,none
PE-EMP-00213-04,EMP-00213,2025-04-01,2025-04-30,159.4,0.0,7403.0,1402.54,6000.46,TX,False,none
PE-EMP-00213-05,EMP-00213,2025-05-01,2025-05-30,156.6,0.0,7403.0,1616.79,5786.21,TX,False,none
PE-EMP-00213-06,EMP-00213,2025-05-31,2025-06-29,168.0,0.0,7403.0,1852.78,5550.22,TX,False,none
PE-EMP-00214-01,EMP-00214,2025-01-01,2025-01-30,148.4,0.0,8442.0,1625.28,6816.72,NY,False,none
PE-EMP-00214-02,EMP-00214,2025-01-31,2025-03-01,149.1,0.0,8442.0,2122.12,6319.88,NY,False,none
PE-EMP-00214-03,EMP-00214,2025-03-02,2025-03-31,164.1,0.0,8442.0,1973.33,6468.67,NY,False,none
PE-EMP-00214-04,EMP-00214,2025-04-01,2025-04-30,151.3,0.0,8442.0,2111.13,6330.87,NY,False,none
PE-EMP-00214-05,EMP-00214,2025-05-01,2025-05-30,151.0,0.0,8442.0,2209.66,6232.34,NY,False,none
PE-EMP-00214-06,EMP-00214,2025-05-31,2025-06-29,161.9,0.0,8442.0,1967.06,6474.94,NY,False,none
PE-EMP-00215-01,EMP-00215,2025-01-01,2025-01-30,141.8,0.0,7386.0,1947.79,5438.21,federal,False,none
PE-EMP-00215-02,EMP-00215,2025-01-31,2025-03-01,155.1,0.0,7386.0,1934.27,5451.73,federal,False,none
PE-EMP-00215-03,EMP-00215,2025-03-02,2025-03-31,158.2,0.0,7386.0,1886.02,5499.98,federal,False,none
PE-EMP-00215-04,EMP-00215,2025-04-01,2025-04-30,145.8,0.0,7386.0,1815.91,5570.09,federal,False,none
PE-EMP-00215-05,EMP-00215,2025-05-01,2025-05-30,143.3,0.0,7386.0,1966.16,5419.84,federal,False,none
PE-EMP-00215-06,EMP-00215,2025-05-31,2025-06-29,159.5,0.0,7386.0,1333.41,6052.59,federal,False,none
PE-EMP-00216-01,EMP-00216,2025-01-01,2025-01-30,152.5,4.7,4898.33,900.87,3997.46,CA,False,none
PE-EMP-00216-02,EMP-00216,2025-01-31,2025-03-01,156.1,9.8,5121.53,966.85,4154.68,CA,False,none
PE-EMP-00216-03,EMP-00216,2025-03-02,2025-03-31,147.2,11.3,5187.78,977.69,4210.09,CA,False,none
PE-EMP-00216-04,EMP-00216,2025-04-01,2025-04-30,143.5,4.5,4887.96,1352.14,3535.82,CA,False,none
PE-EMP-00216-05,EMP-00216,2025-05-01,2025-05-30,144.8,14.7,5335.57,1311.57,4024.0,CA,False,none
PE-EMP-00216-06,EMP-00216,2025-05-31,2025-06-29,147.0,0.7,4721.45,1296.41,3425.04,CA,False,none
PE-EMP-00217-01,EMP-00217,2025-01-01,2025-01-30,165.3,0.0,7891.0,1651.9,6239.1,NY,False,none
PE-EMP-00217-02,EMP-00217,2025-01-31,2025-03-01,155.0,0.0,7891.0,1530.74,6360.26,NY,False,none
PE-EMP-00217-03,EMP-00217,2025-03-02,2025-03-31,153.7,0.0,7891.0,1667.32,6223.68,NY,False,none
PE-EMP-00217-04,EMP-00217,2025-04-01,2025-04-30,165.5,0.0,7891.0,2206.95,5684.05,NY,False,none
PE-EMP-00217-05,EMP-00217,2025-05-01,2025-05-30,157.0,0.0,7891.0,1823.29,6067.71,NY,False,none
PE-EMP-00217-06,EMP-00217,2025-05-31,2025-06-29,159.3,0.0,7891.0,1943.25,5947.75,NY,False,none
PE-EMP-00218-01,EMP-00218,2025-01-01,2025-01-30,141.3,0.6,6902.47,1340.23,5562.24,FL,False,none
PE-EMP-00218-02,EMP-00218,2025-01-31,2025-03-01,164.0,3.2,7074.83,1368.42,5706.41,FL,False,none
PE-EMP-00218-03,EMP-00218,2025-03-02,2025-03-31,155.5,8.9,7438.47,1545.26,5893.21,FL,False,none
PE-EMP-00218-04,EMP-00218,2025-04-01,2025-04-30,160.4,6.3,7274.53,1709.4,5565.13,FL,False,none
PE-EMP-00218-05,EMP-00218,2025-05-01,2025-05-30,147.3,9.7,7494.46,1471.4,6023.06,FL,False,none
PE-EMP-00218-06,EMP-00218,2025-05-31,2025-06-29,152.8,14.2,7779.31,1926.57,5852.74,FL,False,none
PE-EMP-00219-01,EMP-00219,2025-01-01,2025-01-30,166.3,0.0,7287.0,1416.04,5870.96,WA,False,none
PE-EMP-00219-02,EMP-00219,2025-01-31,2025-03-01,145.7,0.0,7287.0,1770.43,5516.57,WA,False,none
PE-EMP-00219-03,EMP-00219,2025-03-02,2025-03-31,147.5,0.0,7287.0,1773.01,5513.99,WA,False,none
PE-EMP-00219-04,EMP-00219,2025-04-01,2025-04-30,158.1,0.0,7287.0,1832.28,5454.72,WA,False,none
PE-EMP-00219-05,EMP-00219,2025-05-01,2025-05-30,155.8,0.0,7287.0,1783.69,5503.31,WA,False,none
PE-EMP-00219-06,EMP-00219,2025-05-31,2025-06-29,154.3,0.0,7287.0,1431.2,5855.8,WA,False,none
PE-EMP-00220-01,EMP-00220,2025-01-01,2025-01-30,163.0,4.7,4056.79,1049.81,3006.98,CA,False,none
PE-EMP-00220-02,EMP-00220,2025-01-31,2025-03-01,150.6,14.5,4410.53,903.05,3507.48,CA,False,none
PE-EMP-00220-03,EMP-00220,2025-03-02,2025-03-31,147.6,8.0,4174.28,1036.88,3137.4,CA,False,none
PE-EMP-00220-04,EMP-00220,2025-04-01,2025-04-30,151.4,4.9,4063.89,767.66,3296.23,CA,False,none
PE-EMP-00220-05,EMP-00220,2025-05-01,2025-05-30,165.5,11.7,4308.97,838.67,3470.3,CA,False,none
PE-EMP-00220-06,EMP-00220,2025-05-31,2025-06-29,162.3,4.1,4033.46,765.53,3267.93,CA,False,none
PE-EMP-00221-01,EMP-00221,2025-01-01,2025-01-30,167.4,0.0,6885.0,1392.3,5492.7,CA,False,none
PE-EMP-00221-02,EMP-00221,2025-01-31,2025-03-01,166.6,0.0,6885.0,1778.21,5106.79,CA,False,none
PE-EMP-00221-03,EMP-00221,2025-03-02,2025-03-31,143.5,0.0,6885.0,1601.78,5283.22,CA,False,none
PE-EMP-00221-04,EMP-00221,2025-04-01,2025-04-30,164.5,0.0,6885.0,1644.71,5240.29,CA,False,none
PE-EMP-00221-05,EMP-00221,2025-05-01,2025-05-30,162.6,0.0,6885.0,1305.08,5579.92,CA,False,none
PE-EMP-00221-06,EMP-00221,2025-05-31,2025-06-29,149.8,0.0,6885.0,1633.23,5251.77,CA,False,none
PE-EMP-00222-01,EMP-00222,2025-01-01,2025-01-30,147.9,0.0,8058.0,1668.86,6389.14,TX,False,none
PE-EMP-00222-02,EMP-00222,2025-01-31,2025-03-01,142.8,0.0,8058.0,1489.09,6568.91,TX,False,none
PE-EMP-00222-03,EMP-00222,2025-03-02,2025-03-31,148.9,0.0,8058.0,2056.3,6001.7,TX,False,none
PE-EMP-00222-04,EMP-00222,2025-04-01,2025-04-30,145.1,0.0,8058.0,2099.98,5958.02,TX,False,none
PE-EMP-00222-05,EMP-00222,2025-05-01,2025-05-30,159.0,0.0,8058.0,2086.01,5971.99,TX,False,none
PE-EMP-00222-06,EMP-00222,2025-05-31,2025-06-29,155.4,0.0,8058.0,2161.17,5896.83,TX,False,none
PE-EMP-00223-01,EMP-00223,2025-01-01,2025-01-30,151.3,0.0,8464.0,2024.85,6439.15,UK_national,False,none
PE-EMP-00223-02,EMP-00223,2025-01-31,2025-03-01,147.3,0.0,8464.0,2104.71,6359.29,UK_national,False,none
PE-EMP-00223-03,EMP-00223,2025-03-02,2025-03-31,160.0,0.0,8464.0,2080.08,6383.92,UK_national,False,none
PE-EMP-00223-04,EMP-00223,2025-04-01,2025-04-30,144.0,0.0,8464.0,2003.9,6460.1,UK_national,False,none
PE-EMP-00223-05,EMP-00223,2025-05-01,2025-05-30,147.5,0.0,11619.27,2300.89,6163.11,UK_national,True,rate_violation
PE-EMP-00223-06,EMP-00223,2025-05-31,2025-06-29,157.9,0.0,8464.0,1836.82,6627.18,UK_national,False,none
PE-EMP-00224-01,EMP-00224,2025-01-01,2025-01-30,161.8,10.2,7443.07,1651.05,5792.02,federal,False,none
PE-EMP-00224-02,EMP-00224,2025-01-31,2025-03-01,152.8,6.6,7214.45,1553.99,5660.46,federal,False,none
PE-EMP-00224-03,EMP-00224,2025-03-02,2025-03-31,153.1,4.3,7069.07,1945.84,5123.23,federal,False,none
PE-EMP-00224-04,EMP-00224,2025-04-01,2025-04-30,154.6,10.8,7481.53,2037.83,5443.7,federal,False,none
PE-EMP-00224-05,EMP-00224,2025-05-01,2025-05-30,146.4,9.5,7402.38,1396.79,6005.59,federal,False,none
PE-EMP-00224-06,EMP-00224,2025-05-31,2025-06-29,148.6,11.6,7531.32,1992.22,5539.1,federal,False,none
PE-EMP-00225-01,EMP-00225,2025-01-01,2025-01-30,157.8,0.0,7461.0,1400.2,6060.8,TX,False,none
PE-EMP-00225-02,EMP-00225,2025-01-31,2025-03-01,146.7,0.0,7461.0,1412.84,6048.16,TX,False,none
PE-EMP-00225-03,EMP-00225,2025-03-02,2025-03-31,156.1,0.0,7461.0,1406.09,6054.91,TX,False,none
PE-EMP-00225-04,EMP-00225,2025-04-01,2025-04-30,148.0,0.0,7461.0,2036.55,5424.45,TX,False,none
PE-EMP-00225-05,EMP-00225,2025-05-01,2025-05-30,162.6,0.0,7461.0,1350.96,6110.04,TX,False,none
PE-EMP-00225-06,EMP-00225,2025-05-31,2025-06-29,166.6,0.0,7461.0,1848.11,5612.89,TX,False,none
PE-EMP-00226-01,EMP-00226,2025-01-01,2025-01-30,166.1,0.0,8677.0,1680.24,6996.76,DE_national,False,none
PE-EMP-00226-02,EMP-00226,2025-01-31,2025-03-01,153.9,0.0,8677.0,2156.34,6520.66,DE_national,False,none
PE-EMP-00226-03,EMP-00226,2025-03-02,2025-03-31,158.9,0.0,8677.0,2023.83,6653.17,DE_national,False,none
PE-EMP-00226-04,EMP-00226,2025-04-01,2025-04-30,143.5,0.0,8677.0,1573.92,7103.08,DE_national,False,none
PE-EMP-00226-05,EMP-00226,2025-05-01,2025-05-30,145.3,0.0,8677.0,2283.26,6393.74,DE_national,False,none
PE-EMP-00226-06,EMP-00226,2025-05-31,2025-06-29,140.2,0.0,8677.0,1930.61,6746.39,DE_national,False,none
PE-EMP-00227-01,EMP-00227,2025-01-01,2025-01-30,155.0,5.2,4110.21,1148.48,2961.73,WA,False,none
PE-EMP-00227-02,EMP-00227,2025-01-31,2025-03-01,158.5,13.8,4427.4,1239.3,3188.1,WA,False,none
PE-EMP-00227-03,EMP-00227,2025-03-02,2025-03-31,166.5,10.3,4297.1,791.68,3505.42,WA,False,none
PE-EMP-00227-04,EMP-00227,2025-04-01,2025-04-30,152.6,2.5,4012.9,1095.6,2917.3,WA,False,none
PE-EMP-00227-05,EMP-00227,2025-05-01,2025-05-30,161.4,13.6,4418.22,872.52,3545.7,WA,False,none
PE-EMP-00227-06,EMP-00227,2025-05-31,2025-06-29,150.3,2.0,3993.49,859.91,3133.58,WA,False,none
PE-EMP-00228-01,EMP-00228,2025-01-01,2025-01-30,141.4,0.0,8290.0,1902.98,6387.02,NY,False,none
PE-EMP-00228-02,EMP-00228,2025-01-31,2025-03-01,144.8,0.0,8290.0,2296.1,5993.9,NY,False,none
PE-EMP-00228-03,EMP-00228,2025-03-02,2025-03-31,149.5,0.0,8290.0,2055.14,6234.86,NY,False,none
PE-EMP-00228-04,EMP-00228,2025-04-01,2025-04-30,163.3,0.0,8290.0,2197.49,6092.51,NY,False,none
PE-EMP-00228-05,EMP-00228,2025-05-01,2025-05-30,164.0,0.0,8290.0,1732.66,6557.34,NY,False,none
PE-EMP-00228-06,EMP-00228,2025-05-31,2025-06-29,153.5,0.0,8290.0,1711.68,6578.32,NY,False,none
PE-EMP-00229-01,EMP-00229,2025-01-01,2025-01-30,140.1,9.5,4468.27,980.17,3488.1,FL,False,none
PE-EMP-00229-02,EMP-00229,2025-01-31,2025-03-01,165.8,13.9,4640.21,1280.3,3359.91,FL,False,none
PE-EMP-00229-03,EMP-00229,2025-03-02,2025-03-31,154.4,13.4,4619.61,1263.65,3355.96,FL,False,none
PE-EMP-00229-04,EMP-00229,2025-04-01,2025-04-30,165.0,12.7,4593.61,853.26,3740.35,FL,False,none
PE-EMP-00229-05,EMP-00229,2025-05-01,2025-05-30,140.2,6.9,4369.68,916.91,3452.77,FL,False,none
PE-EMP-00229-06,EMP-00229,2025-05-31,2025-06-29,143.0,5.2,4305.83,1086.12,3219.71,FL,False,none
PE-EMP-00230-01,EMP-00230,2025-01-01,2025-01-30,151.3,0.0,8968.0,1622.19,7345.81,WA,False,none
PE-EMP-00230-02,EMP-00230,2025-01-31,2025-03-01,152.1,0.0,8968.0,1791.4,7176.6,WA,False,none
PE-EMP-00230-03,EMP-00230,2025-03-02,2025-03-31,154.8,0.0,8968.0,2420.02,6547.98,WA,False,none
PE-EMP-00230-04,EMP-00230,2025-04-01,2025-04-30,151.5,0.0,8968.0,2433.12,6534.88,WA,False,none
PE-EMP-00230-05,EMP-00230,2025-05-01,2025-05-30,140.2,0.0,8968.0,2304.28,6663.72,WA,False,none
PE-EMP-00230-06,EMP-00230,2025-05-31,2025-06-29,147.0,0.0,8968.0,2036.36,6931.64,WA,False,none
PE-EMP-00231-01,EMP-00231,2025-01-01,2025-01-30,150.5,5.5,6435.8,1732.64,4703.16,federal,False,none
PE-EMP-00231-02,EMP-00231,2025-01-31,2025-03-01,155.0,4.0,6354.0,1772.37,4581.63,federal,False,none
PE-EMP-00231-03,EMP-00231,2025-03-02,2025-03-31,158.4,6.6,6500.24,1260.96,5239.28,federal,False,none
PE-EMP-00231-04,EMP-00231,2025-04-01,2025-04-30,160.9,0.1,6127.0,1644.23,4482.77,federal,False,none
PE-EMP-00231-05,EMP-00231,2025-05-01,2025-05-30,159.9,1.7,6217.27,1296.24,4921.03,federal,False,none
PE-EMP-00231-06-DUP,EMP-00231,2025-05-31,2025-06-29,143.7,6.3,6484.49,1381.98,5102.51,federal,True,duplicate_payment
PE-EMP-00232-01,EMP-00232,2025-01-01,2025-01-30,140.9,10.0,4472.08,1229.1,3242.98,TX,False,none
PE-EMP-00232-02,EMP-00232,2025-01-31,2025-03-01,166.9,14.7,4654.2,893.04,3761.16,TX,False,none
PE-EMP-00232-03,EMP-00232,2025-03-02,2025-03-31,153.7,7.4,4373.96,1085.5,3288.46,TX,False,none
PE-EMP-00232-04,EMP-00232,2025-04-01,2025-04-30,143.6,11.3,4520.89,1166.54,3354.35,TX,False,none
PE-EMP-00232-05,EMP-00232,2025-05-01,2025-05-30,151.2,10.9,4506.46,1145.49,3360.97,TX,False,none
PE-EMP-00232-06,EMP-00232,2025-05-31,2025-06-29,163.1,2.0,4164.57,1148.45,3016.12,TX,False,none
PE-EMP-00233-01,EMP-00233,2025-01-01,2025-01-30,162.2,1.9,7004.06,1501.75,5502.31,UK_national,False,none
PE-EMP-00233-02,EMP-00233,2025-01-31,2025-03-01,140.4,10.3,7544.39,1397.25,6147.14,UK_national,False,none
PE-EMP-00233-03,EMP-00233,2025-03-02,2025-03-31,163.2,6.4,7297.82,1749.35,5548.47,UK_national,False,none
PE-EMP-00233-04,EMP-00233,2025-04-01,2025-04-30,140.2,7.2,7346.72,1529.75,5816.97,UK_national,False,none
PE-EMP-00233-05,EMP-00233,2025-05-01,2025-05-30,142.3,6.4,7297.13,1764.16,5532.97,UK_national,False,none
PE-EMP-00233-06,EMP-00233,2025-05-31,2025-06-29,160.4,2.8,7062.84,1469.88,5592.96,UK_national,False,none
PE-EMP-00234-01,EMP-00234,2025-01-01,2025-01-30,143.2,4.0,4751.8,1188.4,3563.4,NY,False,none
PE-EMP-00234-02,EMP-00234,2025-01-31,2025-03-01,158.7,6.4,4858.53,1104.78,3753.75,NY,False,none
PE-EMP-00234-03,EMP-00234,2025-03-02,2025-03-31,161.9,1.5,4648.41,1176.26,3472.15,NY,False,none
PE-EMP-00234-04,EMP-00234,2025-04-01,2025-04-30,157.1,2.8,4703.57,1248.74,3454.83,NY,False,none
PE-EMP-00234-05,EMP-00234,2025-05-01,2025-05-30,157.6,2.2,4677.83,898.36,3779.47,NY,False,none
PE-EMP-00234-06,EMP-00234,2025-05-31,2025-06-29,151.2,4.1,4758.46,947.97,3810.49,NY,False,none
PE-EMP-00235-01,EMP-00235,2025-01-01,2025-01-30,144.1,0.0,7596.0,1380.7,6215.3,UK_national,False,none
PE-EMP-00235-02,EMP-00235,2025-01-31,2025-03-01,145.6,0.0,7596.0,2023.84,5572.16,UK_national,False,none
PE-EMP-00235-03,EMP-00235,2025-03-02,2025-03-31,150.6,0.0,7596.0,1766.05,5829.95,UK_national,False,none
PE-EMP-00235-04,EMP-00235,2025-04-01,2025-04-30,159.6,0.0,7596.0,2111.78,5484.22,UK_national,False,none
PE-EMP-00235-05,EMP-00235,2025-05-01,2025-05-30,146.2,0.0,7596.0,1690.93,5905.07,UK_national,False,none
PE-EMP-00235-06,EMP-00235,2025-05-31,2025-06-29,141.7,0.0,7596.0,1691.68,5904.32,UK_national,False,none
PE-EMP-00236-01,EMP-00236,2025-01-01,2025-01-30,141.4,1.7,4589.95,993.07,3596.88,TX,False,none
PE-EMP-00236-02,EMP-00236,2025-01-31,2025-03-01,166.4,10.7,4972.3,1017.81,3954.49,TX,False,none
PE-EMP-00236-03,EMP-00236,2025-03-02,2025-03-31,165.1,2.7,4635.53,834.64,3800.89,TX,False,none
PE-EMP-00236-04,EMP-00236,2025-04-01,2025-04-30,158.5,4.8,4724.44,985.2,3739.24,TX,False,none
PE-EMP-00236-05,EMP-00236,2025-05-01,2025-05-30,147.8,9.1,4905.52,1094.38,3811.14,TX,False,none
PE-EMP-00236-06,EMP-00236,2025-05-31,2025-06-29,147.1,7.4,4832.27,1031.34,3800.93,TX,False,none
PE-EMP-00237-01,EMP-00237,2025-01-01,2025-01-30,143.1,10.0,4993.34,1239.83,3753.51,UK_national,False,none
PE-EMP-00237-02,EMP-00237,2025-01-31,2025-03-01,161.6,2.0,4647.63,1004.15,3643.48,UK_national,False,none
PE-EMP-00237-03,EMP-00237,2025-03-02,2025-03-31,162.7,11.1,5040.82,1204.21,3836.61,UK_national,False,none
PE-EMP-00237-04,EMP-00237,2025-04-01,2025-04-30,156.9,3.6,4716.91,979.21,3737.7,UK_national,False,none
PE-EMP-00237-05,EMP-00237,2025-05-01,2025-05-30,156.4,1.3,4619.99,880.74,3739.25,UK_national,False,none
PE-EMP-00237-06,EMP-00237,2025-05-31,2025-06-29,157.6,9.0,4950.27,911.36,4038.91,UK_national,False,none
PE-EMP-00238-01,EMP-00238,2025-01-01,2025-01-30,167.1,13.3,7201.26,1884.86,5316.4,NY,False,none
PE-EMP-00238-02,EMP-00238,2025-01-31,2025-03-01,145.4,6.7,6806.51,1292.31,5514.2,NY,False,none
PE-EMP-00238-03,EMP-00238,2025-03-02,2025-03-31,166.4,9.3,6962.54,1463.16,5499.38,NY,False,none
PE-EMP-00238-04,EMP-00238,2025-04-01,2025-04-30,153.3,11.4,7090.42,1654.59,5435.83,NY,False,none
PE-EMP-00238-05,EMP-00238,2025-05-01,2025-05-30,144.3,1.9,6520.14,1446.31,5073.83,NY,False,none
PE-EMP-00238-06,EMP-00238,2025-05-31,2025-06-29,159.9,13.4,7208.05,1844.8,5363.25,NY,False,none
PE-EMP-00239-01,EMP-00239,2025-01-01,2025-01-30,163.7,0.0,6778.0,1599.84,5178.16,TX,False,none
PE-EMP-00239-02,EMP-00239,2025-01-31,2025-03-01,149.7,0.0,6778.0,1468.12,5309.88,TX,False,none
PE-EMP-00239-03,EMP-00239,2025-03-02,2025-03-31,157.6,0.0,6778.0,1299.63,5478.37,TX,False,none
PE-EMP-00239-04,EMP-00239,2025-04-01,2025-04-30,152.2,0.0,6778.0,1547.3,5230.7,TX,False,none
PE-EMP-00239-05,EMP-00239,2025-05-01,2025-05-30,154.7,0.0,6778.0,1865.61,4912.39,TX,False,none
PE-EMP-00239-06,EMP-00239,2025-05-31,2025-06-29,162.1,0.0,6778.0,1333.19,5444.81,TX,False,none
PE-EMP-00240-01,EMP-00240,2025-01-01,2025-01-30,147.7,0.0,8744.0,2419.89,6324.11,federal,False,none
PE-EMP-00240-02,EMP-00240,2025-01-31,2025-03-01,148.1,0.0,8744.0,2409.67,6334.33,federal,False,none
PE-EMP-00240-03,EMP-00240,2025-03-02,2025-03-31,141.7,0.0,8744.0,2424.25,6319.75,federal,False,none
PE-EMP-00240-04,EMP-00240,2025-04-01,2025-04-30,145.3,0.0,8744.0,2286.15,6457.85,federal,False,none
PE-EMP-00240-05,EMP-00240,2025-05-01,2025-05-30,153.9,0.0,8744.0,2039.51,6704.49,federal,False,none
PE-EMP-00240-06,EMP-00240,2025-05-31,2025-06-29,154.4,0.0,15110.77,1639.49,7104.51,federal,True,rate_violation
PE-EMP-00241-01,EMP-00241,2025-01-01,2025-01-30,152.3,7.6,6646.17,1570.16,5076.01,WA,False,none
PE-EMP-00241-02,EMP-00241,2025-01-31,2025-03-01,150.9,9.1,6731.59,1350.98,5380.61,WA,False,none
PE-EMP-00241-03,EMP-00241,2025-03-02,2025-03-31,140.1,8.6,6700.78,1602.9,5097.88,WA,False,none
PE-EMP-00241-04,EMP-00241,2025-04-01,2025-04-30,140.2,13.9,7011.91,1621.71,5390.2,WA,False,none
PE-EMP-00241-05,EMP-00241,2025-05-01,2025-05-30,154.1,10.8,6830.46,1406.28,5424.18,WA,False,none
PE-EMP-00241-06,EMP-00241,2025-05-31,2025-06-29,163.9,4.4,6460.48,1336.36,5124.12,WA,False,none
PE-EMP-00242-01,EMP-00242,2025-01-01,2025-01-30,143.3,0.0,8274.0,1674.6,6599.4,TX,False,none
PE-EMP-00242-02,EMP-00242,2025-01-31,2025-03-01,154.9,0.0,8274.0,1730.79,6543.21,TX,False,none
PE-EMP-00242-03,EMP-00242,2025-03-02,2025-03-31,157.9,0.0,8274.0,2268.77,6005.23,TX,False,none
PE-EMP-00242-04,EMP-00242,2025-04-01,2025-04-30,147.8,0.0,8274.0,1599.34,6674.66,TX,False,none
PE-EMP-00242-05,EMP-00242,2025-05-01,2025-05-30,164.5,0.0,8274.0,1531.95,6742.05,TX,False,none
PE-EMP-00242-06,EMP-00242,2025-05-31,2025-06-29,167.4,0.0,8274.0,2308.06,5965.94,TX,False,none
PE-EMP-00243-01,EMP-00243,2025-01-01,2025-01-30,145.9,1.7,3916.97,959.13,2957.84,federal,False,none
PE-EMP-00243-02,EMP-00243,2025-01-31,2025-03-01,157.7,14.6,4380.91,930.75,3450.16,federal,False,none
PE-EMP-00243-03,EMP-00243,2025-03-02,2025-03-31,166.5,13.3,4333.09,894.37,3438.72,federal,False,none
PE-EMP-00243-04,EMP-00243,2025-04-01,2025-04-30,143.7,13.5,4340.87,909.37,3431.5,federal,True,ghost_employee
PE-EMP-00243-05,EMP-00243,2025-05-01,2025-05-30,167.6,9.4,4193.25,759.15,3434.1,federal,False,none
PE-EMP-00243-06,EMP-00243,2025-05-31,2025-06-29,150.0,11.0,4249.9,883.85,3366.05,federal,False,none
PE-EMP-00244-01,EMP-00244,2025-01-01,2025-01-30,147.2,0.0,8815.0,1600.49,7214.51,WA,False,none
PE-EMP-00244-02,EMP-00244,2025-01-31,2025-03-01,158.4,0.0,8815.0,2351.83,6463.17,WA,False,none
PE-EMP-00244-03,EMP-00244,2025-03-02,2025-03-31,166.3,0.0,8815.0,2100.84,6714.16,WA,False,none
PE-EMP-00244-04,EMP-00244,2025-04-01,2025-04-30,160.2,0.0,8815.0,2193.27,6621.73,WA,False,none
PE-EMP-00244-05,EMP-00244,2025-05-01,2025-05-30,166.5,0.0,8815.0,1813.55,7001.45,WA,False,none
PE-EMP-00244-06,EMP-00244,2025-05-31,2025-06-29,157.5,0.0,8815.0,2119.43,6695.57,WA,False,none
PE-EMP-00245-01,EMP-00245,2025-01-01,2025-01-30,145.8,0.0,7617.0,1707.87,5909.13,NY,False,none
PE-EMP-00245-02,EMP-00245,2025-01-31,2025-03-01,149.1,0.0,7617.0,1526.38,6090.62,NY,False,none
PE-EMP-00245-03,EMP-00245,2025-03-02,2025-03-31,157.6,0.0,7617.0,2024.77,5592.23,NY,False,none
PE-EMP-00245-04,EMP-00245,2025-04-01,2025-04-30,151.1,0.0,7617.0,1710.82,5906.18,NY,False,none
PE-EMP-00245-05,EMP-00245,2025-05-01,2025-05-30,160.4,0.0,7617.0,1701.56,5915.44,NY,False,none
PE-EMP-00245-06,EMP-00245,2025-05-31,2025-06-29,144.2,0.0,7617.0,1735.92,5881.08,NY,False,none
PE-EMP-00246-01,EMP-00246,2025-01-01,2025-01-30,153.9,6.9,4845.0,1267.26,3577.74,federal,False,none
PE-EMP-00246-02,EMP-00246,2025-01-31,2025-03-01,144.9,8.5,4915.57,1348.52,3567.05,federal,False,none
PE-EMP-00246-03,EMP-00246,2025-03-02,2025-03-31,145.1,4.2,4731.5,998.42,3733.08,federal,False,none
PE-EMP-00246-04,EMP-00246,2025-04-01,2025-04-30,164.8,12.3,5074.19,1262.14,3812.05,federal,False,none
PE-EMP-00246-05,EMP-00246,2025-05-01,2025-05-30,145.3,2.2,4642.85,1033.68,3609.17,federal,False,none
PE-EMP-00246-06,EMP-00246,2025-05-31,2025-06-29,152.7,9.7,4963.87,1093.29,3870.58,federal,False,none
PE-EMP-00247-01,EMP-00247,2025-01-01,2025-01-30,160.3,0.0,8594.0,1664.91,6929.09,DE_national,False,none
PE-EMP-00247-02,EMP-00247,2025-01-31,2025-03-01,161.0,0.0,8594.0,1557.05,7036.95,DE_national,False,none
PE-EMP-00247-03,EMP-00247,2025-03-02,2025-03-31,142.8,0.0,8594.0,1876.92,6717.08,DE_national,False,none
PE-EMP-00247-04,EMP-00247,2025-04-01,2025-04-30,143.1,0.0,8594.0,1558.57,7035.43,DE_national,False,none
PE-EMP-00247-05,EMP-00247,2025-05-01,2025-05-30,163.3,0.0,8594.0,2350.18,6243.82,DE_national,False,none
PE-EMP-00247-06,EMP-00247,2025-05-31,2025-06-29,143.7,0.0,8594.0,2208.76,6385.24,DE_national,False,none
PE-EMP-00248-01,EMP-00248,2025-01-01,2025-01-30,147.5,0.0,8619.0,2360.4,6258.6,federal,False,none
PE-EMP-00248-02,EMP-00248,2025-01-31,2025-03-01,156.8,0.0,8619.0,2234.39,6384.61,federal,False,none
PE-EMP-00248-03,EMP-00248,2025-03-02,2025-03-31,140.3,0.0,8619.0,2233.75,6385.25,federal,False,none
PE-EMP-00248-04,EMP-00248,2025-04-01,2025-04-30,155.2,0.0,8619.0,2256.67,6362.33,federal,False,none
PE-EMP-00248-05,EMP-00248,2025-05-01,2025-05-30,163.9,0.0,8619.0,1624.65,6994.35,federal,False,none
PE-EMP-00248-06,EMP-00248,2025-05-31,2025-06-29,143.9,0.0,8619.0,2206.18,6412.82,federal,False,none
PE-EMP-00249-01,EMP-00249,2025-01-01,2025-01-30,165.0,0.0,7405.0,1936.75,5468.25,DE_national,False,none
PE-EMP-00249-02,EMP-00249,2025-01-31,2025-03-01,148.6,0.0,7405.0,1687.53,5717.47,DE_national,False,none
PE-EMP-00249-03,EMP-00249,2025-03-02,2025-03-31,146.8,0.0,7405.0,1735.38,5669.62,DE_national,False,none
PE-EMP-00249-04,EMP-00249,2025-04-01,2025-04-30,147.5,0.0,7405.0,1735.45,5669.55,DE_national,False,none
PE-EMP-00249-05,EMP-00249,2025-05-01,2025-05-30,140.6,0.0,7405.0,1365.87,6039.13,DE_national,False,none
PE-EMP-00249-06,EMP-00249,2025-05-31,2025-06-29,155.2,0.0,7405.0,1408.85,5996.15,DE_national,False,none
PE-EMP-00250-01,EMP-00250,2025-01-01,2025-01-30,164.8,0.0,8724.0,1932.61,6791.39,FL,False,none
PE-EMP-00250-02,EMP-00250,2025-01-31,2025-03-01,140.0,0.0,8724.0,1766.01,6957.99,FL,False,none
PE-EMP-00250-03,EMP-00250,2025-03-02,2025-03-31,146.3,0.0,8724.0,1906.53,6817.47,FL,False,none
PE-EMP-00250-04,EMP-00250,2025-04-01,2025-04-30,149.9,0.0,8724.0,1820.56,6903.44,FL,False,none
PE-EMP-00250-05,EMP-00250,2025-05-01,2025-05-30,165.8,0.0,8724.0,2167.41,6556.59,FL,False,none
PE-EMP-00250-06,EMP-00250,2025-05-31,2025-06-29,159.2,0.0,8724.0,2193.96,6530.04,FL,False,none
PE-EMP-00251-01,EMP-00251,2025-01-01,2025-01-30,165.2,7.4,4959.84,1384.18,3575.66,federal,False,none
PE-EMP-00251-02-DUP,EMP-00251,2025-01-31,2025-03-01,146.3,14.3,5262.96,1095.65,4167.31,federal,True,duplicate_payment
PE-EMP-00251-03,EMP-00251,2025-03-02,2025-03-31,142.1,5.0,4856.71,1049.29,3807.42,federal,False,none
PE-EMP-00251-04,EMP-00251,2025-04-01,2025-04-30,165.9,1.3,4694.32,865.33,3828.99,federal,False,none
PE-EMP-00251-05,EMP-00251,2025-05-01,2025-05-30,144.2,6.4,4918.62,1050.05,3868.57,federal,False,none
PE-EMP-00251-06,EMP-00251,2025-05-31,2025-06-29,145.1,6.4,4916.41,1324.05,3592.36,federal,False,none
PE-EMP-00252-01,EMP-00252,2025-01-01,2025-01-30,159.2,9.4,4904.06,1023.48,3880.58,CA,False,none
PE-EMP-00252-02,EMP-00252,2025-01-31,2025-03-01,164.5,4.1,4679.86,1076.02,3603.84,CA,False,none
PE-EMP-00252-03,EMP-00252,2025-03-02,2025-03-31,150.3,4.0,4676.25,1265.85,3410.4,CA,False,none
PE-EMP-00252-04,EMP-00252,2025-04-01,2025-04-30,162.4,11.8,5008.09,1333.01,3675.08,CA,False,none
PE-EMP-00252-05,EMP-00252,2025-05-01,2025-05-30,167.4,11.7,5001.07,973.5,4027.57,CA,False,none
PE-EMP-00252-06,EMP-00252,2025-05-31,2025-06-29,144.1,6.7,4791.18,1244.2,3546.98,CA,False,none
PE-EMP-00253-01,EMP-00253,2025-01-01,2025-01-30,167.3,0.0,8290.0,2167.54,6122.46,UK_national,False,none
PE-EMP-00253-02,EMP-00253,2025-01-31,2025-03-01,143.2,0.0,8290.0,1846.56,6443.44,UK_national,False,none
PE-EMP-00253-03,EMP-00253,2025-03-02,2025-03-31,160.3,0.0,8290.0,1612.13,6677.87,UK_national,False,none
PE-EMP-00253-04,EMP-00253,2025-04-01,2025-04-30,149.0,0.0,8290.0,1597.93,6692.07,UK_national,False,none
PE-EMP-00253-05,EMP-00253,2025-05-01,2025-05-30,161.5,0.0,8290.0,1784.51,6505.49,UK_national,False,none
PE-EMP-00253-06,EMP-00253,2025-05-31,2025-06-29,153.8,0.0,8290.0,1891.19,6398.81,UK_national,False,none
PE-EMP-00254-01,EMP-00254,2025-01-01,2025-01-30,167.2,0.0,7896.0,1896.42,5999.58,NY,False,none
PE-EMP-00254-02,EMP-00254,2025-01-31,2025-03-01,157.8,0.0,7896.0,1530.42,6365.58,NY,False,none
PE-EMP-00254-03,EMP-00254,2025-03-02,2025-03-31,166.4,0.0,7896.0,2148.98,5747.02,NY,False,none
PE-EMP-00254-04,EMP-00254,2025-04-01,2025-04-30,150.7,0.0,7896.0,1855.04,6040.96,NY,False,none
PE-EMP-00254-05,EMP-00254,2025-05-01,2025-05-30,155.1,0.0,7896.0,1810.24,6085.76,NY,False,none
PE-EMP-00254-06,EMP-00254,2025-05-31,2025-06-29,155.0,0.0,7896.0,1602.98,6293.02,NY,False,none
PE-EMP-00255-01,EMP-00255,2025-01-01,2025-01-30,142.3,0.0,7309.0,1838.16,5470.84,TX,False,none
PE-EMP-00255-02,EMP-00255,2025-01-31,2025-03-01,154.8,0.0,7309.0,1883.23,5425.77,TX,False,none
PE-EMP-00255-03,EMP-00255,2025-03-02,2025-03-31,162.7,0.0,7309.0,1475.93,5833.07,TX,False,none
PE-EMP-00255-04,EMP-00255,2025-04-01,2025-04-30,142.4,0.0,7309.0,1579.99,5729.01,TX,False,none
PE-EMP-00255-05,EMP-00255,2025-05-01,2025-05-30,145.7,0.0,7309.0,1937.32,5371.68,TX,False,none
PE-EMP-00255-06,EMP-00255,2025-05-31,2025-06-29,150.1,0.0,7309.0,1662.01,5646.99,TX,False,none
PE-EMP-00256-01,EMP-00256,2025-01-01,2025-01-30,143.7,0.0,7386.0,1410.84,5975.16,TX,False,none
PE-EMP-00256-02,EMP-00256,2025-01-31,2025-03-01,165.5,0.0,7386.0,1596.01,5789.99,TX,False,none
PE-EMP-00256-03,EMP-00256,2025-03-02,2025-03-31,163.8,0.0,7386.0,1904.59,5481.41,TX,False,none
PE-EMP-00256-04,EMP-00256,2025-04-01,2025-04-30,143.9,0.0,7386.0,1669.52,5716.48,TX,False,none
PE-EMP-00256-05,EMP-00256,2025-05-01,2025-05-30,163.4,0.0,7386.0,1736.82,5649.18,TX,False,none
PE-EMP-00256-06,EMP-00256,2025-05-31,2025-06-29,166.1,0.0,7386.0,1640.49,5745.51,TX,False,none
PE-EMP-00257-01,EMP-00257,2025-01-01,2025-01-30,145.9,0.0,8371.0,1694.78,6676.22,CA,False,none
PE-EMP-00257-02,EMP-00257,2025-01-31,2025-03-01,160.9,0.0,8371.0,1604.92,6766.08,CA,False,none
PE-EMP-00257-03,EMP-00257,2025-03-02,2025-03-31,159.5,0.0,8371.0,1626.55,6744.45,CA,False,none
PE-EMP-00257-04,EMP-00257,2025-04-01,2025-04-30,160.5,0.0,8371.0,2089.5,6281.5,CA,False,none
PE-EMP-00257-05,EMP-00257,2025-05-01,2025-05-30,151.9,0.0,8371.0,1552.05,6818.95,CA,False,none
PE-EMP-00257-06,EMP-00257,2025-05-31,2025-06-29,143.0,0.0,8371.0,1993.64,6377.36,CA,False,none
PE-EMP-00258-01,EMP-00258,2025-01-01,2025-01-30,153.4,8.9,6713.49,1314.62,5398.87,DE_national,False,none
PE-EMP-00258-02,EMP-00258,2025-01-31,2025-03-01,144.1,2.1,6319.1,1292.28,5026.82,DE_national,False,none
PE-EMP-00258-03,EMP-00258,2025-03-02,2025-03-31,140.3,12.5,6920.12,1533.84,5386.28,DE_national,False,none
PE-EMP-00258-04,EMP-00258,2025-04-01,2025-04-30,161.4,7.0,6605.31,1281.5,5323.81,DE_national,False,none
PE-EMP-00258-05,EMP-00258,2025-05-01,2025-05-30,154.8,14.2,7022.67,1594.28,5428.39,DE_national,False,none
PE-EMP-00258-06,EMP-00258,2025-05-31,2025-06-29,160.2,6.7,6582.84,1609.4,4973.44,DE_national,False,none
PE-EMP-00259-01,EMP-00259,2025-01-01,2025-01-30,140.4,1.7,6971.4,1296.68,5674.72,WA,False,none
PE-EMP-00259-02,EMP-00259,2025-01-31,2025-03-01,158.0,9.1,7447.18,1469.76,5977.42,WA,False,none
PE-EMP-00259-03,EMP-00259,2025-03-02,2025-03-31,144.5,5.9,7246.62,1611.37,5635.25,WA,False,none
PE-EMP-00259-04,EMP-00259,2025-04-01,2025-04-30,166.6,6.8,7302.51,1833.96,5468.55,WA,False,none
PE-EMP-00259-05,EMP-00259,2025-05-01,2025-05-30,147.2,8.6,7416.19,1561.87,5854.32,WA,False,none
PE-EMP-00259-06,EMP-00259,2025-05-31,2025-06-29,146.4,14.0,7763.08,1608.38,6154.7,WA,False,none
PE-EMP-00260-01,EMP-00260,2025-01-01,2025-01-30,142.6,0.0,7911.0,1722.67,6188.33,TX,False,none
PE-EMP-00260-02,EMP-00260,2025-01-31,2025-03-01,166.6,0.0,7911.0,2011.87,5899.13,TX,False,none
PE-EMP-00260-03,EMP-00260,2025-03-02,2025-03-31,151.2,0.0,7911.0,1468.28,6442.72,TX,False,none
PE-EMP-00260-04,EMP-00260,2025-04-01,2025-04-30,151.0,0.0,7911.0,2074.66,5836.34,TX,False,none
PE-EMP-00260-05,EMP-00260,2025-05-01,2025-05-30,167.3,0.0,7911.0,1902.66,6008.34,TX,False,none
PE-EMP-00260-06,EMP-00260,2025-05-31,2025-06-29,142.2,0.0,7911.0,1971.76,5939.24,TX,False,none
PE-EMP-00261-01,EMP-00261,2025-01-01,2025-01-30,153.4,9.8,7356.45,1622.17,5734.28,TX,False,none
PE-EMP-00261-02,EMP-00261,2025-01-31,2025-03-01,150.7,0.8,6789.8,1474.39,5315.41,TX,False,none
PE-EMP-00261-03,EMP-00261,2025-03-02,2025-03-31,151.9,4.0,6993.76,1331.89,5661.87,TX,False,none
PE-EMP-00261-04,EMP-00261,2025-04-01,2025-04-30,150.2,11.7,7475.93,1596.46,5879.47,TX,False,none
PE-EMP-00261-05,EMP-00261,2025-05-01,2025-05-30,146.7,2.4,6892.22,1313.98,5578.24,TX,False,none
PE-EMP-00261-06,EMP-00261,2025-05-31,2025-06-29,145.9,0.2,6748.4,1828.61,4919.79,TX,False,none
PE-EMP-00262-01,EMP-00262,2025-01-01,2025-01-30,145.3,0.0,8992.0,1799.95,7192.05,FL,False,none
PE-EMP-00262-02,EMP-00262,2025-01-31,2025-03-01,166.0,0.0,8992.0,1834.67,7157.33,FL,False,none
PE-EMP-00262-03,EMP-00262,2025-03-02,2025-03-31,142.4,0.0,8992.0,2131.21,6860.79,FL,False,none
PE-EMP-00262-04,EMP-00262,2025-04-01,2025-04-30,141.3,0.0,8992.0,2505.62,6486.38,FL,False,none
PE-EMP-00262-05,EMP-00262,2025-05-01,2025-05-30,153.5,0.0,8992.0,1661.77,7330.23,FL,False,none
PE-EMP-00262-06,EMP-00262,2025-05-31,2025-06-29,142.6,0.0,8992.0,1896.06,7095.94,FL,False,none
PE-EMP-00263-01,EMP-00263,2025-01-01,2025-01-30,167.5,0.0,7846.0,2002.05,5843.95,FL,False,none
PE-EMP-00263-02,EMP-00263,2025-01-31,2025-03-01,166.8,0.0,7846.0,1804.75,6041.25,FL,False,none
PE-EMP-00263-03,EMP-00263,2025-03-02,2025-03-31,148.8,0.0,7846.0,1718.78,6127.22,FL,False,none
PE-EMP-00263-04,EMP-00263,2025-04-01,2025-04-30,150.0,0.0,7846.0,1513.9,6332.1,FL,False,none
PE-EMP-00263-05,EMP-00263,2025-05-01,2025-05-30,158.9,0.0,7846.0,1672.23,6173.77,FL,False,none
PE-EMP-00263-06,EMP-00263,2025-05-31,2025-06-29,165.1,0.0,7846.0,1807.39,6038.61,FL,False,none
PE-EMP-00264-01,EMP-00264,2025-01-01,2025-01-30,154.1,0.0,7394.0,1904.0,5490.0,federal,False,none
PE-EMP-00264-02,EMP-00264,2025-01-31,2025-03-01,140.7,0.0,7394.0,1919.53,5474.47,federal,False,none
PE-EMP-00264-03,EMP-00264,2025-03-02,2025-03-31,153.4,0.0,7394.0,1973.32,5420.68,federal,False,none
PE-EMP-00264-04,EMP-00264,2025-04-01,2025-04-30,141.0,0.0,7394.0,1450.13,5943.87,federal,False,none
PE-EMP-00264-05,EMP-00264,2025-05-01,2025-05-30,159.1,0.0,7394.0,1389.15,6004.85,federal,False,none
PE-EMP-00264-06,EMP-00264,2025-05-31,2025-06-29,157.5,0.0,7394.0,2035.43,5358.57,federal,False,none
PE-EMP-00265-01,EMP-00265,2025-01-01,2025-01-30,146.5,3.2,4341.79,1077.4,3264.39,UK_national,False,none
PE-EMP-00265-02,EMP-00265,2025-01-31,2025-03-01,143.9,10.8,4639.81,1296.09,3343.72,UK_national,False,none
PE-EMP-00265-03,EMP-00265,2025-03-02,2025-03-31,154.0,14.9,4802.02,1156.68,3645.34,UK_national,False,none
PE-EMP-00265-04,EMP-00265,2025-04-01,2025-04-30,154.7,11.5,4669.49,1049.46,3620.03,UK_national,False,none
PE-EMP-00265-05,EMP-00265,2025-05-01,2025-05-30,143.7,4.4,4386.35,1063.02,3323.33,UK_national,False,none
PE-EMP-00265-06,EMP-00265,2025-05-31,2025-06-29,166.3,0.6,4237.71,1064.84,3172.87,UK_national,False,none
PE-EMP-00266-01,EMP-00266,2025-01-01,2025-01-30,159.1,3.6,4747.44,1327.86,3419.58,TX,False,none
PE-EMP-00266-02,EMP-00266,2025-01-31,2025-03-01,157.0,14.4,5211.77,1233.57,3978.2,TX,False,none
PE-EMP-00266-03,EMP-00266,2025-03-02,2025-03-31,167.8,1.5,4655.91,845.02,3810.89,TX,False,none
PE-EMP-00266-04,EMP-00266,2025-04-01,2025-04-30,161.5,4.6,4792.93,1278.53,3514.4,TX,False,none
PE-EMP-00266-05,EMP-00266,2025-05-01,2025-05-30,162.3,13.4,5171.16,1188.8,3982.36,TX,False,none
PE-EMP-00266-06,EMP-00266,2025-05-31,2025-06-29,152.7,2.5,4702.62,985.48,3717.14,TX,False,none
PE-EMP-00267-01,EMP-00267,2025-01-01,2025-01-30,141.9,0.0,8728.0,2074.22,6653.78,NY,False,none
PE-EMP-00267-02,EMP-00267,2025-01-31,2025-03-01,149.9,0.0,8728.0,1633.13,7094.87,NY,False,none
PE-EMP-00267-03,EMP-00267,2025-03-02,2025-03-31,159.9,0.0,8728.0,1973.17,6754.83,NY,False,none
PE-EMP-00267-04,EMP-00267,2025-04-01,2025-04-30,167.6,0.0,8728.0,2425.06,6302.94,NY,False,none
PE-EMP-00267-05,EMP-00267,2025-05-01,2025-05-30,161.4,0.0,8728.0,1956.86,6771.14,NY,False,none
PE-EMP-00267-06,EMP-00267,2025-05-31,2025-06-29,165.9,0.0,8728.0,2391.32,6336.68,NY,False,none
PE-EMP-00268-01,EMP-00268,2025-01-01,2025-01-30,167.2,0.0,8279.0,1894.45,6384.55,TX,False,none
PE-EMP-00268-02,EMP-00268,2025-01-31,2025-03-01,150.2,0.0,8279.0,1727.52,6551.48,TX,False,none
PE-EMP-00268-03,EMP-00268,2025-03-02,2025-03-31,151.5,0.0,8279.0,2003.26,6275.74,TX,False,none
PE-EMP-00268-04,EMP-00268,2025-04-01,2025-04-30,159.1,0.0,8279.0,1855.18,6423.82,TX,False,none
PE-EMP-00268-05,EMP-00268,2025-05-01,2025-05-30,154.3,0.0,8279.0,2007.35,6271.65,TX,False,none
PE-EMP-00268-06,EMP-00268,2025-05-31,2025-06-29,148.8,0.0,8279.0,1559.34,6719.66,TX,False,none
PE-EMP-00269-01,EMP-00269,2025-01-01,2025-01-30,151.6,0.0,8269.0,1860.6,6408.4,NY,False,none
PE-EMP-00269-02,EMP-00269,2025-01-31,2025-03-01,164.6,0.0,8269.0,2308.08,5960.92,NY,False,none
PE-EMP-00269-03,EMP-00269,2025-03-02,2025-03-31,141.2,0.0,8269.0,2296.66,5972.34,NY,False,none
PE-EMP-00269-04,EMP-00269,2025-04-01,2025-04-30,141.6,0.0,8269.0,2142.16,6126.84,NY,False,none
PE-EMP-00269-05,EMP-00269,2025-05-01,2025-05-30,159.6,0.0,8269.0,1952.15,6316.85,NY,False,none
PE-EMP-00269-06,EMP-00269,2025-05-31,2025-06-29,144.3,0.0,8269.0,1575.49,6693.51,NY,False,none
PE-EMP-00270-01,EMP-00270,2025-01-01,2025-01-30,150.5,8.6,4054.98,1076.12,2978.86,UK_national,False,none
PE-EMP-00270-02,EMP-00270,2025-01-31,2025-03-01,146.2,13.1,4215.47,1040.86,3174.61,UK_national,False,none
PE-EMP-00270-03,EMP-00270,2025-03-02,2025-03-31,149.8,7.0,4001.32,934.35,3066.97,UK_national,False,none
PE-EMP-00270-04,EMP-00270,2025-04-01,2025-04-30,162.9,1.6,3811.6,754.8,3056.8,UK_national,False,none
PE-EMP-00270-05,EMP-00270,2025-05-01,2025-05-30,143.0,14.4,4260.55,936.02,3324.53,UK_national,False,none
PE-EMP-00270-06,EMP-00270,2025-05-31,2025-06-29,152.1,6.0,3965.97,739.44,3226.53,UK_national,False,none
PE-EMP-00271-01,EMP-00271,2025-01-01,2025-01-30,149.6,0.0,7383.0,1775.15,5607.85,UK_national,False,none
PE-EMP-00271-02,EMP-00271,2025-01-31,2025-03-01,146.0,0.0,7383.0,1876.23,5506.77,UK_national,False,none
PE-EMP-00271-03,EMP-00271,2025-03-02,2025-03-31,143.2,0.0,7383.0,1664.56,5718.44,UK_national,False,none
PE-EMP-00271-04,EMP-00271,2025-04-01,2025-04-30,155.3,0.0,7383.0,2029.24,5353.76,UK_national,False,none
PE-EMP-00271-05,EMP-00271,2025-05-01,2025-05-30,144.1,0.0,7383.0,1486.55,5896.45,UK_national,False,none
PE-EMP-00271-06,EMP-00271,2025-05-31,2025-06-29,155.9,0.0,7383.0,2058.24,5324.76,UK_national,False,none
PE-EMP-00272-01,EMP-00272,2025-01-01,2025-01-30,161.7,0.9,6919.19,1804.89,5114.3,NY,False,none
PE-EMP-00272-02,EMP-00272,2025-01-31,2025-03-01,162.1,14.7,7802.87,1571.05,6231.82,NY,False,none
PE-EMP-00272-03,EMP-00272,2025-03-02,2025-03-31,145.9,0.3,6881.13,1760.62,5120.51,NY,False,none
PE-EMP-00272-04,EMP-00272,2025-04-01,2025-04-30,151.8,3.8,7102.13,1403.46,5698.67,NY,False,none
PE-EMP-00272-05,EMP-00272,2025-05-01,2025-05-30,144.0,4.1,7123.19,1340.38,5782.81,NY,False,none
PE-EMP-00272-06,EMP-00272,2025-05-31,2025-06-29,164.5,6.8,7294.42,1619.16,5675.26,NY,False,none
PE-EMP-00273-01,EMP-00273,2025-01-01,2025-01-30,146.0,13.4,7810.46,1549.66,6260.8,WA,False,none
PE-EMP-00273-02,EMP-00273,2025-01-31,2025-03-01,141.5,13.4,7812.3,1741.0,6071.3,WA,False,none
PE-EMP-00273-03,EMP-00273,2025-03-02,2025-03-31,167.0,4.5,7228.72,1444.74,5783.98,WA,False,none
PE-EMP-00273-04,EMP-00273,2025-04-01,2025-04-30,166.4,7.2,7408.97,1730.37,5678.6,WA,False,none
PE-EMP-00273-05,EMP-00273,2025-05-01,2025-05-30,161.9,14.5,7881.22,1762.86,6118.36,WA,False,none
PE-EMP-00273-06,EMP-00273,2025-05-31,2025-06-29,165.6,8.6,7495.51,1966.08,5529.43,WA,False,none
PE-EMP-00274-01,EMP-00274,2025-01-01,2025-01-30,155.7,13.4,7797.64,1558.41,6239.23,CA,False,none
PE-EMP-00274-02,EMP-00274,2025-01-31,2025-03-01,160.2,8.7,7490.51,1456.62,6033.89,CA,False,none
PE-EMP-00274-03,EMP-00274,2025-03-02,2025-03-31,158.6,12.4,7729.18,1958.85,5770.33,CA,False,none
PE-EMP-00274-04,EMP-00274,2025-04-01,2025-04-30,163.1,11.0,7641.15,1386.25,6254.9,CA,False,none
PE-EMP-00274-05,EMP-00274,2025-05-01,2025-05-30,165.1,14.0,7836.64,1801.99,6034.65,CA,True,rule_override
PE-EMP-00274-06,EMP-00274,2025-05-31,2025-06-29,148.9,11.9,7698.51,1904.57,5793.94,CA,False,none
PE-EMP-00275-01,EMP-00275,2025-01-01,2025-01-30,147.4,0.0,8561.0,2159.33,6401.67,TX,False,none
PE-EMP-00275-02,EMP-00275,2025-01-31,2025-03-01,167.7,0.0,8561.0,2348.56,6212.44,TX,False,none
PE-EMP-00275-03,EMP-00275,2025-03-02,2025-03-31,164.0,0.0,8561.0,2084.0,6477.0,TX,False,none
PE-EMP-00275-04,EMP-00275,2025-04-01,2025-04-30,157.9,0.0,8561.0,2036.13,6524.87,TX,False,none
PE-EMP-00275-05,EMP-00275,2025-05-01,2025-05-30,141.0,0.0,8561.0,2179.38,6381.62,TX,False,none
PE-EMP-00275-06,EMP-00275,2025-05-31,2025-06-29,145.3,0.0,8561.0,2137.21,6423.79,TX,False,none
PE-EMP-00276-01,EMP-00276,2025-01-01,2025-01-30,161.7,0.0,7543.0,1811.03,5731.97,WA,False,none
PE-EMP-00276-02,EMP-00276,2025-01-31,2025-03-01,146.1,0.0,7543.0,1515.96,6027.04,WA,False,none
PE-EMP-00276-03,EMP-00276,2025-03-02,2025-03-31,145.4,0.0,7543.0,1870.38,5672.62,WA,False,none
PE-EMP-00276-04,EMP-00276,2025-04-01,2025-04-30,166.7,0.0,7543.0,1637.02,5905.98,WA,False,none
PE-EMP-00276-05,EMP-00276,2025-05-01,2025-05-30,150.2,0.0,7543.0,1585.5,5957.5,WA,False,none
PE-EMP-00276-06,EMP-00276,2025-05-31,2025-06-29,148.6,0.0,7543.0,1975.55,5567.45,WA,False,none
PE-EMP-00277-01,EMP-00277,2025-01-01,2025-01-30,143.5,0.0,8654.0,1989.67,6664.33,UK_national,False,none
PE-EMP-00277-02,EMP-00277,2025-01-31,2025-03-01,168.0,0.0,8654.0,1916.04,6737.96,UK_national,False,none
PE-EMP-00277-03,EMP-00277,2025-03-02,2025-03-31,149.8,0.0,8654.0,2274.43,6379.57,UK_national,False,none
PE-EMP-00277-04,EMP-00277,2025-04-01,2025-04-30,151.9,0.0,8654.0,2400.68,6253.32,UK_national,False,none
PE-EMP-00277-05,EMP-00277,2025-05-01,2025-05-30,149.4,0.0,8654.0,2359.38,6294.62,UK_national,False,none
PE-EMP-00277-06,EMP-00277,2025-05-31,2025-06-29,152.8,0.0,8654.0,1880.62,6773.38,UK_national,False,none
PE-EMP-00278-01,EMP-00278,2025-01-01,2025-01-30,155.5,2.4,4409.61,985.93,3423.68,DE_national,False,none
PE-EMP-00278-02,EMP-00278,2025-01-31,2025-03-01,148.0,9.9,4710.88,1168.43,3542.45,DE_national,False,none
PE-EMP-00278-03,EMP-00278,2025-03-02,2025-03-31,157.8,10.5,4736.63,1296.84,3439.79,DE_national,False,none
PE-EMP-00278-04,EMP-00278,2025-04-01,2025-04-30,165.4,1.5,4371.15,825.11,3546.04,DE_national,False,none
PE-EMP-00278-05,EMP-00278,2025-05-01,2025-05-30,163.4,1.3,4365.34,792.93,3572.41,DE_national,False,none
PE-EMP-00278-06,EMP-00278,2025-05-31,2025-06-29,166.1,1.6,4373.85,1115.31,3258.54,DE_national,False,none
PE-EMP-00279-01,EMP-00279,2025-01-01,2025-01-30,157.5,0.0,8439.0,1978.72,6460.28,WA,False,none
PE-EMP-00279-02,EMP-00279,2025-01-31,2025-03-01,157.7,0.0,8439.0,1943.81,6495.19,WA,False,none
PE-EMP-00279-03,EMP-00279,2025-03-02,2025-03-31,162.6,0.0,8439.0,2082.5,6356.5,WA,False,none
PE-EMP-00279-04,EMP-00279,2025-04-01,2025-04-30,163.8,0.0,8439.0,1697.82,6741.18,WA,False,none
PE-EMP-00279-05,EMP-00279,2025-05-01,2025-05-30,161.8,0.0,8439.0,1984.51,6454.49,WA,False,none
PE-EMP-00279-06,EMP-00279,2025-05-31,2025-06-29,143.2,0.0,8439.0,2241.69,6197.31,WA,False,none
PE-EMP-00280-01,EMP-00280,2025-01-01,2025-01-30,166.6,0.0,7491.0,1611.02,5879.98,UK_national,False,none
PE-EMP-00280-02,EMP-00280,2025-01-31,2025-03-01,162.2,0.0,7491.0,1695.92,5795.08,UK_national,False,none
PE-EMP-00280-03,EMP-00280,2025-03-02,2025-03-31,165.4,0.0,7491.0,1831.44,5659.56,UK_national,False,none
PE-EMP-00280-04,EMP-00280,2025-04-01,2025-04-30,162.0,0.0,7491.0,1644.88,5846.12,UK_national,False,none
PE-EMP-00280-05,EMP-00280,2025-05-01,2025-05-30,166.3,0.0,7491.0,1934.32,5556.68,UK_national,False,none
PE-EMP-00280-06,EMP-00280,2025-05-31,2025-06-29,154.2,0.0,7491.0,1548.85,5942.15,UK_national,True,rule_override
PE-EMP-00281-01,EMP-00281,2025-01-01,2025-01-30,158.4,0.0,7699.0,1622.48,6076.52,CA,False,none
PE-EMP-00281-02,EMP-00281,2025-01-31,2025-03-01,165.3,0.0,7699.0,2085.92,5613.08,CA,False,none
PE-EMP-00281-03,EMP-00281,2025-03-02,2025-03-31,158.9,0.0,7699.0,1389.02,6309.98,CA,False,none
PE-EMP-00281-04,EMP-00281,2025-04-01,2025-04-30,165.5,0.0,7699.0,1410.98,6288.02,CA,False,none
PE-EMP-00281-05,EMP-00281,2025-05-01,2025-05-30,140.7,0.0,7699.0,1994.43,5704.57,CA,False,none
PE-EMP-00281-06,EMP-00281,2025-05-31,2025-06-29,163.5,0.0,7699.0,1785.37,5913.63,CA,False,none
PE-EMP-00282-01,EMP-00282,2025-01-01,2025-01-30,160.8,0.0,8765.0,1855.96,6909.04,WA,False,none
PE-EMP-00282-02,EMP-00282,2025-01-31,2025-03-01,144.8,0.0,8765.0,2079.22,6685.78,WA,False,none
PE-EMP-00282-03,EMP-00282,2025-03-02,2025-03-31,152.0,0.0,8765.0,2064.81,6700.19,WA,False,none
PE-EMP-00282-04,EMP-00282,2025-04-01,2025-04-30,151.0,0.0,8765.0,2117.86,6647.14,WA,False,none
PE-EMP-00282-05,EMP-00282,2025-05-01,2025-05-30,151.0,0.0,8765.0,1622.91,7142.09,WA,False,none
PE-EMP-00282-06,EMP-00282,2025-05-31,2025-06-29,166.1,0.0,8765.0,1953.81,6811.19,WA,False,none
PE-EMP-00283-01,EMP-00283,2025-01-01,2025-01-30,166.3,0.0,7450.0,1631.86,5818.14,FL,False,none
PE-EMP-00283-02,EMP-00283,2025-01-31,2025-03-01,160.4,0.0,7450.0,1641.32,5808.68,FL,False,none
PE-EMP-00283-03,EMP-00283,2025-03-02,2025-03-31,148.9,0.0,7450.0,1459.04,5990.96,FL,False,none
PE-EMP-00283-04,EMP-00283,2025-04-01,2025-04-30,146.5,0.0,7450.0,1869.97,5580.03,FL,False,none
PE-EMP-00283-05,EMP-00283,2025-05-01,2025-05-30,143.5,0.0,7450.0,1429.19,6020.81,FL,False,none
PE-EMP-00283-06,EMP-00283,2025-05-31,2025-06-29,156.2,0.0,7450.0,1633.05,5816.95,FL,False,none
PE-EMP-00284-01,EMP-00284,2025-01-01,2025-01-30,161.3,0.0,7660.0,2080.97,5579.03,CA,False,none
PE-EMP-00284-02,EMP-00284,2025-01-31,2025-03-01,163.4,0.0,7660.0,1500.63,6159.37,CA,False,none
PE-EMP-00284-03,EMP-00284,2025-03-02,2025-03-31,149.0,0.0,7660.0,1450.23,6209.77,CA,False,none
PE-EMP-00284-04,EMP-00284,2025-04-01,2025-04-30,140.7,0.0,7660.0,1387.64,6272.36,CA,False,none
PE-EMP-00284-05,EMP-00284,2025-05-01,2025-05-30,161.6,0.0,7660.0,1496.04,6163.96,CA,False,none
PE-EMP-00284-06,EMP-00284,2025-05-31,2025-06-29,157.3,0.0,7660.0,1795.25,5864.75,CA,False,none
PE-EMP-00285-01,EMP-00285,2025-01-01,2025-01-30,167.2,0.0,7346.0,1742.32,5603.68,DE_national,False,none
PE-EMP-00285-02,EMP-00285,2025-01-31,2025-03-01,140.7,0.0,7346.0,1861.6,5484.4,DE_national,False,none
PE-EMP-00285-03,EMP-00285,2025-03-02,2025-03-31,167.5,0.0,7346.0,1788.36,5557.64,DE_national,False,none
PE-EMP-00285-04,EMP-00285,2025-04-01,2025-04-30,161.8,0.0,7346.0,1459.32,5886.68,DE_national,False,none
PE-EMP-00285-05,EMP-00285,2025-05-01,2025-05-30,158.3,0.0,7346.0,1485.18,5860.82,DE_national,False,none
PE-EMP-00285-06,EMP-00285,2025-05-31,2025-06-29,145.4,0.0,7346.0,1939.68,5406.32,DE_national,False,none
PE-EMP-00286-01,EMP-00286,2025-01-01,2025-01-30,160.3,12.1,7015.04,1527.95,5487.09,CA,False,none
PE-EMP-00286-02,EMP-00286,2025-01-31,2025-03-01,147.3,0.8,6345.85,1194.9,5150.95,CA,False,none
PE-EMP-00286-03,EMP-00286,2025-03-02,2025-03-31,144.0,0.3,6320.5,1760.13,4560.37,CA,False,none
PE-EMP-00286-04,EMP-00286,2025-04-01,2025-04-30,164.3,1.7,6398.28,1744.94,4653.34,CA,False,none
PE-EMP-00286-05,EMP-00286,2025-05-01,2025-05-30,143.4,2.1,6425.66,1324.97,5100.69,CA,False,none
PE-EMP-00286-06,EMP-00286,2025-05-31,2025-06-29,145.1,1.2,6368.56,1684.24,4684.32,CA,False,none
PE-EMP-00287-01,EMP-00287,2025-01-01,2025-01-30,165.6,0.0,8955.0,1798.14,7156.86,federal,False,none
PE-EMP-00287-02,EMP-00287,2025-01-31,2025-03-01,142.8,0.0,8955.0,2324.22,6630.78,federal,False,none
PE-EMP-00287-03,EMP-00287,2025-03-02,2025-03-31,151.6,0.0,8955.0,2047.58,6907.42,federal,False,none
PE-EMP-00287-04,EMP-00287,2025-04-01,2025-04-30,157.5,0.0,8955.0,1800.22,7154.78,federal,False,none
PE-EMP-00287-05,EMP-00287,2025-05-01,2025-05-30,151.8,0.0,8955.0,2408.64,6546.36,federal,False,none
PE-EMP-00287-06,EMP-00287,2025-05-31,2025-06-29,157.7,0.0,8955.0,2015.66,6939.34,federal,False,none
PE-EMP-00288-01,EMP-00288,2025-01-01,2025-01-30,144.5,0.0,7337.0,1539.86,5797.14,WA,False,none
PE-EMP-00288-02,EMP-00288,2025-01-31,2025-03-01,165.3,0.0,7337.0,1804.66,5532.34,WA,False,none
PE-EMP-00288-03,EMP-00288,2025-03-02,2025-03-31,157.7,0.0,7337.0,1947.83,5389.17,WA,False,none
PE-EMP-00288-04,EMP-00288,2025-04-01,2025-04-30,143.3,0.0,7337.0,1572.18,5764.82,WA,False,none
PE-EMP-00288-05,EMP-00288,2025-05-01,2025-05-30,149.7,0.0,7337.0,2050.63,5286.37,WA,False,none
PE-EMP-00288-06,EMP-00288,2025-05-31,2025-06-29,156.8,0.0,7337.0,1324.34,6012.66,WA,False,none
PE-EMP-00289-01,EMP-00289,2025-01-01,2025-01-30,154.6,0.0,6979.0,1433.84,5545.16,federal,False,none
PE-EMP-00289-02,EMP-00289,2025-01-31,2025-03-01,143.4,0.0,6979.0,1679.22,5299.78,federal,False,none
PE-EMP-00289-03,EMP-00289,2025-03-02,2025-03-31,155.0,0.0,6979.0,1617.73,5361.27,federal,False,none
PE-EMP-00289-04,EMP-00289,2025-04-01,2025-04-30,161.3,0.0,6979.0,1407.18,5571.82,federal,False,none
PE-EMP-00289-05,EMP-00289,2025-05-01,2025-05-30,150.2,0.0,6979.0,1883.33,5095.67,federal,False,none
PE-EMP-00289-06,EMP-00289,2025-05-31,2025-06-29,140.8,0.0,6979.0,1352.92,5626.08,federal,False,none
PE-EMP-00290-01,EMP-00290,2025-01-01,2025-01-30,142.3,0.0,7616.0,1897.6,5718.4,DE_national,False,none
PE-EMP-00290-02,EMP-00290,2025-01-31,2025-03-01,143.5,0.0,7616.0,1579.3,6036.7,DE_national,False,none
PE-EMP-00290-03,EMP-00290,2025-03-02,2025-03-31,145.6,0.0,7616.0,1440.92,6175.08,DE_national,False,none
PE-EMP-00290-04,EMP-00290,2025-04-01,2025-04-30,159.8,0.0,7616.0,1867.39,5748.61,DE_national,False,none
PE-EMP-00290-05,EMP-00290,2025-05-01,2025-05-30,153.1,0.0,7616.0,1987.02,5628.98,DE_national,False,none
PE-EMP-00290-06,EMP-00290,2025-05-31,2025-06-29,152.2,0.0,7616.0,2091.62,5524.38,DE_national,False,none
PE-EMP-00291-01,EMP-00291,2025-01-01,2025-01-30,165.8,0.0,7076.0,1450.65,5625.35,DE_national,False,none
PE-EMP-00291-02,EMP-00291,2025-01-31,2025-03-01,145.5,0.0,7076.0,1872.33,5203.67,DE_national,False,none
PE-EMP-00291-03,EMP-00291,2025-03-02,2025-03-31,160.1,0.0,7076.0,1954.3,5121.7,DE_national,False,none
PE-EMP-00291-04,EMP-00291,2025-04-01,2025-04-30,142.9,0.0,7076.0,1834.92,5241.08,DE_national,False,none
PE-EMP-00291-05,EMP-00291,2025-05-01,2025-05-30,156.5,0.0,7076.0,1390.9,5685.1,DE_national,False,none
PE-EMP-00291-06,EMP-00291,2025-05-31,2025-06-29,145.8,0.0,7076.0,1784.61,5291.39,DE_national,False,none
PE-EMP-00292-01,EMP-00292,2025-01-01,2025-01-30,152.1,0.0,7140.0,1603.76,5536.24,NY,False,none
PE-EMP-00292-02,EMP-00292,2025-01-31,2025-03-01,156.7,0.0,7140.0,1479.18,5660.82,NY,False,none
PE-EMP-00292-03,EMP-00292,2025-03-02,2025-03-31,148.9,0.0,7140.0,1362.0,5778.0,NY,False,none
PE-EMP-00292-04,EMP-00292,2025-04-01,2025-04-30,150.7,0.0,7140.0,1427.8,5712.2,NY,False,none
PE-EMP-00292-05,EMP-00292,2025-05-01,2025-05-30,149.9,0.0,7140.0,1926.3,5213.7,NY,False,none
PE-EMP-00292-06,EMP-00292,2025-05-31,2025-06-29,162.9,0.0,7140.0,1606.07,5533.93,NY,False,none
PE-EMP-00293-01,EMP-00293,2025-01-01,2025-01-30,164.9,14.4,6900.31,1416.68,5483.63,NY,False,none
PE-EMP-00293-02,EMP-00293,2025-01-31,2025-03-01,151.5,9.1,6597.4,1766.29,4831.11,NY,False,none
PE-EMP-00293-03,EMP-00293,2025-03-02,2025-03-31,166.6,8.0,6534.65,1436.52,5098.13,NY,False,none
PE-EMP-00293-04,EMP-00293,2025-04-01,2025-04-30,143.2,12.1,6772.84,1509.93,5262.91,NY,False,none
PE-EMP-00293-05,EMP-00293,2025-05-01,2025-05-30,145.2,3.7,6290.78,1267.71,5023.07,NY,False,none
PE-EMP-00293-06,EMP-00293,2025-05-31,2025-06-29,150.4,2.2,6205.03,1312.02,4893.01,NY,False,none
PE-EMP-00294-01,EMP-00294,2025-01-01,2025-01-30,140.3,0.0,6870.0,1709.46,5160.54,UK_national,False,none
PE-EMP-00294-02,EMP-00294,2025-01-31,2025-03-01,160.1,0.0,6870.0,1383.46,5486.54,UK_national,False,none
PE-EMP-00294-03,EMP-00294,2025-03-02,2025-03-31,155.9,0.0,6870.0,1457.51,5412.49,UK_national,False,none
PE-EMP-00294-04,EMP-00294,2025-04-01,2025-04-30,146.5,0.0,6870.0,1282.1,5587.9,UK_national,False,none
PE-EMP-00294-05,EMP-00294,2025-05-01,2025-05-30,147.9,0.0,6870.0,1382.36,5487.64,UK_national,False,none
PE-EMP-00294-06,EMP-00294,2025-05-31,2025-06-29,146.1,0.0,6870.0,1621.98,5248.02,UK_national,False,none
PE-EMP-00295-01,EMP-00295,2025-01-01,2025-01-30,160.1,0.0,7329.0,2012.74,5316.26,federal,False,none
PE-EMP-00295-02,EMP-00295,2025-01-31,2025-03-01,162.6,0.0,7329.0,1811.25,5517.75,federal,False,none
PE-EMP-00295-03,EMP-00295,2025-03-02,2025-03-31,156.1,0.0,7329.0,1792.87,5536.13,federal,False,none
PE-EMP-00295-04,EMP-00295,2025-04-01,2025-04-30,159.1,0.0,7329.0,1638.18,5690.82,federal,False,none
PE-EMP-00295-05,EMP-00295,2025-05-01,2025-05-30,162.8,0.0,7329.0,1464.44,5864.56,federal,False,none
PE-EMP-00295-06,EMP-00295,2025-05-31,2025-06-29,141.4,0.0,7329.0,1681.22,5647.78,federal,False,none
PE-EMP-00296-01,EMP-00296,2025-01-01,2025-01-30,141.3,0.0,7072.0,1467.03,5604.97,UK_national,False,none
PE-EMP-00296-02,EMP-00296,2025-01-31,2025-03-01,143.3,0.0,7072.0,1593.17,5478.83,UK_national,False,none
PE-EMP-00296-03,EMP-00296,2025-03-02,2025-03-31,156.8,0.0,7072.0,1691.04,5380.96,UK_national,False,none
PE-EMP-00296-04,EMP-00296,2025-04-01,2025-04-30,146.6,0.0,7072.0,1288.0,5784.0,UK_national,False,none
PE-EMP-00296-05,EMP-00296,2025-05-01,2025-05-30,140.5,0.0,7072.0,1826.91,5245.09,UK_national,False,none
PE-EMP-00296-06,EMP-00296,2025-05-31,2025-06-29,156.1,0.0,7072.0,1276.25,5795.75,UK_national,False,none
PE-EMP-00297-01,EMP-00297,2025-01-01,2025-01-30,152.9,2.0,6146.23,1700.57,4445.66,DE_national,False,none
PE-EMP-00297-02,EMP-00297,2025-01-31,2025-03-01,141.0,8.0,6487.74,1510.03,4977.71,DE_national,False,none
PE-EMP-00297-03,EMP-00297,2025-03-02,2025-03-31,149.4,0.2,6048.81,1373.02,4675.79,DE_national,False,none
PE-EMP-00297-04,EMP-00297,2025-04-01,2025-04-30,163.2,6.2,6387.27,1341.96,5045.31,DE_national,False,none
PE-EMP-00297-05,EMP-00297,2025-05-01,2025-05-30,148.9,5.2,6328.49,1189.61,5138.88,DE_national,False,none
PE-EMP-00297-06,EMP-00297,2025-05-31,2025-06-29,161.7,7.4,6454.09,1192.12,5261.97,DE_national,False,none
PE-EMP-00298-01,EMP-00298,2025-01-01,2025-01-30,148.4,0.0,8392.0,2336.3,6055.7,federal,False,none
PE-EMP-00298-02,EMP-00298,2025-01-31,2025-03-01,153.8,0.0,8392.0,2048.57,6343.43,federal,False,none
PE-EMP-00298-03,EMP-00298,2025-03-02,2025-03-31,165.5,0.0,8392.0,2218.07,6173.93,federal,False,none
PE-EMP-00298-04,EMP-00298,2025-04-01,2025-04-30,166.3,0.0,8392.0,1596.78,6795.22,federal,False,none
PE-EMP-00298-05,EMP-00298,2025-05-01,2025-05-30,146.3,0.0,8392.0,2203.28,6188.72,federal,False,none
PE-EMP-00298-06,EMP-00298,2025-05-31,2025-06-29,143.9,0.0,8392.0,2344.34,6047.66,federal,False,none
PE-EMP-00299-01,EMP-00299,2025-01-01,2025-01-30,164.1,0.0,8380.0,2115.32,6264.68,federal,False,none
PE-EMP-00299-02,EMP-00299,2025-01-31,2025-03-01,146.3,0.0,8380.0,1582.16,6797.84,federal,False,none
PE-EMP-00299-03,EMP-00299,2025-03-02,2025-03-31,160.3,0.0,8380.0,2189.09,6190.91,federal,False,none
PE-EMP-00299-04,EMP-00299,2025-04-01,2025-04-30,162.9,0.0,8380.0,1958.87,6421.13,federal,False,none
PE-EMP-00299-05,EMP-00299,2025-05-01,2025-05-30,140.1,0.0,8380.0,2085.15,6294.85,federal,True,ghost_employee
PE-EMP-00299-06,EMP-00299,2025-05-31,2025-06-29,141.5,0.0,8380.0,2248.62,6131.38,federal,False,none
PE-EMP-00300-01,EMP-00300,2025-01-01,2025-01-30,141.2,0.0,8321.0,1537.72,6783.28,UK_national,False,none
PE-EMP-00300-02,EMP-00300,2025-01-31,2025-03-01,148.5,0.0,8321.0,1717.23,6603.77,UK_national,False,none
PE-EMP-00300-03,EMP-00300,2025-03-02,2025-03-31,159.3,0.0,8321.0,2156.49,6164.51,UK_national,False,none
PE-EMP-00300-04,EMP-00300,2025-04-01,2025-04-30,150.6,0.0,8321.0,2079.14,6241.86,UK_national,False,none
PE-EMP-00300-05,EMP-00300,2025-05-01,2025-05-30,165.9,0.0,8321.0,1983.27,6337.73,UK_national,False,none
PE-EMP-00300-06,EMP-00300,2025-05-31,2025-06-29,143.4,0.0,8321.0,1763.5,6557.5,UK_national,False,none
PE-EMP-00301-01,EMP-00301,2025-01-01,2025-01-30,144.1,8.8,7045.84,1867.26,5178.58,TX,False,none
PE-EMP-00301-02,EMP-00301,2025-01-31,2025-03-01,165.1,9.6,7094.15,1751.0,5343.15,TX,False,none
PE-EMP-00301-03,EMP-00301,2025-03-02,2025-03-31,154.6,3.6,6731.23,1533.32,5197.91,TX,False,none
PE-EMP-00301-04,EMP-00301,2025-04-01,2025-04-30,153.7,4.2,6767.87,1741.13,5026.74,TX,False,none
PE-EMP-00301-05,EMP-00301,2025-05-01,2025-05-30,153.5,1.4,6595.05,1692.42,4902.63,TX,False,none
PE-EMP-00301-06,EMP-00301,2025-05-31,2025-06-29,159.9,5.3,6834.22,1801.19,5033.03,TX,False,none
PE-EMP-00302-01,EMP-00302,2025-01-01,2025-01-30,146.8,9.7,4822.23,1280.72,3541.51,WA,False,none
PE-EMP-00302-02,EMP-00302,2025-01-31,2025-03-01,159.5,1.1,4466.71,1024.93,3441.78,WA,False,none
PE-EMP-00302-03,EMP-00302,2025-03-02,2025-03-31,145.9,10.1,4836.76,1097.05,3739.71,WA,False,none
PE-EMP-00302-04,EMP-00302,2025-04-01,2025-04-30,150.8,7.3,4723.1,1010.96,3712.14,WA,False,none
PE-EMP-00302-05,EMP-00302,2025-05-01,2025-05-30,162.8,11.4,4893.38,1132.29,3761.09,WA,False,none
PE-EMP-00302-06,EMP-00302,2025-05-31,2025-06-29,148.8,14.2,5006.99,1256.01,3750.98,WA,False,none
PE-EMP-00303-01,EMP-00303,2025-01-01,2025-01-30,158.3,12.7,6855.24,1306.38,5548.86,FL,False,none
PE-EMP-00303-02,EMP-00303,2025-01-31,2025-03-01,143.6,13.8,6914.58,1511.23,5403.35,FL,False,none
PE-EMP-00303-03,EMP-00303,2025-03-02,2025-03-31,152.7,9.3,6659.44,1333.9,5325.54,FL,False,none
PE-EMP-00303-04,EMP-00303,2025-04-01,2025-04-30,151.2,1.0,6184.12,1374.79,4809.33,FL,False,none
PE-EMP-00303-05,EMP-00303,2025-05-01,2025-05-30,159.2,14.3,6944.55,1650.89,5293.66,FL,False,none
PE-EMP-00303-06,EMP-00303,2025-05-31,2025-06-29,142.9,6.9,6522.03,1243.86,5278.17,FL,False,none
PE-EMP-00304-01,EMP-00304,2025-01-01,2025-01-30,143.1,0.0,8089.0,1469.44,6619.56,DE_national,False,none
PE-EMP-00304-02,EMP-00304,2025-01-31,2025-03-01,152.9,0.0,8089.0,1671.8,6417.2,DE_national,False,none
PE-EMP-00304-03,EMP-00304,2025-03-02,2025-03-31,153.3,0.0,8089.0,1885.45,6203.55,DE_national,False,none
PE-EMP-00304-04,EMP-00304,2025-04-01,2025-04-30,149.9,0.0,8089.0,1551.73,6537.27,DE_national,False,none
PE-EMP-00304-05,EMP-00304,2025-05-01,2025-05-30,155.4,0.0,8089.0,1742.72,6346.28,DE_national,False,none
PE-EMP-00304-06,EMP-00304,2025-05-31,2025-06-29,145.9,0.0,8089.0,1777.1,6311.9,DE_national,False,none
PE-EMP-00305-01,EMP-00305,2025-01-01,2025-01-30,152.1,0.0,7571.0,1615.45,5955.55,WA,False,none
PE-EMP-00305-02,EMP-00305,2025-01-31,2025-03-01,152.4,0.0,7571.0,1642.74,5928.26,WA,False,none
PE-EMP-00305-03,EMP-00305,2025-03-02,2025-03-31,141.4,0.0,7571.0,1652.39,5918.61,WA,False,none
PE-EMP-00305-04,EMP-00305,2025-04-01,2025-04-30,166.0,0.0,7571.0,1509.61,6061.39,WA,False,none
PE-EMP-00305-05,EMP-00305,2025-05-01,2025-05-30,145.3,0.0,7571.0,1496.52,6074.48,WA,False,none
PE-EMP-00305-06,EMP-00305,2025-05-31,2025-06-29,147.7,0.0,7571.0,1822.68,5748.32,WA,False,none
PE-EMP-00306-01,EMP-00306,2025-01-01,2025-01-30,154.5,1.6,6300.27,1165.47,5134.8,NY,False,none
PE-EMP-00306-02,EMP-00306,2025-01-31,2025-03-01,147.0,1.7,6301.93,1206.94,5094.99,NY,False,none
PE-EMP-00306-03,EMP-00306,2025-03-02,2025-03-31,165.1,8.6,6706.93,1367.39,5339.54,NY,False,none
PE-EMP-00306-04,EMP-00306,2025-04-01,2025-04-30,154.9,4.1,6445.36,1729.03,4716.33,NY,False,none
PE-EMP-00306-05,EMP-00306,2025-05-01,2025-05-30,159.6,6.1,6558.01,1438.1,5119.91,NY,False,none
PE-EMP-00306-06,EMP-00306,2025-05-31,2025-06-29,146.2,12.4,6924.06,1725.26,5198.8,NY,False,none
PE-EMP-00307-01,EMP-00307,2025-01-01,2025-01-30,153.9,2.6,6724.94,1347.39,5377.55,federal,False,none
PE-EMP-00307-02,EMP-00307,2025-01-31,2025-03-01,157.8,10.6,7218.84,1507.28,5711.56,federal,False,none
PE-EMP-00307-03,EMP-00307,2025-03-02,2025-03-31,140.1,2.8,6737.92,1824.48,4913.44,federal,True,rule_override
PE-EMP-00307-04,EMP-00307,2025-04-01,2025-04-30,157.4,11.1,7249.54,1922.99,5326.55,federal,False,none
PE-EMP-00307-05,EMP-00307,2025-05-01,2025-05-30,159.3,2.6,6724.21,1668.57,5055.64,federal,False,none
PE-EMP-00307-06,EMP-00307,2025-05-31,2025-06-29,144.7,5.0,6873.74,1550.18,5323.56,federal,False,none
PE-EMP-00308-01,EMP-00308,2025-01-01,2025-01-30,166.9,0.0,6767.0,1668.76,5098.24,NY,False,none
PE-EMP-00308-02,EMP-00308,2025-01-31,2025-03-01,152.0,0.0,6767.0,1232.15,5534.85,NY,False,none
PE-EMP-00308-03,EMP-00308,2025-03-02,2025-03-31,167.3,0.0,6767.0,1814.41,4952.59,NY,False,none
PE-EMP-00308-04,EMP-00308,2025-04-01,2025-04-30,144.8,0.0,6767.0,1732.53,5034.47,NY,False,none
PE-EMP-00308-05,EMP-00308,2025-05-01,2025-05-30,140.3,0.0,6767.0,1456.36,5310.64,NY,False,none
PE-EMP-00308-06,EMP-00308,2025-05-31,2025-06-29,153.3,0.0,6767.0,1218.74,5548.26,NY,False,none
PE-EMP-00309-01,EMP-00309,2025-01-01,2025-01-30,164.5,7.1,4844.9,893.97,3950.93,UK_national,False,none
PE-EMP-00309-02,EMP-00309,2025-01-31,2025-03-01,140.5,10.2,4977.45,1040.61,3936.84,UK_national,False,none
PE-EMP-00309-03,EMP-00309,2025-03-02,2025-03-31,146.4,7.5,4864.44,1242.86,3621.58,UK_national,False,none
PE-EMP-00309-04,EMP-00309,2025-04-01,2025-04-30,161.7,1.5,4606.88,1199.58,3407.3,UK_national,False,none
PE-EMP-00309-05,EMP-00309,2025-05-01,2025-05-30,149.4,7.4,4856.46,1044.52,3811.94,UK_national,False,none
PE-EMP-00309-06,EMP-00309,2025-05-31,2025-06-29,155.3,10.0,4966.82,1019.95,3946.87,UK_national,False,none
PE-EMP-00310-01,EMP-00310,2025-01-01,2025-01-30,152.8,0.0,8460.0,2223.08,6236.92,NY,False,none
PE-EMP-00310-02,EMP-00310,2025-01-31,2025-03-01,148.4,0.0,8460.0,1805.14,6654.86,NY,False,none
PE-EMP-00310-03,EMP-00310,2025-03-02,2025-03-31,154.5,0.0,8460.0,2084.49,6375.51,NY,False,none
PE-EMP-00310-04,EMP-00310,2025-04-01,2025-04-30,164.2,0.0,8460.0,2236.57,6223.43,NY,False,none
PE-EMP-00310-05,EMP-00310,2025-05-01,2025-05-30,153.6,0.0,8460.0,1751.17,6708.83,NY,False,none
PE-EMP-00310-06,EMP-00310,2025-05-31,2025-06-29,154.5,0.0,8460.0,2064.07,6395.93,NY,False,none
PE-EMP-00311-01,EMP-00311,2025-01-01,2025-01-30,144.1,0.0,8086.0,1787.26,6298.74,TX,False,none
PE-EMP-00311-02,EMP-00311,2025-01-31,2025-03-01,146.2,0.0,8086.0,2259.3,5826.7,TX,False,none
PE-EMP-00311-03,EMP-00311,2025-03-02,2025-03-31,150.0,0.0,8086.0,1480.47,6605.53,TX,False,none
PE-EMP-00311-04,EMP-00311,2025-04-01,2025-04-30,156.2,0.0,8086.0,2018.11,6067.89,TX,False,none
PE-EMP-00311-05,EMP-00311,2025-05-01,2025-05-30,152.1,0.0,8086.0,1622.3,6463.7,TX,False,none
PE-EMP-00311-06,EMP-00311,2025-05-31,2025-06-29,142.5,0.0,8086.0,2199.92,5886.08,TX,False,none
PE-EMP-00312-01,EMP-00312,2025-01-01,2025-01-30,150.6,1.6,4071.88,844.48,3227.4,TX,False,none
PE-EMP-00312-02,EMP-00312,2025-01-31,2025-03-01,157.6,8.2,4318.36,1171.31,3147.05,TX,False,none
PE-EMP-00312-03,EMP-00312,2025-03-02,2025-03-31,167.6,13.1,4505.16,889.75,3615.41,TX,False,none
PE-EMP-00312-04,EMP-00312,2025-04-01,2025-04-30,165.5,5.2,4207.76,896.76,3311.0,TX,False,none
PE-EMP-00312-05,EMP-00312,2025-05-01,2025-05-30,156.5,14.2,4544.17,943.48,3600.69,TX,False,none
PE-EMP-00312-06,EMP-00312,2025-05-31,2025-06-29,145.3,8.7,4337.87,1085.26,3252.61,TX,False,none
PE-EMP-00313-01,EMP-00313,2025-01-01,2025-01-30,163.4,1.8,7090.52,1840.23,5250.29,federal,False,none
PE-EMP-00313-02,EMP-00313,2025-01-31,2025-03-01,155.9,11.9,7746.8,1663.24,6083.56,federal,False,none
PE-EMP-00313-03,EMP-00313,2025-03-02,2025-03-31,143.1,0.1,6978.17,1903.11,5075.06,federal,False,none
PE-EMP-00313-04,EMP-00313,2025-04-01,2025-04-30,144.1,10.2,7637.41,1774.31,5863.1,federal,False,none
PE-EMP-00313-05,EMP-00313,2025-05-01,2025-05-30,148.1,8.4,7517.07,1475.31,6041.76,federal,False,none
PE-EMP-00313-06,EMP-00313,2025-05-31,2025-06-29,153.6,1.0,7033.33,1473.29,5560.04,federal,False,none
PE-EMP-00314-01,EMP-00314,2025-01-01,2025-01-30,152.7,0.0,7350.0,1482.73,5867.27,FL,False,none
PE-EMP-00314-02,EMP-00314,2025-01-31,2025-03-01,163.1,0.0,7350.0,1413.73,5936.27,FL,False,none
PE-EMP-00314-03,EMP-00314,2025-03-02,2025-03-31,153.7,0.0,7350.0,1326.74,6023.26,FL,False,none
PE-EMP-00314-04,EMP-00314,2025-04-01,2025-04-30,149.9,0.0,7350.0,1936.07,5413.93,FL,False,none
PE-EMP-00314-05,EMP-00314,2025-05-01,2025-05-30,141.4,0.0,7350.0,1424.22,5925.78,FL,False,none
PE-EMP-00314-06,EMP-00314,2025-05-31,2025-06-29,164.6,0.0,7350.0,1900.17,5449.83,FL,False,none
PE-EMP-00315-01,EMP-00315,2025-01-01,2025-01-30,154.1,0.0,7214.0,1990.0,5224.0,NY,False,none
PE-EMP-00315-02,EMP-00315,2025-01-31,2025-03-01,155.7,0.0,7214.0,1986.51,5227.49,NY,False,none
PE-EMP-00315-03,EMP-00315,2025-03-02,2025-03-31,160.0,0.0,7214.0,1401.42,5812.58,NY,False,none
PE-EMP-00315-04,EMP-00315,2025-04-01,2025-04-30,160.5,0.0,7214.0,1610.2,5603.8,NY,False,none
PE-EMP-00315-05,EMP-00315,2025-05-01,2025-05-30,165.7,0.0,7214.0,1508.3,5705.7,NY,False,none
PE-EMP-00315-06,EMP-00315,2025-05-31,2025-06-29,140.9,0.0,7214.0,1971.54,5242.46,NY,False,none
PE-EMP-00316-01,EMP-00316,2025-01-01,2025-01-30,147.0,0.0,8162.0,2022.95,6139.05,federal,False,none
PE-EMP-00316-02,EMP-00316,2025-01-31,2025-03-01,150.8,0.0,8162.0,1794.92,6367.08,federal,False,none
PE-EMP-00316-03,EMP-00316,2025-03-02,2025-03-31,165.3,0.0,8162.0,2198.05,5963.95,federal,False,none
PE-EMP-00316-04,EMP-00316,2025-04-01,2025-04-30,165.8,0.0,8162.0,1956.46,6205.54,federal,False,none
PE-EMP-00316-05,EMP-00316,2025-05-01,2025-05-30,144.9,0.0,8162.0,1824.87,6337.13,federal,False,none
PE-EMP-00316-06,EMP-00316,2025-05-31,2025-06-29,164.5,0.0,8162.0,2125.7,6036.3,federal,False,none
PE-EMP-00317-01,EMP-00317,2025-01-01,2025-01-30,143.9,0.0,8971.0,2303.45,6667.55,CA,False,none
PE-EMP-00317-02,EMP-00317,2025-01-31,2025-03-01,147.0,0.0,8971.0,1988.25,6982.75,CA,False,none
PE-EMP-00317-03,EMP-00317,2025-03-02,2025-03-31,145.6,0.0,8971.0,1888.39,7082.61,CA,False,none
PE-EMP-00317-04,EMP-00317,2025-04-01,2025-04-30,148.3,0.0,8971.0,2446.5,6524.5,CA,False,none
PE-EMP-00317-05,EMP-00317,2025-05-01,2025-05-30,152.9,0.0,8971.0,1779.28,7191.72,CA,False,none
PE-EMP-00317-06,EMP-00317,2025-05-31,2025-06-29,161.9,0.0,8971.0,2362.83,6608.17,CA,False,none
PE-EMP-00318-01,EMP-00318,2025-01-01,2025-01-30,142.7,0.0,7209.0,1677.23,5531.77,CA,False,none
PE-EMP-00318-02,EMP-00318,2025-01-31,2025-03-01,159.4,0.0,7209.0,1660.82,5548.18,CA,False,none
PE-EMP-00318-03,EMP-00318,2025-03-02,2025-03-31,159.2,0.0,7209.0,1555.38,5653.62,CA,False,none
PE-EMP-00318-04,EMP-00318,2025-04-01,2025-04-30,149.9,0.0,7209.0,1633.96,5575.04,CA,False,none
PE-EMP-00318-05,EMP-00318,2025-05-01,2025-05-30,166.9,0.0,7209.0,1630.16,5578.84,CA,False,none
PE-EMP-00318-06,EMP-00318,2025-05-31,2025-06-29,165.6,0.0,7209.0,1316.67,5892.33,CA,False,none
PE-EMP-00319-01,EMP-00319,2025-01-01,2025-01-30,161.5,0.0,7524.0,1420.85,6103.15,FL,False,none
PE-EMP-00319-02,EMP-00319,2025-01-31,2025-03-01,143.9,0.0,7524.0,2036.63,5487.37,FL,False,none
PE-EMP-00319-03,EMP-00319,2025-03-02,2025-03-31,162.0,0.0,7524.0,1790.95,5733.05,FL,False,none
PE-EMP-00319-04,EMP-00319,2025-04-01,2025-04-30,150.4,0.0,7524.0,1821.48,5702.52,FL,False,none
PE-EMP-00319-05,EMP-00319,2025-05-01,2025-05-30,165.2,0.0,7524.0,2014.78,5509.22,FL,False,none
PE-EMP-00319-06,EMP-00319,2025-05-31,2025-06-29,141.5,0.0,7524.0,1990.18,5533.82,FL,False,none
PE-EMP-00320-01,EMP-00320,2025-01-01,2025-01-30,143.5,0.0,6861.0,1694.72,5166.28,CA,False,none
PE-EMP-00320-02,EMP-00320,2025-01-31,2025-03-01,153.0,0.0,6861.0,1758.47,5102.53,CA,False,none
PE-EMP-00320-03,EMP-00320,2025-03-02,2025-03-31,154.5,0.0,6861.0,1810.75,5050.25,CA,False,none
PE-EMP-00320-04,EMP-00320,2025-04-01,2025-04-30,142.4,0.0,6861.0,1420.35,5440.65,CA,False,none
PE-EMP-00320-05,EMP-00320,2025-05-01,2025-05-30,167.6,0.0,6861.0,1308.43,5552.57,CA,False,none
PE-EMP-00320-06,EMP-00320,2025-05-31,2025-06-29,156.6,0.0,6861.0,1798.91,5062.09,CA,False,none
PE-EMP-00321-01,EMP-00321,2025-01-01,2025-01-30,155.8,10.4,4441.12,1183.25,3257.87,FL,False,none
PE-EMP-00321-02,EMP-00321,2025-01-31,2025-03-01,143.4,8.8,4380.79,1012.32,3368.47,FL,False,none
PE-EMP-00321-03,EMP-00321,2025-03-02,2025-03-31,160.1,10.5,4447.37,1030.13,3417.24,FL,False,none
PE-EMP-00321-04,EMP-00321,2025-04-01,2025-04-30,155.7,14.5,4598.62,890.48,3708.14,FL,False,none
PE-EMP-00321-05-DUP,EMP-00321,2025-05-01,2025-05-30,165.1,9.6,4412.13,862.47,3549.66,FL,True,duplicate_payment
PE-EMP-00321-06,EMP-00321,2025-05-31,2025-06-29,157.6,10.8,4457.37,1219.77,3237.6,FL,False,none
PE-EMP-00322-01,EMP-00322,2025-01-01,2025-01-30,162.6,9.4,7611.74,1522.88,6088.86,federal,False,none
PE-EMP-00322-02,EMP-00322,2025-01-31,2025-03-01,141.9,2.3,7148.59,1915.75,5232.84,federal,False,none
PE-EMP-00322-03,EMP-00322,2025-03-02,2025-03-31,154.6,3.7,7241.27,1378.45,5862.82,federal,False,none
PE-EMP-00322-04,EMP-00322,2025-04-01,2025-04-30,140.7,7.6,7495.76,1642.11,5853.65,federal,False,none
PE-EMP-00322-05,EMP-00322,2025-05-01,2025-05-30,165.9,4.5,7293.15,1665.55,5627.6,federal,False,none
PE-EMP-00322-06,EMP-00322,2025-05-31,2025-06-29,145.2,3.5,7229.19,1914.09,5315.1,federal,False,none
PE-EMP-00323-01,EMP-00323,2025-01-01,2025-01-30,147.3,9.2,6785.3,1519.32,5265.98,federal,False,none
PE-EMP-00323-02,EMP-00323,2025-01-31,2025-03-01,158.4,1.8,6355.23,1236.88,5118.35,federal,False,none
PE-EMP-00323-03,EMP-00323,2025-03-02,2025-03-31,140.6,2.1,6371.47,1621.28,4750.19,federal,False,none
PE-EMP-00323-04,EMP-00323,2025-04-01,2025-04-30,146.7,7.7,6696.36,1673.84,5022.52,federal,False,none
PE-EMP-00323-05,EMP-00323,2025-05-01,2025-05-30,145.6,7.2,6669.08,1393.47,5275.61,federal,False,none
PE-EMP-00323-06,EMP-00323,2025-05-31,2025-06-29,142.8,8.8,6764.22,1466.04,5298.18,federal,False,none
PE-EMP-00324-01-DUP,EMP-00324,2025-01-01,2025-01-30,147.7,0.0,8144.0,1780.13,6363.87,FL,True,duplicate_payment
PE-EMP-00324-02,EMP-00324,2025-01-31,2025-03-01,162.4,0.0,8144.0,1843.77,6300.23,FL,False,none
PE-EMP-00324-03,EMP-00324,2025-03-02,2025-03-31,162.8,0.0,8144.0,1586.59,6557.41,FL,False,none
PE-EMP-00324-04,EMP-00324,2025-04-01,2025-04-30,147.9,0.0,8144.0,1563.75,6580.25,FL,False,none
PE-EMP-00324-05,EMP-00324,2025-05-01,2025-05-30,150.9,0.0,8144.0,1938.71,6205.29,FL,False,none
PE-EMP-00324-06,EMP-00324,2025-05-31,2025-06-29,141.0,0.0,8144.0,1995.62,6148.38,FL,False,none
PE-EMP-00325-01,EMP-00325,2025-01-01,2025-01-30,158.4,0.0,8254.0,1852.59,6401.41,UK_national,False,none
PE-EMP-00325-02,EMP-00325,2025-01-31,2025-03-01,165.4,0.0,8254.0,1778.51,6475.49,UK_national,False,none
PE-EMP-00325-03,EMP-00325,2025-03-02,2025-03-31,143.9,0.0,8254.0,2214.07,6039.93,UK_national,False,none
PE-EMP-00325-04,EMP-00325,2025-04-01,2025-04-30,152.8,0.0,8254.0,1493.25,6760.75,UK_national,False,none
PE-EMP-00325-05,EMP-00325,2025-05-01,2025-05-30,144.4,0.0,8254.0,1898.95,6355.05,UK_national,False,none
PE-EMP-00325-06,EMP-00325,2025-05-31,2025-06-29,164.1,0.0,8254.0,1659.7,6594.3,UK_national,False,none
PE-EMP-00326-01,EMP-00326,2025-01-01,2025-01-30,165.3,0.0,7210.0,1676.37,5533.63,TX,False,none
PE-EMP-00326-02,EMP-00326,2025-01-31,2025-03-01,154.4,0.0,7210.0,1423.61,5786.39,TX,False,none
PE-EMP-00326-03,EMP-00326,2025-03-02,2025-03-31,144.2,0.0,7210.0,1770.73,5439.27,TX,False,none
PE-EMP-00326-04,EMP-00326,2025-04-01,2025-04-30,155.8,0.0,7210.0,1629.09,5580.91,TX,False,none
PE-EMP-00326-05,EMP-00326,2025-05-01,2025-05-30,164.0,0.0,7210.0,1398.77,5811.23,TX,False,none
PE-EMP-00326-06,EMP-00326,2025-05-31,2025-06-29,162.0,0.0,7210.0,1772.54,5437.46,TX,False,none
PE-EMP-00327-01,EMP-00327,2025-01-01,2025-01-30,165.9,1.0,3758.71,992.05,2766.66,DE_national,False,none
PE-EMP-00327-02,EMP-00327,2025-01-31,2025-03-01,153.5,14.4,4226.94,1016.93,3210.01,DE_national,False,none
PE-EMP-00327-03,EMP-00327,2025-03-02,2025-03-31,145.1,10.6,4093.93,944.46,3149.47,DE_national,False,none
PE-EMP-00327-04,EMP-00327,2025-04-01,2025-04-30,158.4,3.9,3858.72,963.82,2894.9,DE_national,False,none
PE-EMP-00327-05,EMP-00327,2025-05-01,2025-05-30,156.5,8.7,4027.04,960.24,3066.8,DE_national,False,none
PE-EMP-00327-06,EMP-00327,2025-05-31,2025-06-29,163.2,1.0,3758.38,687.6,3070.78,DE_national,False,none
PE-EMP-00328-01,EMP-00328,2025-01-01,2025-01-30,160.5,3.5,4437.01,1093.84,3343.17,FL,False,none
PE-EMP-00328-02,EMP-00328,2025-01-31,2025-03-01,154.0,10.2,4707.49,999.71,3707.78,FL,False,none
PE-EMP-00328-03,EMP-00328,2025-03-02,2025-03-31,146.5,11.6,4763.34,1294.33,3469.01,FL,False,none
PE-EMP-00328-04,EMP-00328,2025-04-01,2025-04-30,162.3,1.6,4360.71,1169.0,3191.71,FL,False,none
PE-EMP-00328-05,EMP-00328,2025-05-01,2025-05-30,160.4,5.8,4529.09,1256.06,3273.03,FL,False,none
PE-EMP-00328-06,EMP-00328,2025-05-31,2025-06-29,165.8,0.9,4334.42,888.77,3445.65,FL,False,none
PE-EMP-00329-01,EMP-00329,2025-01-01,2025-01-30,141.0,0.0,8611.0,2195.75,6415.25,DE_national,False,none
PE-EMP-00329-02,EMP-00329,2025-01-31,2025-03-01,152.4,0.0,8611.0,1872.31,6738.69,DE_national,False,none
PE-EMP-00329-03,EMP-00329,2025-03-02,2025-03-31,157.7,0.0,8611.0,1575.35,7035.65,DE_national,False,none
PE-EMP-00329-04,EMP-00329,2025-04-01,2025-04-30,144.9,0.0,8611.0,1642.69,6968.31,DE_national,False,none
PE-EMP-00329-05,EMP-00329,2025-05-01,2025-05-30,152.6,0.0,8611.0,1664.69,6946.31,DE_national,False,none
PE-EMP-00329-06,EMP-00329,2025-05-31,2025-06-29,157.8,0.0,8611.0,2029.15,6581.85,DE_national,False,none
PE-EMP-00330-01,EMP-00330,2025-01-01,2025-01-30,145.5,0.0,6837.0,1566.43,5270.57,UK_national,False,none
PE-EMP-00330-02,EMP-00330,2025-01-31,2025-03-01,159.0,0.0,6837.0,1384.83,5452.17,UK_national,False,none
PE-EMP-00330-03,EMP-00330,2025-03-02,2025-03-31,160.8,0.0,6837.0,1527.43,5309.57,UK_national,False,none
PE-EMP-00330-04,EMP-00330,2025-04-01,2025-04-30,154.8,0.0,6837.0,1770.79,5066.21,UK_national,False,none
PE-EMP-00330-05,EMP-00330,2025-05-01,2025-05-30,142.4,0.0,6837.0,1247.23,5589.77,UK_national,False,none
PE-EMP-00330-06,EMP-00330,2025-05-31,2025-06-29,166.9,0.0,6837.0,1296.44,5540.56,UK_national,False,none
PE-EMP-00331-01,EMP-00331,2025-01-01,2025-01-30,140.9,0.0,7110.0,1379.74,5730.26,CA,False,none
PE-EMP-00331-02,EMP-00331,2025-01-31,2025-03-01,140.1,0.0,7110.0,1830.39,5279.61,CA,False,none
PE-EMP-00331-03,EMP-00331,2025-03-02,2025-03-31,155.9,0.0,7110.0,1894.45,5215.55,CA,False,none
PE-EMP-00331-04,EMP-00331,2025-04-01,2025-04-30,149.5,0.0,7110.0,1764.96,5345.04,CA,False,none
PE-EMP-00331-05,EMP-00331,2025-05-01,2025-05-30,166.8,0.0,12272.93,1797.61,5312.39,CA,True,rate_violation
PE-EMP-00331-06,EMP-00331,2025-05-31,2025-06-29,154.8,0.0,7110.0,1414.99,5695.01,CA,False,none
PE-EMP-00332-01,EMP-00332,2025-01-01,2025-01-30,145.8,0.0,7375.0,1937.84,5437.16,WA,False,none
PE-EMP-00332-02,EMP-00332,2025-01-31,2025-03-01,154.0,0.0,7375.0,1590.41,5784.59,WA,False,none
PE-EMP-00332-03,EMP-00332,2025-03-02,2025-03-31,165.2,0.0,7375.0,1956.9,5418.1,WA,False,none
PE-EMP-00332-04,EMP-00332,2025-04-01,2025-04-30,162.4,0.0,7375.0,1651.17,5723.83,WA,False,none
PE-EMP-00332-05,EMP-00332,2025-05-01,2025-05-30,157.5,0.0,7375.0,1972.06,5402.94,WA,False,none
PE-EMP-00332-06,EMP-00332,2025-05-31,2025-06-29,155.9,0.0,7375.0,1421.3,5953.7,WA,False,none
PE-EMP-00333-01,EMP-00333,2025-01-01,2025-01-30,154.5,0.0,7431.0,1412.57,6018.43,NY,False,none
PE-EMP-00333-02,EMP-00333,2025-01-31,2025-03-01,154.0,0.0,7431.0,1375.83,6055.17,NY,False,none
PE-EMP-00333-03,EMP-00333,2025-03-02,2025-03-31,155.1,0.0,7431.0,1354.33,6076.67,NY,False,none
PE-EMP-00333-04,EMP-00333,2025-04-01,2025-04-30,163.0,0.0,7431.0,1553.0,5878.0,NY,False,none
PE-EMP-00333-05,EMP-00333,2025-05-01,2025-05-30,163.2,0.0,7431.0,1627.71,5803.29,NY,False,none
PE-EMP-00333-06,EMP-00333,2025-05-31,2025-06-29,150.0,0.0,7431.0,1985.89,5445.11,NY,False,none
PE-EMP-00334-01,EMP-00334,2025-01-01,2025-01-30,144.4,4.3,4654.2,1086.49,3567.71,federal,False,none
PE-EMP-00334-02,EMP-00334,2025-01-31,2025-03-01,146.8,7.8,4798.68,1157.08,3641.6,federal,False,none
PE-EMP-00334-03,EMP-00334,2025-03-02,2025-03-31,148.7,9.3,4862.14,1140.63,3721.51,federal,False,none
PE-EMP-00334-04,EMP-00334,2025-04-01,2025-04-30,165.0,8.7,4839.57,1324.55,3515.02,federal,False,none
PE-EMP-00334-05,EMP-00334,2025-05-01,2025-05-30,167.6,9.8,4883.89,894.86,3989.03,federal,False,none
PE-EMP-00334-06,EMP-00334,2025-05-31,2025-06-29,151.8,3.0,4599.12,1236.26,3362.86,federal,False,none
PE-EMP-00335-01,EMP-00335,2025-01-01,2025-01-30,141.7,3.1,6212.44,1625.65,4586.79,CA,False,none
PE-EMP-00335-02,EMP-00335,2025-01-31,2025-03-01,149.2,11.4,6682.16,1812.42,4869.74,CA,False,none
PE-EMP-00335-03,EMP-00335,2025-03-02,2025-03-31,141.7,7.4,6458.14,1682.77,4775.37,CA,False,none
PE-EMP-00335-04,EMP-00335,2025-04-01,2025-04-30,155.8,9.2,6557.03,1727.78,4829.25,CA,False,none
PE-EMP-00335-05,EMP-00335,2025-05-01,2025-05-30,162.6,5.2,6332.7,1184.7,5148.0,CA,False,none
PE-EMP-00335-06,EMP-00335,2025-05-31,2025-06-29,151.7,11.1,6666.83,1819.62,4847.21,CA,False,none
PE-EMP-00336-01,EMP-00336,2025-01-01,2025-01-30,164.9,0.0,7320.0,1668.06,5651.94,TX,False,none
PE-EMP-00336-02,EMP-00336,2025-01-31,2025-03-01,143.6,0.0,7320.0,1847.08,5472.92,TX,False,none
PE-EMP-00336-03,EMP-00336,2025-03-02,2025-03-31,142.9,0.0,7320.0,1681.11,5638.89,TX,False,none
PE-EMP-00336-04,EMP-00336,2025-04-01,2025-04-30,146.3,0.0,7320.0,1573.99,5746.01,TX,False,none
PE-EMP-00336-05,EMP-00336,2025-05-01,2025-05-30,153.4,0.0,7320.0,1889.69,5430.31,TX,False,none
PE-EMP-00336-06,EMP-00336,2025-05-31,2025-06-29,164.5,0.0,7320.0,1484.32,5835.68,TX,False,none
PE-EMP-00337-01,EMP-00337,2025-01-01,2025-01-30,166.1,0.4,6425.73,1659.01,4766.72,TX,False,none
PE-EMP-00337-02,EMP-00337,2025-01-31,2025-03-01,145.5,9.1,6949.5,1514.57,5434.93,TX,False,none
PE-EMP-00337-03,EMP-00337,2025-03-02,2025-03-31,159.1,0.3,6418.29,1464.77,4953.52,TX,False,none
PE-EMP-00337-04,EMP-00337,2025-04-01,2025-04-30,150.8,5.7,6741.61,1297.92,5443.69,TX,False,none
PE-EMP-00337-05,EMP-00337,2025-05-01,2025-05-30,159.6,8.2,6896.74,1321.13,5575.61,TX,False,none
PE-EMP-00337-06,EMP-00337,2025-05-31,2025-06-29,143.3,9.2,6956.26,1880.66,5075.6,TX,False,none
PE-EMP-00338-01,EMP-00338,2025-01-01,2025-01-30,149.9,0.0,7186.0,1540.05,5645.95,WA,False,none
PE-EMP-00338-02,EMP-00338,2025-01-31,2025-03-01,165.7,0.0,7186.0,1464.63,5721.37,WA,False,none
PE-EMP-00338-03,EMP-00338,2025-03-02,2025-03-31,142.6,0.0,7186.0,1300.7,5885.3,WA,False,none
PE-EMP-00338-04,EMP-00338,2025-04-01,2025-04-30,151.6,0.0,7186.0,1834.28,5351.72,WA,False,none
PE-EMP-00338-05,EMP-00338,2025-05-01,2025-05-30,162.6,0.0,7186.0,1678.81,5507.19,WA,False,none
PE-EMP-00338-06,EMP-00338,2025-05-31,2025-06-29,141.3,0.0,7186.0,1869.63,5316.37,WA,False,none
PE-EMP-00339-01,EMP-00339,2025-01-01,2025-01-30,164.5,0.0,7297.0,1495.83,5801.17,UK_national,False,none
PE-EMP-00339-02,EMP-00339,2025-01-31,2025-03-01,141.6,0.0,7297.0,1354.8,5942.2,UK_national,False,none
PE-EMP-00339-03,EMP-00339,2025-03-02,2025-03-31,152.3,0.0,7297.0,1519.67,5777.33,UK_national,False,none
PE-EMP-00339-04,EMP-00339,2025-04-01,2025-04-30,148.8,0.0,7297.0,1753.04,5543.96,UK_national,False,none
PE-EMP-00339-05,EMP-00339,2025-05-01,2025-05-30,164.9,0.0,7297.0,2041.77,5255.23,UK_national,False,none
PE-EMP-00339-06,EMP-00339,2025-05-31,2025-06-29,143.6,0.0,7297.0,1603.75,5693.25,UK_national,False,none
PE-EMP-00340-01,EMP-00340,2025-01-01,2025-01-30,158.4,0.0,8738.0,2146.57,6591.43,FL,False,none
PE-EMP-00340-02,EMP-00340,2025-01-31,2025-03-01,142.1,0.0,8738.0,2392.79,6345.21,FL,False,none
PE-EMP-00340-03,EMP-00340,2025-03-02,2025-03-31,145.8,0.0,8738.0,2189.09,6548.91,FL,False,none
PE-EMP-00340-04,EMP-00340,2025-04-01,2025-04-30,162.8,0.0,8738.0,2357.2,6380.8,FL,False,none
PE-EMP-00340-05,EMP-00340,2025-05-01,2025-05-30,164.0,0.0,8738.0,1960.41,6777.59,FL,False,none
PE-EMP-00340-06,EMP-00340,2025-05-31,2025-06-29,148.5,0.0,8738.0,1893.47,6844.53,FL,False,none
PE-EMP-00341-01,EMP-00341,2025-01-01,2025-01-30,155.4,0.0,7451.0,1988.65,5462.35,UK_national,False,none
PE-EMP-00341-02,EMP-00341,2025-01-31,2025-03-01,146.8,0.0,7451.0,2006.54,5444.46,UK_national,False,none
PE-EMP-00341-03,EMP-00341,2025-03-02,2025-03-31,148.9,0.0,7451.0,1744.59,5706.41,UK_national,False,none
PE-EMP-00341-04,EMP-00341,2025-04-01,2025-04-30,142.9,0.0,7451.0,1599.46,5851.54,UK_national,False,none
PE-EMP-00341-05,EMP-00341,2025-05-01,2025-05-30,151.5,0.0,7451.0,2049.44,5401.56,UK_national,False,none
PE-EMP-00341-06,EMP-00341,2025-05-31,2025-06-29,153.6,0.0,7451.0,1399.63,6051.37,UK_national,False,none
PE-EMP-00342-01,EMP-00342,2025-01-01,2025-01-30,165.5,0.0,8451.0,2232.27,6218.73,CA,False,none
PE-EMP-00342-02,EMP-00342,2025-01-31,2025-03-01,154.6,0.0,8451.0,1778.88,6672.12,CA,False,none
PE-EMP-00342-03,EMP-00342,2025-03-02,2025-03-31,155.5,0.0,8451.0,1624.91,6826.09,CA,False,none
PE-EMP-00342-04,EMP-00342,2025-04-01,2025-04-30,160.3,0.0,8451.0,2187.07,6263.93,CA,False,none
PE-EMP-00342-05,EMP-00342,2025-05-01,2025-05-30,141.0,0.0,8451.0,1719.87,6731.13,CA,False,none
PE-EMP-00342-06,EMP-00342,2025-05-31,2025-06-29,152.3,0.0,8451.0,2167.0,6284.0,CA,False,none
PE-EMP-00343-01,EMP-00343,2025-01-01,2025-01-30,166.7,0.3,4132.33,1089.42,3042.91,FL,False,none
PE-EMP-00343-02,EMP-00343,2025-01-31,2025-03-01,147.6,8.8,4460.81,936.95,3523.86,FL,False,none
PE-EMP-00343-03,EMP-00343,2025-03-02,2025-03-31,167.0,0.9,4154.6,1102.87,3051.73,FL,False,none
PE-EMP-00343-04,EMP-00343,2025-04-01,2025-04-30,150.8,0.3,4130.92,901.61,3229.31,FL,False,none
PE-EMP-00343-05,EMP-00343,2025-05-01,2025-05-30,152.4,3.4,4250.04,926.22,3323.82,FL,False,none
PE-EMP-00343-06,EMP-00343,2025-05-31,2025-06-29,158.5,8.0,4428.51,1089.59,3338.92,FL,False,none
PE-EMP-00344-01,EMP-00344,2025-01-01,2025-01-30,140.9,0.0,7831.0,2007.08,5823.92,TX,False,none
PE-EMP-00344-02,EMP-00344,2025-01-31,2025-03-01,166.2,0.0,7831.0,2122.24,5708.76,TX,False,none
PE-EMP-00344-03,EMP-00344,2025-03-02,2025-03-31,161.1,0.0,7831.0,1672.87,6158.13,TX,False,none
PE-EMP-00344-04,EMP-00344,2025-04-01,2025-04-30,163.2,0.0,7831.0,1615.17,6215.83,TX,False,none
PE-EMP-00344-05,EMP-00344,2025-05-01,2025-05-30,161.1,0.0,7831.0,1579.16,6251.84,TX,False,none
PE-EMP-00344-06,EMP-00344,2025-05-31,2025-06-29,140.8,0.0,7831.0,1977.94,5853.06,TX,False,none
PE-EMP-00345-01,EMP-00345,2025-01-01,2025-01-30,157.4,0.0,7621.0,2031.56,5589.44,UK_national,False,none
PE-EMP-00345-02,EMP-00345,2025-01-31,2025-03-01,161.9,0.0,7621.0,2079.44,5541.56,UK_national,False,none
PE-EMP-00345-03,EMP-00345,2025-03-02,2025-03-31,161.1,0.0,7621.0,1987.1,5633.9,UK_national,False,none
PE-EMP-00345-04,EMP-00345,2025-04-01,2025-04-30,155.5,0.0,7621.0,2097.66,5523.34,UK_national,False,none
PE-EMP-00345-05,EMP-00345,2025-05-01,2025-05-30,166.1,0.0,7621.0,1590.82,6030.18,UK_national,False,none
PE-EMP-00345-06,EMP-00345,2025-05-31,2025-06-29,167.7,0.0,7621.0,1779.32,5841.68,UK_national,False,none
PE-EMP-00346-01,EMP-00346,2025-01-01,2025-01-30,151.9,10.8,4761.33,1223.19,3538.14,WA,False,none
PE-EMP-00346-02,EMP-00346,2025-01-31,2025-03-01,147.3,14.4,4907.93,1112.79,3795.14,WA,False,none
PE-EMP-00346-03,EMP-00346,2025-03-02,2025-03-31,167.8,3.6,4468.86,1210.04,3258.82,WA,False,none
PE-EMP-00346-04,EMP-00346,2025-04-01,2025-04-30,147.9,10.2,4739.06,983.07,3755.99,WA,False,none
PE-EMP-00346-05,EMP-00346,2025-05-01,2025-05-30,168.0,11.6,4793.02,1004.53,3788.49,WA,False,none
PE-EMP-00346-06,EMP-00346,2025-05-31,2025-06-29,156.0,0.6,4347.47,901.78,3445.69,WA,False,none
PE-EMP-00347-01,EMP-00347,2025-01-01,2025-01-30,147.5,3.8,6449.47,1582.08,4867.39,WA,False,none
PE-EMP-00347-02,EMP-00347,2025-01-31,2025-03-01,161.6,0.2,6240.81,1314.87,4925.94,WA,False,none
PE-EMP-00347-03,EMP-00347,2025-03-02,2025-03-31,158.5,12.5,6962.41,1843.36,5119.05,WA,False,none
PE-EMP-00347-04,EMP-00347,2025-04-01,2025-04-30,152.4,0.3,6245.13,1129.66,5115.47,WA,False,none
PE-EMP-00347-05,EMP-00347,2025-05-01,2025-05-30,141.0,5.4,6544.28,1595.33,4948.95,WA,False,none
PE-EMP-00347-06,EMP-00347,2025-05-31,2025-06-29,155.6,6.1,6587.98,1567.66,5020.32,WA,False,none
PE-EMP-00348-01,EMP-00348,2025-01-01,2025-01-30,142.2,0.0,7191.0,1939.44,5251.56,federal,False,none
PE-EMP-00348-02,EMP-00348,2025-01-31,2025-03-01,155.4,0.0,7191.0,1979.89,5211.11,federal,False,none
PE-EMP-00348-03,EMP-00348,2025-03-02,2025-03-31,152.3,0.0,7191.0,1479.91,5711.09,federal,False,none
PE-EMP-00348-04,EMP-00348,2025-04-01,2025-04-30,162.0,0.0,7191.0,1481.02,5709.98,federal,False,none
PE-EMP-00348-05,EMP-00348,2025-05-01,2025-05-30,153.9,0.0,7191.0,1457.92,5733.08,federal,False,none
PE-EMP-00348-06,EMP-00348,2025-05-31,2025-06-29,144.9,0.0,7191.0,1920.89,5270.11,federal,False,none
PE-EMP-00349-01,EMP-00349,2025-01-01,2025-01-30,158.4,0.0,7887.0,1603.17,6283.83,NY,False,none
PE-EMP-00349-02,EMP-00349,2025-01-31,2025-03-01,158.3,0.0,7887.0,1564.98,6322.02,NY,False,none
PE-EMP-00349-03,EMP-00349,2025-03-02,2025-03-31,154.2,0.0,7887.0,1766.93,6120.07,NY,False,none
PE-EMP-00349-04,EMP-00349,2025-04-01,2025-04-30,148.9,0.0,7887.0,1856.13,6030.87,NY,False,none
PE-EMP-00349-05,EMP-00349,2025-05-01,2025-05-30,146.4,0.0,7887.0,2170.27,5716.73,NY,False,none
PE-EMP-00349-06,EMP-00349,2025-05-31,2025-06-29,167.8,0.0,7887.0,2188.87,5698.13,NY,False,none
PE-EMP-00350-01,EMP-00350,2025-01-01,2025-01-30,140.5,12.7,4471.92,1184.79,3287.13,TX,False,none
PE-EMP-00350-02,EMP-00350,2025-01-31,2025-03-01,155.1,0.7,4022.14,818.38,3203.76,TX,False,none
PE-EMP-00350-03,EMP-00350,2025-03-02,2025-03-31,143.1,7.6,4281.94,819.21,3462.73,TX,False,none
PE-EMP-00350-04,EMP-00350,2025-04-01,2025-04-30,142.2,3.1,4111.69,974.62,3137.07,TX,False,none
PE-EMP-00350-05,EMP-00350,2025-05-01,2025-05-30,163.2,10.2,4379.78,819.63,3560.15,TX,False,none
PE-EMP-00350-06,EMP-00350,2025-05-31,2025-06-29,151.9,4.2,4156.12,758.36,3397.76,TX,False,none
PE-EMP-00351-01,EMP-00351,2025-01-01,2025-01-30,157.0,0.0,7371.0,1592.35,5778.65,DE_national,False,none
PE-EMP-00351-02,EMP-00351,2025-01-31,2025-03-01,167.3,0.0,7371.0,1988.25,5382.75,DE_national,False,none
PE-EMP-00351-03,EMP-00351,2025-03-02,2025-03-31,150.5,0.0,7371.0,2021.48,5349.52,DE_national,False,none
PE-EMP-00351-04,EMP-00351,2025-04-01,2025-04-30,148.2,0.0,7371.0,1349.75,6021.25,DE_national,False,none
PE-EMP-00351-05,EMP-00351,2025-05-01,2025-05-30,150.3,0.0,7371.0,1541.18,5829.82,DE_national,False,none
PE-EMP-00351-06,EMP-00351,2025-05-31,2025-06-29,144.2,0.0,7371.0,1762.57,5608.43,DE_national,False,none
PE-EMP-00352-01,EMP-00352,2025-01-01,2025-01-30,143.0,3.2,4793.44,1012.9,3780.54,WA,False,none
PE-EMP-00352-02,EMP-00352,2025-01-31,2025-03-01,160.0,11.1,5140.75,1328.1,3812.65,WA,False,none
PE-EMP-00352-03,EMP-00352,2025-03-02,2025-03-31,160.0,14.1,5270.29,1148.31,4121.98,WA,False,none
PE-EMP-00352-04,EMP-00352,2025-04-01,2025-04-30,156.3,9.9,5085.12,991.64,4093.48,WA,False,none
PE-EMP-00352-05,EMP-00352,2025-05-01,2025-05-30,161.4,9.7,5079.98,1399.63,3680.35,WA,False,none
PE-EMP-00352-06,EMP-00352,2025-05-31,2025-06-29,166.8,14.9,5304.58,1254.75,4049.83,WA,False,none
PE-EMP-00353-01,EMP-00353,2025-01-01,2025-01-30,167.9,0.0,6948.0,1688.59,5259.41,FL,False,none
PE-EMP-00353-02,EMP-00353,2025-01-31,2025-03-01,160.6,0.0,6948.0,1625.11,5322.89,FL,False,none
PE-EMP-00353-03,EMP-00353,2025-03-02,2025-03-31,143.4,0.0,6948.0,1861.01,5086.99,FL,False,none
PE-EMP-00353-04,EMP-00353,2025-04-01,2025-04-30,162.3,0.0,6948.0,1672.45,5275.55,FL,False,none
PE-EMP-00353-05,EMP-00353,2025-05-01,2025-05-30,158.5,0.0,6948.0,1612.17,5335.83,FL,False,none
PE-EMP-00353-06,EMP-00353,2025-05-31,2025-06-29,148.9,0.0,6948.0,1386.14,5561.86,FL,False,none
PE-EMP-00354-01-DUP,EMP-00354,2025-01-01,2025-01-30,156.1,0.0,7402.0,2006.73,5395.27,CA,True,duplicate_payment
PE-EMP-00354-02,EMP-00354,2025-01-31,2025-03-01,149.2,0.0,7402.0,1923.78,5478.22,CA,False,none
PE-EMP-00354-03,EMP-00354,2025-03-02,2025-03-31,167.4,0.0,7402.0,1503.27,5898.73,CA,False,none
PE-EMP-00354-04,EMP-00354,2025-04-01,2025-04-30,148.8,0.0,7402.0,2052.13,5349.87,CA,False,none
PE-EMP-00354-05,EMP-00354,2025-05-01,2025-05-30,159.4,0.0,7402.0,1661.75,5740.25,CA,False,none
PE-EMP-00354-06,EMP-00354,2025-05-31,2025-06-29,166.8,0.0,7402.0,1635.79,5766.21,CA,False,none
PE-EMP-00355-01,EMP-00355,2025-01-01,2025-01-30,142.2,0.0,6705.0,1582.69,5122.31,TX,False,none
PE-EMP-00355-02,EMP-00355,2025-01-31,2025-03-01,142.1,0.0,6705.0,1449.82,5255.18,TX,True,ghost_employee
PE-EMP-00355-03,EMP-00355,2025-03-02,2025-03-31,153.6,0.0,6705.0,1361.35,5343.65,TX,False,none
PE-EMP-00355-04,EMP-00355,2025-04-01,2025-04-30,162.0,0.0,6705.0,1360.96,5344.04,TX,False,none
PE-EMP-00355-05,EMP-00355,2025-05-01,2025-05-30,163.2,0.0,6705.0,1868.51,4836.49,TX,False,none
PE-EMP-00355-06,EMP-00355,2025-05-31,2025-06-29,165.9,0.0,6705.0,1371.13,5333.87,TX,False,none
PE-EMP-00356-01,EMP-00356,2025-01-01,2025-01-30,165.5,10.1,7297.91,1799.59,5498.32,DE_national,False,none
PE-EMP-00356-02,EMP-00356,2025-01-31,2025-03-01,157.0,11.9,7412.04,1587.34,5824.7,DE_national,False,none
PE-EMP-00356-03,EMP-00356,2025-03-02,2025-03-31,143.3,6.1,7048.93,1624.8,5424.13,DE_national,False,none
PE-EMP-00356-04,EMP-00356,2025-04-01,2025-04-30,144.2,7.4,7129.27,1911.67,5217.6,DE_national,False,none
PE-EMP-00356-05,EMP-00356,2025-05-01,2025-05-30,145.5,2.7,6834.65,1540.58,5294.07,DE_national,False,none
PE-EMP-00356-06,EMP-00356,2025-05-31,2025-06-29,144.7,6.3,7058.42,1810.84,5247.58,DE_national,False,none
PE-EMP-00357-01,EMP-00357,2025-01-01,2025-01-30,159.9,0.0,7629.0,1731.68,5897.32,CA,False,none
PE-EMP-00357-02,EMP-00357,2025-01-31,2025-03-01,142.8,0.0,7629.0,2036.53,5592.47,CA,False,none
PE-EMP-00357-03,EMP-00357,2025-03-02,2025-03-31,163.3,0.0,7629.0,1391.48,6237.52,CA,False,none
PE-EMP-00357-04,EMP-00357,2025-04-01,2025-04-30,144.7,0.0,7629.0,1428.92,6200.08,CA,False,none
PE-EMP-00357-05,EMP-00357,2025-05-01,2025-05-30,154.4,0.0,7629.0,1777.03,5851.97,CA,False,none
PE-EMP-00357-06,EMP-00357,2025-05-31,2025-06-29,150.9,0.0,7629.0,1695.44,5933.56,CA,False,none
PE-EMP-00358-01,EMP-00358,2025-01-01,2025-01-30,143.6,0.0,7727.0,1929.38,5797.62,TX,False,none
PE-EMP-00358-02,EMP-00358,2025-01-31,2025-03-01,146.8,0.0,7727.0,1617.56,6109.44,TX,False,none
PE-EMP-00358-03,EMP-00358,2025-03-02,2025-03-31,149.4,0.0,7727.0,2028.12,5698.88,TX,False,none
PE-EMP-00358-04,EMP-00358,2025-04-01,2025-04-30,149.4,0.0,7727.0,1861.25,5865.75,TX,False,none
PE-EMP-00358-05,EMP-00358,2025-05-01,2025-05-30,143.0,0.0,7727.0,1948.89,5778.11,TX,False,none
PE-EMP-00358-06,EMP-00358,2025-05-31,2025-06-29,142.1,0.0,7727.0,2102.3,5624.7,TX,False,none
PE-EMP-00359-01,EMP-00359,2025-01-01,2025-01-30,166.6,0.0,8959.0,2428.49,6530.51,TX,False,none
PE-EMP-00359-02,EMP-00359,2025-01-31,2025-03-01,157.7,0.0,8959.0,2276.21,6682.79,TX,False,none
PE-EMP-00359-03,EMP-00359,2025-03-02,2025-03-31,152.2,0.0,8959.0,2291.41,6667.59,TX,False,none
PE-EMP-00359-04,EMP-00359,2025-04-01,2025-04-30,159.6,0.0,8959.0,2269.71,6689.29,TX,False,none
PE-EMP-00359-05,EMP-00359,2025-05-01,2025-05-30,160.3,0.0,8959.0,2140.81,6818.19,TX,False,none
PE-EMP-00359-06,EMP-00359,2025-05-31,2025-06-29,163.0,0.0,8959.0,2068.97,6890.03,TX,False,none
PE-EMP-00360-01,EMP-00360,2025-01-01,2025-01-30,144.3,0.0,8950.0,1617.97,7332.03,NY,False,none
PE-EMP-00360-02,EMP-00360,2025-01-31,2025-03-01,156.6,0.0,8950.0,2214.15,6735.85,NY,False,none
PE-EMP-00360-03,EMP-00360,2025-03-02,2025-03-31,152.7,0.0,8950.0,1897.79,7052.21,NY,False,none
PE-EMP-00360-04,EMP-00360,2025-04-01,2025-04-30,144.9,0.0,8950.0,2257.67,6692.33,NY,False,none
PE-EMP-00360-05,EMP-00360,2025-05-01,2025-05-30,147.8,0.0,8950.0,2302.84,6647.16,NY,False,none
PE-EMP-00360-06,EMP-00360,2025-05-31,2025-06-29,146.5,0.0,8950.0,2052.5,6897.5,NY,False,none
PE-EMP-00361-01,EMP-00361,2025-01-01,2025-01-30,141.4,0.0,7571.0,1754.71,5816.29,TX,False,none
PE-EMP-00361-02,EMP-00361,2025-01-31,2025-03-01,154.7,0.0,7571.0,1747.56,5823.44,TX,False,none
PE-EMP-00361-03,EMP-00361,2025-03-02,2025-03-31,166.0,0.0,7571.0,1578.75,5992.25,TX,False,none
PE-EMP-00361-04,EMP-00361,2025-04-01,2025-04-30,150.8,0.0,7571.0,1936.13,5634.87,TX,False,none
PE-EMP-00361-05,EMP-00361,2025-05-01,2025-05-30,166.7,0.0,7571.0,1394.53,6176.47,TX,False,none
PE-EMP-00361-06,EMP-00361,2025-05-31,2025-06-29,166.5,0.0,7571.0,2030.83,5540.17,TX,False,none
PE-EMP-00362-01,EMP-00362,2025-01-01,2025-01-30,160.5,6.5,6580.68,890.01,3392.47,NY,True,rate_violation
PE-EMP-00362-02,EMP-00362,2025-01-31,2025-03-01,164.6,4.7,4216.51,905.43,3311.08,NY,False,none
PE-EMP-00362-03,EMP-00362,2025-03-02,2025-03-31,144.6,4.3,4201.45,960.72,3240.73,NY,False,none
PE-EMP-00362-04,EMP-00362,2025-04-01,2025-04-30,146.3,2.5,4134.15,1132.43,3001.72,NY,False,none
PE-EMP-00362-05,EMP-00362,2025-05-01,2025-05-30,147.3,9.1,4382.21,835.3,3546.91,NY,False,none
PE-EMP-00362-06,EMP-00362,2025-05-31,2025-06-29,146.5,4.2,4196.22,795.59,3400.63,NY,False,none
PE-EMP-00363-01,EMP-00363,2025-01-01,2025-01-30,155.5,7.6,4772.62,939.66,3832.96,CA,False,none
PE-EMP-00363-02,EMP-00363,2025-01-31,2025-03-01,156.8,0.6,4478.89,1205.11,3273.78,CA,False,none
PE-EMP-00363-03,EMP-00363,2025-03-02,2025-03-31,155.1,2.9,4576.22,1047.21,3529.01,CA,False,none
PE-EMP-00363-04,EMP-00363,2025-04-01,2025-04-30,163.0,5.5,4685.46,975.44,3710.02,CA,False,none
PE-EMP-00363-05,EMP-00363,2025-05-01,2025-05-30,166.5,6.4,4721.14,1059.81,3661.33,CA,False,none
PE-EMP-00363-06,EMP-00363,2025-05-31,2025-06-29,143.5,6.8,4738.27,1287.86,3450.41,CA,False,none
PE-EMP-00364-01,EMP-00364,2025-01-01,2025-01-30,160.1,0.0,7546.0,2051.9,5494.1,UK_national,False,none
PE-EMP-00364-02,EMP-00364,2025-01-31,2025-03-01,143.4,0.0,7546.0,2029.03,5516.97,UK_national,False,none
PE-EMP-00364-03,EMP-00364,2025-03-02,2025-03-31,153.8,0.0,7546.0,1423.83,6122.17,UK_national,False,none
PE-EMP-00364-04,EMP-00364,2025-04-01,2025-04-30,143.8,0.0,7546.0,1568.4,5977.6,UK_national,False,none
PE-EMP-00364-05,EMP-00364,2025-05-01,2025-05-30,158.7,0.0,7546.0,2089.06,5456.94,UK_national,False,none
PE-EMP-00364-06,EMP-00364,2025-05-31,2025-06-29,162.5,0.0,7546.0,1919.91,5626.09,UK_national,False,none
PE-EMP-00365-01,EMP-00365,2025-01-01,2025-01-30,146.2,0.0,7985.0,1496.67,6488.33,UK_national,False,none
PE-EMP-00365-02,EMP-00365,2025-01-31,2025-03-01,144.4,0.0,7985.0,1705.07,6279.93,UK_national,False,none
PE-EMP-00365-03,EMP-00365,2025-03-02,2025-03-31,152.7,0.0,7985.0,2024.61,5960.39,UK_national,False,none
PE-EMP-00365-04,EMP-00365,2025-04-01,2025-04-30,158.8,0.0,7985.0,1496.46,6488.54,UK_national,False,none
PE-EMP-00365-05,EMP-00365,2025-05-01,2025-05-30,159.3,0.0,7985.0,2149.78,5835.22,UK_national,False,none
PE-EMP-00365-06,EMP-00365,2025-05-31,2025-06-29,141.1,0.0,7985.0,1517.5,6467.5,UK_national,False,none
PE-EMP-00366-01,EMP-00366,2025-01-01,2025-01-30,159.7,7.8,7468.07,1486.44,5981.63,federal,False,none
PE-EMP-00366-02,EMP-00366,2025-01-31,2025-03-01,155.6,12.6,7777.6,1886.91,5890.69,federal,False,none
PE-EMP-00366-03,EMP-00366,2025-03-02,2025-03-31,166.6,9.4,7571.78,1549.12,6022.66,federal,False,none
PE-EMP-00366-04,EMP-00366,2025-04-01,2025-04-30,156.4,13.1,7811.34,1578.05,6233.29,federal,False,none
PE-EMP-00366-05,EMP-00366,2025-05-01,2025-05-30,145.5,7.1,7417.99,1694.65,5723.34,federal,False,none
PE-EMP-00366-06,EMP-00366,2025-05-31,2025-06-29,145.2,7.5,7444.03,1438.03,6006.0,federal,False,none
PE-EMP-00367-01,EMP-00367,2025-01-01,2025-01-30,157.8,0.0,8457.0,1597.28,6859.72,FL,False,none
PE-EMP-00367-02,EMP-00367,2025-01-31,2025-03-01,154.5,0.0,8457.0,2133.94,6323.06,FL,False,none
PE-EMP-00367-03,EMP-00367,2025-03-02,2025-03-31,146.0,0.0,8457.0,1889.56,6567.44,FL,False,none
PE-EMP-00367-04,EMP-00367,2025-04-01,2025-04-30,153.7,0.0,8457.0,2039.17,6417.83,FL,False,none
PE-EMP-00367-05,EMP-00367,2025-05-01,2025-05-30,159.9,0.0,8457.0,1555.08,6901.92,FL,False,none
PE-EMP-00367-06,EMP-00367,2025-05-31,2025-06-29,159.3,0.0,8457.0,2040.99,6416.01,FL,False,none
PE-EMP-00368-01,EMP-00368,2025-01-01,2025-01-30,157.7,0.0,7369.0,1499.38,5869.62,WA,False,none
PE-EMP-00368-02,EMP-00368,2025-01-31,2025-03-01,149.8,0.0,7369.0,1717.32,5651.68,WA,False,none
PE-EMP-00368-03,EMP-00368,2025-03-02,2025-03-31,166.7,0.0,7369.0,1973.34,5395.66,WA,False,none
PE-EMP-00368-04,EMP-00368,2025-04-01,2025-04-30,163.5,0.0,7369.0,1971.24,5397.76,WA,False,none
PE-EMP-00368-05,EMP-00368,2025-05-01,2025-05-30,158.7,0.0,7369.0,1687.66,5681.34,WA,False,none
PE-EMP-00368-06,EMP-00368,2025-05-31,2025-06-29,157.6,0.0,7369.0,1766.97,5602.03,WA,False,none
PE-EMP-00369-01,EMP-00369,2025-01-01,2025-01-30,155.2,4.4,6576.3,1327.71,5248.59,DE_national,False,none
PE-EMP-00369-02,EMP-00369,2025-01-31,2025-03-01,167.0,13.5,7110.29,1823.03,5287.26,DE_national,False,none
PE-EMP-00369-03,EMP-00369,2025-03-02,2025-03-31,151.7,6.7,6711.05,1374.02,5337.03,DE_national,False,none
PE-EMP-00369-04,EMP-00369,2025-04-01,2025-04-30,151.9,2.6,6470.44,1783.46,4686.98,DE_national,False,none
PE-EMP-00369-05,EMP-00369,2025-05-01,2025-05-30,158.5,5.2,6622.62,1455.71,5166.91,DE_national,False,none
PE-EMP-00369-06,EMP-00369,2025-05-31,2025-06-29,143.6,13.2,7097.29,1873.77,5223.52,DE_national,False,none
PE-EMP-00370-01,EMP-00370,2025-01-01,2025-01-30,164.2,9.0,4420.52,1099.48,3321.04,WA,False,none
PE-EMP-00370-02,EMP-00370,2025-01-31,2025-03-01,140.8,4.0,4229.57,852.3,3377.27,WA,False,none
PE-EMP-00370-03,EMP-00370,2025-03-02,2025-03-31,163.8,6.1,4310.44,1018.24,3292.2,WA,False,none
PE-EMP-00370-04,EMP-00370,2025-04-01,2025-04-30,149.0,10.1,4462.9,986.85,3476.05,WA,False,none
PE-EMP-00370-05,EMP-00370,2025-05-01,2025-05-30,162.7,6.4,4319.72,890.16,3429.56,WA,False,none
PE-EMP-00370-06,EMP-00370,2025-05-31,2025-06-29,141.5,7.3,4354.29,879.11,3475.18,WA,False,none
PE-EMP-00371-01,EMP-00371,2025-01-01,2025-01-30,157.8,0.7,6195.5,1392.52,4802.98,DE_national,False,none
PE-EMP-00371-02,EMP-00371,2025-01-31,2025-03-01,146.2,13.1,6914.01,1615.12,5298.89,DE_national,False,none
PE-EMP-00371-03,EMP-00371,2025-03-02,2025-03-31,161.8,1.7,6251.5,1730.58,4520.92,DE_national,False,none
PE-EMP-00371-04,EMP-00371,2025-04-01,2025-04-30,157.1,1.9,6267.86,1466.53,4801.33,DE_national,False,none
PE-EMP-00371-05,EMP-00371,2025-05-01,2025-05-30,166.6,0.3,6174.28,1345.49,4828.79,DE_national,False,none
PE-EMP-00371-06,EMP-00371,2025-05-31,2025-06-29,161.9,5.0,6444.52,1387.31,5057.21,DE_national,False,none
PE-EMP-00372-01,EMP-00372,2025-01-01,2025-01-30,161.4,0.0,8075.0,1504.75,6570.25,DE_national,False,none
PE-EMP-00372-02,EMP-00372,2025-01-31,2025-03-01,141.4,0.0,8075.0,1623.45,6451.55,DE_national,False,none
PE-EMP-00372-03,EMP-00372,2025-03-02,2025-03-31,155.0,0.0,8075.0,2249.06,5825.94,DE_national,False,none
PE-EMP-00372-04,EMP-00372,2025-04-01,2025-04-30,163.5,0.0,8075.0,1772.89,6302.11,DE_national,False,none
PE-EMP-00372-05,EMP-00372,2025-05-01,2025-05-30,160.1,0.0,8075.0,1687.83,6387.17,DE_national,False,none
PE-EMP-00372-06,EMP-00372,2025-05-31,2025-06-29,144.5,0.0,8075.0,1755.41,6319.59,DE_national,False,none
PE-EMP-00373-01,EMP-00373,2025-01-01,2025-01-30,151.6,8.3,7048.54,1444.04,5604.5,DE_national,False,none
PE-EMP-00373-02,EMP-00373,2025-01-31,2025-03-01,140.4,12.7,7317.58,1869.73,5447.85,DE_national,False,none
PE-EMP-00373-03,EMP-00373,2025-03-02,2025-03-31,154.7,7.5,7001.22,1814.26,5186.96,DE_national,False,none
PE-EMP-00373-04,EMP-00373,2025-04-01,2025-04-30,141.2,4.2,6800.35,1240.55,5559.8,DE_national,False,none
PE-EMP-00373-05,EMP-00373,2025-05-01,2025-05-30,157.7,10.3,7172.81,1315.33,5857.48,DE_national,False,none
PE-EMP-00373-06,EMP-00373,2025-05-31,2025-06-29,161.0,12.2,7287.7,1587.16,5700.54,DE_national,False,none
PE-EMP-00374-01,EMP-00374,2025-01-01,2025-01-30,151.2,0.0,8586.0,2248.07,6337.93,FL,False,none
PE-EMP-00374-02,EMP-00374,2025-01-31,2025-03-01,164.5,0.0,8586.0,2285.58,6300.42,FL,False,none
PE-EMP-00374-03,EMP-00374,2025-03-02,2025-03-31,142.1,0.0,8586.0,1978.65,6607.35,FL,False,none
PE-EMP-00374-04,EMP-00374,2025-04-01,2025-04-30,159.7,0.0,8586.0,2174.52,6411.48,FL,False,none
PE-EMP-00374-05,EMP-00374,2025-05-01,2025-05-30,140.6,0.0,8586.0,2183.12,6402.88,FL,False,none
PE-EMP-00374-06,EMP-00374,2025-05-31,2025-06-29,155.2,0.0,8586.0,2334.51,6251.49,FL,False,none
PE-EMP-00375-01,EMP-00375,2025-01-01,2025-01-30,142.7,8.8,6625.13,1451.65,5173.48,DE_national,False,none
PE-EMP-00375-02,EMP-00375,2025-01-31,2025-03-01,163.3,12.9,6858.42,1772.75,5085.67,DE_national,False,none
PE-EMP-00375-03,EMP-00375,2025-03-02,2025-03-31,151.9,11.2,6758.76,1420.8,5337.96,DE_national,False,none
PE-EMP-00375-04,EMP-00375,2025-04-01,2025-04-30,152.8,1.5,6204.77,1718.26,4486.51,DE_national,False,none
PE-EMP-00375-05,EMP-00375,2025-05-01,2025-05-30,156.1,5.6,6443.04,1436.5,5006.54,DE_national,False,none
PE-EMP-00375-06,EMP-00375,2025-05-31,2025-06-29,146.2,6.1,6468.64,1344.54,5124.1,DE_national,False,none
PE-EMP-00376-01,EMP-00376,2025-01-01,2025-01-30,148.0,0.0,8128.0,2034.34,6093.66,DE_national,False,none
PE-EMP-00376-02,EMP-00376,2025-01-31,2025-03-01,154.2,0.0,8128.0,1773.86,6354.14,DE_national,False,none
PE-EMP-00376-03,EMP-00376,2025-03-02,2025-03-31,167.8,0.0,8128.0,2054.4,6073.6,DE_national,False,none
PE-EMP-00376-04,EMP-00376,2025-04-01,2025-04-30,166.6,0.0,8128.0,2082.96,6045.04,DE_national,False,none
PE-EMP-00376-05,EMP-00376,2025-05-01,2025-05-30,160.0,0.0,8128.0,1830.65,6297.35,DE_national,False,none
PE-EMP-00376-06,EMP-00376,2025-05-31,2025-06-29,156.2,0.0,8128.0,1483.27,6644.73,DE_national,False,none
PE-EMP-00377-01,EMP-00377,2025-01-01,2025-01-30,161.6,6.7,4545.9,1035.01,3510.89,DE_national,False,none
PE-EMP-00377-02,EMP-00377,2025-01-31,2025-03-01,143.1,4.7,4463.82,867.66,3596.16,DE_national,False,none
PE-EMP-00377-03,EMP-00377,2025-03-02,2025-03-31,157.6,1.3,4327.3,1021.63,3305.67,DE_national,False,none
PE-EMP-00377-04,EMP-00377,2025-04-01,2025-04-30,145.8,14.1,4843.62,1159.28,3684.34,DE_national,False,none
PE-EMP-00377-05,EMP-00377,2025-05-01,2025-05-30,142.3,6.0,4519.5,1192.28,3327.22,DE_national,False,none
PE-EMP-00377-06,EMP-00377,2025-05-31,2025-06-29,154.7,12.6,4782.01,1224.47,3557.54,DE_national,True,rule_override
PE-EMP-00378-01,EMP-00378,2025-01-01,2025-01-30,141.7,0.0,7705.0,1767.08,5937.92,CA,False,none
PE-EMP-00378-02,EMP-00378,2025-01-31,2025-03-01,151.5,0.0,7705.0,1957.46,5747.54,CA,False,none
PE-EMP-00378-03,EMP-00378,2025-03-02,2025-03-31,163.4,0.0,7705.0,1415.03,6289.97,CA,False,none
PE-EMP-00378-04,EMP-00378,2025-04-01,2025-04-30,159.3,0.0,7705.0,1848.22,5856.78,CA,False,none
PE-EMP-00378-05,EMP-00378,2025-05-01,2025-05-30,164.4,0.0,7705.0,1593.51,6111.49,CA,False,none
PE-EMP-00378-06,EMP-00378,2025-05-31,2025-06-29,145.9,0.0,7705.0,1820.24,5884.76,CA,False,none
PE-EMP-00379-01,EMP-00379,2025-01-01,2025-01-30,153.7,0.0,8433.0,1939.43,6493.57,CA,False,none
PE-EMP-00379-02,EMP-00379,2025-01-31,2025-03-01,166.9,0.0,8433.0,1716.74,6716.26,CA,False,none
PE-EMP-00379-03,EMP-00379,2025-03-02,2025-03-31,152.9,0.0,8433.0,1925.25,6507.75,CA,False,none
PE-EMP-00379-04,EMP-00379,2025-04-01,2025-04-30,155.5,0.0,8433.0,2141.72,6291.28,CA,False,none
PE-EMP-00379-05,EMP-00379,2025-05-01,2025-05-30,160.5,0.0,8433.0,2294.81,6138.19,CA,False,none
PE-EMP-00379-06,EMP-00379,2025-05-31,2025-06-29,151.9,0.0,8433.0,1583.3,6849.7,CA,False,none
PE-EMP-00380-01,EMP-00380,2025-01-01,2025-01-30,143.6,0.0,8032.0,1456.7,6575.3,DE_national,False,none
PE-EMP-00380-02,EMP-00380,2025-01-31,2025-03-01,154.6,0.0,8032.0,1543.33,6488.67,DE_national,False,none
PE-EMP-00380-03,EMP-00380,2025-03-02,2025-03-31,145.5,0.0,8032.0,2144.34,5887.66,DE_national,False,none
PE-EMP-00380-04,EMP-00380,2025-04-01,2025-04-30,143.2,0.0,8032.0,2157.0,5875.0,DE_national,False,none
PE-EMP-00380-05,EMP-00380,2025-05-01,2025-05-30,153.9,0.0,8032.0,1948.7,6083.3,DE_national,False,none
PE-EMP-00380-06,EMP-00380,2025-05-31,2025-06-29,154.7,0.0,8032.0,1558.1,6473.9,DE_national,False,none
PE-EMP-00381-01,EMP-00381,2025-01-01,2025-01-30,164.5,6.3,4323.09,782.16,3540.93,UK_national,False,none
PE-EMP-00381-02,EMP-00381,2025-01-31,2025-03-01,143.3,14.9,4654.73,1172.97,3481.76,UK_national,False,none
PE-EMP-00381-03,EMP-00381,2025-03-02,2025-03-31,164.6,4.1,4238.66,899.61,3339.05,UK_national,False,none
PE-EMP-00381-04,EMP-00381,2025-04-01,2025-04-30,164.9,8.5,4406.72,866.34,3540.38,UK_national,False,none
PE-EMP-00381-05,EMP-00381,2025-05-01,2025-05-30,148.1,10.3,4476.32,1165.1,3311.22,UK_national,False,none
PE-EMP-00381-06,EMP-00381,2025-05-31,2025-06-29,166.7,5.6,4296.16,1033.02,3263.14,UK_national,False,none
PE-EMP-00382-01,EMP-00382,2025-01-01,2025-01-30,153.2,3.2,4529.29,964.82,3564.47,NY,False,none
PE-EMP-00382-02,EMP-00382,2025-01-31,2025-03-01,160.9,14.9,5015.25,1368.08,3647.17,NY,False,none
PE-EMP-00382-03,EMP-00382,2025-03-02,2025-03-31,144.6,10.7,4841.36,1100.86,3740.5,NY,False,none
PE-EMP-00382-04,EMP-00382,2025-04-01,2025-04-30,148.9,2.7,4509.87,1023.96,3485.91,NY,False,none
PE-EMP-00382-05,EMP-00382,2025-05-01,2025-05-30,167.8,0.1,4402.47,1101.26,3301.21,NY,False,none
PE-EMP-00382-06,EMP-00382,2025-05-31,2025-06-29,145.6,1.4,4457.06,1006.67,3450.39,NY,False,none
PE-EMP-00383-01,EMP-00383,2025-01-01,2025-01-30,142.7,9.4,7125.66,1706.21,5419.45,TX,False,none
PE-EMP-00383-02,EMP-00383,2025-01-31,2025-03-01,141.9,9.5,7136.13,1914.87,5221.26,TX,False,none
PE-EMP-00383-03,EMP-00383,2025-03-02,2025-03-31,149.7,0.2,6563.01,1307.77,5255.24,TX,False,none
PE-EMP-00383-04,EMP-00383,2025-04-01,2025-04-30,148.0,13.7,7389.59,1645.05,5744.54,TX,False,none
PE-EMP-00383-05,EMP-00383,2025-05-01,2025-05-30,160.4,5.5,6888.29,1768.22,5120.07,TX,False,none
PE-EMP-00383-06,EMP-00383,2025-05-31,2025-06-29,166.2,8.4,7066.84,1725.44,5341.4,TX,False,none
PE-EMP-00384-01,EMP-00384,2025-01-01,2025-01-30,145.7,0.0,8074.0,1931.82,6142.18,CA,False,none
PE-EMP-00384-02,EMP-00384,2025-01-31,2025-03-01,142.9,0.0,8074.0,1628.07,6445.93,CA,False,none
PE-EMP-00384-03,EMP-00384,2025-03-02,2025-03-31,145.0,0.0,8074.0,1908.42,6165.58,CA,False,none
PE-EMP-00384-04,EMP-00384,2025-04-01,2025-04-30,143.5,0.0,8074.0,1875.04,6198.96,CA,False,none
PE-EMP-00384-05,EMP-00384,2025-05-01,2025-05-30,158.1,0.0,8074.0,1762.51,6311.49,CA,False,none
PE-EMP-00384-06,EMP-00384,2025-05-31,2025-06-29,156.1,0.0,8074.0,2142.36,5931.64,CA,False,none
PE-EMP-00385-01,EMP-00385,2025-01-01,2025-01-30,156.9,0.0,7543.0,2086.89,5456.11,UK_national,False,none
PE-EMP-00385-02,EMP-00385,2025-01-31,2025-03-01,160.6,0.0,7543.0,1822.3,5720.7,UK_national,False,none
PE-EMP-00385-03,EMP-00385,2025-03-02,2025-03-31,165.5,0.0,7543.0,1515.62,6027.38,UK_national,False,none
PE-EMP-00385-04,EMP-00385,2025-04-01,2025-04-30,140.1,0.0,7543.0,1532.61,6010.39,UK_national,False,none
PE-EMP-00385-05,EMP-00385,2025-05-01,2025-05-30,146.1,0.0,7543.0,2058.9,5484.1,UK_national,False,none
PE-EMP-00385-06,EMP-00385,2025-05-31,2025-06-29,157.2,0.0,7543.0,1465.86,6077.14,UK_national,False,none
PE-EMP-00386-01,EMP-00386,2025-01-01,2025-01-30,153.3,0.0,6282.22,1179.67,5102.55,TX,False,none
PE-EMP-00386-02,EMP-00386,2025-01-31,2025-03-01,167.2,2.1,6403.0,1669.41,4733.59,TX,False,none
PE-EMP-00386-03,EMP-00386,2025-03-02,2025-03-31,151.9,7.1,6698.69,1408.44,5290.25,TX,False,none
PE-EMP-00386-04,EMP-00386,2025-04-01,2025-04-30,161.3,3.6,6494.7,1424.45,5070.25,TX,False,none
PE-EMP-00386-05,EMP-00386,2025-05-01,2025-05-30,161.7,10.6,6905.9,1488.22,5417.68,TX,False,none
PE-EMP-00386-06,EMP-00386,2025-05-31,2025-06-29,163.5,4.8,6562.01,1232.48,5329.53,TX,False,none
PE-EMP-00387-01,EMP-00387,2025-01-01,2025-01-30,157.0,0.0,8246.0,1660.66,6585.34,CA,False,none
PE-EMP-00387-02,EMP-00387,2025-01-31,2025-03-01,144.7,0.0,8246.0,2006.89,6239.11,CA,False,none
PE-EMP-00387-03,EMP-00387,2025-03-02,2025-03-31,147.8,0.0,8246.0,1602.1,6643.9,CA,False,none
PE-EMP-00387-04,EMP-00387,2025-04-01,2025-04-30,152.2,0.0,8246.0,1848.46,6397.54,CA,False,none
PE-EMP-00387-05,EMP-00387,2025-05-01,2025-05-30,159.5,0.0,8246.0,1690.87,6555.13,CA,False,none
PE-EMP-00387-06,EMP-00387,2025-05-31,2025-06-29,143.4,0.0,8246.0,2226.22,6019.78,CA,False,none
PE-EMP-00388-01,EMP-00388,2025-01-01,2025-01-30,158.3,0.0,8612.0,1703.46,6908.54,DE_national,False,none
PE-EMP-00388-02,EMP-00388,2025-01-31,2025-03-01,164.3,0.0,8612.0,2286.81,6325.19,DE_national,False,none
PE-EMP-00388-03,EMP-00388,2025-03-02,2025-03-31,161.6,0.0,8612.0,1848.13,6763.87,DE_national,False,none
PE-EMP-00388-04,EMP-00388,2025-04-01,2025-04-30,151.9,0.0,8612.0,2081.5,6530.5,DE_national,False,none
PE-EMP-00388-05,EMP-00388,2025-05-01,2025-05-30,164.5,0.0,8612.0,2342.99,6269.01,DE_national,False,none
PE-EMP-00388-06,EMP-00388,2025-05-31,2025-06-29,145.3,0.0,8612.0,1872.43,6739.57,DE_national,False,none
PE-EMP-00389-01,EMP-00389,2025-01-01,2025-01-30,166.1,14.9,7112.36,1419.51,5692.85,DE_national,False,none
PE-EMP-00389-02,EMP-00389,2025-01-31,2025-03-01,150.1,2.9,6409.99,1529.54,4880.45,DE_national,False,none
PE-EMP-00389-03,EMP-00389,2025-03-02,2025-03-31,149.2,13.7,7038.31,1911.47,5126.84,DE_national,False,none
PE-EMP-00389-04,EMP-00389,2025-04-01,2025-04-30,154.1,0.2,6250.4,1295.73,4954.67,DE_national,False,none
PE-EMP-00389-05,EMP-00389,2025-05-01,2025-05-30,158.1,9.6,6801.98,1495.28,5306.7,DE_national,False,none
PE-EMP-00389-06,EMP-00389,2025-05-31,2025-06-29,167.9,10.6,6856.89,1422.24,5434.65,DE_national,False,none
PE-EMP-00390-01,EMP-00390,2025-01-01,2025-01-30,141.6,8.6,6741.01,1233.89,5507.12,WA,False,none
PE-EMP-00390-02,EMP-00390,2025-01-31,2025-03-01,160.1,7.1,6652.07,1601.52,5050.55,WA,False,none
PE-EMP-00390-03,EMP-00390,2025-03-02,2025-03-31,152.7,2.6,6391.46,1629.78,4761.68,WA,False,none
PE-EMP-00390-04,EMP-00390,2025-04-01,2025-04-30,158.1,8.2,6717.68,1278.97,5438.71,WA,False,none
PE-EMP-00390-05,EMP-00390,2025-05-01,2025-05-30,150.3,9.2,6776.75,1703.21,5073.54,WA,False,none
PE-EMP-00390-06,EMP-00390,2025-05-31,2025-06-29,159.8,2.7,6394.21,1695.07,4699.14,WA,False,none
PE-EMP-00391-01,EMP-00391,2025-01-01,2025-01-30,142.3,0.0,7597.0,2001.1,5595.9,WA,False,none
PE-EMP-00391-02,EMP-00391,2025-01-31,2025-03-01,143.3,0.0,7597.0,1704.29,5892.71,WA,False,none
PE-EMP-00391-03,EMP-00391,2025-03-02,2025-03-31,159.9,0.0,7597.0,1606.19,5990.81,WA,False,none
PE-EMP-00391-04,EMP-00391,2025-04-01,2025-04-30,164.0,0.0,7597.0,1578.26,6018.74,WA,False,none
PE-EMP-00391-05,EMP-00391,2025-05-01,2025-05-30,163.9,0.0,7597.0,1865.14,5731.86,WA,False,none
PE-EMP-00391-06,EMP-00391,2025-05-31,2025-06-29,160.6,0.0,7597.0,1620.19,5976.81,WA,False,none
PE-EMP-00392-01,EMP-00392,2025-01-01,2025-01-30,158.8,0.0,7581.0,2046.62,5534.38,WA,False,none
PE-EMP-00392-02,EMP-00392,2025-01-31,2025-03-01,165.1,0.0,7581.0,1492.86,6088.14,WA,False,none
PE-EMP-00392-03,EMP-00392,2025-03-02,2025-03-31,167.6,0.0,7581.0,1912.03,5668.97,WA,False,none
PE-EMP-00392-04,EMP-00392,2025-04-01,2025-04-30,150.3,0.0,7581.0,1375.32,6205.68,WA,False,none
PE-EMP-00392-05,EMP-00392,2025-05-01,2025-05-30,158.6,0.0,7581.0,1680.24,5900.76,WA,False,none
PE-EMP-00392-06,EMP-00392,2025-05-31,2025-06-29,158.7,0.0,7581.0,1411.19,6169.81,WA,False,none
PE-EMP-00393-01,EMP-00393,2025-01-01,2025-01-30,145.4,0.0,7348.0,1882.04,5465.96,DE_national,False,none
PE-EMP-00393-02,EMP-00393,2025-01-31,2025-03-01,144.1,0.0,7348.0,1518.56,5829.44,DE_national,False,none
PE-EMP-00393-03,EMP-00393,2025-03-02,2025-03-31,144.8,0.0,7348.0,1355.34,5992.66,DE_national,False,none
PE-EMP-00393-04,EMP-00393,2025-04-01,2025-04-30,157.0,0.0,7348.0,1828.71,5519.29,DE_national,False,none
PE-EMP-00393-05,EMP-00393,2025-05-01,2025-05-30,151.5,0.0,7348.0,1789.46,5558.54,DE_national,False,none
PE-EMP-00393-06,EMP-00393,2025-05-31,2025-06-29,163.6,0.0,7348.0,2014.15,5333.85,DE_national,False,none
PE-EMP-00394-01,EMP-00394,2025-01-01,2025-01-30,148.7,8.4,4155.65,796.94,3358.71,UK_national,False,none
PE-EMP-00394-02,EMP-00394,2025-01-31,2025-03-01,153.1,12.5,4304.91,811.95,3492.96,UK_national,False,none
PE-EMP-00394-03,EMP-00394,2025-03-02,2025-03-31,166.0,1.3,3899.76,1059.96,2839.8,UK_national,False,none
PE-EMP-00394-04,EMP-00394,2025-04-01,2025-04-30,145.1,1.3,3898.81,825.57,3073.24,UK_national,False,none
PE-EMP-00394-05,EMP-00394,2025-05-01,2025-05-30,157.5,0.3,3862.89,760.73,3102.16,UK_national,False,none
PE-EMP-00394-06,EMP-00394,2025-05-31,2025-06-29,140.3,9.6,4197.57,948.8,3248.77,UK_national,False,none
PE-EMP-00395-01,EMP-00395,2025-01-01,2025-01-30,164.6,14.1,5175.04,1090.79,4084.25,FL,False,none
PE-EMP-00395-02,EMP-00395,2025-01-31,2025-03-01,159.1,14.1,5174.67,1378.84,3795.83,FL,False,none
PE-EMP-00395-03,EMP-00395,2025-03-02,2025-03-31,160.9,11.1,5043.25,1064.37,3978.88,FL,False,none
PE-EMP-00395-04,EMP-00395,2025-04-01,2025-04-30,150.6,4.3,4753.45,988.22,3765.23,FL,False,none
PE-EMP-00395-05,EMP-00395,2025-05-01,2025-05-30,155.8,6.2,4834.99,1274.15,3560.84,FL,False,none
PE-EMP-00395-06,EMP-00395,2025-05-31,2025-06-29,147.6,3.0,4697.0,1305.43,3391.57,FL,False,none
PE-EMP-00396-01,EMP-00396,2025-01-01,2025-01-30,147.3,0.0,7275.0,1629.31,5645.69,CA,False,none
PE-EMP-00396-02,EMP-00396,2025-01-31,2025-03-01,142.6,0.0,7275.0,1567.87,5707.13,CA,False,none
PE-EMP-00396-03,EMP-00396,2025-03-02,2025-03-31,150.2,0.0,7275.0,1871.4,5403.6,CA,False,none
PE-EMP-00396-04,EMP-00396,2025-04-01,2025-04-30,154.6,0.0,7275.0,1912.96,5362.04,CA,False,none
PE-EMP-00396-05,EMP-00396,2025-05-01,2025-05-30,159.2,0.0,7275.0,1433.52,5841.48,CA,False,none
PE-EMP-00396-06,EMP-00396,2025-05-31,2025-06-29,166.6,0.0,7275.0,1735.25,5539.75,CA,False,none
PE-EMP-00397-01,EMP-00397,2025-01-01,2025-01-30,144.4,8.5,4277.78,1195.11,3082.67,FL,False,none
PE-EMP-00397-02,EMP-00397,2025-01-31,2025-03-01,152.1,9.7,4320.84,1072.44,3248.4,FL,False,none
PE-EMP-00397-03,EMP-00397,2025-03-02,2025-03-31,148.1,5.1,4151.6,1149.37,3002.23,FL,False,none
PE-EMP-00397-04,EMP-00397,2025-04-01,2025-04-30,155.4,11.1,4374.94,905.15,3469.79,FL,False,none
PE-EMP-00397-05,EMP-00397,2025-05-01,2025-05-30,154.4,3.2,4078.38,823.12,3255.26,FL,False,none
PE-EMP-00397-06,EMP-00397,2025-05-31,2025-06-29,147.3,13.8,4474.52,1036.76,3437.76,FL,False,none
PE-EMP-00398-01,EMP-00398,2025-01-01,2025-01-30,157.7,0.0,6794.0,1545.78,5248.22,federal,False,none
PE-EMP-00398-02,EMP-00398,2025-01-31,2025-03-01,153.1,0.0,6794.0,1442.36,5351.64,federal,False,none
PE-EMP-00398-03,EMP-00398,2025-03-02,2025-03-31,155.8,0.0,6794.0,1670.17,5123.83,federal,False,none
PE-EMP-00398-04,EMP-00398,2025-04-01,2025-04-30,165.2,0.0,6794.0,1441.94,5352.06,federal,False,none
PE-EMP-00398-05,EMP-00398,2025-05-01,2025-05-30,142.9,0.0,6794.0,1466.75,5327.25,federal,False,none
PE-EMP-00398-06,EMP-00398,2025-05-31,2025-06-29,165.2,0.0,6794.0,1330.78,5463.22,federal,False,none
PE-EMP-00399-01,EMP-00399,2025-01-01,2025-01-30,153.3,5.1,7005.69,1893.62,5112.07,UK_national,False,none
PE-EMP-00399-02,EMP-00399,2025-01-31,2025-03-01,145.2,5.4,7025.75,1378.98,5646.77,UK_national,False,none
PE-EMP-00399-03,EMP-00399,2025-03-02,2025-03-31,155.3,11.3,7396.4,1656.06,5740.34,UK_national,False,none
PE-EMP-00399-04,EMP-00399,2025-04-01,2025-04-30,157.3,8.9,7247.34,1807.85,5439.49,UK_national,False,none
PE-EMP-00399-05,EMP-00399,2025-05-01,2025-05-30,160.5,7.1,7134.46,1457.99,5676.47,UK_national,False,none
PE-EMP-00399-06,EMP-00399,2025-05-31,2025-06-29,160.3,9.0,7254.27,1655.83,5598.44,UK_national,False,none
PE-EMP-00400-01,EMP-00400,2025-01-01,2025-01-30,151.2,0.0,8123.0,1494.74,6628.26,FL,False,none
PE-EMP-00400-02,EMP-00400,2025-01-31,2025-03-01,166.0,0.0,8123.0,1652.46,6470.54,FL,False,none
PE-EMP-00400-03,EMP-00400,2025-03-02,2025-03-31,166.2,0.0,8123.0,2215.05,5907.95,FL,False,none
PE-EMP-00400-04,EMP-00400,2025-04-01,2025-04-30,143.0,0.0,8123.0,1808.09,6314.91,FL,False,none
PE-EMP-00400-05,EMP-00400,2025-05-01,2025-05-30,147.5,0.0,8123.0,1931.23,6191.77,FL,False,none
PE-EMP-00400-06,EMP-00400,2025-05-31,2025-06-29,156.6,0.0,8123.0,1595.38,6527.62,FL,False,none
PE-EMP-00401-01,EMP-00401,2025-01-01,2025-01-30,144.7,0.0,8190.0,1720.38,6469.62,FL,False,none
PE-EMP-00401-02,EMP-00401,2025-01-31,2025-03-01,156.7,0.0,8190.0,2045.56,6144.44,FL,False,none
PE-EMP-00401-03,EMP-00401,2025-03-02,2025-03-31,154.7,0.0,8190.0,2253.47,5936.53,FL,False,none
PE-EMP-00401-04,EMP-00401,2025-04-01,2025-04-30,155.9,0.0,8190.0,1588.49,6601.51,FL,False,none
PE-EMP-00401-05,EMP-00401,2025-05-01,2025-05-30,158.6,0.0,8190.0,2120.04,6069.96,FL,False,none
PE-EMP-00401-06,EMP-00401,2025-05-31,2025-06-29,141.5,0.0,8190.0,1548.24,6641.76,FL,False,none
PE-EMP-00402-01,EMP-00402,2025-01-01,2025-01-30,162.2,0.0,7685.0,1492.01,6192.99,FL,False,none
PE-EMP-00402-02,EMP-00402,2025-01-31,2025-03-01,149.7,0.0,7685.0,1687.62,5997.38,FL,False,none
PE-EMP-00402-03,EMP-00402,2025-03-02,2025-03-31,152.9,0.0,7685.0,1889.44,5795.56,FL,False,none
PE-EMP-00402-04,EMP-00402,2025-04-01,2025-04-30,145.6,0.0,7685.0,1515.53,6169.47,FL,False,none
PE-EMP-00402-05,EMP-00402,2025-05-01,2025-05-30,148.6,0.0,7685.0,1525.16,6159.84,FL,False,none
PE-EMP-00402-06,EMP-00402,2025-05-31,2025-06-29,164.0,0.0,7685.0,1718.79,5966.21,FL,False,none
PE-EMP-00403-01,EMP-00403,2025-01-01,2025-01-30,160.3,2.3,4737.51,1115.85,3621.66,UK_national,False,none
PE-EMP-00403-02,EMP-00403,2025-01-31,2025-03-01,161.7,0.1,4640.22,909.17,3731.05,UK_national,False,none
PE-EMP-00403-03,EMP-00403,2025-03-02,2025-03-31,142.8,8.2,4995.53,1096.04,3899.49,UK_national,False,none
PE-EMP-00403-04,EMP-00403,2025-04-01,2025-04-30,145.9,7.1,4944.98,1076.17,3868.81,UK_national,False,none
PE-EMP-00403-05,EMP-00403,2025-05-01,2025-05-30,153.0,3.6,4795.29,1302.86,3492.43,UK_national,False,none
PE-EMP-00403-06,EMP-00403,2025-05-31,2025-06-29,150.9,4.8,4844.59,1325.12,3519.47,UK_national,False,none
PE-EMP-00404-01,EMP-00404,2025-01-01,2025-01-30,151.2,0.0,7777.0,1654.25,6122.75,UK_national,False,none
PE-EMP-00404-02,EMP-00404,2025-01-31,2025-03-01,147.9,0.0,7777.0,1924.61,5852.39,UK_national,False,none
PE-EMP-00404-03,EMP-00404,2025-03-02,2025-03-31,164.4,0.0,7777.0,1864.1,5912.9,UK_national,False,none
PE-EMP-00404-04,EMP-00404,2025-04-01,2025-04-30,155.0,0.0,7777.0,1669.62,6107.38,UK_national,False,none
PE-EMP-00404-05,EMP-00404,2025-05-01,2025-05-30,158.8,0.0,7777.0,2154.4,5622.6,UK_national,False,none
PE-EMP-00404-06,EMP-00404,2025-05-31,2025-06-29,140.8,0.0,7777.0,2088.58,5688.42,UK_national,False,none
PE-EMP-00405-01,EMP-00405,2025-01-01,2025-01-30,145.0,0.0,7225.0,1470.4,5754.6,federal,False,none
PE-EMP-00405-02,EMP-00405,2025-01-31,2025-03-01,150.1,0.0,7225.0,1662.8,5562.2,federal,False,none
PE-EMP-00405-03,EMP-00405,2025-03-02,2025-03-31,140.0,0.0,7225.0,1733.4,5491.6,federal,False,none
PE-EMP-00405-04,EMP-00405,2025-04-01,2025-04-30,151.1,0.0,7225.0,1356.33,5868.67,federal,False,none
PE-EMP-00405-05,EMP-00405,2025-05-01,2025-05-30,146.4,0.0,7225.0,1661.71,5563.29,federal,False,none
PE-EMP-00405-06,EMP-00405,2025-05-31,2025-06-29,141.2,0.0,7225.0,1518.65,5706.35,federal,False,none
PE-EMP-00406-01,EMP-00406,2025-01-01,2025-01-30,142.6,5.8,4886.39,967.44,3918.95,federal,False,none
PE-EMP-00406-02,EMP-00406,2025-01-31,2025-03-01,144.2,4.7,4838.81,1197.74,3641.07,federal,False,none
PE-EMP-00406-03,EMP-00406,2025-03-02,2025-03-31,153.5,3.9,4806.17,1324.11,3482.06,federal,False,none
PE-EMP-00406-04,EMP-00406,2025-04-01,2025-04-30,145.0,6.0,4895.61,1134.48,3761.13,federal,False,none
PE-EMP-00406-05,EMP-00406,2025-05-01,2025-05-30,143.0,12.1,5161.61,1107.83,4053.78,federal,False,none
PE-EMP-00406-06,EMP-00406,2025-05-31,2025-06-29,160.5,9.8,5063.59,1116.26,3947.33,federal,False,none
PE-EMP-00407-01,EMP-00407,2025-01-01,2025-01-30,162.6,0.0,7276.0,1426.74,5849.26,CA,False,none
PE-EMP-00407-02,EMP-00407,2025-01-31,2025-03-01,143.6,0.0,7276.0,1678.55,5597.45,CA,False,none
PE-EMP-00407-03,EMP-00407,2025-03-02,2025-03-31,159.2,0.0,7276.0,1318.11,5957.89,CA,False,none
PE-EMP-00407-04,EMP-00407,2025-04-01,2025-04-30,158.3,0.0,7276.0,1797.31,5478.69,CA,False,none
PE-EMP-00407-05,EMP-00407,2025-05-01,2025-05-30,151.8,0.0,7276.0,1349.34,5926.66,CA,False,none
PE-EMP-00407-06,EMP-00407,2025-05-31,2025-06-29,151.9,0.0,7276.0,1849.61,5426.39,CA,False,none
PE-EMP-00408-01,EMP-00408,2025-01-01,2025-01-30,143.2,12.1,7017.29,1900.43,5116.86,UK_national,False,none
PE-EMP-00408-02,EMP-00408,2025-01-31,2025-03-01,154.1,11.7,6994.14,1756.94,5237.2,UK_national,False,none
PE-EMP-00408-03,EMP-00408,2025-03-02,2025-03-31,163.6,14.6,7163.2,1369.37,5793.83,UK_national,False,none
PE-EMP-00408-04,EMP-00408,2025-04-01,2025-04-30,145.0,6.4,6677.81,1709.26,4968.55,UK_national,False,none
PE-EMP-00408-05,EMP-00408,2025-05-01,2025-05-30,164.4,1.2,6372.91,1151.56,5221.35,UK_national,False,none
PE-EMP-00408-06,EMP-00408,2025-05-31,2025-06-29,166.5,10.6,6929.06,1425.89,5503.17,UK_national,False,none
PE-EMP-00409-01,EMP-00409,2025-01-01,2025-01-30,154.4,9.2,7151.88,1911.13,5240.75,UK_national,False,none
PE-EMP-00409-02,EMP-00409,2025-01-31,2025-03-01,152.2,7.0,7013.25,1290.33,5722.92,UK_national,False,none
PE-EMP-00409-03,EMP-00409,2025-03-02,2025-03-31,164.3,6.9,7009.07,1296.73,5712.34,UK_national,False,none
PE-EMP-00409-04,EMP-00409,2025-04-01,2025-04-30,156.8,5.5,6924.87,1541.27,5383.6,UK_national,False,none
PE-EMP-00409-05,EMP-00409,2025-05-01,2025-05-30,158.9,11.5,7292.88,1329.88,5963.0,UK_national,False,none
PE-EMP-00409-06,EMP-00409,2025-05-31,2025-06-29,147.5,4.4,6854.46,1519.68,5334.78,UK_national,False,none
PE-EMP-00410-01,EMP-00410,2025-01-01,2025-01-30,152.5,4.5,4885.29,896.75,3988.54,DE_national,False,none
PE-EMP-00410-02,EMP-00410,2025-01-31,2025-03-01,143.1,11.0,5171.61,1205.64,3965.97,DE_national,False,none
PE-EMP-00410-03,EMP-00410,2025-03-02,2025-03-31,151.1,2.6,6333.6,1121.86,3682.69,DE_national,True,rate_violation
PE-EMP-00410-04,EMP-00410,2025-04-01,2025-04-30,143.5,2.2,4784.38,1097.27,3687.11,DE_national,False,none
PE-EMP-00410-05,EMP-00410,2025-05-01,2025-05-30,165.0,5.2,4916.74,1110.22,3806.52,DE_national,False,none
PE-EMP-00410-06,EMP-00410,2025-05-31,2025-06-29,157.3,13.8,5294.83,1431.5,3863.33,DE_national,False,none
PE-EMP-00411-01,EMP-00411,2025-01-01,2025-01-30,166.1,12.3,4286.41,1015.48,3270.93,TX,False,none
PE-EMP-00411-02,EMP-00411,2025-01-31,2025-03-01,141.1,4.9,4019.5,738.9,3280.6,TX,False,none
PE-EMP-00411-03,EMP-00411,2025-03-02,2025-03-31,157.1,10.9,4234.16,1106.16,3128.0,TX,False,none
PE-EMP-00411-04,EMP-00411,2025-04-01,2025-04-30,142.8,7.7,4120.04,1040.47,3079.57,TX,False,none
PE-EMP-00411-05,EMP-00411,2025-05-01,2025-05-30,149.5,9.6,4187.11,880.12,3306.99,TX,False,none
PE-EMP-00411-06,EMP-00411,2025-05-31,2025-06-29,151.2,2.8,3942.4,1004.04,2938.36,TX,False,none
PE-EMP-00412-01,EMP-00412,2025-01-01,2025-01-30,160.2,11.1,5035.14,946.25,4088.89,CA,False,none
PE-EMP-00412-02,EMP-00412,2025-01-31,2025-03-01,165.5,14.5,5177.77,1342.93,3834.84,CA,False,none
PE-EMP-00412-03,EMP-00412,2025-03-02,2025-03-31,156.0,14.9,5196.85,1255.34,3941.51,CA,False,none
PE-EMP-00412-04,EMP-00412,2025-04-01,2025-04-30,155.1,11.9,5067.86,1264.05,3803.81,CA,False,none
PE-EMP-00412-05,EMP-00412,2025-05-01,2025-05-30,141.4,8.6,4926.57,992.81,3933.76,CA,False,none
PE-EMP-00412-06,EMP-00412,2025-05-31,2025-06-29,166.2,4.1,4735.17,1178.52,3556.65,CA,False,none
PE-EMP-00413-01,EMP-00413,2025-01-01,2025-01-30,145.2,0.0,8862.0,2039.65,6822.35,TX,False,none
PE-EMP-00413-02,EMP-00413,2025-01-31,2025-03-01,141.3,0.0,8862.0,1948.46,6913.54,TX,False,none
PE-EMP-00413-03,EMP-00413,2025-03-02,2025-03-31,145.1,0.0,8862.0,1847.65,7014.35,TX,False,none
PE-EMP-00413-04,EMP-00413,2025-04-01,2025-04-30,140.1,0.0,8862.0,1778.72,7083.28,TX,False,none
PE-EMP-00413-05,EMP-00413,2025-05-01,2025-05-30,161.9,0.0,8862.0,2177.58,6684.42,TX,False,none
PE-EMP-00413-06,EMP-00413,2025-05-31,2025-06-29,147.7,0.0,8862.0,2004.98,6857.02,TX,False,none
PE-EMP-00414-01,EMP-00414,2025-01-01,2025-01-30,162.1,0.0,8517.0,2073.77,6443.23,FL,False,none
PE-EMP-00414-02,EMP-00414,2025-01-31,2025-03-01,142.7,0.0,8517.0,1724.54,6792.46,FL,False,none
PE-EMP-00414-03,EMP-00414,2025-03-02,2025-03-31,159.9,0.0,8517.0,1721.33,6795.67,FL,False,none
PE-EMP-00414-04,EMP-00414,2025-04-01,2025-04-30,157.1,0.0,8517.0,2153.24,6363.76,FL,False,none
PE-EMP-00414-05,EMP-00414,2025-05-01,2025-05-30,157.1,0.0,8517.0,1925.39,6591.61,FL,False,none
PE-EMP-00414-06,EMP-00414,2025-05-31,2025-06-29,151.8,0.0,8517.0,2040.02,6476.98,FL,False,none
PE-EMP-00415-01,EMP-00415,2025-01-01,2025-01-30,155.2,0.0,6716.0,1528.29,5187.71,DE_national,False,none
PE-EMP-00415-02,EMP-00415,2025-01-31,2025-03-01,155.6,0.0,6716.0,1439.21,5276.79,DE_national,False,none
PE-EMP-00415-03,EMP-00415,2025-03-02,2025-03-31,148.9,0.0,6716.0,1761.36,4954.64,DE_national,False,none
PE-EMP-00415-04,EMP-00415,2025-04-01,2025-04-30,144.2,0.0,6716.0,1782.67,4933.33,DE_national,False,none
PE-EMP-00415-05,EMP-00415,2025-05-01,2025-05-30,154.0,0.0,6716.0,1566.33,5149.67,DE_national,False,none
PE-EMP-00415-06,EMP-00415,2025-05-31,2025-06-29,144.8,0.0,6716.0,1470.85,5245.15,DE_national,False,none
PE-EMP-00416-01,EMP-00416,2025-01-01,2025-01-30,151.3,0.0,7842.0,1929.68,5912.32,CA,False,none
PE-EMP-00416-02,EMP-00416,2025-01-31,2025-03-01,156.0,0.0,7842.0,1473.2,6368.8,CA,False,none
PE-EMP-00416-03,EMP-00416,2025-03-02,2025-03-31,153.6,0.0,7842.0,2183.96,5658.04,CA,False,none
PE-EMP-00416-04,EMP-00416,2025-04-01,2025-04-30,142.3,0.0,7842.0,1998.15,5843.85,CA,False,none
PE-EMP-00416-05,EMP-00416,2025-05-01,2025-05-30,154.8,0.0,7842.0,1649.98,6192.02,CA,False,none
PE-EMP-00416-06,EMP-00416,2025-05-31,2025-06-29,161.0,0.0,7842.0,1765.63,6076.37,CA,False,none
PE-EMP-00417-01,EMP-00417,2025-01-01,2025-01-30,153.1,0.0,8125.0,1589.17,6535.83,UK_national,False,none
PE-EMP-00417-02,EMP-00417,2025-01-31,2025-03-01,156.4,0.0,8125.0,1969.72,6155.28,UK_national,False,none
PE-EMP-00417-03,EMP-00417,2025-03-02,2025-03-31,155.8,0.0,8125.0,1800.01,6324.99,UK_national,False,none
PE-EMP-00417-04,EMP-00417,2025-04-01,2025-04-30,161.4,0.0,8125.0,2073.0,6052.0,UK_national,False,none
PE-EMP-00417-05,EMP-00417,2025-05-01,2025-05-30,147.9,0.0,8125.0,2067.04,6057.96,UK_national,False,none
PE-EMP-00417-06,EMP-00417,2025-05-31,2025-06-29,167.7,0.0,8125.0,1767.42,6357.58,UK_national,False,none
PE-EMP-00418-01,EMP-00418,2025-01-01,2025-01-30,155.1,0.0,13273.88,1785.44,6410.56,FL,True,rate_violation
PE-EMP-00418-02,EMP-00418,2025-01-31,2025-03-01,166.6,0.0,8196.0,1576.5,6619.5,FL,False,none
PE-EMP-00418-03,EMP-00418,2025-03-02,2025-03-31,151.1,0.0,8196.0,1648.47,6547.53,FL,False,none
PE-EMP-00418-04,EMP-00418,2025-04-01,2025-04-30,143.1,0.0,8196.0,1712.43,6483.57,FL,False,none
PE-EMP-00418-05,EMP-00418,2025-05-01,2025-05-30,164.2,0.0,8196.0,2103.81,6092.19,FL,False,none
PE-EMP-00418-06,EMP-00418,2025-05-31,2025-06-29,167.6,0.0,8196.0,2277.58,5918.42,FL,False,none
PE-EMP-00419-01,EMP-00419,2025-01-01,2025-01-30,155.4,0.0,8114.0,1746.15,6367.85,WA,False,none
PE-EMP-00419-02,EMP-00419,2025-01-31,2025-03-01,146.1,0.0,8114.0,2191.15,5922.85,WA,False,none
PE-EMP-00419-03,EMP-00419,2025-03-02,2025-03-31,147.8,0.0,8114.0,2085.7,6028.3,WA,False,none
PE-EMP-00419-04,EMP-00419,2025-04-01,2025-04-30,157.6,0.0,8114.0,1999.48,6114.52,WA,False,none
PE-EMP-00419-05,EMP-00419,2025-05-01,2025-05-30,159.2,0.0,8114.0,1974.24,6139.76,WA,False,none
PE-EMP-00419-06,EMP-00419,2025-05-31,2025-06-29,157.8,0.0,8114.0,1868.09,6245.91,WA,False,none
PE-EMP-00420-01,EMP-00420,2025-01-01,2025-01-30,154.9,0.0,8578.0,1737.13,6840.87,DE_national,False,none
PE-EMP-00420-02,EMP-00420,2025-01-31,2025-03-01,151.3,0.0,8578.0,2193.25,6384.75,DE_national,False,none
PE-EMP-00420-03,EMP-00420,2025-03-02,2025-03-31,148.0,0.0,8578.0,2337.12,6240.88,DE_national,False,none
PE-EMP-00420-04,EMP-00420,2025-04-01,2025-04-30,144.4,0.0,8578.0,2293.19,6284.81,DE_national,False,none
PE-EMP-00420-05,EMP-00420,2025-05-01,2025-05-30,151.2,0.0,8578.0,1546.9,7031.1,DE_national,False,none
PE-EMP-00420-06,EMP-00420,2025-05-31,2025-06-29,163.2,0.0,8578.0,2198.49,6379.51,DE_national,False,none
PE-EMP-00421-01,EMP-00421,2025-01-01,2025-01-30,158.4,10.3,6680.71,1268.21,5412.5,CA,False,none
PE-EMP-00421-02,EMP-00421,2025-01-31,2025-03-01,156.2,6.3,6453.36,1431.53,5021.83,CA,False,none
PE-EMP-00421-03,EMP-00421,2025-03-02,2025-03-31,145.3,0.4,6119.89,1238.78,4881.11,CA,False,none
PE-EMP-00421-04,EMP-00421,2025-04-01,2025-04-30,157.1,7.6,6526.44,1227.3,5299.14,CA,False,none
PE-EMP-00421-05,EMP-00421,2025-05-01,2025-05-30,156.0,6.1,6445.37,1174.88,5270.49,CA,False,none
PE-EMP-00421-06,EMP-00421,2025-05-31,2025-06-29,157.1,2.5,6237.67,1512.94,4724.73,CA,False,none
PE-EMP-00422-01,EMP-00422,2025-01-01,2025-01-30,159.2,14.3,4934.53,899.43,4035.1,CA,False,none
PE-EMP-00422-02,EMP-00422,2025-01-31,2025-03-01,156.8,11.8,4835.41,1058.64,3776.77,CA,False,none
PE-EMP-00422-03,EMP-00422,2025-03-02,2025-03-31,154.3,2.9,4470.14,1212.84,3257.3,CA,False,none
PE-EMP-00422-04,EMP-00422,2025-04-01,2025-04-30,152.8,10.8,4794.51,977.75,3816.76,CA,False,none
PE-EMP-00422-05,EMP-00422,2025-05-01,2025-05-30,153.2,10.7,4788.23,957.54,3830.69,CA,False,none
PE-EMP-00422-06,EMP-00422,2025-05-31,2025-06-29,143.7,1.0,4391.67,804.07,3587.6,CA,False,none
PE-EMP-00423-01-DUP,EMP-00423,2025-01-01,2025-01-30,156.2,6.9,7090.06,1760.94,5329.12,UK_national,True,duplicate_payment
PE-EMP-00423-02,EMP-00423,2025-01-31,2025-03-01,152.4,3.6,6886.54,1361.38,5525.16,UK_national,False,none
PE-EMP-00423-03,EMP-00423,2025-03-02,2025-03-31,152.9,9.6,7260.69,1890.46,5370.23,UK_national,False,none
PE-EMP-00423-04,EMP-00423,2025-04-01,2025-04-30,163.5,13.1,7476.76,2025.36,5451.4,UK_national,False,none
PE-EMP-00423-05,EMP-00423,2025-05-01,2025-05-30,146.9,10.8,7336.24,1371.76,5964.48,UK_national,False,none
PE-EMP-00423-06,EMP-00423,2025-05-31,2025-06-29,161.0,10.2,7298.76,1610.36,5688.4,UK_national,False,none
PE-EMP-00424-01,EMP-00424,2025-01-01,2025-01-30,154.6,0.0,7516.0,1706.29,5809.71,FL,False,none
PE-EMP-00424-02,EMP-00424,2025-01-31,2025-03-01,150.8,0.0,7516.0,1941.41,5574.59,FL,False,none
PE-EMP-00424-03,EMP-00424,2025-03-02,2025-03-31,166.8,0.0,7516.0,2016.81,5499.19,FL,False,none
PE-EMP-00424-04,EMP-00424,2025-04-01,2025-04-30,155.0,0.0,7516.0,1890.87,5625.13,FL,False,none
PE-EMP-00424-05,EMP-00424,2025-05-01,2025-05-30,157.0,0.0,7516.0,2096.37,5419.63,FL,False,none
PE-EMP-00424-06,EMP-00424,2025-05-31,2025-06-29,160.0,0.0,7516.0,1682.47,5833.53,FL,False,none
PE-EMP-00425-01,EMP-00425,2025-01-01,2025-01-30,163.2,0.9,4436.99,1158.79,3278.2,NY,False,none
PE-EMP-00425-02,EMP-00425,2025-01-31,2025-03-01,163.2,10.9,4848.69,892.11,3956.58,NY,False,none
PE-EMP-00425-03,EMP-00425,2025-03-02,2025-03-31,151.2,13.9,4973.82,1208.27,3765.55,NY,False,none
PE-EMP-00425-04,EMP-00425,2025-04-01,2025-04-30,152.3,11.8,4887.22,930.34,3956.88,NY,False,none
PE-EMP-00425-05,EMP-00425,2025-05-01,2025-05-30,163.7,11.4,4868.98,1158.73,3710.25,NY,False,none
PE-EMP-00425-06,EMP-00425,2025-05-31,2025-06-29,162.2,10.8,4846.73,1050.03,3796.7,NY,False,none
PE-EMP-00426-01,EMP-00426,2025-01-01,2025-01-30,158.4,0.0,7316.0,1420.73,5895.27,federal,False,none
PE-EMP-00426-02,EMP-00426,2025-01-31,2025-03-01,146.8,0.0,7316.0,1669.94,5646.06,federal,False,none
PE-EMP-00426-03,EMP-00426,2025-03-02,2025-03-31,147.4,0.0,7316.0,1558.33,5757.67,federal,False,none
PE-EMP-00426-04,EMP-00426,2025-04-01,2025-04-30,159.4,0.0,7316.0,1652.13,5663.87,federal,False,none
PE-EMP-00426-05,EMP-00426,2025-05-01,2025-05-30,159.9,0.0,7316.0,1867.41,5448.59,federal,False,none
PE-EMP-00426-06,EMP-00426,2025-05-31,2025-06-29,161.2,0.0,7316.0,1567.41,5748.59,federal,False,none
PE-EMP-00427-01,EMP-00427,2025-01-01,2025-01-30,159.3,0.0,12086.62,1620.58,5985.42,NY,True,rate_violation
PE-EMP-00427-02,EMP-00427,2025-01-31,2025-03-01,152.6,0.0,7606.0,1565.26,6040.74,NY,False,none
PE-EMP-00427-03,EMP-00427,2025-03-02,2025-03-31,147.7,0.0,7606.0,1396.27,6209.73,NY,False,none
PE-EMP-00427-04,EMP-00427,2025-04-01,2025-04-30,143.9,0.0,7606.0,1765.95,5840.05,NY,False,none
PE-EMP-00427-05,EMP-00427,2025-05-01,2025-05-30,140.7,0.0,7606.0,2038.54,5567.46,NY,False,none
PE-EMP-00427-06,EMP-00427,2025-05-31,2025-06-29,155.8,0.0,7606.0,1912.0,5694.0,NY,False,none
PE-EMP-00428-01,EMP-00428,2025-01-01,2025-01-30,148.6,0.0,7693.0,1935.43,5757.57,federal,False,none
PE-EMP-00428-02,EMP-00428,2025-01-31,2025-03-01,155.9,0.0,7693.0,1619.18,6073.82,federal,False,none
PE-EMP-00428-03,EMP-00428,2025-03-02,2025-03-31,160.0,0.0,7693.0,1902.69,5790.31,federal,False,none
PE-EMP-00428-04,EMP-00428,2025-04-01,2025-04-30,144.3,0.0,7693.0,2004.18,5688.82,federal,False,none
PE-EMP-00428-05,EMP-00428,2025-05-01,2025-05-30,143.6,0.0,7693.0,1852.05,5840.95,federal,False,none
PE-EMP-00428-06,EMP-00428,2025-05-31,2025-06-29,164.1,0.0,7693.0,1582.69,6110.31,federal,False,none
PE-EMP-00429-01,EMP-00429,2025-01-01,2025-01-30,146.4,0.0,8447.0,2239.23,6207.77,NY,False,none
PE-EMP-00429-02,EMP-00429,2025-01-31,2025-03-01,156.3,0.0,8447.0,1645.78,6801.22,NY,False,none
PE-EMP-00429-03,EMP-00429,2025-03-02,2025-03-31,140.3,0.0,8447.0,1828.07,6618.93,NY,False,none
PE-EMP-00429-04,EMP-00429,2025-04-01,2025-04-30,154.2,0.0,8447.0,2255.55,6191.45,NY,False,none
PE-EMP-00429-05,EMP-00429,2025-05-01,2025-05-30,154.5,0.0,8447.0,1923.36,6523.64,NY,False,none
PE-EMP-00429-06,EMP-00429,2025-05-31,2025-06-29,165.2,0.0,8447.0,2341.85,6105.15,NY,False,none
PE-EMP-00430-01,EMP-00430,2025-01-01,2025-01-30,158.0,0.0,8030.0,1916.87,6113.13,federal,False,none
PE-EMP-00430-02,EMP-00430,2025-01-31,2025-03-01,154.0,0.0,8030.0,1865.64,6164.36,federal,False,none
PE-EMP-00430-03,EMP-00430,2025-03-02,2025-03-31,150.6,0.0,8030.0,2189.04,5840.96,federal,False,none
PE-EMP-00430-04,EMP-00430,2025-04-01,2025-04-30,158.2,0.0,8030.0,2144.64,5885.36,federal,False,none
PE-EMP-00430-05,EMP-00430,2025-05-01,2025-05-30,153.5,0.0,8030.0,1834.05,6195.95,federal,False,none
PE-EMP-00430-06,EMP-00430,2025-05-31,2025-06-29,150.6,0.0,8030.0,1982.4,6047.6,federal,False,none
PE-EMP-00431-01,EMP-00431,2025-01-01,2025-01-30,141.8,3.4,4400.87,883.0,3517.87,federal,False,none
PE-EMP-00431-02,EMP-00431,2025-01-31,2025-03-01,144.2,9.1,4631.13,1171.1,3460.03,federal,False,none
PE-EMP-00431-03,EMP-00431,2025-03-02,2025-03-31,143.3,3.0,4384.15,1007.82,3376.33,federal,False,none
PE-EMP-00431-04,EMP-00431,2025-04-01,2025-04-30,155.9,9.6,4649.12,842.51,3806.61,federal,False,none
PE-EMP-00431-05,EMP-00431,2025-05-01,2025-05-30,160.9,12.3,4757.26,1231.03,3526.23,federal,False,none
PE-EMP-00431-06,EMP-00431,2025-05-31,2025-06-29,165.1,11.1,4710.76,1019.2,3691.56,federal,False,none
PE-EMP-00432-01,EMP-00432,2025-01-01,2025-01-30,140.9,9.4,4885.51,1344.51,3541.0,NY,False,none
PE-EMP-00432-02,EMP-00432,2025-01-31,2025-03-01,154.2,4.1,4661.41,1287.32,3374.09,NY,False,none
PE-EMP-00432-03,EMP-00432,2025-03-02,2025-03-31,163.7,8.1,4829.53,907.68,3921.85,NY,False,none
PE-EMP-00432-04,EMP-00432,2025-04-01,2025-04-30,162.3,6.7,4772.01,1108.51,3663.5,NY,False,none
PE-EMP-00432-05,EMP-00432,2025-05-01,2025-05-30,146.9,12.0,4993.4,990.03,4003.37,NY,False,none
PE-EMP-00432-06,EMP-00432,2025-05-31,2025-06-29,166.2,12.9,5031.45,1020.55,4010.9,NY,False,none
PE-EMP-00433-01,EMP-00433,2025-01-01,2025-01-30,160.1,0.0,6974.0,1379.06,5594.94,NY,False,none
PE-EMP-00433-02,EMP-00433,2025-01-31,2025-03-01,167.4,0.0,6974.0,1440.66,5533.34,NY,False,none
PE-EMP-00433-03,EMP-00433,2025-03-02,2025-03-31,147.8,0.0,6974.0,1773.57,5200.43,NY,False,none
PE-EMP-00433-04,EMP-00433,2025-04-01,2025-04-30,160.5,0.0,6974.0,1895.16,5078.84,NY,False,none
PE-EMP-00433-05,EMP-00433,2025-05-01,2025-05-30,165.4,0.0,6974.0,1347.76,5626.24,NY,False,none
PE-EMP-00433-06,EMP-00433,2025-05-31,2025-06-29,148.5,0.0,6974.0,1400.19,5573.81,NY,False,none
PE-EMP-00434-01,EMP-00434,2025-01-01,2025-01-30,146.8,11.4,4504.84,1025.88,3478.96,federal,False,none
PE-EMP-00434-02,EMP-00434,2025-01-31,2025-03-01,142.8,13.2,4573.48,846.59,3726.89,federal,False,none
PE-EMP-00434-03,EMP-00434,2025-03-02,2025-03-31,162.1,1.1,4110.8,936.56,3174.24,federal,False,none
PE-EMP-00434-04,EMP-00434,2025-04-01,2025-04-30,152.4,7.1,4341.39,824.81,3516.58,federal,False,none
PE-EMP-00434-05,EMP-00434,2025-05-01,2025-05-30,156.5,9.0,4411.35,926.37,3484.98,federal,False,none
PE-EMP-00434-06,EMP-00434,2025-05-31,2025-06-29,140.3,6.4,4314.91,1167.18,3147.73,federal,True,rule_override
PE-EMP-00435-01,EMP-00435,2025-01-01,2025-01-30,160.2,0.0,8368.0,1876.64,6491.36,DE_national,False,none
PE-EMP-00435-02,EMP-00435,2025-01-31,2025-03-01,158.0,0.0,8368.0,1999.06,6368.94,DE_national,False,none
PE-EMP-00435-03,EMP-00435,2025-03-02,2025-03-31,157.8,0.0,8368.0,2138.48,6229.52,DE_national,False,none
PE-EMP-00435-04,EMP-00435,2025-04-01,2025-04-30,167.8,0.0,8368.0,1716.9,6651.1,DE_national,False,none
PE-EMP-00435-05,EMP-00435,2025-05-01,2025-05-30,151.4,0.0,8368.0,1732.8,6635.2,DE_national,False,none
PE-EMP-00435-06,EMP-00435,2025-05-31,2025-06-29,157.7,0.0,8368.0,1781.25,6586.75,DE_national,False,none
PE-EMP-00436-01,EMP-00436,2025-01-01,2025-01-30,153.5,0.0,8441.0,1758.9,6682.1,TX,False,none
PE-EMP-00436-02,EMP-00436,2025-01-31,2025-03-01,158.1,0.0,8441.0,1742.39,6698.61,TX,False,none
PE-EMP-00436-03,EMP-00436,2025-03-02,2025-03-31,154.9,0.0,8441.0,1807.34,6633.66,TX,False,none
PE-EMP-00436-04,EMP-00436,2025-04-01,2025-04-30,159.0,0.0,8441.0,1944.01,6496.99,TX,False,none
PE-EMP-00436-05,EMP-00436,2025-05-01,2025-05-30,157.5,0.0,8441.0,1613.47,6827.53,TX,False,none
PE-EMP-00436-06,EMP-00436,2025-05-31,2025-06-29,161.2,0.0,8441.0,1673.16,6767.84,TX,False,none
PE-EMP-00437-01,EMP-00437,2025-01-01,2025-01-30,140.2,0.0,7391.0,1990.67,5400.33,CA,False,none
PE-EMP-00437-02,EMP-00437,2025-01-31,2025-03-01,154.3,0.0,7391.0,1696.82,5694.18,CA,False,none
PE-EMP-00437-03,EMP-00437,2025-03-02,2025-03-31,145.0,0.0,7391.0,1892.42,5498.58,CA,False,none
PE-EMP-00437-04,EMP-00437,2025-04-01,2025-04-30,158.8,0.0,7391.0,1400.28,5990.72,CA,False,none
PE-EMP-00437-05,EMP-00437,2025-05-01,2025-05-30,164.1,0.0,7391.0,1583.47,5807.53,CA,False,none
PE-EMP-00437-06,EMP-00437,2025-05-31,2025-06-29,159.2,0.0,7391.0,1938.33,5452.67,CA,False,none
PE-EMP-00438-01,EMP-00438,2025-01-01,2025-01-30,145.4,0.0,7312.0,1395.65,5916.35,UK_national,False,none
PE-EMP-00438-02,EMP-00438,2025-01-31,2025-03-01,146.5,0.0,7312.0,1540.78,5771.22,UK_national,False,none
PE-EMP-00438-03,EMP-00438,2025-03-02,2025-03-31,148.6,0.0,7312.0,1876.57,5435.43,UK_national,False,none
PE-EMP-00438-04,EMP-00438,2025-04-01,2025-04-30,153.2,0.0,7312.0,1816.85,5495.15,UK_national,False,none
PE-EMP-00438-05,EMP-00438,2025-05-01,2025-05-30,166.0,0.0,7312.0,1469.93,5842.07,UK_national,False,none
PE-EMP-00438-06,EMP-00438,2025-05-31,2025-06-29,158.8,0.0,7312.0,1552.9,5759.1,UK_national,False,none
PE-EMP-00439-01,EMP-00439,2025-01-01,2025-01-30,145.4,5.9,4523.77,891.99,3631.78,FL,False,none
PE-EMP-00439-02,EMP-00439,2025-01-31,2025-03-01,144.4,9.9,4684.26,995.72,3688.54,FL,False,none
PE-EMP-00439-03,EMP-00439,2025-03-02,2025-03-31,154.5,7.1,4570.49,1094.74,3475.75,FL,False,none
PE-EMP-00439-04,EMP-00439,2025-04-01,2025-04-30,151.7,10.9,4722.75,958.12,3764.63,FL,False,none
PE-EMP-00439-05,EMP-00439,2025-05-01,2025-05-30,147.4,14.0,4848.01,1277.18,3570.83,FL,False,none
PE-EMP-00439-06,EMP-00439,2025-05-31,2025-06-29,150.4,4.6,4469.53,1129.32,3340.21,FL,False,none
PE-EMP-00440-01,EMP-00440,2025-01-01,2025-01-30,163.2,4.7,6553.27,1381.44,5171.83,TX,False,none
PE-EMP-00440-02,EMP-00440,2025-01-31,2025-03-01,155.8,11.4,6948.02,1254.58,5693.44,TX,False,none
PE-EMP-00440-03,EMP-00440,2025-03-02,2025-03-31,166.3,0.8,6323.8,1396.79,4927.01,TX,False,none
PE-EMP-00440-04,EMP-00440,2025-04-01,2025-04-30,158.1,2.1,6398.48,1444.07,4954.41,TX,False,none
PE-EMP-00440-05,EMP-00440,2025-05-01,2025-05-30,147.7,12.3,6997.29,1401.01,5596.28,TX,False,none
PE-EMP-00440-06,EMP-00440,2025-05-31,2025-06-29,158.5,3.8,6500.84,1711.38,4789.46,TX,False,none
PE-EMP-00441-01,EMP-00441,2025-01-01,2025-01-30,140.7,0.0,6871.0,1530.51,5340.49,NY,False,none
PE-EMP-00441-02,EMP-00441,2025-01-31,2025-03-01,150.7,0.0,6871.0,1620.23,5250.77,NY,False,none
PE-EMP-00441-03,EMP-00441,2025-03-02,2025-03-31,160.7,0.0,6871.0,1784.72,5086.28,NY,False,none
PE-EMP-00441-04,EMP-00441,2025-04-01,2025-04-30,157.3,0.0,6871.0,1539.17,5331.83,NY,False,none
PE-EMP-00441-05,EMP-00441,2025-05-01,2025-05-30,147.7,0.0,6871.0,1287.92,5583.08,NY,False,none
PE-EMP-00441-06,EMP-00441,2025-05-31,2025-06-29,144.5,0.0,6871.0,1733.45,5137.55,NY,False,none
PE-EMP-00442-01,EMP-00442,2025-01-01,2025-01-30,166.4,0.0,7501.0,1794.94,5706.06,DE_national,False,none
PE-EMP-00442-02,EMP-00442,2025-01-31,2025-03-01,166.7,0.0,7501.0,2060.31,5440.69,DE_national,False,none
PE-EMP-00442-03,EMP-00442,2025-03-02,2025-03-31,161.9,0.0,7501.0,1642.77,5858.23,DE_national,False,none
PE-EMP-00442-04,EMP-00442,2025-04-01,2025-04-30,166.9,0.0,7501.0,1880.12,5620.88,DE_national,False,none
PE-EMP-00442-05,EMP-00442,2025-05-01,2025-05-30,147.0,0.0,7501.0,2090.48,5410.52,DE_national,False,none
PE-EMP-00442-06,EMP-00442,2025-05-31,2025-06-29,156.4,0.0,7501.0,1394.67,6106.33,DE_national,False,none
PE-EMP-00443-01,EMP-00443,2025-01-01,2025-01-30,141.6,0.0,7308.0,1565.88,5742.12,DE_national,False,none
PE-EMP-00443-02,EMP-00443,2025-01-31,2025-03-01,155.1,0.0,7308.0,1635.62,5672.38,DE_national,False,none
PE-EMP-00443-03,EMP-00443,2025-03-02,2025-03-31,148.0,0.0,7308.0,1660.26,5647.74,DE_national,False,none
PE-EMP-00443-04,EMP-00443,2025-04-01,2025-04-30,164.7,0.0,7308.0,1369.51,5938.49,DE_national,False,none
PE-EMP-00443-05,EMP-00443,2025-05-01,2025-05-30,167.4,0.0,7308.0,1850.71,5457.29,DE_national,False,none
PE-EMP-00443-06,EMP-00443,2025-05-31,2025-06-29,163.1,0.0,7308.0,1954.12,5353.88,DE_national,False,none
PE-EMP-00444-01,EMP-00444,2025-01-01,2025-01-30,156.5,8.6,6820.49,1610.89,5209.6,TX,False,none
PE-EMP-00444-02,EMP-00444,2025-01-31,2025-03-01,152.3,4.9,6601.95,1549.2,5052.75,TX,False,none
PE-EMP-00444-03,EMP-00444,2025-03-02,2025-03-31,158.5,8.4,6805.04,1781.09,5023.95,TX,False,none
PE-EMP-00444-04,EMP-00444,2025-04-01,2025-04-30,159.3,2.1,6435.66,1653.9,4781.76,TX,False,none
PE-EMP-00444-05,EMP-00444,2025-05-01,2025-05-30,164.4,10.5,6931.57,1759.97,5171.6,TX,False,none
PE-EMP-00444-06,EMP-00444,2025-05-31,2025-06-29,166.8,5.4,10817.42,1706.11,4925.48,TX,True,rate_violation
PE-EMP-00445-01,EMP-00445,2025-01-01,2025-01-30,160.9,3.2,4275.36,906.92,3368.44,federal,False,none
PE-EMP-00445-02,EMP-00445,2025-01-31,2025-03-01,146.4,5.4,4361.38,871.83,3489.55,federal,False,none
PE-EMP-00445-03,EMP-00445,2025-03-02,2025-03-31,167.2,3.9,4301.17,1033.84,3267.33,federal,False,none
PE-EMP-00445-04,EMP-00445,2025-04-01,2025-04-30,166.1,2.1,4231.86,1033.52,3198.34,federal,False,none
PE-EMP-00445-05,EMP-00445,2025-05-01,2025-05-30,152.0,12.1,4620.41,1200.43,3419.98,federal,False,none
PE-EMP-00445-06,EMP-00445,2025-05-31,2025-06-29,163.3,0.9,4185.18,1167.52,3017.66,federal,False,none
PE-EMP-00446-01,EMP-00446,2025-01-01,2025-01-30,150.5,8.5,4660.43,1302.9,3357.53,federal,False,none
PE-EMP-00446-02,EMP-00446,2025-01-31,2025-03-01,166.9,13.1,4847.03,1031.0,3816.03,federal,False,none
PE-EMP-00446-03,EMP-00446,2025-03-02,2025-03-31,155.1,4.2,4488.59,957.75,3530.84,federal,False,none
PE-EMP-00446-04,EMP-00446,2025-04-01,2025-04-30,141.9,1.1,4362.87,825.52,3537.35,federal,False,none
PE-EMP-00446-05,EMP-00446,2025-05-01,2025-05-30,155.6,1.7,4385.2,858.72,3526.48,federal,False,none
PE-EMP-00446-06,EMP-00446,2025-05-31,2025-06-29,154.4,12.8,4833.92,1147.54,3686.38,federal,False,none
PE-EMP-00447-01,EMP-00447,2025-01-01,2025-01-30,153.1,9.8,5119.9,1019.31,4100.59,UK_national,False,none
PE-EMP-00447-02,EMP-00447,2025-01-31,2025-03-01,142.0,10.3,5142.18,1346.1,3796.08,UK_national,False,none
PE-EMP-00447-03,EMP-00447,2025-03-02,2025-03-31,153.0,13.3,5277.68,1474.77,3802.91,UK_national,False,none
PE-EMP-00447-04,EMP-00447,2025-04-01,2025-04-30,144.3,5.0,4908.98,972.8,3936.18,UK_national,False,none
PE-EMP-00447-05,EMP-00447,2025-05-01,2025-05-30,156.1,6.8,4990.52,1288.11,3702.41,UK_national,False,none
PE-EMP-00447-06,EMP-00447,2025-05-31,2025-06-29,160.7,14.2,5316.7,1429.87,3886.83,UK_national,False,none
PE-EMP-00448-01,EMP-00448,2025-01-01,2025-01-30,151.2,0.0,7085.0,1483.47,5601.53,federal,False,none
PE-EMP-00448-02,EMP-00448,2025-01-31,2025-03-01,157.5,0.0,7085.0,1551.58,5533.42,federal,False,none
PE-EMP-00448-03,EMP-00448,2025-03-02,2025-03-31,140.2,0.0,7085.0,1503.71,5581.29,federal,False,none
PE-EMP-00448-04,EMP-00448,2025-04-01,2025-04-30,144.2,0.0,7085.0,1881.47,5203.53,federal,False,none
PE-EMP-00448-05,EMP-00448,2025-05-01,2025-05-30,156.4,0.0,7085.0,1819.27,5265.73,federal,False,none
PE-EMP-00448-06,EMP-00448,2025-05-31,2025-06-29,154.9,0.0,7085.0,1738.38,5346.62,federal,False,none
PE-EMP-00449-01,EMP-00449,2025-01-01,2025-01-30,145.6,12.3,4803.46,1309.11,3494.35,FL,False,none
PE-EMP-00449-02,EMP-00449,2025-01-31,2025-03-01,165.0,10.7,4738.9,1126.37,3612.53,FL,False,none
PE-EMP-00449-03,EMP-00449,2025-03-02,2025-03-31,145.3,2.2,4395.79,926.84,3468.95,FL,False,none
PE-EMP-00449-04,EMP-00449,2025-04-01,2025-04-30,142.8,8.0,4629.0,1270.43,3358.57,FL,False,none
PE-EMP-00449-05,EMP-00449,2025-05-01,2025-05-30,141.1,1.9,4383.1,941.72,3441.38,FL,False,none
PE-EMP-00449-06,EMP-00449,2025-05-31,2025-06-29,141.9,13.1,4833.15,1318.71,3514.44,FL,False,none
PE-EMP-00450-01,EMP-00450,2025-01-01,2025-01-30,158.4,3.0,6630.89,1301.84,5329.05,FL,False,none
PE-EMP-00450-02,EMP-00450,2025-01-31,2025-03-01,167.7,3.5,6659.25,1811.23,4848.02,FL,False,none
PE-EMP-00450-03,EMP-00450,2025-03-02,2025-03-31,161.6,0.4,6472.75,1733.17,4739.58,FL,False,none
PE-EMP-00450-04,EMP-00450,2025-04-01,2025-04-30,166.4,1.8,6559.63,1802.6,4757.03,FL,False,none
PE-EMP-00450-05,EMP-00450,2025-05-01,2025-05-30,140.7,13.0,7234.64,1920.21,5314.43,FL,False,none
PE-EMP-00450-06,EMP-00450,2025-05-31,2025-06-29,145.8,0.7,6492.63,1453.41,5039.22,FL,False,none
PE-EMP-00451-01,EMP-00451,2025-01-01,2025-01-30,145.6,0.0,8648.0,2223.39,6424.61,TX,False,none
PE-EMP-00451-02,EMP-00451,2025-01-31,2025-03-01,156.5,0.0,8648.0,1664.44,6983.56,TX,False,none
PE-EMP-00451-03,EMP-00451,2025-03-02,2025-03-31,167.1,0.0,8648.0,1994.84,6653.16,TX,False,none
PE-EMP-00451-04,EMP-00451,2025-04-01,2025-04-30,156.2,0.0,8648.0,2003.31,6644.69,TX,False,none
PE-EMP-00451-05,EMP-00451,2025-05-01,2025-05-30,144.6,0.0,8648.0,1737.93,6910.07,TX,False,none
PE-EMP-00451-06,EMP-00451,2025-05-31,2025-06-29,166.3,0.0,8648.0,2197.15,6450.85,TX,False,none
PE-EMP-00452-01,EMP-00452,2025-01-01,2025-01-30,150.0,14.9,7760.93,1719.15,6041.78,UK_national,False,none
PE-EMP-00452-02,EMP-00452,2025-01-31,2025-03-01,145.9,1.4,6894.92,1590.6,5304.32,UK_national,False,none
PE-EMP-00452-03,EMP-00452,2025-03-02,2025-03-31,153.4,7.6,7295.05,2002.42,5292.63,UK_national,False,none
PE-EMP-00452-04,EMP-00452,2025-04-01,2025-04-30,140.5,5.7,7171.83,1592.16,5579.67,UK_national,False,none
PE-EMP-00452-05,EMP-00452,2025-05-01,2025-05-30,166.9,1.5,6903.8,1491.49,5412.31,UK_national,False,none
PE-EMP-00452-06,EMP-00452,2025-05-31,2025-06-29,148.7,1.0,6870.52,1886.6,4983.92,UK_national,False,none
PE-EMP-00453-01,EMP-00453,2025-01-01,2025-01-30,158.3,0.0,8547.0,1734.49,6812.51,UK_national,False,none
PE-EMP-00453-02,EMP-00453,2025-01-31,2025-03-01,159.6,0.0,8547.0,2094.38,6452.62,UK_national,False,none
PE-EMP-00453-03,EMP-00453,2025-03-02,2025-03-31,162.7,0.0,8547.0,2287.13,6259.87,UK_national,False,none
PE-EMP-00453-04,EMP-00453,2025-04-01,2025-04-30,140.4,0.0,8547.0,2362.59,6184.41,UK_national,False,none
PE-EMP-00453-05,EMP-00453,2025-05-01,2025-05-30,160.4,0.0,8547.0,2305.41,6241.59,UK_national,False,none
PE-EMP-00453-06,EMP-00453,2025-05-31,2025-06-29,141.3,0.0,8547.0,2262.75,6284.25,UK_national,False,none
PE-EMP-00454-01,EMP-00454,2025-01-01,2025-01-30,145.0,0.1,3815.97,884.78,2931.19,NY,False,none
PE-EMP-00454-02,EMP-00454,2025-01-31,2025-03-01,143.9,7.0,4062.78,747.14,3315.64,NY,False,none
PE-EMP-00454-03,EMP-00454,2025-03-02,2025-03-31,156.7,3.1,3923.45,996.5,2926.95,NY,False,none
PE-EMP-00454-04,EMP-00454,2025-04-01,2025-04-30,148.2,9.3,4141.96,1086.54,3055.42,NY,False,none
PE-EMP-00454-05,EMP-00454,2025-05-01,2025-05-30,151.7,2.6,3904.59,905.32,2999.27,NY,False,none
PE-EMP-00454-06,EMP-00454,2025-05-31,2025-06-29,144.2,12.1,4244.78,1047.9,3196.88,NY,False,none
PE-EMP-00455-01,EMP-00455,2025-01-01,2025-01-30,150.2,0.0,7690.0,2095.49,5594.51,UK_national,False,none
PE-EMP-00455-02,EMP-00455,2025-01-31,2025-03-01,162.0,0.0,7690.0,1407.25,6282.75,UK_national,False,none
PE-EMP-00455-03,EMP-00455,2025-03-02,2025-03-31,145.7,0.0,7690.0,1694.61,5995.39,UK_national,False,none
PE-EMP-00455-04,EMP-00455,2025-04-01,2025-04-30,150.4,0.0,7690.0,2031.26,5658.74,UK_national,True,ghost_employee
PE-EMP-00455-05,EMP-00455,2025-05-01,2025-05-30,157.4,0.0,7690.0,1406.1,6283.9,UK_national,False,none
PE-EMP-00455-06,EMP-00455,2025-05-31,2025-06-29,140.7,0.0,7690.0,1406.11,6283.89,UK_national,False,none
PE-EMP-00456-01,EMP-00456,2025-01-01,2025-01-30,153.2,11.0,4373.69,850.39,3523.3,NY,False,none
PE-EMP-00456-02,EMP-00456,2025-01-31,2025-03-01,151.4,8.1,4264.72,1092.84,3171.88,NY,False,none
PE-EMP-00456-03,EMP-00456,2025-03-02,2025-03-31,160.2,2.5,4058.62,771.18,3287.44,NY,False,none
PE-EMP-00456-04,EMP-00456,2025-04-01,2025-04-30,149.8,3.3,4088.14,907.52,3180.62,NY,False,none
PE-EMP-00456-05,EMP-00456,2025-05-01,2025-05-30,141.9,14.5,4504.01,1019.9,3484.11,NY,False,none
PE-EMP-00456-06,EMP-00456,2025-05-31,2025-06-29,151.6,13.5,4464.66,1000.27,3464.39,NY,False,none
PE-EMP-00457-01,EMP-00457,2025-01-01,2025-01-30,164.0,0.0,7700.0,2009.26,5690.74,federal,False,none
PE-EMP-00457-02,EMP-00457,2025-01-31,2025-03-01,140.0,0.0,7700.0,1752.71,5947.29,federal,False,none
PE-EMP-00457-03,EMP-00457,2025-03-02,2025-03-31,165.2,0.0,7700.0,1583.78,6116.22,federal,False,none
PE-EMP-00457-04,EMP-00457,2025-04-01,2025-04-30,149.0,0.0,7700.0,1801.79,5898.21,federal,False,none
PE-EMP-00457-05,EMP-00457,2025-05-01,2025-05-30,166.8,0.0,7700.0,1900.69,5799.31,federal,False,none
PE-EMP-00457-06,EMP-00457,2025-05-31,2025-06-29,142.7,0.0,7700.0,1765.46,5934.54,federal,False,none
PE-EMP-00458-01,EMP-00458,2025-01-01,2025-01-30,163.3,0.0,7794.0,1848.14,5945.86,CA,False,none
PE-EMP-00458-02,EMP-00458,2025-01-31,2025-03-01,143.5,0.0,7794.0,1804.1,5989.9,CA,False,none
PE-EMP-00458-03,EMP-00458,2025-03-02,2025-03-31,162.6,0.0,7794.0,1514.06,6279.94,CA,False,none
PE-EMP-00458-04,EMP-00458,2025-04-01,2025-04-30,158.5,0.0,7794.0,1982.16,5811.84,CA,False,none
PE-EMP-00458-05,EMP-00458,2025-05-01,2025-05-30,160.1,0.0,7794.0,1622.94,6171.06,CA,False,none
PE-EMP-00458-06,EMP-00458,2025-05-31,2025-06-29,157.2,0.0,7794.0,1597.6,6196.4,CA,False,none
PE-EMP-00459-01,EMP-00459,2025-01-01,2025-01-30,147.0,0.0,7551.0,1910.43,5640.57,NY,False,none
PE-EMP-00459-02,EMP-00459,2025-01-31,2025-03-01,148.4,0.0,7551.0,1895.65,5655.35,NY,False,none
PE-EMP-00459-03,EMP-00459,2025-03-02,2025-03-31,152.9,0.0,7551.0,1805.28,5745.72,NY,False,none
PE-EMP-00459-04,EMP-00459,2025-04-01,2025-04-30,154.5,0.0,7551.0,2104.95,5446.05,NY,False,none
PE-EMP-00459-05,EMP-00459,2025-05-01,2025-05-30,147.5,0.0,7551.0,2038.42,5512.58,NY,False,none
PE-EMP-00459-06,EMP-00459,2025-05-31,2025-06-29,149.2,0.0,7551.0,1642.17,5908.83,NY,False,none
PE-EMP-00460-01,EMP-00460,2025-01-01,2025-01-30,144.1,0.0,7503.0,1903.07,5599.93,DE_national,False,none
PE-EMP-00460-02,EMP-00460,2025-01-31,2025-03-01,163.8,0.0,7503.0,1911.72,5591.28,DE_national,False,none
PE-EMP-00460-03,EMP-00460,2025-03-02,2025-03-31,162.4,0.0,7503.0,1824.64,5678.36,DE_national,False,none
PE-EMP-00460-04,EMP-00460,2025-04-01,2025-04-30,162.2,0.0,7503.0,2085.48,5417.52,DE_national,False,none
PE-EMP-00460-05,EMP-00460,2025-05-01,2025-05-30,140.4,0.0,7503.0,1826.7,5676.3,DE_national,False,none
PE-EMP-00460-06,EMP-00460,2025-05-31,2025-06-29,163.4,0.0,7503.0,1528.98,5974.02,DE_national,False,none
PE-EMP-00461-01,EMP-00461,2025-01-01,2025-01-30,151.1,0.0,7399.0,1340.49,6058.51,DE_national,False,none
PE-EMP-00461-02,EMP-00461,2025-01-31,2025-03-01,153.5,0.0,7399.0,1966.42,5432.58,DE_national,False,none
PE-EMP-00461-03,EMP-00461,2025-03-02,2025-03-31,145.3,0.0,7399.0,1975.18,5423.82,DE_national,False,none
PE-EMP-00461-04,EMP-00461,2025-04-01,2025-04-30,167.2,0.0,7399.0,1631.97,5767.03,DE_national,False,none
PE-EMP-00461-05,EMP-00461,2025-05-01,2025-05-30,167.8,0.0,7399.0,1667.14,5731.86,DE_national,False,none
PE-EMP-00461-06,EMP-00461,2025-05-31,2025-06-29,147.4,0.0,7399.0,1657.27,5741.73,DE_national,False,none
PE-EMP-00462-01,EMP-00462,2025-01-01,2025-01-30,160.9,9.8,4090.19,946.67,3143.52,WA,False,none
PE-EMP-00462-02,EMP-00462,2025-01-31,2025-03-01,149.4,15.0,4269.9,848.14,3421.76,WA,False,none
PE-EMP-00462-03,EMP-00462,2025-03-02,2025-03-31,149.5,13.1,4204.22,1081.33,3122.89,WA,False,none
PE-EMP-00462-04,EMP-00462,2025-04-01,2025-04-30,152.8,1.4,3795.82,1008.25,2787.57,WA,False,none
PE-EMP-00462-05,EMP-00462,2025-05-01,2025-05-30,161.4,3.9,3883.43,1002.68,2880.75,WA,False,none
PE-EMP-00462-06,EMP-00462,2025-05-31,2025-06-29,151.9,0.4,3758.38,880.71,2877.67,WA,False,none
PE-EMP-00463-01,EMP-00463,2025-01-01,2025-01-30,142.6,0.0,8952.0,2484.26,6467.74,TX,False,none
PE-EMP-00463-02,EMP-00463,2025-01-31,2025-03-01,163.2,0.0,8952.0,1719.03,7232.97,TX,False,none
PE-EMP-00463-03,EMP-00463,2025-03-02,2025-03-31,160.0,0.0,8952.0,1724.42,7227.58,TX,False,none
PE-EMP-00463-04,EMP-00463,2025-04-01,2025-04-30,149.7,0.0,8952.0,2016.5,6935.5,TX,False,none
PE-EMP-00463-05,EMP-00463,2025-05-01,2025-05-30,155.5,0.0,8952.0,2452.44,6499.56,TX,False,none
PE-EMP-00463-06,EMP-00463,2025-05-31,2025-06-29,167.1,0.0,8952.0,2481.21,6470.79,TX,False,none
PE-EMP-00464-01,EMP-00464,2025-01-01,2025-01-30,145.1,0.0,7873.0,2062.75,5810.25,federal,False,none
PE-EMP-00464-02,EMP-00464,2025-01-31,2025-03-01,164.8,0.0,7873.0,1819.38,6053.62,federal,False,none
PE-EMP-00464-03,EMP-00464,2025-03-02,2025-03-31,144.0,0.0,7873.0,1952.96,5920.04,federal,False,none
PE-EMP-00464-04,EMP-00464,2025-04-01,2025-04-30,161.7,0.0,7873.0,1573.56,6299.44,federal,False,none
PE-EMP-00464-05,EMP-00464,2025-05-01,2025-05-30,160.8,0.0,7873.0,1830.92,6042.08,federal,False,none
PE-EMP-00464-06,EMP-00464,2025-05-31,2025-06-29,161.8,0.0,7873.0,1860.3,6012.7,federal,False,none
PE-EMP-00465-01,EMP-00465,2025-01-01,2025-01-30,154.9,0.7,3915.71,913.6,3002.11,TX,False,none
PE-EMP-00465-02,EMP-00465,2025-01-31,2025-03-01,155.1,10.4,4269.47,1194.25,3075.22,TX,False,none
PE-EMP-00465-03,EMP-00465,2025-03-02,2025-03-31,144.7,2.4,3976.84,986.41,2990.43,TX,False,none
PE-EMP-00465-04,EMP-00465,2025-04-01,2025-04-30,157.8,12.9,4359.87,883.42,3476.45,TX,False,none
PE-EMP-00465-05,EMP-00465,2025-05-01,2025-05-30,166.1,10.7,4281.72,1002.27,3279.45,TX,False,none
PE-EMP-00465-06,EMP-00465,2025-05-31,2025-06-29,166.7,6.4,4121.95,825.3,3296.65,TX,False,none
PE-EMP-00466-01,EMP-00466,2025-01-01,2025-01-30,141.4,14.5,4892.85,1076.85,3816.0,DE_national,False,none
PE-EMP-00466-02,EMP-00466,2025-01-31,2025-03-01,150.9,7.8,4621.94,1026.65,3595.29,DE_national,False,none
PE-EMP-00466-03,EMP-00466,2025-03-02,2025-03-31,153.3,4.8,4500.93,1134.93,3366.0,DE_national,False,none
PE-EMP-00466-04,EMP-00466,2025-04-01,2025-04-30,148.4,1.1,4351.34,1091.46,3259.88,DE_national,False,none
PE-EMP-00466-05,EMP-00466,2025-05-01,2025-05-30,158.7,3.1,4432.41,1122.93,3309.48,DE_national,False,none
PE-EMP-00466-06,EMP-00466,2025-05-31,2025-06-29,156.6,1.0,4346.46,1110.59,3235.87,DE_national,False,none
PE-EMP-00467-01,EMP-00467,2025-01-01,2025-01-30,143.9,7.2,4254.51,833.99,3420.52,FL,False,none
PE-EMP-00467-02,EMP-00467,2025-01-31,2025-03-01,167.2,14.6,4532.2,1259.2,3273.0,FL,False,none
PE-EMP-00467-03,EMP-00467,2025-03-02,2025-03-31,151.0,2.4,4074.35,904.1,3170.25,FL,False,none
PE-EMP-00467-04,EMP-00467,2025-04-01,2025-04-30,156.6,3.7,4124.3,886.89,3237.41,FL,False,none
PE-EMP-00467-05,EMP-00467,2025-05-01,2025-05-30,146.3,14.2,4516.84,876.47,3640.37,FL,False,none
PE-EMP-00467-06,EMP-00467,2025-05-31,2025-06-29,151.2,10.9,4391.83,1047.86,3343.97,FL,False,none
PE-EMP-00468-01,EMP-00468,2025-01-01,2025-01-30,158.8,0.0,7633.0,1531.05,6101.95,federal,False,none
PE-EMP-00468-02,EMP-00468,2025-01-31,2025-03-01,144.0,0.0,7633.0,1584.21,6048.79,federal,False,none
PE-EMP-00468-03,EMP-00468,2025-03-02,2025-03-31,149.2,0.0,7633.0,1859.98,5773.02,federal,False,none
PE-EMP-00468-04,EMP-00468,2025-04-01,2025-04-30,154.6,0.0,7633.0,1774.09,5858.91,federal,False,none
PE-EMP-00468-05,EMP-00468,2025-05-01,2025-05-30,161.6,0.0,7633.0,1830.73,5802.27,federal,False,none
PE-EMP-00468-06,EMP-00468,2025-05-31,2025-06-29,146.5,0.0,7633.0,1708.47,5924.53,federal,False,none
PE-EMP-00469-01,EMP-00469,2025-01-01,2025-01-30,163.0,8.1,4562.73,1099.63,3463.1,DE_national,False,none
PE-EMP-00469-02,EMP-00469,2025-01-31,2025-03-01,144.3,13.2,4764.84,1217.06,3547.78,DE_national,False,none
PE-EMP-00469-03,EMP-00469,2025-03-02,2025-03-31,160.2,13.1,4761.86,1309.27,3452.59,DE_national,False,none
PE-EMP-00469-04,EMP-00469,2025-04-01,2025-04-30,141.1,12.6,4739.64,974.21,3765.43,DE_national,False,none
PE-EMP-00469-05,EMP-00469,2025-05-01,2025-05-30,157.6,6.4,4493.95,884.61,3609.34,DE_national,False,none
PE-EMP-00469-06,EMP-00469,2025-05-31,2025-06-29,159.9,13.0,4756.06,1087.86,3668.2,DE_national,False,none
PE-EMP-00470-01,EMP-00470,2025-01-01,2025-01-30,148.2,0.0,7656.0,1778.37,5877.63,NY,False,none
PE-EMP-00470-02,EMP-00470,2025-01-31,2025-03-01,142.5,0.0,7656.0,1938.31,5717.69,NY,False,none
PE-EMP-00470-03,EMP-00470,2025-03-02,2025-03-31,166.9,0.0,7656.0,2040.39,5615.61,NY,False,none
PE-EMP-00470-04,EMP-00470,2025-04-01,2025-04-30,146.8,0.0,7656.0,2028.81,5627.19,NY,False,none
PE-EMP-00470-05,EMP-00470,2025-05-01,2025-05-30,153.8,0.0,7656.0,1915.22,5740.78,NY,False,none
PE-EMP-00470-06,EMP-00470,2025-05-31,2025-06-29,152.1,0.0,7656.0,1421.45,6234.55,NY,False,none
PE-EMP-00471-01,EMP-00471,2025-01-01,2025-01-30,142.9,11.5,4863.1,1284.99,3578.11,NY,False,none
PE-EMP-00471-02,EMP-00471,2025-01-31,2025-03-01,160.5,13.6,4946.28,1207.02,3739.26,NY,False,none
PE-EMP-00471-03,EMP-00471,2025-03-02,2025-03-31,149.2,10.0,4799.57,984.51,3815.06,NY,False,none
PE-EMP-00471-04,EMP-00471,2025-04-01,2025-04-30,150.0,0.2,4395.98,1104.75,3291.23,NY,False,none
PE-EMP-00471-05,EMP-00471,2025-05-01,2025-05-30,153.6,8.8,4749.47,960.05,3789.42,NY,False,none
PE-EMP-00471-06,EMP-00471,2025-05-31,2025-06-29,152.1,4.0,4551.99,1273.33,3278.66,NY,False,none
PE-EMP-00472-01,EMP-00472,2025-01-01,2025-01-30,163.1,0.0,6819.0,1560.09,5258.91,WA,False,none
PE-EMP-00472-02,EMP-00472,2025-01-31,2025-03-01,157.0,0.0,6819.0,1613.12,5205.88,WA,False,none
PE-EMP-00472-03,EMP-00472,2025-03-02,2025-03-31,157.0,0.0,6819.0,1820.94,4998.06,WA,False,none
PE-EMP-00472-04,EMP-00472,2025-04-01,2025-04-30,158.7,0.0,6819.0,1256.13,5562.87,WA,False,none
PE-EMP-00472-05,EMP-00472,2025-05-01,2025-05-30,143.0,0.0,6819.0,1798.99,5020.01,WA,False,none
PE-EMP-00472-06,EMP-00472,2025-05-31,2025-06-29,158.0,0.0,6819.0,1294.64,5524.36,WA,False,none
PE-EMP-00473-01,EMP-00473,2025-01-01,2025-01-30,142.7,0.0,7310.0,2022.48,5287.52,UK_national,False,none
PE-EMP-00473-02,EMP-00473,2025-01-31,2025-03-01,146.7,0.0,7310.0,1739.87,5570.13,UK_national,False,none
PE-EMP-00473-03,EMP-00473,2025-03-02,2025-03-31,159.9,0.0,7310.0,1757.18,5552.82,UK_national,False,none
PE-EMP-00473-04,EMP-00473,2025-04-01,2025-04-30,162.8,0.0,7310.0,1840.87,5469.13,UK_national,False,none
PE-EMP-00473-05,EMP-00473,2025-05-01,2025-05-30,141.1,0.0,7310.0,1788.82,5521.18,UK_national,False,none
PE-EMP-00473-06,EMP-00473,2025-05-31,2025-06-29,152.3,0.0,7310.0,1652.6,5657.4,UK_national,False,none
PE-EMP-00474-01,EMP-00474,2025-01-01,2025-01-30,164.2,0.0,7798.0,1432.71,6365.29,TX,False,none
PE-EMP-00474-02,EMP-00474,2025-01-31,2025-03-01,151.2,0.0,7798.0,2031.55,5766.45,TX,False,none
PE-EMP-00474-03,EMP-00474,2025-03-02,2025-03-31,160.8,0.0,7798.0,1740.36,6057.64,TX,False,none
PE-EMP-00474-04,EMP-00474,2025-04-01,2025-04-30,165.4,0.0,7798.0,1572.11,6225.89,TX,False,none
PE-EMP-00474-05,EMP-00474,2025-05-01,2025-05-30,145.1,0.0,7798.0,1895.32,5902.68,TX,False,none
PE-EMP-00474-06,EMP-00474,2025-05-31,2025-06-29,149.2,0.0,7798.0,1631.56,6166.44,TX,False,none
PE-EMP-00475-01,EMP-00475,2025-01-01,2025-01-30,151.5,0.4,6167.51,1391.77,4775.74,WA,False,none
PE-EMP-00475-02,EMP-00475,2025-01-31,2025-03-01,164.9,5.4,6452.77,1602.23,4850.54,WA,False,none
PE-EMP-00475-03,EMP-00475,2025-03-02,2025-03-31,149.9,14.5,6977.13,1448.89,5528.24,WA,False,none
PE-EMP-00475-04,EMP-00475,2025-04-01,2025-04-30,161.9,4.9,6423.33,1605.26,4818.07,WA,False,none
PE-EMP-00475-05,EMP-00475,2025-05-01,2025-05-30,157.8,11.5,6806.97,1334.57,5472.4,WA,False,none
PE-EMP-00475-06,EMP-00475,2025-05-31,2025-06-29,155.6,13.0,6888.93,1686.61,5202.32,WA,False,none
PE-EMP-00476-01,EMP-00476,2025-01-01,2025-01-30,160.7,0.0,7674.0,1959.42,5714.58,federal,False,none
PE-EMP-00476-02,EMP-00476,2025-01-31,2025-03-01,161.9,0.0,7674.0,1513.36,6160.64,federal,False,none
PE-EMP-00476-03,EMP-00476,2025-03-02,2025-03-31,154.0,0.0,7674.0,1449.52,6224.48,federal,False,none
PE-EMP-00476-04,EMP-00476,2025-04-01,2025-04-30,149.9,0.0,7674.0,1794.36,5879.64,federal,False,none
PE-EMP-00476-05,EMP-00476,2025-05-01,2025-05-30,162.5,0.0,7674.0,2122.55,5551.45,federal,False,none
PE-EMP-00476-06,EMP-00476,2025-05-31,2025-06-29,148.9,0.0,7674.0,1616.02,6057.98,federal,False,none
PE-EMP-00477-01,EMP-00477,2025-01-01,2025-01-30,165.6,1.4,4745.59,1046.91,3698.68,UK_national,False,none
PE-EMP-00477-02,EMP-00477,2025-01-31,2025-03-01,157.4,9.6,5107.39,1305.74,3801.65,UK_national,False,none
PE-EMP-00477-03,EMP-00477,2025-03-02,2025-03-31,145.7,12.8,5250.06,1199.87,4050.19,UK_national,False,none
PE-EMP-00477-04,EMP-00477,2025-04-01,2025-04-30,149.4,6.6,4974.48,1075.22,3899.26,UK_national,False,none
PE-EMP-00477-05,EMP-00477,2025-05-01,2025-05-30,144.5,2.5,4797.06,871.11,3925.95,UK_national,False,none
PE-EMP-00477-06,EMP-00477,2025-05-31,2025-06-29,145.3,4.7,4890.63,1127.84,3762.79,UK_national,False,none
PE-EMP-00478-01,EMP-00478,2025-01-01,2025-01-30,158.0,0.0,7725.0,1619.32,6105.68,DE_national,False,none
PE-EMP-00478-02,EMP-00478,2025-01-31,2025-03-01,155.7,0.0,7725.0,1527.93,6197.07,DE_national,False,none
PE-EMP-00478-03,EMP-00478,2025-03-02,2025-03-31,157.3,0.0,11909.53,1449.16,6275.84,DE_national,True,rate_violation
PE-EMP-00478-04,EMP-00478,2025-04-01,2025-04-30,142.6,0.0,7725.0,1940.26,5784.74,DE_national,False,none
PE-EMP-00478-05,EMP-00478,2025-05-01,2025-05-30,165.6,0.0,7725.0,1902.81,5822.19,DE_national,False,none
PE-EMP-00478-06,EMP-00478,2025-05-31,2025-06-29,163.9,0.0,7725.0,1503.1,6221.9,DE_national,False,none
PE-EMP-00479-01,EMP-00479,2025-01-01,2025-01-30,149.5,5.3,4738.59,915.98,3822.61,CA,False,none
PE-EMP-00479-02,EMP-00479,2025-01-31,2025-03-01,150.8,12.7,5050.4,1280.92,3769.48,CA,False,none
PE-EMP-00479-03,EMP-00479,2025-03-02,2025-03-31,164.5,12.0,5020.86,1211.74,3809.12,CA,False,none
PE-EMP-00479-04,EMP-00479,2025-04-01,2025-04-30,167.2,4.9,4719.57,955.63,3763.94,CA,False,none
PE-EMP-00479-05,EMP-00479,2025-05-01,2025-05-30,163.1,3.7,4670.09,913.01,3757.08,CA,False,none
PE-EMP-00479-06,EMP-00479,2025-05-31,2025-06-29,167.8,0.4,4530.73,917.23,3613.5,CA,False,none
PE-EMP-00480-01-DUP,EMP-00480,2025-01-01,2025-01-30,159.5,0.0,7250.0,1463.76,5786.24,FL,True,duplicate_payment
PE-EMP-00480-02,EMP-00480,2025-01-31,2025-03-01,164.5,0.0,7250.0,1624.26,5625.74,FL,False,none
PE-EMP-00480-03,EMP-00480,2025-03-02,2025-03-31,162.7,0.0,10540.05,1410.4,5839.6,FL,True,rate_violation
PE-EMP-00480-04,EMP-00480,2025-04-01,2025-04-30,148.3,0.0,7250.0,2004.33,5245.67,FL,False,none
PE-EMP-00480-05,EMP-00480,2025-05-01,2025-05-30,164.0,0.0,7250.0,1655.37,5594.63,FL,False,none
PE-EMP-00480-06,EMP-00480,2025-05-31,2025-06-29,152.3,0.0,7250.0,1708.33,5541.67,FL,False,none
PE-EMP-00481-01,EMP-00481,2025-01-01,2025-01-30,168.0,2.9,6764.04,1343.38,5420.66,NY,False,none
PE-EMP-00481-02,EMP-00481,2025-01-31,2025-03-01,154.5,6.0,6956.11,1652.39,5303.72,NY,False,none
PE-EMP-00481-03,EMP-00481,2025-03-02,2025-03-31,165.3,5.8,6944.52,1431.61,5512.91,NY,False,none
PE-EMP-00481-04,EMP-00481,2025-04-01,2025-04-30,162.3,5.5,6923.09,1801.2,5121.89,NY,False,none
PE-EMP-00481-05,EMP-00481,2025-05-01,2025-05-30,152.1,5.5,6923.6,1887.03,5036.57,NY,False,none
PE-EMP-00481-06,EMP-00481,2025-05-31,2025-06-29,146.6,8.1,7086.47,1330.16,5756.31,NY,False,none
PE-EMP-00482-01,EMP-00482,2025-01-01,2025-01-30,159.4,0.0,7259.0,1540.11,5718.89,DE_national,False,none
PE-EMP-00482-02,EMP-00482,2025-01-31,2025-03-01,163.2,0.0,7259.0,1816.52,5442.48,DE_national,False,none
PE-EMP-00482-03,EMP-00482,2025-03-02,2025-03-31,162.3,0.0,7259.0,1726.89,5532.11,DE_national,False,none
PE-EMP-00482-04,EMP-00482,2025-04-01,2025-04-30,142.7,0.0,7259.0,1972.62,5286.38,DE_national,False,none
PE-EMP-00482-05,EMP-00482,2025-05-01,2025-05-30,167.6,0.0,7259.0,1820.81,5438.19,DE_national,False,none
PE-EMP-00482-06,EMP-00482,2025-05-31,2025-06-29,155.0,0.0,7259.0,1382.7,5876.3,DE_national,False,none
PE-EMP-00483-01,EMP-00483,2025-01-01,2025-01-30,163.1,3.4,4742.21,1018.79,3723.42,WA,False,none
PE-EMP-00483-02,EMP-00483,2025-01-31,2025-03-01,159.7,14.6,5225.98,1369.77,3856.21,WA,False,none
PE-EMP-00483-03,EMP-00483,2025-03-02,2025-03-31,146.3,4.0,4768.91,1257.38,3511.53,WA,False,none
PE-EMP-00483-04,EMP-00483,2025-04-01,2025-04-30,152.9,6.6,4877.94,1166.35,3711.59,WA,False,none
PE-EMP-00483-05,EMP-00483,2025-05-01,2025-05-30,141.8,14.9,5238.45,954.51,4283.94,WA,False,none
PE-EMP-00483-06,EMP-00483,2025-05-31,2025-06-29,152.6,9.8,5015.19,1352.02,3663.17,WA,False,none
PE-EMP-00484-01,EMP-00484,2025-01-01,2025-01-30,153.3,10.6,4561.1,850.09,3711.01,NY,False,none
PE-EMP-00484-02,EMP-00484,2025-01-31,2025-03-01,149.9,14.3,4706.04,977.02,3729.02,NY,False,none
PE-EMP-00484-03,EMP-00484,2025-03-02,2025-03-31,147.1,13.4,4672.08,853.86,3818.22,NY,False,none
PE-EMP-00484-04,EMP-00484,2025-04-01,2025-04-30,156.7,6.5,4400.37,1128.42,3271.95,NY,False,none
PE-EMP-00484-05,EMP-00484,2025-05-01,2025-05-30,143.7,5.9,4380.19,1078.32,3301.87,NY,False,none
PE-EMP-00484-06,EMP-00484,2025-05-31,2025-06-29,148.7,10.5,4555.79,958.84,3596.95,NY,False,none
PE-EMP-00485-01,EMP-00485,2025-01-01,2025-01-30,146.5,12.0,6861.64,1583.64,5278.0,UK_national,False,none
PE-EMP-00485-02,EMP-00485,2025-01-31,2025-03-01,151.4,11.5,6833.78,1899.91,4933.87,UK_national,False,none
PE-EMP-00485-03,EMP-00485,2025-03-02,2025-03-31,156.4,12.9,6917.44,1916.75,5000.69,UK_national,False,none
PE-EMP-00485-04,EMP-00485,2025-04-01,2025-04-30,141.5,11.3,6823.51,1629.08,5194.43,UK_national,False,none
PE-EMP-00485-05,EMP-00485,2025-05-01,2025-05-30,161.7,1.1,6230.61,1161.15,5069.46,UK_national,False,none
PE-EMP-00485-06,EMP-00485,2025-05-31,2025-06-29,151.6,2.4,6308.85,1258.38,5050.47,UK_national,False,none
PE-EMP-00486-01,EMP-00486,2025-01-01,2025-01-30,167.4,11.6,7299.27,2036.2,5263.07,CA,False,none
PE-EMP-00486-02,EMP-00486,2025-01-31,2025-03-01,163.4,0.4,6610.3,1803.84,4806.46,CA,False,none
PE-EMP-00486-03,EMP-00486,2025-03-02,2025-03-31,160.4,5.0,6890.15,1305.11,5585.04,CA,False,none
PE-EMP-00486-04,EMP-00486,2025-04-01,2025-04-30,151.3,10.5,7231.87,1797.38,5434.49,CA,False,none
PE-EMP-00486-05,EMP-00486,2025-05-01,2025-05-30,162.5,5.7,6935.97,1577.52,5358.45,CA,False,none
PE-EMP-00486-06,EMP-00486,2025-05-31,2025-06-29,163.7,2.7,6752.4,1425.56,5326.84,CA,False,none
PE-EMP-00487-01,EMP-00487,2025-01-01,2025-01-30,145.0,0.0,8020.0,1788.75,6231.25,federal,False,none
PE-EMP-00487-02,EMP-00487,2025-01-31,2025-03-01,147.1,0.0,8020.0,1516.37,6503.63,federal,False,none
PE-EMP-00487-03,EMP-00487,2025-03-02,2025-03-31,147.3,0.0,8020.0,1604.49,6415.51,federal,False,none
PE-EMP-00487-04,EMP-00487,2025-04-01,2025-04-30,149.8,0.0,8020.0,1962.67,6057.33,federal,False,none
PE-EMP-00487-05,EMP-00487,2025-05-01,2025-05-30,142.3,0.0,8020.0,1805.89,6214.11,federal,False,none
PE-EMP-00487-06,EMP-00487,2025-05-31,2025-06-29,142.6,0.0,8020.0,1650.33,6369.67,federal,False,none
PE-EMP-00488-01,EMP-00488,2025-01-01,2025-01-30,164.6,0.0,7685.0,1430.1,6254.9,TX,False,none
PE-EMP-00488-02,EMP-00488,2025-01-31,2025-03-01,155.6,0.0,7685.0,1907.96,5777.04,TX,False,none
PE-EMP-00488-03,EMP-00488,2025-03-02,2025-03-31,142.7,0.0,7685.0,1384.63,6300.37,TX,False,none
PE-EMP-00488-04,EMP-00488,2025-04-01,2025-04-30,167.6,0.0,7685.0,1392.97,6292.03,TX,False,none
PE-EMP-00488-05,EMP-00488,2025-05-01,2025-05-30,149.2,0.0,7685.0,1618.66,6066.34,TX,False,none
PE-EMP-00488-06,EMP-00488,2025-05-31,2025-06-29,162.4,0.0,7685.0,1819.87,5865.13,TX,False,none
PE-EMP-00489-01,EMP-00489,2025-01-01,2025-01-30,150.5,0.0,8255.0,1543.18,6711.82,TX,False,none
PE-EMP-00489-02,EMP-00489,2025-01-31,2025-03-01,144.8,0.0,8255.0,2011.32,6243.68,TX,False,none
PE-EMP-00489-03,EMP-00489,2025-03-02,2025-03-31,153.9,0.0,8255.0,1927.72,6327.28,TX,False,none
PE-EMP-00489-04,EMP-00489,2025-04-01,2025-04-30,167.3,0.0,8255.0,1565.95,6689.05,TX,False,none
PE-EMP-00489-05,EMP-00489,2025-05-01,2025-05-30,159.1,0.0,8255.0,1613.58,6641.42,TX,False,none
PE-EMP-00489-06,EMP-00489,2025-05-31,2025-06-29,150.5,0.0,8255.0,1631.95,6623.05,TX,False,none
PE-EMP-00490-01,EMP-00490,2025-01-01,2025-01-30,152.3,0.0,6845.0,1811.17,5033.83,DE_national,False,none
PE-EMP-00490-02,EMP-00490,2025-01-31,2025-03-01,161.6,0.0,6845.0,1579.37,5265.63,DE_national,False,none
PE-EMP-00490-03,EMP-00490,2025-03-02,2025-03-31,162.8,0.0,6845.0,1536.78,5308.22,DE_national,False,none
PE-EMP-00490-04,EMP-00490,2025-04-01,2025-04-30,157.4,0.0,6845.0,1872.31,4972.69,DE_national,False,none
PE-EMP-00490-05,EMP-00490,2025-05-01,2025-05-30,164.9,0.0,6845.0,1775.35,5069.65,DE_national,False,none
PE-EMP-00490-06,EMP-00490,2025-05-31,2025-06-29,143.4,0.0,6845.0,1871.59,4973.41,DE_national,False,none
PE-EMP-00491-01,EMP-00491,2025-01-01,2025-01-30,166.2,0.0,6777.0,1292.9,5484.1,DE_national,False,none
PE-EMP-00491-02,EMP-00491,2025-01-31,2025-03-01,159.1,0.0,6777.0,1619.78,5157.22,DE_national,False,none
PE-EMP-00491-03,EMP-00491,2025-03-02,2025-03-31,144.7,0.0,6777.0,1287.44,5489.56,DE_national,False,none
PE-EMP-00491-04,EMP-00491,2025-04-01,2025-04-30,145.4,0.0,6777.0,1325.07,5451.93,DE_national,False,none
PE-EMP-00491-05,EMP-00491,2025-05-01,2025-05-30,157.2,0.0,6777.0,1448.51,5328.49,DE_national,False,none
PE-EMP-00491-06,EMP-00491,2025-05-31,2025-06-29,152.7,0.0,6777.0,1666.12,5110.88,DE_national,False,none
PE-EMP-00492-01,EMP-00492,2025-01-01,2025-01-30,163.3,11.8,5188.24,1423.66,3764.58,DE_national,False,none
PE-EMP-00492-02,EMP-00492,2025-01-31,2025-03-01,158.7,1.0,4716.02,965.0,3751.02,DE_national,False,none
PE-EMP-00492-03,EMP-00492,2025-03-02,2025-03-31,144.0,14.4,5304.11,1215.05,4089.06,DE_national,False,none
PE-EMP-00492-04,EMP-00492,2025-04-01,2025-04-30,162.2,0.6,4700.33,873.61,3826.72,DE_national,False,none
PE-EMP-00492-05,EMP-00492,2025-05-01,2025-05-30,167.5,7.2,4988.71,1318.82,3669.89,DE_national,False,none
PE-EMP-00492-06,EMP-00492,2025-05-31,2025-06-29,158.5,11.3,5168.89,1235.95,3932.94,DE_national,False,none
PE-EMP-00493-01,EMP-00493,2025-01-01,2025-01-30,163.7,0.0,7350.0,1389.85,5960.15,DE_national,False,none
PE-EMP-00493-02,EMP-00493,2025-01-31,2025-03-01,158.3,0.0,7350.0,1993.22,5356.78,DE_national,False,none
PE-EMP-00493-03,EMP-00493,2025-03-02,2025-03-31,155.8,0.0,7350.0,1839.12,5510.88,DE_national,False,none
PE-EMP-00493-04,EMP-00493,2025-04-01,2025-04-30,154.6,0.0,7350.0,1879.34,5470.66,DE_national,False,none
PE-EMP-00493-05,EMP-00493,2025-05-01,2025-05-30,158.0,0.0,7350.0,1530.68,5819.32,DE_national,False,none
PE-EMP-00493-06,EMP-00493,2025-05-31,2025-06-29,143.8,0.0,7350.0,1884.19,5465.81,DE_national,False,none
PE-EMP-00494-01,EMP-00494,2025-01-01,2025-01-30,148.2,0.0,8844.0,2145.85,6698.15,UK_national,False,none
PE-EMP-00494-02,EMP-00494,2025-01-31,2025-03-01,151.3,0.0,8844.0,1925.4,6918.6,UK_national,False,none
PE-EMP-00494-03,EMP-00494,2025-03-02,2025-03-31,153.7,0.0,8844.0,2026.37,6817.63,UK_national,False,none
PE-EMP-00494-04,EMP-00494,2025-04-01,2025-04-30,149.0,0.0,8844.0,2020.06,6823.94,UK_national,False,none
PE-EMP-00494-05,EMP-00494,2025-05-01,2025-05-30,150.9,0.0,8844.0,2032.01,6811.99,UK_national,False,none
PE-EMP-00494-06,EMP-00494,2025-05-31,2025-06-29,162.0,0.0,8844.0,1845.91,6998.09,UK_national,False,none
PE-EMP-00495-01,EMP-00495,2025-01-01,2025-01-30,159.2,0.8,4076.35,1072.59,3003.76,WA,False,none
PE-EMP-00495-02,EMP-00495,2025-01-31,2025-03-01,145.3,1.3,4095.73,1102.61,2993.12,WA,False,none
PE-EMP-00495-03,EMP-00495,2025-03-02,2025-03-31,160.9,8.6,4369.96,862.35,3507.61,WA,False,none
PE-EMP-00495-04,EMP-00495,2025-04-01,2025-04-30,148.8,0.7,4072.28,744.4,3327.88,WA,False,none
PE-EMP-00495-05,EMP-00495,2025-05-01,2025-05-30,167.1,5.8,4263.94,917.5,3346.44,WA,False,none
PE-EMP-00495-06,EMP-00495,2025-05-31,2025-06-29,155.1,12.4,4513.57,1121.25,3392.32,WA,False,none
PE-EMP-00496-01,EMP-00496,2025-01-01,2025-01-30,152.1,0.0,8215.0,1896.33,6318.67,federal,False,none
PE-EMP-00496-02,EMP-00496,2025-01-31,2025-03-01,163.8,0.0,8215.0,1896.63,6318.37,federal,False,none
PE-EMP-00496-03,EMP-00496,2025-03-02,2025-03-31,159.1,0.0,8215.0,1515.44,6699.56,federal,False,none
PE-EMP-00496-04,EMP-00496,2025-04-01,2025-04-30,146.0,0.0,8215.0,1854.32,6360.68,federal,False,none
PE-EMP-00496-05,EMP-00496,2025-05-01,2025-05-30,145.2,0.0,8215.0,1660.72,6554.28,federal,False,none
PE-EMP-00496-06,EMP-00496,2025-05-31,2025-06-29,149.0,0.0,8215.0,2065.28,6149.72,federal,False,none
PE-EMP-00497-01,EMP-00497,2025-01-01,2025-01-30,153.9,0.0,8127.0,1927.03,6199.97,CA,False,none
PE-EMP-00497-02,EMP-00497,2025-01-31,2025-03-01,157.2,0.0,8127.0,1499.62,6627.38,CA,False,none
PE-EMP-00497-03,EMP-00497,2025-03-02,2025-03-31,150.7,0.0,8127.0,2194.55,5932.45,CA,False,none
PE-EMP-00497-04,EMP-00497,2025-04-01,2025-04-30,143.3,0.0,8127.0,1698.9,6428.1,CA,False,none
PE-EMP-00497-05,EMP-00497,2025-05-01,2025-05-30,165.3,0.0,8127.0,1998.91,6128.09,CA,False,none
PE-EMP-00497-06,EMP-00497,2025-05-31,2025-06-29,165.6,0.0,8127.0,1731.66,6395.34,CA,False,none
PE-EMP-00498-01,EMP-00498,2025-01-01,2025-01-30,145.0,5.8,4121.23,835.94,3285.29,UK_national,False,none
PE-EMP-00498-02,EMP-00498,2025-01-31,2025-03-01,165.7,6.0,4127.84,807.38,3320.46,UK_national,False,none
PE-EMP-00498-03,EMP-00498,2025-03-02,2025-03-31,156.8,9.3,4248.61,874.44,3374.17,UK_national,False,none
PE-EMP-00498-04,EMP-00498,2025-04-01,2025-04-30,165.8,10.2,4280.82,1074.56,3206.26,UK_national,False,none
PE-EMP-00498-05,EMP-00498,2025-05-01,2025-05-30,165.3,4.6,4077.18,1117.26,2959.92,UK_national,False,none
PE-EMP-00498-06,EMP-00498,2025-05-31,2025-06-29,158.3,13.7,4409.03,974.04,3434.99,UK_national,False,none
PE-EMP-00499-01,EMP-00499,2025-01-01,2025-01-30,140.3,0.0,7370.0,1933.56,5436.44,NY,False,none
PE-EMP-00499-02,EMP-00499,2025-01-31,2025-03-01,150.6,0.0,7370.0,1947.62,5422.38,NY,False,none
PE-EMP-00499-03,EMP-00499,2025-03-02,2025-03-31,145.3,0.0,7370.0,1900.89,5469.11,NY,False,none
PE-EMP-00499-04,EMP-00499,2025-04-01,2025-04-30,147.1,0.0,7370.0,1334.29,6035.71,NY,False,none
PE-EMP-00499-05,EMP-00499,2025-05-01,2025-05-30,159.4,0.0,7370.0,1357.41,6012.59,NY,False,none
PE-EMP-00499-06,EMP-00499,2025-05-31,2025-06-29,161.5,0.0,7370.0,1421.59,5948.41,NY,False,none
PE-EMP-00500-01,EMP-00500,2025-01-01,2025-01-30,159.3,0.0,6753.0,1263.17,5489.83,TX,False,none
PE-EMP-00500-02,EMP-00500,2025-01-31,2025-03-01,143.2,0.0,6753.0,1322.86,5430.14,TX,False,none
PE-EMP-00500-03,EMP-00500,2025-03-02,2025-03-31,162.2,0.0,6753.0,1260.45,5492.55,TX,False,none
PE-EMP-00500-04,EMP-00500,2025-04-01,2025-04-30,155.0,0.0,6753.0,1328.56,5424.44,TX,True,rule_override
PE-EMP-00500-05,EMP-00500,2025-05-01,2025-05-30,160.7,0.0,6753.0,1860.67,4892.33,TX,False,none
PE-EMP-00500-06,EMP-00500,2025-05-31,2025-06-29,160.0,0.0,6753.0,1684.89,5068.11,TX,False,none
PE-EMP-00501-01,EMP-00501,2025-01-01,2025-01-30,148.0,0.0,7420.0,1548.14,5871.86,NY,False,none
PE-EMP-00501-02,EMP-00501,2025-01-31,2025-03-01,164.0,0.0,7420.0,1529.63,5890.37,NY,False,none
PE-EMP-00501-03,EMP-00501,2025-03-02,2025-03-31,161.3,0.0,7420.0,1628.62,5791.38,NY,False,none
PE-EMP-00501-04,EMP-00501,2025-04-01,2025-04-30,164.8,0.0,7420.0,1485.58,5934.42,NY,False,none
PE-EMP-00501-05,EMP-00501,2025-05-01,2025-05-30,142.4,0.0,7420.0,1963.67,5456.33,NY,False,none
PE-EMP-00501-06,EMP-00501,2025-05-31,2025-06-29,145.6,0.0,7420.0,1720.12,5699.88,NY,False,none
PE-EMP-00502-01,EMP-00502,2025-01-01,2025-01-30,141.0,0.0,8135.0,1853.82,6281.18,NY,False,none
PE-EMP-00502-02,EMP-00502,2025-01-31,2025-03-01,143.1,0.0,8135.0,1495.24,6639.76,NY,False,none
PE-EMP-00502-03,EMP-00502,2025-03-02,2025-03-31,150.9,0.0,8135.0,1532.32,6602.68,NY,False,none
PE-EMP-00502-04,EMP-00502,2025-04-01,2025-04-30,159.4,0.0,8135.0,1519.13,6615.87,NY,False,none
PE-EMP-00502-05,EMP-00502,2025-05-01,2025-05-30,152.2,0.0,8135.0,1766.03,6368.97,NY,False,none
PE-EMP-00502-06,EMP-00502,2025-05-31,2025-06-29,160.7,0.0,8135.0,1823.89,6311.11,NY,False,none
PE-EMP-00503-01,EMP-00503,2025-01-01,2025-01-30,161.5,9.9,7337.67,1690.32,5647.35,CA,False,none
PE-EMP-00503-02,EMP-00503,2025-01-31,2025-03-01,167.3,11.5,7437.41,1877.88,5559.53,CA,False,none
PE-EMP-00503-03,EMP-00503,2025-03-02,2025-03-31,141.2,0.2,6725.41,1313.28,5412.13,CA,False,none
PE-EMP-00503-04,EMP-00503,2025-04-01,2025-04-30,164.1,3.8,6948.73,1372.74,5575.99,CA,False,none
PE-EMP-00503-05,EMP-00503,2025-05-01,2025-05-30,152.9,13.5,7562.96,1404.01,6158.95,CA,False,none
PE-EMP-00503-06,EMP-00503,2025-05-31,2025-06-29,150.6,14.2,7605.68,1753.56,5852.12,CA,False,none
PE-EMP-00504-01,EMP-00504,2025-01-01,2025-01-30,146.3,0.0,8072.0,1959.25,6112.75,DE_national,False,none
PE-EMP-00504-02,EMP-00504,2025-01-31,2025-03-01,149.4,0.0,8072.0,2035.1,6036.9,DE_national,False,none
PE-EMP-00504-03,EMP-00504,2025-03-02,2025-03-31,140.7,0.0,8072.0,1808.56,6263.44,DE_national,False,none
PE-EMP-00504-04,EMP-00504,2025-04-01,2025-04-30,163.6,0.0,8072.0,1938.62,6133.38,DE_national,False,none
PE-EMP-00504-05,EMP-00504,2025-05-01,2025-05-30,148.1,0.0,8072.0,1583.0,6489.0,DE_national,False,none
PE-EMP-00504-06,EMP-00504,2025-05-31,2025-06-29,155.3,0.0,8072.0,1709.29,6362.71,DE_national,False,none
PE-EMP-00505-01,EMP-00505,2025-01-01,2025-01-30,143.1,1.0,4056.82,940.39,3116.43,NY,False,none
PE-EMP-00505-02,EMP-00505,2025-01-31,2025-03-01,140.5,10.8,4427.3,1117.49,3309.81,NY,False,none
PE-EMP-00505-03,EMP-00505,2025-03-02,2025-03-31,149.0,0.6,4041.72,1091.88,2949.84,NY,False,none
PE-EMP-00505-04,EMP-00505,2025-04-01,2025-04-30,159.2,0.1,4023.34,725.58,3297.76,NY,False,none
PE-EMP-00505-05,EMP-00505,2025-05-01,2025-05-30,141.6,5.8,4239.07,1003.37,3235.7,NY,False,none
PE-EMP-00505-06,EMP-00505,2025-05-31,2025-06-29,164.0,11.4,4450.87,816.82,3634.05,NY,False,none
PE-EMP-00506-01,EMP-00506,2025-01-01,2025-01-30,155.3,0.0,7356.0,1338.64,6017.36,TX,False,none
PE-EMP-00506-02,EMP-00506,2025-01-31,2025-03-01,163.1,0.0,7356.0,1674.54,5681.46,TX,False,none
PE-EMP-00506-03,EMP-00506,2025-03-02,2025-03-31,156.0,0.0,7356.0,1608.06,5747.94,TX,False,none
PE-EMP-00506-04,EMP-00506,2025-04-01,2025-04-30,159.2,0.0,7356.0,1608.59,5747.41,TX,False,none
PE-EMP-00506-05,EMP-00506,2025-05-01,2025-05-30,165.5,0.0,7356.0,1498.91,5857.09,TX,False,none
PE-EMP-00506-06,EMP-00506,2025-05-31,2025-06-29,153.7,0.0,7356.0,1508.01,5847.99,TX,False,none
PE-EMP-00507-01,EMP-00507,2025-01-01,2025-01-30,167.4,0.0,8359.0,2036.84,6322.16,DE_national,False,none
PE-EMP-00507-02,EMP-00507,2025-01-31,2025-03-01,153.4,0.0,8359.0,2255.74,6103.26,DE_national,False,none
PE-EMP-00507-03,EMP-00507,2025-03-02,2025-03-31,152.7,0.0,8359.0,2239.75,6119.25,DE_national,False,none
PE-EMP-00507-04,EMP-00507,2025-04-01,2025-04-30,146.3,0.0,8359.0,1744.41,6614.59,DE_national,False,none
PE-EMP-00507-05,EMP-00507,2025-05-01,2025-05-30,160.5,0.0,8359.0,2309.62,6049.38,DE_national,False,none
PE-EMP-00507-06,EMP-00507,2025-05-31,2025-06-29,150.9,0.0,8359.0,1719.62,6639.38,DE_national,False,none
PE-EMP-00508-01,EMP-00508,2025-01-01,2025-01-30,144.5,11.1,6721.54,1500.07,5221.47,FL,False,none
PE-EMP-00508-02,EMP-00508,2025-01-31,2025-03-01,148.4,0.6,6124.43,1353.73,4770.7,FL,False,none
PE-EMP-00508-03,EMP-00508,2025-03-02,2025-03-31,164.6,12.8,6817.15,1900.27,4916.88,FL,False,none
PE-EMP-00508-04,EMP-00508,2025-04-01,2025-04-30,143.5,9.4,6624.36,1330.24,5294.12,FL,False,none
PE-EMP-00508-05,EMP-00508,2025-05-01,2025-05-30,151.4,13.3,6844.49,1547.25,5297.24,FL,False,none
PE-EMP-00508-06,EMP-00508,2025-05-31,2025-06-29,152.7,14.3,6903.35,1562.59,5340.76,FL,False,none
PE-EMP-00509-01,EMP-00509,2025-01-01,2025-01-30,149.5,10.0,7639.67,1476.84,6162.83,federal,False,none
PE-EMP-00509-02,EMP-00509,2025-01-31,2025-03-01,154.8,3.7,7227.68,1816.02,5411.66,federal,False,none
PE-EMP-00509-03,EMP-00509,2025-03-02,2025-03-31,155.9,14.2,7917.33,2002.54,5914.79,federal,False,none
PE-EMP-00509-04,EMP-00509,2025-04-01,2025-04-30,162.0,5.5,7343.02,1662.0,5681.02,federal,False,none
PE-EMP-00509-05,EMP-00509,2025-05-01,2025-05-30,164.1,11.9,7764.14,1688.56,6075.58,federal,False,none
PE-EMP-00509-06,EMP-00509,2025-05-31,2025-06-29,148.6,5.9,7371.92,1673.6,5698.32,federal,False,none
PE-EMP-00510-01,EMP-00510,2025-01-01,2025-01-30,155.2,0.0,7360.0,1657.71,5702.29,WA,False,none
PE-EMP-00510-02,EMP-00510,2025-01-31,2025-03-01,165.3,0.0,7360.0,2028.22,5331.78,WA,False,none
PE-EMP-00510-03,EMP-00510,2025-03-02,2025-03-31,164.4,0.0,7360.0,1628.12,5731.88,WA,False,none
PE-EMP-00510-04,EMP-00510,2025-04-01,2025-04-30,145.6,0.0,7360.0,1573.33,5786.67,WA,False,none
PE-EMP-00510-05,EMP-00510,2025-05-01,2025-05-30,164.9,0.0,7360.0,1810.3,5549.7,WA,False,none
PE-EMP-00510-06,EMP-00510,2025-05-31,2025-06-29,166.2,0.0,7360.0,1642.59,5717.41,WA,False,none
PE-EMP-00511-01,EMP-00511,2025-01-01,2025-01-30,166.4,0.4,6230.82,1250.18,4980.64,WA,False,none
PE-EMP-00511-02,EMP-00511,2025-01-31,2025-03-01,155.9,2.6,6360.5,1770.53,4589.97,WA,False,none
PE-EMP-00511-03,EMP-00511,2025-03-02,2025-03-31,159.1,11.5,6881.76,1680.0,5201.76,WA,False,none
PE-EMP-00511-04,EMP-00511,2025-04-01,2025-04-30,156.1,12.0,6909.36,1347.8,5561.56,WA,False,none
PE-EMP-00511-05,EMP-00511,2025-05-01,2025-05-30,148.9,3.7,6424.56,1630.85,4793.71,WA,False,none
PE-EMP-00511-06-DUP,EMP-00511,2025-05-31,2025-06-29,161.4,7.3,6635.01,1599.27,5035.74,WA,True,duplicate_payment
PE-EMP-00512-01,EMP-00512,2025-01-01,2025-01-30,161.4,0.0,7961.0,1855.38,6105.62,WA,False,none
PE-EMP-00512-02,EMP-00512,2025-01-31,2025-03-01,157.6,0.0,7961.0,1461.08,6499.92,WA,False,none
PE-EMP-00512-03,EMP-00512,2025-03-02,2025-03-31,142.7,0.0,7961.0,1485.01,6475.99,WA,False,none
PE-EMP-00512-04,EMP-00512,2025-04-01,2025-04-30,140.6,0.0,7961.0,2165.53,5795.47,WA,False,none
PE-EMP-00512-05,EMP-00512,2025-05-01,2025-05-30,164.3,0.0,7961.0,1696.89,6264.11,WA,False,none
PE-EMP-00512-06,EMP-00512,2025-05-31,2025-06-29,142.5,0.0,7961.0,2174.6,5786.4,WA,False,none
PE-EMP-00513-01,EMP-00513,2025-01-01,2025-01-30,150.0,11.2,6899.12,1902.75,4996.37,NY,False,none
PE-EMP-00513-02,EMP-00513,2025-01-31,2025-03-01,148.6,1.0,6303.99,1527.6,4776.39,NY,False,none
PE-EMP-00513-03,EMP-00513,2025-03-02,2025-03-31,148.8,13.6,7040.48,1581.73,5458.75,NY,False,none
PE-EMP-00513-04,EMP-00513,2025-04-01,2025-04-30,149.5,2.6,6399.9,1346.05,5053.85,NY,False,none
PE-EMP-00513-05,EMP-00513,2025-05-01,2025-05-30,162.5,2.4,6386.37,1711.91,4674.46,NY,False,none
PE-EMP-00513-06,EMP-00513,2025-05-31,2025-06-29,144.6,1.8,6350.03,1721.01,4629.02,NY,False,none
PE-EMP-00514-01,EMP-00514,2025-01-01,2025-01-30,151.5,0.0,8256.0,1949.79,6306.21,federal,False,none
PE-EMP-00514-02,EMP-00514,2025-01-31,2025-03-01,157.6,0.0,8256.0,2063.89,6192.11,federal,False,none
PE-EMP-00514-03,EMP-00514,2025-03-02,2025-03-31,147.9,0.0,8256.0,2186.18,6069.82,federal,False,none
PE-EMP-00514-04,EMP-00514,2025-04-01,2025-04-30,147.0,0.0,8256.0,1579.67,6676.33,federal,False,none
PE-EMP-00514-05,EMP-00514,2025-05-01,2025-05-30,166.5,0.0,8256.0,2236.7,6019.3,federal,False,none
PE-EMP-00514-06,EMP-00514,2025-05-31,2025-06-29,142.7,0.0,8256.0,1518.59,6737.41,federal,False,none
PE-EMP-00515-01,EMP-00515,2025-01-01,2025-01-30,164.6,7.1,6995.1,1592.7,5402.4,federal,False,none
PE-EMP-00515-02,EMP-00515,2025-01-31,2025-03-01,161.5,8.8,7099.66,1979.22,5120.44,federal,False,none
PE-EMP-00515-03,EMP-00515,2025-03-02,2025-03-31,150.1,6.6,6965.7,1652.2,5313.5,federal,False,none
PE-EMP-00515-04,EMP-00515,2025-04-01,2025-04-30,152.5,0.3,6577.31,1507.37,5069.94,federal,False,none
PE-EMP-00515-05,EMP-00515,2025-05-01,2025-05-30,158.8,5.2,6876.13,1471.34,5404.79,federal,False,none
PE-EMP-00515-06,EMP-00515,2025-05-31,2025-06-29,142.4,5.5,6900.24,1364.34,5535.9,federal,False,none
PE-EMP-00516-01,EMP-00516,2025-01-01,2025-01-30,157.5,10.2,4067.78,1105.12,2962.66,NY,False,none
PE-EMP-00516-02,EMP-00516,2025-01-31,2025-03-01,143.1,14.0,4202.35,1160.02,3042.33,NY,False,none
PE-EMP-00516-03,EMP-00516,2025-03-02,2025-03-31,145.5,9.5,4045.24,846.41,3198.83,NY,False,none
PE-EMP-00516-04,EMP-00516,2025-04-01,2025-04-30,162.2,11.8,4124.81,888.78,3236.03,NY,False,none
PE-EMP-00516-05,EMP-00516,2025-05-01,2025-05-30,167.5,7.4,3972.4,962.06,3010.34,NY,False,none
PE-EMP-00516-06,EMP-00516,2025-05-31,2025-06-29,156.5,14.9,4231.95,916.31,3315.64,NY,False,none
PE-EMP-00517-01,EMP-00517,2025-01-01,2025-01-30,147.1,7.7,6988.6,1944.25,5044.35,UK_national,False,none
PE-EMP-00517-02,EMP-00517,2025-01-31,2025-03-01,165.3,0.4,6539.49,1385.44,5154.05,UK_national,False,none
PE-EMP-00517-03,EMP-00517,2025-03-02,2025-03-31,144.7,9.7,7113.24,1778.68,5334.56,UK_national,False,none
PE-EMP-00517-04,EMP-00517,2025-04-01,2025-04-30,147.4,14.9,7431.07,1588.4,5842.67,UK_national,False,none
PE-EMP-00517-05,EMP-00517,2025-05-01,2025-05-30,147.6,14.9,7430.1,1825.35,5604.75,UK_national,False,none
PE-EMP-00517-06,EMP-00517,2025-05-31,2025-06-29,158.5,5.0,6823.15,1249.57,5573.58,UK_national,False,none
PE-EMP-00518-01,EMP-00518,2025-01-01,2025-01-30,164.4,0.0,7384.0,2013.28,5370.72,UK_national,False,none
PE-EMP-00518-02,EMP-00518,2025-01-31,2025-03-01,140.3,0.0,7384.0,1752.71,5631.29,UK_national,False,none
PE-EMP-00518-03,EMP-00518,2025-03-02,2025-03-31,148.5,0.0,7384.0,1476.54,5907.46,UK_national,False,none
PE-EMP-00518-04,EMP-00518,2025-04-01,2025-04-30,153.2,0.0,7384.0,1615.91,5768.09,UK_national,False,none
PE-EMP-00518-05,EMP-00518,2025-05-01,2025-05-30,159.5,0.0,7384.0,1528.7,5855.3,UK_national,False,none
PE-EMP-00518-06,EMP-00518,2025-05-31,2025-06-29,150.5,0.0,7384.0,1599.96,5784.04,UK_national,False,none
PE-EMP-00519-01,EMP-00519,2025-01-01,2025-01-30,154.4,0.0,7617.0,2127.93,5489.07,NY,False,none
PE-EMP-00519-02,EMP-00519,2025-01-31,2025-03-01,151.9,0.0,7617.0,1909.8,5707.2,NY,False,none
PE-EMP-00519-03,EMP-00519,2025-03-02,2025-03-31,143.7,0.0,7617.0,1634.79,5982.21,NY,False,none
PE-EMP-00519-04,EMP-00519,2025-04-01,2025-04-30,147.3,0.0,7617.0,1517.99,6099.01,NY,False,none
PE-EMP-00519-05,EMP-00519,2025-05-01,2025-05-30,147.9,0.0,7617.0,1434.51,6182.49,NY,False,none
PE-EMP-00519-06,EMP-00519,2025-05-31,2025-06-29,152.6,0.0,7617.0,1882.78,5734.22,NY,False,none
PE-EMP-00520-01,EMP-00520,2025-01-01,2025-01-30,162.6,0.0,7700.0,2089.27,5610.73,federal,False,none
PE-EMP-00520-02,EMP-00520,2025-01-31,2025-03-01,164.1,0.0,7700.0,2075.78,5624.22,federal,False,none
PE-EMP-00520-03,EMP-00520,2025-03-02,2025-03-31,140.6,0.0,7700.0,1484.96,6215.04,federal,False,none
PE-EMP-00520-04,EMP-00520,2025-04-01,2025-04-30,161.3,0.0,7700.0,1573.08,6126.92,federal,False,none
PE-EMP-00520-05,EMP-00520,2025-05-01,2025-05-30,145.0,0.0,7700.0,1436.02,6263.98,federal,False,none
PE-EMP-00520-06,EMP-00520,2025-05-31,2025-06-29,156.0,0.0,7700.0,1568.45,6131.55,federal,False,none
PE-EMP-00521-01,EMP-00521,2025-01-01,2025-01-30,142.4,0.0,8059.0,1511.39,6547.61,FL,False,none
PE-EMP-00521-02,EMP-00521,2025-01-31,2025-03-01,160.2,0.0,8059.0,2044.17,6014.83,FL,False,none
PE-EMP-00521-03,EMP-00521,2025-03-02,2025-03-31,149.6,0.0,8059.0,2183.11,5875.89,FL,False,none
PE-EMP-00521-04,EMP-00521,2025-04-01,2025-04-30,142.0,0.0,8059.0,1920.26,6138.74,FL,False,none
PE-EMP-00521-05,EMP-00521,2025-05-01,2025-05-30,167.0,0.0,8059.0,2231.63,5827.37,FL,False,none
PE-EMP-00521-06,EMP-00521,2025-05-31,2025-06-29,157.7,0.0,8059.0,1717.29,6341.71,FL,False,none
PE-EMP-00522-01,EMP-00522,2025-01-01,2025-01-30,158.6,0.0,8626.0,2081.08,6544.92,DE_national,False,none
PE-EMP-00522-02,EMP-00522,2025-01-31,2025-03-01,141.6,0.0,8626.0,1672.34,6953.66,DE_national,True,rule_override
PE-EMP-00522-03,EMP-00522,2025-03-02,2025-03-31,165.7,0.0,8626.0,2351.93,6274.07,DE_national,False,none
PE-EMP-00522-04,EMP-00522,2025-04-01,2025-04-30,145.2,0.0,8626.0,2172.25,6453.75,DE_national,False,none
PE-EMP-00522-05,EMP-00522,2025-05-01,2025-05-30,142.6,0.0,8626.0,1926.16,6699.84,DE_national,False,none
PE-EMP-00522-06,EMP-00522,2025-05-31,2025-06-29,159.2,0.0,8626.0,1734.01,6891.99,DE_national,False,none
PE-EMP-00523-01,EMP-00523,2025-01-01,2025-01-30,160.1,0.0,8012.0,1752.15,6259.85,NY,False,none
PE-EMP-00523-02,EMP-00523,2025-01-31,2025-03-01,157.5,0.0,8012.0,1596.5,6415.5,NY,False,none
PE-EMP-00523-03,EMP-00523,2025-03-02,2025-03-31,162.9,0.0,8012.0,2009.6,6002.4,NY,False,none
PE-EMP-00523-04,EMP-00523,2025-04-01,2025-04-30,153.9,0.0,8012.0,2008.03,6003.97,NY,False,none
PE-EMP-00523-05,EMP-00523,2025-05-01,2025-05-30,153.1,0.0,8012.0,2028.29,5983.71,NY,True,rule_override
PE-EMP-00523-06,EMP-00523,2025-05-31,2025-06-29,156.6,0.0,8012.0,2131.91,5880.09,NY,False,none
PE-EMP-00524-01,EMP-00524,2025-01-01,2025-01-30,152.4,0.0,8535.0,1969.52,6565.48,federal,False,none
PE-EMP-00524-02,EMP-00524,2025-01-31,2025-03-01,142.2,0.0,8535.0,2367.77,6167.23,federal,False,none
PE-EMP-00524-03,EMP-00524,2025-03-02,2025-03-31,147.4,0.0,8535.0,2285.82,6249.18,federal,False,none
PE-EMP-00524-04,EMP-00524,2025-04-01,2025-04-30,156.1,0.0,8535.0,1697.91,6837.09,federal,False,none
PE-EMP-00524-05,EMP-00524,2025-05-01,2025-05-30,143.5,0.0,8535.0,2186.38,6348.62,federal,False,none
PE-EMP-00524-06,EMP-00524,2025-05-31,2025-06-29,145.3,0.0,8535.0,2260.59,6274.41,federal,False,none
PE-EMP-00525-01,EMP-00525,2025-01-01,2025-01-30,161.2,0.0,7467.0,1514.1,5952.9,TX,False,none
PE-EMP-00525-02,EMP-00525,2025-01-31,2025-03-01,151.1,0.0,7467.0,1968.33,5498.67,TX,False,none
PE-EMP-00525-03,EMP-00525,2025-03-02,2025-03-31,148.3,0.0,7467.0,1651.91,5815.09,TX,False,none
PE-EMP-00525-04,EMP-00525,2025-04-01,2025-04-30,157.9,0.0,7467.0,1507.03,5959.97,TX,False,none
PE-EMP-00525-05,EMP-00525,2025-05-01,2025-05-30,147.0,0.0,7467.0,1601.49,5865.51,TX,False,none
PE-EMP-00525-06,EMP-00525,2025-05-31,2025-06-29,146.7,0.0,7467.0,1349.27,6117.73,TX,False,none
PE-EMP-00526-01,EMP-00526,2025-01-01,2025-01-30,164.9,0.0,8278.0,2055.87,6222.13,UK_national,False,none
PE-EMP-00526-02,EMP-00526,2025-01-31,2025-03-01,147.9,0.0,8278.0,1623.53,6654.47,UK_national,False,none
PE-EMP-00526-03,EMP-00526,2025-03-02,2025-03-31,141.7,0.0,8278.0,1898.91,6379.09,UK_national,False,none
PE-EMP-00526-04,EMP-00526,2025-04-01,2025-04-30,165.3,0.0,8278.0,1540.04,6737.96,UK_national,False,none
PE-EMP-00526-05,EMP-00526,2025-05-01,2025-05-30,161.2,0.0,8278.0,1846.07,6431.93,UK_national,False,none
PE-EMP-00526-06,EMP-00526,2025-05-31,2025-06-29,158.9,0.0,8278.0,2233.93,6044.07,UK_national,False,none
PE-EMP-00527-01,EMP-00527,2025-01-01,2025-01-30,152.5,0.0,8466.0,2351.15,6114.85,DE_national,False,none
PE-EMP-00527-02,EMP-00527,2025-01-31,2025-03-01,158.9,0.0,8466.0,1793.44,6672.56,DE_national,False,none
PE-EMP-00527-03,EMP-00527,2025-03-02,2025-03-31,161.6,0.0,8466.0,2298.08,6167.92,DE_national,False,none
PE-EMP-00527-04,EMP-00527,2025-04-01,2025-04-30,159.5,0.0,8466.0,2036.5,6429.5,DE_national,False,none
PE-EMP-00527-05,EMP-00527,2025-05-01,2025-05-30,166.9,0.0,8466.0,2005.77,6460.23,DE_national,False,none
PE-EMP-00527-06,EMP-00527,2025-05-31,2025-06-29,160.4,0.0,8466.0,1794.0,6672.0,DE_national,False,none
PE-EMP-00528-01,EMP-00528,2025-01-01,2025-01-30,150.0,0.0,7076.0,1847.52,5228.48,TX,False,none
PE-EMP-00528-02,EMP-00528,2025-01-31,2025-03-01,150.4,0.0,7076.0,1486.13,5589.87,TX,False,none
PE-EMP-00528-03,EMP-00528,2025-03-02,2025-03-31,153.7,0.0,7076.0,1659.97,5416.03,TX,False,none
PE-EMP-00528-04,EMP-00528,2025-04-01,2025-04-30,160.9,0.0,7076.0,1435.09,5640.91,TX,False,none
PE-EMP-00528-05,EMP-00528,2025-05-01,2025-05-30,144.8,0.0,7076.0,1762.54,5313.46,TX,False,none
PE-EMP-00528-06,EMP-00528,2025-05-31,2025-06-29,151.5,0.0,7076.0,1896.35,5179.65,TX,False,none
PE-EMP-00529-01,EMP-00529,2025-01-01,2025-01-30,149.1,0.0,7458.0,1936.28,5521.72,FL,False,none
PE-EMP-00529-02,EMP-00529,2025-01-31,2025-03-01,166.5,0.0,7458.0,1643.18,5814.82,FL,False,none
PE-EMP-00529-03,EMP-00529,2025-03-02,2025-03-31,164.3,0.0,7458.0,1688.78,5769.22,FL,False,none
PE-EMP-00529-04,EMP-00529,2025-04-01,2025-04-30,144.3,0.0,7458.0,1892.74,5565.26,FL,False,none
PE-EMP-00529-05,EMP-00529,2025-05-01,2025-05-30,150.8,0.0,7458.0,2050.68,5407.32,FL,False,none
PE-EMP-00529-06-DUP,EMP-00529,2025-05-31,2025-06-29,164.5,0.0,7458.0,1930.33,5527.67,FL,True,duplicate_payment
PE-EMP-00530-01,EMP-00530,2025-01-01,2025-01-30,150.7,0.0,8047.0,2148.75,5898.25,FL,False,none
PE-EMP-00530-02,EMP-00530,2025-01-31,2025-03-01,144.2,0.0,8047.0,1742.75,6304.25,FL,False,none
PE-EMP-00530-03,EMP-00530,2025-03-02,2025-03-31,152.2,0.0,8047.0,2106.23,5940.77,FL,False,none
PE-EMP-00530-04,EMP-00530,2025-04-01,2025-04-30,165.4,0.0,8047.0,1570.0,6477.0,FL,False,none
PE-EMP-00530-05,EMP-00530,2025-05-01,2025-05-30,166.5,0.0,8047.0,1623.07,6423.93,FL,False,none
PE-EMP-00530-06,EMP-00530,2025-05-31,2025-06-29,140.5,0.0,8047.0,1828.51,6218.49,FL,False,none
PE-EMP-00531-01,EMP-00531,2025-01-01,2025-01-30,147.6,0.0,7653.0,1528.88,6124.12,TX,False,none
PE-EMP-00531-02,EMP-00531,2025-01-31,2025-03-01,153.9,0.0,7653.0,1498.7,6154.3,TX,False,none
PE-EMP-00531-03,EMP-00531,2025-03-02,2025-03-31,163.2,0.0,7653.0,2030.96,5622.04,TX,False,none
PE-EMP-00531-04,EMP-00531,2025-04-01,2025-04-30,147.8,0.0,7653.0,1522.91,6130.09,TX,False,none
PE-EMP-00531-05,EMP-00531,2025-05-01,2025-05-30,157.0,0.0,7653.0,1759.53,5893.47,TX,False,none
PE-EMP-00531-06,EMP-00531,2025-05-31,2025-06-29,152.2,0.0,7653.0,2029.27,5623.73,TX,False,none
PE-EMP-00532-01,EMP-00532,2025-01-01,2025-01-30,153.6,0.0,7554.0,1862.66,5691.34,federal,False,none
PE-EMP-00532-02,EMP-00532,2025-01-31,2025-03-01,149.9,0.0,7554.0,1439.8,6114.2,federal,False,none
PE-EMP-00532-03,EMP-00532,2025-03-02,2025-03-31,166.7,0.0,7554.0,1893.05,5660.95,federal,False,none
PE-EMP-00532-04,EMP-00532,2025-04-01,2025-04-30,157.0,0.0,7554.0,1466.59,6087.41,federal,False,none
PE-EMP-00532-05,EMP-00532,2025-05-01,2025-05-30,154.5,0.0,7554.0,1733.06,5820.94,federal,False,none
PE-EMP-00532-06,EMP-00532,2025-05-31,2025-06-29,146.1,0.0,7554.0,1730.25,5823.75,federal,False,none
PE-EMP-00533-01,EMP-00533,2025-01-01,2025-01-30,166.8,0.0,6822.0,1658.78,5163.22,federal,False,none
PE-EMP-00533-02,EMP-00533,2025-01-31,2025-03-01,149.5,0.0,6822.0,1439.86,5382.14,federal,False,none
PE-EMP-00533-03,EMP-00533,2025-03-02,2025-03-31,157.3,0.0,6822.0,1645.21,5176.79,federal,False,none
PE-EMP-00533-04,EMP-00533,2025-04-01,2025-04-30,156.8,0.0,6822.0,1589.28,5232.72,federal,False,none
PE-EMP-00533-05,EMP-00533,2025-05-01,2025-05-30,149.6,0.0,6822.0,1482.66,5339.34,federal,False,none
PE-EMP-00533-06,EMP-00533,2025-05-31,2025-06-29,159.3,0.0,6822.0,1315.37,5506.63,federal,False,none
PE-EMP-00534-01,EMP-00534,2025-01-01,2025-01-30,155.8,0.0,8976.0,2040.71,6935.29,CA,False,none
PE-EMP-00534-02,EMP-00534,2025-01-31,2025-03-01,140.5,0.0,8976.0,1947.8,7028.2,CA,False,none
PE-EMP-00534-03,EMP-00534,2025-03-02,2025-03-31,146.9,0.0,8976.0,2463.53,6512.47,CA,False,none
PE-EMP-00534-04,EMP-00534,2025-04-01,2025-04-30,159.3,0.0,8976.0,2432.63,6543.37,CA,False,none
PE-EMP-00534-05,EMP-00534,2025-05-01,2025-05-30,165.3,0.0,8976.0,2184.64,6791.36,CA,False,none
PE-EMP-00534-06,EMP-00534,2025-05-31,2025-06-29,165.3,0.0,8976.0,2043.11,6932.89,CA,False,none
PE-EMP-00535-01,EMP-00535,2025-01-01,2025-01-30,147.9,0.0,8335.0,1784.32,6550.68,WA,False,none
PE-EMP-00535-02,EMP-00535,2025-01-31,2025-03-01,162.2,0.0,8335.0,2082.36,6252.64,WA,False,none
PE-EMP-00535-03,EMP-00535,2025-03-02,2025-03-31,165.3,0.0,8335.0,2305.02,6029.98,WA,False,none
PE-EMP-00535-04,EMP-00535,2025-04-01,2025-04-30,161.9,0.0,8335.0,1977.29,6357.71,WA,False,none
PE-EMP-00535-05,EMP-00535,2025-05-01,2025-05-30,165.5,0.0,8335.0,2090.51,6244.49,WA,False,none
PE-EMP-00535-06,EMP-00535,2025-05-31,2025-06-29,157.1,0.0,8335.0,2178.2,6156.8,WA,False,none
PE-EMP-00536-01,EMP-00536,2025-01-01,2025-01-30,147.0,0.0,7505.0,1773.66,5731.34,federal,False,none
PE-EMP-00536-02,EMP-00536,2025-01-31,2025-03-01,164.9,0.0,12802.39,1586.15,5918.85,federal,True,rate_violation
PE-EMP-00536-03,EMP-00536,2025-03-02,2025-03-31,164.7,0.0,7505.0,1639.2,5865.8,federal,False,none
PE-EMP-00536-04,EMP-00536,2025-04-01,2025-04-30,144.2,0.0,7505.0,1592.3,5912.7,federal,False,none
PE-EMP-00536-05,EMP-00536,2025-05-01,2025-05-30,154.8,0.0,7505.0,1698.15,5806.85,federal,False,none
PE-EMP-00536-06,EMP-00536,2025-05-31,2025-06-29,165.2,0.0,7505.0,2061.73,5443.27,federal,False,none
PE-EMP-00537-01,EMP-00537,2025-01-01,2025-01-30,160.4,0.0,7677.0,1433.24,6243.76,DE_national,False,none
PE-EMP-00537-02,EMP-00537,2025-01-31,2025-03-01,150.9,0.0,7677.0,1530.17,6146.83,DE_national,False,none
PE-EMP-00537-03,EMP-00537,2025-03-02,2025-03-31,161.6,0.0,7677.0,1928.39,5748.61,DE_national,False,none
PE-EMP-00537-04,EMP-00537,2025-04-01,2025-04-30,150.2,0.0,7677.0,1978.95,5698.05,DE_national,False,none
PE-EMP-00537-05,EMP-00537,2025-05-01,2025-05-30,153.3,0.0,7677.0,1553.31,6123.69,DE_national,False,none
PE-EMP-00537-06,EMP-00537,2025-05-31,2025-06-29,140.1,0.0,7677.0,1655.29,6021.71,DE_national,False,none
PE-EMP-00538-01,EMP-00538,2025-01-01,2025-01-30,157.4,8.4,3998.83,1033.17,2965.66,TX,False,none
PE-EMP-00538-02,EMP-00538,2025-01-31,2025-03-01,166.8,7.3,3958.6,836.91,3121.69,TX,False,none
PE-EMP-00538-03,EMP-00538,2025-03-02,2025-03-31,164.7,3.0,3810.26,994.76,2815.5,TX,False,none
PE-EMP-00538-04,EMP-00538,2025-04-01,2025-04-30,145.3,13.9,4187.4,1007.1,3180.3,TX,False,none
PE-EMP-00538-05,EMP-00538,2025-05-01,2025-05-30,148.3,0.9,3737.56,1003.45,2734.11,TX,False,none
PE-EMP-00538-06,EMP-00538,2025-05-31,2025-06-29,154.7,7.6,3968.73,812.89,3155.84,TX,False,none
PE-EMP-00539-01,EMP-00539,2025-01-01,2025-01-30,150.5,0.0,8973.0,2243.83,6729.17,CA,False,none
PE-EMP-00539-02,EMP-00539,2025-01-31,2025-03-01,163.9,0.0,15541.66,1882.69,7090.31,CA,True,rate_violation
PE-EMP-00539-03,EMP-00539,2025-03-02,2025-03-31,145.7,0.0,8973.0,1880.83,7092.17,CA,False,none
PE-EMP-00539-04,EMP-00539,2025-04-01,2025-04-30,140.8,0.0,8973.0,2192.99,6780.01,CA,False,none
PE-EMP-00539-05,EMP-00539,2025-05-01,2025-05-30,151.8,0.0,8973.0,1945.91,7027.09,CA,False,none
PE-EMP-00539-06,EMP-00539,2025-05-31,2025-06-29,161.7,0.0,8973.0,2506.14,6466.86,CA,False,none
PE-EMP-00540-01,EMP-00540,2025-01-01,2025-01-30,152.5,0.0,8210.0,1791.44,6418.56,NY,False,none
PE-EMP-00540-02,EMP-00540,2025-01-31,2025-03-01,144.4,0.0,8210.0,1842.44,6367.56,NY,False,none
PE-EMP-00540-03,EMP-00540,2025-03-02,2025-03-31,148.8,0.0,8210.0,2247.0,5963.0,NY,False,none
PE-EMP-00540-04,EMP-00540,2025-04-01,2025-04-30,152.8,0.0,8210.0,1640.18,6569.82,NY,False,none
PE-EMP-00540-05,EMP-00540,2025-05-01,2025-05-30,157.0,0.0,8210.0,1711.59,6498.41,NY,False,none
PE-EMP-00540-06,EMP-00540,2025-05-31,2025-06-29,156.4,0.0,8210.0,1742.82,6467.18,NY,False,none
PE-EMP-00541-01,EMP-00541,2025-01-01,2025-01-30,140.5,0.8,7046.57,1498.48,5548.09,CA,False,none
PE-EMP-00541-02,EMP-00541,2025-01-31,2025-03-01,153.4,2.1,7134.44,1877.65,5256.79,CA,False,none
PE-EMP-00541-03,EMP-00541,2025-03-02,2025-03-31,150.5,0.4,7020.05,1568.46,5451.59,CA,False,none
PE-EMP-00541-04,EMP-00541,2025-04-01,2025-04-30,149.1,2.7,7170.09,1730.2,5439.89,CA,False,none
PE-EMP-00541-05,EMP-00541,2025-05-01,2025-05-30,161.3,9.7,7628.11,1620.22,6007.89,CA,False,none
PE-EMP-00541-06,EMP-00541,2025-05-31,2025-06-29,161.2,0.6,7033.74,1626.0,5407.74,CA,False,none
PE-EMP-00542-01,EMP-00542,2025-01-01,2025-01-30,160.2,0.0,7618.0,1914.91,5703.09,FL,False,none
PE-EMP-00542-02,EMP-00542,2025-01-31,2025-03-01,153.9,0.0,7618.0,2077.39,5540.61,FL,False,none
PE-EMP-00542-03,EMP-00542,2025-03-02,2025-03-31,143.9,0.0,7618.0,1449.14,6168.86,FL,False,none
PE-EMP-00542-04,EMP-00542,2025-04-01,2025-04-30,144.6,0.0,7618.0,1915.05,5702.95,FL,False,none
PE-EMP-00542-05,EMP-00542,2025-05-01,2025-05-30,142.6,0.0,7618.0,1645.73,5972.27,FL,False,none
PE-EMP-00542-06,EMP-00542,2025-05-31,2025-06-29,150.0,0.0,7618.0,1433.07,6184.93,FL,False,none
PE-EMP-00543-01,EMP-00543,2025-01-01,2025-01-30,149.6,1.0,4336.01,954.16,3381.85,NY,False,none
PE-EMP-00543-02,EMP-00543,2025-01-31,2025-03-01,141.7,6.2,4545.41,1177.14,3368.27,NY,False,none
PE-EMP-00543-03,EMP-00543,2025-03-02,2025-03-31,159.4,8.2,4624.97,873.88,3751.09,NY,False,none
PE-EMP-00543-04,EMP-00543,2025-04-01,2025-04-30,145.8,2.4,4390.05,1125.07,3264.98,NY,False,none
PE-EMP-00543-05,EMP-00543,2025-05-01,2025-05-30,164.3,3.4,4431.31,822.68,3608.63,NY,False,none
PE-EMP-00543-06,EMP-00543,2025-05-31,2025-06-29,159.1,0.4,4308.63,1052.56,3256.07,NY,False,none
PE-EMP-00544-01,EMP-00544,2025-01-01,2025-01-30,159.5,0.0,7906.0,1801.53,6104.47,NY,False,none
PE-EMP-00544-02,EMP-00544,2025-01-31,2025-03-01,141.2,0.0,7906.0,2022.77,5883.23,NY,False,none
PE-EMP-00544-03,EMP-00544,2025-03-02,2025-03-31,166.6,0.0,7906.0,2177.65,5728.35,NY,False,none
PE-EMP-00544-04,EMP-00544,2025-04-01,2025-04-30,143.9,0.0,7906.0,1675.64,6230.36,NY,False,none
PE-EMP-00544-05,EMP-00544,2025-05-01,2025-05-30,150.9,0.0,7906.0,1924.58,5981.42,NY,False,none
PE-EMP-00544-06,EMP-00544,2025-05-31,2025-06-29,151.1,0.0,7906.0,1826.48,6079.52,NY,False,none
PE-EMP-00545-01,EMP-00545,2025-01-01,2025-01-30,148.1,0.0,8298.0,1513.15,6784.85,FL,False,none
PE-EMP-00545-02,EMP-00545,2025-01-31,2025-03-01,160.0,0.0,8298.0,1837.96,6460.04,FL,False,none
PE-EMP-00545-03,EMP-00545,2025-03-02,2025-03-31,141.9,0.0,8298.0,1659.7,6638.3,FL,False,none
PE-EMP-00545-04,EMP-00545,2025-04-01,2025-04-30,141.0,0.0,8298.0,1684.08,6613.92,FL,False,none
PE-EMP-00545-05,EMP-00545,2025-05-01,2025-05-30,153.8,0.0,8298.0,1783.56,6514.44,FL,False,none
PE-EMP-00545-06,EMP-00545,2025-05-31,2025-06-29,142.3,0.0,8298.0,2225.23,6072.77,FL,False,none
PE-EMP-00546-01,EMP-00546,2025-01-01,2025-01-30,154.3,0.0,7163.0,1883.18,5279.82,federal,False,none
PE-EMP-00546-02,EMP-00546,2025-01-31,2025-03-01,151.1,0.0,7163.0,1398.4,5764.6,federal,False,none
PE-EMP-00546-03,EMP-00546,2025-03-02,2025-03-31,140.2,0.0,7163.0,1738.95,5424.05,federal,False,none
PE-EMP-00546-04,EMP-00546,2025-04-01,2025-04-30,157.4,0.0,7163.0,1479.62,5683.38,federal,False,none
PE-EMP-00546-05,EMP-00546,2025-05-01,2025-05-30,150.5,0.0,7163.0,1567.57,5595.43,federal,False,none
PE-EMP-00546-06,EMP-00546,2025-05-31,2025-06-29,163.4,0.0,7163.0,1829.55,5333.45,federal,False,none
PE-EMP-00547-01,EMP-00547,2025-01-01,2025-01-30,147.2,2.9,6985.15,1884.54,5100.61,TX,False,none
PE-EMP-00547-02,EMP-00547,2025-01-31,2025-03-01,151.0,9.8,7419.82,1670.68,5749.14,TX,False,none
PE-EMP-00547-03,EMP-00547,2025-03-02,2025-03-31,152.5,14.5,7723.12,1909.04,5814.08,TX,True,ghost_employee
PE-EMP-00547-04,EMP-00547,2025-04-01,2025-04-30,161.6,3.1,6993.58,1337.66,5655.92,TX,False,none
PE-EMP-00547-05,EMP-00547,2025-05-01,2025-05-30,150.8,1.6,6900.03,1885.84,5014.19,TX,False,none
PE-EMP-00547-06,EMP-00547,2025-05-31,2025-06-29,145.8,11.4,7524.31,1907.94,5616.37,TX,False,none
PE-EMP-00548-01,EMP-00548,2025-01-01,2025-01-30,148.4,0.0,8460.0,2106.33,6353.67,TX,False,none
PE-EMP-00548-02,EMP-00548,2025-01-31,2025-03-01,146.0,0.0,8460.0,2024.7,6435.3,TX,False,none
PE-EMP-00548-03,EMP-00548,2025-03-02,2025-03-31,148.5,0.0,8460.0,1915.16,6544.84,TX,False,none
PE-EMP-00548-04,EMP-00548,2025-04-01,2025-04-30,158.1,0.0,8460.0,1717.22,6742.78,TX,False,none
PE-EMP-00548-05,EMP-00548,2025-05-01,2025-05-30,164.9,0.0,8460.0,2236.45,6223.55,TX,False,none
PE-EMP-00548-06,EMP-00548,2025-05-31,2025-06-29,146.1,0.0,8460.0,1542.95,6917.05,TX,False,none
PE-EMP-00549-01,EMP-00549,2025-01-01,2025-01-30,140.3,0.0,7687.0,2021.36,5665.64,federal,False,none
PE-EMP-00549-02,EMP-00549,2025-01-31,2025-03-01,164.1,0.0,7687.0,1542.28,6144.72,federal,False,none
PE-EMP-00549-03,EMP-00549,2025-03-02,2025-03-31,166.5,0.0,7687.0,1682.36,6004.64,federal,False,none
PE-EMP-00549-04,EMP-00549,2025-04-01,2025-04-30,149.2,0.0,7687.0,2140.24,5546.76,federal,False,none
PE-EMP-00549-05,EMP-00549,2025-05-01,2025-05-30,156.9,0.0,7687.0,1510.69,6176.31,federal,False,none
PE-EMP-00549-06,EMP-00549,2025-05-31,2025-06-29,153.8,0.0,7687.0,1814.77,5872.23,federal,False,none
PE-EMP-00550-01,EMP-00550,2025-01-01,2025-01-30,148.0,14.8,5206.44,1383.54,3822.9,WA,False,none
PE-EMP-00550-02,EMP-00550,2025-01-31,2025-03-01,147.0,9.2,4968.29,1333.69,3634.6,WA,False,none
PE-EMP-00550-03,EMP-00550,2025-03-02,2025-03-31,163.9,9.3,4970.16,1320.65,3649.51,WA,False,none
PE-EMP-00550-04,EMP-00550,2025-04-01,2025-04-30,166.5,14.0,5170.03,1087.49,4082.54,WA,False,none
PE-EMP-00550-05,EMP-00550,2025-05-01,2025-05-30,150.7,8.5,4937.26,967.45,3969.81,WA,False,none
PE-EMP-00550-06,EMP-00550,2025-05-31,2025-06-29,141.5,3.2,4710.43,937.75,3772.68,WA,False,none
PE-EMP-00551-01,EMP-00551,2025-01-01,2025-01-30,151.8,0.0,8220.0,2200.04,6019.96,CA,False,none
PE-EMP-00551-02,EMP-00551,2025-01-31,2025-03-01,142.1,0.0,8220.0,1822.77,6397.23,CA,False,none
PE-EMP-00551-03,EMP-00551,2025-03-02,2025-03-31,140.6,0.0,8220.0,2112.9,6107.1,CA,False,none
PE-EMP-00551-04,EMP-00551,2025-04-01,2025-04-30,165.2,0.0,8220.0,1727.89,6492.11,CA,False,none
PE-EMP-00551-05,EMP-00551,2025-05-01,2025-05-30,147.4,0.0,8220.0,2244.16,5975.84,CA,False,none
PE-EMP-00551-06,EMP-00551,2025-05-31,2025-06-29,164.8,0.0,8220.0,2137.66,6082.34,CA,False,none
PE-EMP-00552-01,EMP-00552,2025-01-01,2025-01-30,145.7,13.8,7233.11,1840.29,5392.82,federal,False,none
PE-EMP-00552-02,EMP-00552,2025-01-31,2025-03-01,159.1,0.5,6432.35,1756.7,4675.65,federal,False,none
PE-EMP-00552-03,EMP-00552,2025-03-02,2025-03-31,153.3,0.2,6417.92,1210.48,5207.44,federal,False,none
PE-EMP-00552-04,EMP-00552,2025-04-01,2025-04-30,146.6,13.0,7188.42,1710.68,5477.74,federal,False,none
PE-EMP-00552-05,EMP-00552,2025-05-01,2025-05-30,155.6,4.1,6648.25,1663.98,4984.27,federal,False,none
PE-EMP-00552-06,EMP-00552,2025-05-31,2025-06-29,153.4,11.0,7063.8,1379.77,5684.03,federal,False,none
PE-EMP-00553-01,EMP-00553,2025-01-01,2025-01-30,141.8,0.0,8031.0,1990.1,6040.9,TX,False,none
PE-EMP-00553-02,EMP-00553,2025-01-31,2025-03-01,140.8,0.0,8031.0,1845.06,6185.94,TX,False,none
PE-EMP-00553-03,EMP-00553,2025-03-02,2025-03-31,163.3,0.0,8031.0,1776.8,6254.2,TX,False,none
PE-EMP-00553-04,EMP-00553,2025-04-01,2025-04-30,167.2,0.0,8031.0,1908.78,6122.22,TX,False,none
PE-EMP-00553-05,EMP-00553,2025-05-01,2025-05-30,141.2,0.0,8031.0,1496.18,6534.82,TX,False,none
PE-EMP-00553-06,EMP-00553,2025-05-31,2025-06-29,161.5,0.0,8031.0,1671.11,6359.89,TX,False,none
PE-EMP-00554-01,EMP-00554,2025-01-01,2025-01-30,147.9,7.2,4060.33,1056.47,3003.86,DE_national,False,none
PE-EMP-00554-02,EMP-00554,2025-01-31,2025-03-01,140.7,4.1,3949.48,1055.3,2894.18,DE_national,False,none
PE-EMP-00554-03,EMP-00554,2025-03-02,2025-03-31,146.6,6.7,4043.65,728.64,3315.01,DE_national,False,none
PE-EMP-00554-04,EMP-00554,2025-04-01,2025-04-30,158.2,13.1,4271.28,1125.65,3145.63,DE_national,False,none
PE-EMP-00554-05,EMP-00554,2025-05-01,2025-05-30,152.2,14.3,4313.34,987.12,3326.22,DE_national,False,none
PE-EMP-00554-06,EMP-00554,2025-05-31,2025-06-29,146.5,12.7,4257.87,786.55,3471.32,DE_national,False,none
PE-EMP-00555-01,EMP-00555,2025-01-01,2025-01-30,150.2,0.0,8133.0,1950.33,6182.67,FL,False,none
PE-EMP-00555-02,EMP-00555,2025-01-31,2025-03-01,152.8,0.0,8133.0,1848.2,6284.8,FL,False,none
PE-EMP-00555-03,EMP-00555,2025-03-02,2025-03-31,144.6,0.0,8133.0,1999.58,6133.42,FL,False,none
PE-EMP-00555-04,EMP-00555,2025-04-01,2025-04-30,150.4,0.0,8133.0,1912.09,6220.91,FL,False,none
PE-EMP-00555-05,EMP-00555,2025-05-01,2025-05-30,144.1,0.0,8133.0,2061.87,6071.13,FL,False,none
PE-EMP-00555-06,EMP-00555,2025-05-31,2025-06-29,149.7,0.0,8133.0,1605.42,6527.58,FL,False,none
PE-EMP-00556-01,EMP-00556,2025-01-01,2025-01-30,151.2,7.0,4943.97,1061.69,3882.28,WA,False,none
PE-EMP-00556-02,EMP-00556,2025-01-31,2025-03-01,148.2,12.2,5170.17,1319.25,3850.92,WA,False,none
PE-EMP-00556-03,EMP-00556,2025-03-02,2025-03-31,153.8,8.1,4992.75,1078.6,3914.15,WA,False,none
PE-EMP-00556-04,EMP-00556,2025-04-01,2025-04-30,152.1,9.0,5031.82,1350.93,3680.89,WA,False,none
PE-EMP-00556-05,EMP-00556,2025-05-01,2025-05-30,149.3,5.4,4872.98,1104.49,3768.49,WA,False,none
PE-EMP-00556-06,EMP-00556,2025-05-31,2025-06-29,161.1,12.9,5201.2,1021.66,4179.54,WA,False,none
PE-EMP-00557-01,EMP-00557,2025-01-01,2025-01-30,141.2,0.0,8828.0,2036.05,6791.95,DE_national,False,none
PE-EMP-00557-02,EMP-00557,2025-01-31,2025-03-01,164.1,0.0,8828.0,2140.85,6687.15,DE_national,False,none
PE-EMP-00557-03,EMP-00557,2025-03-02,2025-03-31,156.8,0.0,8828.0,2065.94,6762.06,DE_national,False,none
PE-EMP-00557-04,EMP-00557,2025-04-01,2025-04-30,163.3,0.0,8828.0,1729.78,7098.22,DE_national,False,none
PE-EMP-00557-05,EMP-00557,2025-05-01,2025-05-30,162.4,0.0,8828.0,1712.21,7115.79,DE_national,False,none
PE-EMP-00557-06,EMP-00557,2025-05-31,2025-06-29,162.9,0.0,8828.0,1770.73,7057.27,DE_national,False,none
PE-EMP-00558-01,EMP-00558,2025-01-01,2025-01-30,159.4,0.0,8964.0,1686.79,7277.21,CA,False,none
PE-EMP-00558-02,EMP-00558,2025-01-31,2025-03-01,151.7,0.0,8964.0,1713.81,7250.19,CA,False,none
PE-EMP-00558-03,EMP-00558,2025-03-02,2025-03-31,154.0,0.0,8964.0,1651.15,7312.85,CA,False,none
PE-EMP-00558-04,EMP-00558,2025-04-01,2025-04-30,142.9,0.0,8964.0,1617.14,7346.86,CA,False,none
PE-EMP-00558-05,EMP-00558,2025-05-01,2025-05-30,166.2,0.0,8964.0,2209.3,6754.7,CA,False,none
PE-EMP-00558-06,EMP-00558,2025-05-31,2025-06-29,144.6,0.0,8964.0,1816.81,7147.19,CA,False,none
PE-EMP-00559-01,EMP-00559,2025-01-01,2025-01-30,159.9,0.0,8508.0,1816.37,6691.63,UK_national,True,rule_override
PE-EMP-00559-02,EMP-00559,2025-01-31,2025-03-01,143.3,0.0,8508.0,2154.1,6353.9,UK_national,False,none
PE-EMP-00559-03,EMP-00559,2025-03-02,2025-03-31,162.3,0.0,8508.0,1998.06,6509.94,UK_national,False,none
PE-EMP-00559-04,EMP-00559,2025-04-01,2025-04-30,151.1,0.0,8508.0,2090.32,6417.68,UK_national,False,none
PE-EMP-00559-05,EMP-00559,2025-05-01,2025-05-30,151.0,0.0,8508.0,2022.37,6485.63,UK_national,False,none
PE-EMP-00559-06,EMP-00559,2025-05-31,2025-06-29,161.0,0.0,8508.0,2116.62,6391.38,UK_national,False,none
PE-EMP-00560-01,EMP-00560,2025-01-01,2025-01-30,167.7,3.4,4043.45,988.18,3055.27,federal,False,none
PE-EMP-00560-02,EMP-00560,2025-01-31,2025-03-01,144.4,10.4,4301.44,1098.29,3203.15,federal,False,none
PE-EMP-00560-03,EMP-00560,2025-03-02,2025-03-31,160.1,13.4,4411.24,1221.6,3189.64,federal,False,none
PE-EMP-00560-04,EMP-00560,2025-04-01,2025-04-30,162.4,7.4,4191.91,1138.46,3053.45,federal,True,rule_override
PE-EMP-00560-05,EMP-00560,2025-05-01,2025-05-30,159.5,4.6,4087.95,1044.8,3043.15,federal,False,none
PE-EMP-00560-06,EMP-00560,2025-05-31,2025-06-29,148.5,3.1,4034.32,983.67,3050.65,federal,False,none
PE-EMP-00561-01,EMP-00561,2025-01-01,2025-01-30,166.6,0.0,6735.0,1340.94,5394.06,TX,False,none
PE-EMP-00561-02,EMP-00561,2025-01-31,2025-03-01,140.5,0.0,6735.0,1411.51,5323.49,TX,False,none
PE-EMP-00561-03,EMP-00561,2025-03-02,2025-03-31,145.8,0.0,6735.0,1769.73,4965.27,TX,False,none
PE-EMP-00561-04,EMP-00561,2025-04-01,2025-04-30,159.1,0.0,6735.0,1257.44,5477.56,TX,False,none
PE-EMP-00561-05,EMP-00561,2025-05-01,2025-05-30,152.7,0.0,6735.0,1292.41,5442.59,TX,False,none
PE-EMP-00561-06,EMP-00561,2025-05-31,2025-06-29,166.5,0.0,6735.0,1657.88,5077.12,TX,False,none
PE-EMP-00562-01,EMP-00562,2025-01-01,2025-01-30,140.3,0.0,7721.0,1851.16,5869.84,DE_national,False,none
PE-EMP-00562-02,EMP-00562,2025-01-31,2025-03-01,149.6,0.0,7721.0,1679.25,6041.75,DE_national,False,none
PE-EMP-00562-03,EMP-00562,2025-03-02,2025-03-31,148.5,0.0,7721.0,1867.91,5853.09,DE_national,False,none
PE-EMP-00562-04,EMP-00562,2025-04-01,2025-04-30,165.7,0.0,7721.0,1880.23,5840.77,DE_national,False,none
PE-EMP-00562-05,EMP-00562,2025-05-01,2025-05-30,156.6,0.0,7721.0,1914.13,5806.87,DE_national,False,none
PE-EMP-00562-06,EMP-00562,2025-05-31,2025-06-29,167.4,0.0,7721.0,1775.83,5945.17,DE_national,False,none
PE-EMP-00563-01,EMP-00563,2025-01-01,2025-01-30,149.8,3.8,4239.19,963.82,3275.37,WA,False,none
PE-EMP-00563-02,EMP-00563,2025-01-31,2025-03-01,162.3,11.3,4525.26,1162.9,3362.36,WA,False,none
PE-EMP-00563-03,EMP-00563,2025-03-02,2025-03-31,151.8,8.8,4429.85,1187.48,3242.37,WA,False,none
PE-EMP-00563-04,EMP-00563,2025-04-01,2025-04-30,166.6,10.3,4486.09,1253.7,3232.39,WA,False,none
PE-EMP-00563-05,EMP-00563,2025-05-01,2025-05-30,150.6,14.4,4646.01,1188.94,3457.07,WA,False,none
PE-EMP-00563-06,EMP-00563,2025-05-31,2025-06-29,142.4,3.8,4237.1,801.68,3435.42,WA,False,none
PE-EMP-00564-01,EMP-00564,2025-01-01,2025-01-30,146.9,12.5,4568.86,1110.83,3458.03,CA,False,none
PE-EMP-00564-02,EMP-00564,2025-01-31,2025-03-01,142.6,5.7,4309.53,921.11,3388.42,CA,False,none
PE-EMP-00564-03,EMP-00564,2025-03-02,2025-03-31,156.9,7.0,4360.98,925.78,3435.2,CA,False,none
PE-EMP-00564-04,EMP-00564,2025-04-01,2025-04-30,155.5,10.6,4496.03,1012.15,3483.88,CA,False,none
PE-EMP-00564-05,EMP-00564,2025-05-01,2025-05-30,157.2,1.4,4145.63,1029.7,3115.93,CA,False,none
PE-EMP-00564-06,EMP-00564,2025-05-31,2025-06-29,156.6,10.1,4479.47,818.95,3660.52,CA,False,none
PE-EMP-00565-01,EMP-00565,2025-01-01,2025-01-30,154.2,1.0,4136.81,819.6,3317.21,federal,False,none
PE-EMP-00565-02,EMP-00565,2025-01-31,2025-03-01,147.7,8.5,4422.55,1150.44,3272.11,federal,False,none
PE-EMP-00565-03,EMP-00565,2025-03-02,2025-03-31,155.0,10.9,4514.32,926.88,3587.44,federal,False,none
PE-EMP-00565-04,EMP-00565,2025-04-01,2025-04-30,143.3,7.8,4394.71,867.48,3527.23,federal,False,none
PE-EMP-00565-05,EMP-00565,2025-05-01,2025-05-30,152.6,12.8,4588.77,844.25,3744.52,federal,False,none
PE-EMP-00565-06,EMP-00565,2025-05-31,2025-06-29,156.8,6.4,4342.86,1079.99,3262.87,federal,False,none
PE-EMP-00566-01,EMP-00566,2025-01-01,2025-01-30,167.1,1.2,6095.14,1391.0,4704.14,FL,False,none
PE-EMP-00566-02,EMP-00566,2025-01-31,2025-03-01,147.0,5.8,6358.42,1617.92,4740.5,FL,False,none
PE-EMP-00566-03,EMP-00566,2025-03-02,2025-03-31,158.3,2.6,6179.78,1345.16,4834.62,FL,False,none
PE-EMP-00566-04,EMP-00566,2025-04-01,2025-04-30,148.5,3.4,6219.46,1657.84,4561.62,FL,False,none
PE-EMP-00566-05,EMP-00566,2025-05-01,2025-05-30,156.3,7.4,6448.35,1621.0,4827.35,FL,False,none
PE-EMP-00566-06,EMP-00566,2025-05-31,2025-06-29,162.6,14.2,6833.91,1309.44,5524.47,FL,False,none
PE-EMP-00567-01,EMP-00567,2025-01-01,2025-01-30,144.6,0.0,8997.0,1738.22,7258.78,FL,False,none
PE-EMP-00567-02,EMP-00567,2025-01-31,2025-03-01,167.4,0.0,8997.0,2163.96,6833.04,FL,False,none
PE-EMP-00567-03,EMP-00567,2025-03-02,2025-03-31,140.7,0.0,8997.0,2065.84,6931.16,FL,False,none
PE-EMP-00567-04,EMP-00567,2025-04-01,2025-04-30,162.2,0.0,8997.0,2006.31,6990.69,FL,False,none
PE-EMP-00567-05,EMP-00567,2025-05-01,2025-05-30,159.8,0.0,8997.0,2427.11,6569.89,FL,False,none
PE-EMP-00567-06,EMP-00567,2025-05-31,2025-06-29,150.3,0.0,8997.0,2108.43,6888.57,FL,False,none
PE-EMP-00568-01,EMP-00568,2025-01-01,2025-01-30,151.7,0.0,8546.0,1566.94,6979.06,WA,False,none
PE-EMP-00568-02,EMP-00568,2025-01-31,2025-03-01,152.2,0.0,8546.0,2138.25,6407.75,WA,False,none
PE-EMP-00568-03,EMP-00568,2025-03-02,2025-03-31,141.9,0.0,8546.0,1612.84,6933.16,WA,False,none
PE-EMP-00568-04,EMP-00568,2025-04-01,2025-04-30,164.6,0.0,8546.0,2106.33,6439.67,WA,False,none
PE-EMP-00568-05,EMP-00568,2025-05-01,2025-05-30,153.3,0.0,8546.0,1971.66,6574.34,WA,False,none
PE-EMP-00568-06,EMP-00568,2025-05-31,2025-06-29,146.8,0.0,8546.0,2331.24,6214.76,WA,False,none
PE-EMP-00569-01,EMP-00569,2025-01-01,2025-01-30,143.9,0.4,6200.95,1169.73,5031.22,TX,False,none
PE-EMP-00569-02,EMP-00569,2025-01-31,2025-03-01,145.2,2.9,6350.79,1562.21,4788.58,TX,False,none
PE-EMP-00569-03,EMP-00569,2025-03-02,2025-03-31,155.3,8.4,6664.39,1518.07,5146.32,TX,False,none
PE-EMP-00569-04,EMP-00569,2025-04-01,2025-04-30,167.2,9.8,6750.33,1608.01,5142.32,TX,False,none
PE-EMP-00569-05,EMP-00569,2025-05-01,2025-05-30,143.2,0.6,6214.55,1244.43,4970.12,TX,False,none
PE-EMP-00569-06,EMP-00569,2025-05-31,2025-06-29,148.4,11.2,6828.88,1496.01,5332.87,TX,False,none
PE-EMP-00570-01,EMP-00570,2025-01-01,2025-01-30,150.4,0.0,8020.0,1852.78,6167.22,CA,False,none
PE-EMP-00570-02,EMP-00570,2025-01-31,2025-03-01,140.3,0.0,8020.0,1864.3,6155.7,CA,False,none
PE-EMP-00570-03,EMP-00570,2025-03-02,2025-03-31,147.4,0.0,8020.0,1869.08,6150.92,CA,False,none
PE-EMP-00570-04,EMP-00570,2025-04-01,2025-04-30,148.5,0.0,8020.0,2094.39,5925.61,CA,False,none
PE-EMP-00570-05,EMP-00570,2025-05-01,2025-05-30,148.9,0.0,8020.0,1639.03,6380.97,CA,False,none
PE-EMP-00570-06,EMP-00570,2025-05-31,2025-06-29,153.5,0.0,8020.0,1614.88,6405.12,CA,False,none
PE-EMP-00571-01,EMP-00571,2025-01-01,2025-01-30,158.6,0.0,7855.0,1789.59,6065.41,DE_national,False,none
PE-EMP-00571-02,EMP-00571,2025-01-31,2025-03-01,146.0,0.0,7855.0,1549.33,6305.67,DE_national,False,none
PE-EMP-00571-03,EMP-00571,2025-03-02,2025-03-31,155.5,0.0,7855.0,1906.43,5948.57,DE_national,False,none
PE-EMP-00571-04,EMP-00571,2025-04-01,2025-04-30,164.0,0.0,7855.0,1469.61,6385.39,DE_national,False,none
PE-EMP-00571-05,EMP-00571,2025-05-01,2025-05-30,158.7,0.0,7855.0,2087.74,5767.26,DE_national,False,none
PE-EMP-00571-06,EMP-00571,2025-05-31,2025-06-29,144.1,0.0,7855.0,2011.29,5843.71,DE_national,False,none
PE-EMP-00572-01,EMP-00572,2025-01-01,2025-01-30,153.4,14.8,6900.13,1292.11,5608.02,NY,True,rule_override
PE-EMP-00572-02,EMP-00572,2025-01-31,2025-03-01,144.6,9.4,6591.01,1458.93,5132.08,NY,False,none
PE-EMP-00572-03,EMP-00572,2025-03-02,2025-03-31,157.5,14.1,6855.62,1801.64,5053.98,NY,False,none
PE-EMP-00572-04,EMP-00572,2025-04-01,2025-04-30,151.4,11.3,6697.84,1234.35,5463.49,NY,False,none
PE-EMP-00572-05,EMP-00572,2025-05-01,2025-05-30,149.0,5.9,6393.13,1273.9,5119.23,NY,False,none
PE-EMP-00572-06,EMP-00572,2025-05-31,2025-06-29,160.3,5.6,6375.29,1434.33,4940.96,NY,False,none
PE-EMP-00573-01,EMP-00573,2025-01-01,2025-01-30,163.4,0.0,7300.0,1478.05,5821.95,DE_national,True,rule_override
PE-EMP-00573-02,EMP-00573,2025-01-31,2025-03-01,165.4,0.0,7300.0,1663.94,5636.06,DE_national,False,none
PE-EMP-00573-03,EMP-00573,2025-03-02,2025-03-31,166.6,0.0,7300.0,1685.97,5614.03,DE_national,False,none
PE-EMP-00573-04,EMP-00573,2025-04-01,2025-04-30,151.4,0.0,7300.0,1950.47,5349.53,DE_national,False,none
PE-EMP-00573-05,EMP-00573,2025-05-01,2025-05-30,157.8,0.0,7300.0,1490.18,5809.82,DE_national,False,none
PE-EMP-00573-06,EMP-00573,2025-05-31,2025-06-29,154.6,0.0,7300.0,1676.91,5623.09,DE_national,False,none
PE-EMP-00574-01,EMP-00574,2025-01-01,2025-01-30,142.1,0.0,8034.0,1928.02,6105.98,federal,False,none
PE-EMP-00574-02,EMP-00574,2025-01-31,2025-03-01,151.7,0.0,8034.0,1897.38,6136.62,federal,False,none
PE-EMP-00574-03,EMP-00574,2025-03-02,2025-03-31,159.7,0.0,8034.0,2070.4,5963.6,federal,False,none
PE-EMP-00574-04,EMP-00574,2025-04-01,2025-04-30,161.6,0.0,8034.0,1478.21,6555.79,federal,False,none
PE-EMP-00574-05,EMP-00574,2025-05-01,2025-05-30,147.8,0.0,8034.0,1671.74,6362.26,federal,False,none
PE-EMP-00574-06,EMP-00574,2025-05-31,2025-06-29,158.2,0.0,8034.0,2238.82,5795.18,federal,False,none
PE-EMP-00575-01,EMP-00575,2025-01-01,2025-01-30,149.6,0.0,7300.0,1924.52,5375.48,TX,False,none
PE-EMP-00575-02,EMP-00575,2025-01-31,2025-03-01,156.9,0.0,7300.0,1985.11,5314.89,TX,False,none
PE-EMP-00575-03,EMP-00575,2025-03-02,2025-03-31,164.0,0.0,7300.0,1657.04,5642.96,TX,False,none
PE-EMP-00575-04,EMP-00575,2025-04-01,2025-04-30,153.7,0.0,7300.0,1866.91,5433.09,TX,False,none
PE-EMP-00575-05,EMP-00575,2025-05-01,2025-05-30,163.5,0.0,7300.0,1744.38,5555.62,TX,False,none
PE-EMP-00575-06,EMP-00575,2025-05-31,2025-06-29,155.7,0.0,7300.0,1811.99,5488.01,TX,False,none
PE-EMP-00576-01,EMP-00576,2025-01-01,2025-01-30,156.8,0.0,8721.0,2255.09,6465.91,federal,False,none
PE-EMP-00576-02,EMP-00576,2025-01-31,2025-03-01,143.8,0.0,8721.0,1863.74,6857.26,federal,False,none
PE-EMP-00576-03,EMP-00576,2025-03-02,2025-03-31,159.4,0.0,8721.0,2420.28,6300.72,federal,False,none
PE-EMP-00576-04,EMP-00576,2025-04-01,2025-04-30,154.9,0.0,8721.0,2107.31,6613.69,federal,False,none
PE-EMP-00576-05,EMP-00576,2025-05-01,2025-05-30,141.8,0.0,8721.0,2118.44,6602.56,federal,False,none
PE-EMP-00576-06,EMP-00576,2025-05-31,2025-06-29,166.2,0.0,8721.0,2332.65,6388.35,federal,True,ghost_employee
PE-EMP-00577-01,EMP-00577,2025-01-01,2025-01-30,156.6,0.0,7630.0,1547.24,6082.76,WA,False,none
PE-EMP-00577-02,EMP-00577,2025-01-31,2025-03-01,166.0,0.0,7630.0,1620.74,6009.26,WA,False,none
PE-EMP-00577-03,EMP-00577,2025-03-02,2025-03-31,146.7,0.0,7630.0,1519.34,6110.66,WA,False,none
PE-EMP-00577-04,EMP-00577,2025-04-01,2025-04-30,167.2,0.0,7630.0,1519.78,6110.22,WA,False,none
PE-EMP-00577-05,EMP-00577,2025-05-01,2025-05-30,149.4,0.0,7630.0,1889.26,5740.74,WA,False,none
PE-EMP-00577-06,EMP-00577,2025-05-31,2025-06-29,147.8,0.0,7630.0,1829.49,5800.51,WA,False,none
PE-EMP-00578-01,EMP-00578,2025-01-01,2025-01-30,158.8,2.8,6341.64,1530.27,4811.37,federal,False,none
PE-EMP-00578-02,EMP-00578,2025-01-31,2025-03-01,162.0,12.0,6874.97,1710.72,5164.25,federal,False,none
PE-EMP-00578-03,EMP-00578,2025-03-02,2025-03-31,145.3,10.3,6773.97,1702.04,5071.93,federal,False,none
PE-EMP-00578-04,EMP-00578,2025-04-01,2025-04-30,155.5,3.1,6355.63,1438.08,4917.55,federal,False,none
PE-EMP-00578-05,EMP-00578,2025-05-01,2025-05-30,154.6,1.8,6279.83,1584.24,4695.59,federal,False,none
PE-EMP-00578-06,EMP-00578,2025-05-31,2025-06-29,148.2,3.7,6392.61,1533.03,4859.58,federal,False,none
PE-EMP-00579-01,EMP-00579,2025-01-01,2025-01-30,157.7,0.0,7687.0,1643.0,6044.0,TX,False,none
PE-EMP-00579-02,EMP-00579,2025-01-31,2025-03-01,164.8,0.0,7687.0,2005.98,5681.02,TX,False,none
PE-EMP-00579-03,EMP-00579,2025-03-02,2025-03-31,150.5,0.0,7687.0,1684.71,6002.29,TX,False,none
PE-EMP-00579-04,EMP-00579,2025-04-01,2025-04-30,160.1,0.0,7687.0,2100.46,5586.54,TX,False,none
PE-EMP-00579-05,EMP-00579,2025-05-01,2025-05-30,152.9,0.0,7687.0,1646.09,6040.91,TX,False,none
PE-EMP-00579-06,EMP-00579,2025-05-31,2025-06-29,147.1,0.0,7687.0,1439.05,6247.95,TX,False,none
PE-EMP-00580-01,EMP-00580,2025-01-01,2025-01-30,143.5,0.0,7671.0,1669.64,6001.36,CA,False,none
PE-EMP-00580-02,EMP-00580,2025-01-31,2025-03-01,155.4,0.0,7671.0,1682.31,5988.69,CA,False,none
PE-EMP-00580-03,EMP-00580,2025-03-02,2025-03-31,141.9,0.0,7671.0,2003.66,5667.34,CA,False,none
PE-EMP-00580-04,EMP-00580,2025-04-01,2025-04-30,147.1,0.0,7671.0,1760.54,5910.46,CA,False,none
PE-EMP-00580-05,EMP-00580,2025-05-01,2025-05-30,166.2,0.0,7671.0,1803.18,5867.82,CA,False,none
PE-EMP-00580-06,EMP-00580,2025-05-31,2025-06-29,163.0,0.0,7671.0,1772.86,5898.14,CA,False,none
PE-EMP-00581-01,EMP-00581,2025-01-01,2025-01-30,151.8,4.0,4816.48,1339.74,3476.74,federal,False,none
PE-EMP-00581-02,EMP-00581,2025-01-31,2025-03-01,157.6,7.3,4962.64,946.91,4015.73,federal,False,none
PE-EMP-00581-03,EMP-00581,2025-03-02,2025-03-31,152.2,4.7,4847.46,940.28,3907.18,federal,False,none
PE-EMP-00581-04,EMP-00581,2025-04-01,2025-04-30,143.4,11.4,5139.3,1436.02,3703.28,federal,False,none
PE-EMP-00581-05,EMP-00581,2025-05-01,2025-05-30,141.1,1.1,4688.89,894.39,3794.5,federal,False,none
PE-EMP-00581-06,EMP-00581,2025-05-31,2025-06-29,155.0,1.9,4726.2,896.04,3830.16,federal,False,none
PE-EMP-00582-01,EMP-00582,2025-01-01,2025-01-30,160.8,6.3,6716.31,1235.76,5480.55,TX,False,none
PE-EMP-00582-02,EMP-00582,2025-01-31,2025-03-01,158.5,0.9,6392.38,1221.86,5170.52,TX,False,none
PE-EMP-00582-03,EMP-00582,2025-03-02,2025-03-31,167.4,10.8,6980.44,1454.85,5525.59,TX,False,none
PE-EMP-00582-04,EMP-00582,2025-04-01,2025-04-30,146.7,3.3,6535.5,1570.91,4964.59,TX,False,none
PE-EMP-00582-05,EMP-00582,2025-05-01,2025-05-30,161.0,13.9,7166.11,1543.26,5622.85,TX,False,none
PE-EMP-00582-06,EMP-00582,2025-05-31,2025-06-29,146.6,0.3,6359.46,1516.17,4843.29,TX,False,none
PE-EMP-00583-01,EMP-00583,2025-01-01,2025-01-30,161.3,2.6,6811.72,1884.39,4927.33,TX,False,none
PE-EMP-00583-02,EMP-00583,2025-01-31,2025-03-01,150.7,8.1,7157.66,1300.86,5856.8,TX,False,none
PE-EMP-00583-03,EMP-00583,2025-03-02,2025-03-31,144.5,8.6,7185.28,1734.62,5450.66,TX,False,none
PE-EMP-00583-04,EMP-00583,2025-04-01,2025-04-30,167.3,12.1,7408.17,1425.75,5982.42,TX,False,none
PE-EMP-00583-05,EMP-00583,2025-05-01,2025-05-30,146.9,6.1,7031.11,1435.77,5595.34,TX,False,none
PE-EMP-00583-06,EMP-00583,2025-05-31,2025-06-29,157.1,13.4,7485.18,2034.19,5450.99,TX,False,none
PE-EMP-00584-01,EMP-00584,2025-01-01,2025-01-30,147.8,0.0,6914.0,1246.71,5667.29,WA,False,none
PE-EMP-00584-02,EMP-00584,2025-01-31,2025-03-01,158.8,0.0,6914.0,1545.41,5368.59,WA,True,rule_override
PE-EMP-00584-03,EMP-00584,2025-03-02,2025-03-31,164.1,0.0,6914.0,1831.93,5082.07,WA,False,none
PE-EMP-00584-04,EMP-00584,2025-04-01,2025-04-30,152.5,0.0,6914.0,1405.05,5508.95,WA,False,none
PE-EMP-00584-05,EMP-00584,2025-05-01,2025-05-30,163.7,0.0,6914.0,1526.98,5387.02,WA,False,none
PE-EMP-00584-06,EMP-00584,2025-05-31,2025-06-29,152.4,0.0,6914.0,1348.5,5565.5,WA,False,none
PE-EMP-00585-01,EMP-00585,2025-01-01,2025-01-30,164.9,0.0,8737.0,2315.82,6421.18,NY,False,none
PE-EMP-00585-02,EMP-00585,2025-01-31,2025-03-01,161.0,0.0,8737.0,1592.78,7144.22,NY,False,none
PE-EMP-00585-03,EMP-00585,2025-03-02,2025-03-31,161.4,0.0,8737.0,1751.88,6985.12,NY,False,none
PE-EMP-00585-04,EMP-00585,2025-04-01,2025-04-30,158.9,0.0,8737.0,1954.16,6782.84,NY,False,none
PE-EMP-00585-05,EMP-00585,2025-05-01,2025-05-30,164.5,0.0,8737.0,1871.72,6865.28,NY,False,none
PE-EMP-00585-06,EMP-00585,2025-05-31,2025-06-29,140.6,0.0,8737.0,2016.11,6720.89,NY,False,none
PE-EMP-00586-01,EMP-00586,2025-01-01,2025-01-30,150.9,0.0,8992.0,2016.18,6975.82,UK_national,False,none
PE-EMP-00586-02,EMP-00586,2025-01-31,2025-03-01,145.8,0.0,8992.0,1748.51,7243.49,UK_national,False,none
PE-EMP-00586-03,EMP-00586,2025-03-02,2025-03-31,142.2,0.0,8992.0,2371.14,6620.86,UK_national,False,none
PE-EMP-00586-04,EMP-00586,2025-04-01,2025-04-30,159.1,0.0,8992.0,1769.97,7222.03,UK_national,False,none
PE-EMP-00586-05,EMP-00586,2025-05-01,2025-05-30,151.3,0.0,8992.0,1814.52,7177.48,UK_national,False,none
PE-EMP-00586-06,EMP-00586,2025-05-31,2025-06-29,149.9,0.0,8992.0,1865.07,7126.93,UK_national,False,none
PE-EMP-00587-01,EMP-00587,2025-01-01,2025-01-30,160.0,13.5,4797.1,1045.5,3751.6,federal,False,none
PE-EMP-00587-02,EMP-00587,2025-01-31,2025-03-01,164.6,14.4,4834.36,1202.06,3632.3,federal,True,ghost_employee
PE-EMP-00587-03,EMP-00587,2025-03-02,2025-03-31,155.8,9.7,4645.59,866.26,3779.33,federal,False,none
PE-EMP-00587-04,EMP-00587,2025-04-01,2025-04-30,160.0,0.3,4272.1,1013.2,3258.9,federal,False,none
PE-EMP-00587-05,EMP-00587,2025-05-01,2025-05-30,150.1,0.3,4271.27,955.18,3316.09,federal,False,none
PE-EMP-00587-06,EMP-00587,2025-05-31,2025-06-29,152.5,6.4,4513.03,1009.73,3503.3,federal,False,none
PE-EMP-00588-01,EMP-00588,2025-01-01,2025-01-30,149.8,0.0,8462.0,1750.89,6711.11,TX,False,none
PE-EMP-00588-02,EMP-00588,2025-01-31,2025-03-01,165.5,0.0,8462.0,1743.05,6718.95,TX,False,none
PE-EMP-00588-03,EMP-00588,2025-03-02,2025-03-31,144.4,0.0,8462.0,1708.59,6753.41,TX,False,none
PE-EMP-00588-04,EMP-00588,2025-04-01,2025-04-30,156.4,0.0,8462.0,1960.79,6501.21,TX,False,none
PE-EMP-00588-05,EMP-00588,2025-05-01,2025-05-30,154.9,0.0,8462.0,1688.77,6773.23,TX,False,none
PE-EMP-00588-06,EMP-00588,2025-05-31,2025-06-29,141.0,0.0,8462.0,1845.94,6616.06,TX,False,none
PE-EMP-00589-01,EMP-00589,2025-01-01,2025-01-30,141.3,0.0,8267.0,1677.03,6589.97,federal,False,none
PE-EMP-00589-02,EMP-00589,2025-01-31,2025-03-01,159.8,0.0,8267.0,1619.3,6647.7,federal,False,none
PE-EMP-00589-03,EMP-00589,2025-03-02,2025-03-31,157.2,0.0,8267.0,1945.08,6321.92,federal,False,none
PE-EMP-00589-04,EMP-00589,2025-04-01,2025-04-30,147.0,0.0,8267.0,1922.29,6344.71,federal,False,none
PE-EMP-00589-05,EMP-00589,2025-05-01,2025-05-30,147.1,0.0,8267.0,1611.26,6655.74,federal,False,none
PE-EMP-00589-06,EMP-00589,2025-05-31,2025-06-29,144.0,0.0,8267.0,1848.41,6418.59,federal,False,none
PE-EMP-00590-01,EMP-00590,2025-01-01,2025-01-30,164.4,0.0,8164.0,1621.39,6542.61,UK_national,False,none
PE-EMP-00590-02,EMP-00590,2025-01-31,2025-03-01,151.5,0.0,8164.0,1605.56,6558.44,UK_national,False,none
PE-EMP-00590-03,EMP-00590,2025-03-02,2025-03-31,141.9,0.0,8164.0,2181.27,5982.73,UK_national,False,none
PE-EMP-00590-04,EMP-00590,2025-04-01,2025-04-30,157.4,0.0,8164.0,1937.0,6227.0,UK_national,False,none
PE-EMP-00590-05,EMP-00590,2025-05-01,2025-05-30,161.9,0.0,8164.0,2181.28,5982.72,UK_national,False,none
PE-EMP-00590-06,EMP-00590,2025-05-31,2025-06-29,164.3,0.0,8164.0,2074.55,6089.45,UK_national,False,none
PE-EMP-00591-01,EMP-00591,2025-01-01,2025-01-30,148.1,0.0,8021.0,1820.97,6200.03,DE_national,False,none
PE-EMP-00591-02,EMP-00591,2025-01-31,2025-03-01,151.9,0.0,8021.0,1578.47,6442.53,DE_national,False,none
PE-EMP-00591-03,EMP-00591,2025-03-02,2025-03-31,140.5,0.0,8021.0,2214.87,5806.13,DE_national,False,none
PE-EMP-00591-04,EMP-00591,2025-04-01,2025-04-30,156.9,0.0,8021.0,1505.58,6515.42,DE_national,False,none
PE-EMP-00591-05,EMP-00591,2025-05-01,2025-05-30,161.6,0.0,8021.0,1659.58,6361.42,DE_national,False,none
PE-EMP-00591-06,EMP-00591,2025-05-31,2025-06-29,161.9,0.0,8021.0,1872.06,6148.94,DE_national,False,none
PE-EMP-00592-01,EMP-00592,2025-01-01,2025-01-30,161.8,8.3,4046.16,877.58,3168.58,TX,False,none
PE-EMP-00592-02,EMP-00592,2025-01-31,2025-03-01,145.0,8.0,4035.72,801.82,3233.9,TX,False,none
PE-EMP-00592-03,EMP-00592,2025-03-02,2025-03-31,162.0,4.9,3925.82,774.09,3151.73,TX,False,none
PE-EMP-00592-04,EMP-00592,2025-04-01,2025-04-30,147.6,12.2,4183.35,962.55,3220.8,TX,False,none
PE-EMP-00592-05,EMP-00592,2025-05-01,2025-05-30,165.1,5.9,3961.89,779.3,3182.59,TX,False,none
PE-EMP-00592-06,EMP-00592,2025-05-31,2025-06-29,153.1,12.7,4200.89,857.79,3343.1,TX,False,none
PE-EMP-00593-01,EMP-00593,2025-01-01,2025-01-30,157.1,0.0,7413.0,1606.54,5806.46,UK_national,False,none
PE-EMP-00593-02,EMP-00593,2025-01-31,2025-03-01,161.9,0.0,7413.0,1677.12,5735.88,UK_national,False,none
PE-EMP-00593-03,EMP-00593,2025-03-02,2025-03-31,152.7,0.0,7413.0,1860.82,5552.18,UK_national,False,none
PE-EMP-00593-04,EMP-00593,2025-04-01,2025-04-30,160.0,0.0,7413.0,1454.5,5958.5,UK_national,False,none
PE-EMP-00593-05,EMP-00593,2025-05-01,2025-05-30,157.0,0.0,7413.0,1365.68,6047.32,UK_national,False,none
PE-EMP-00593-06,EMP-00593,2025-05-31,2025-06-29,167.5,0.0,7413.0,1435.09,5977.91,UK_national,False,none
PE-EMP-00594-01,EMP-00594,2025-01-01,2025-01-30,148.0,0.0,7543.0,1756.68,5786.32,WA,False,none
PE-EMP-00594-02,EMP-00594,2025-01-31,2025-03-01,153.7,0.0,7543.0,1926.68,5616.32,WA,False,none
PE-EMP-00594-03,EMP-00594,2025-03-02,2025-03-31,155.4,0.0,7543.0,1905.54,5637.46,WA,False,none
PE-EMP-00594-04,EMP-00594,2025-04-01,2025-04-30,164.9,0.0,7543.0,1709.71,5833.29,WA,False,none
PE-EMP-00594-05,EMP-00594,2025-05-01,2025-05-30,158.1,0.0,7543.0,1749.72,5793.28,WA,False,none
PE-EMP-00594-06,EMP-00594,2025-05-31,2025-06-29,162.0,0.0,7543.0,1793.33,5749.67,WA,False,none
PE-EMP-00595-01,EMP-00595,2025-01-01,2025-01-30,163.5,0.0,8055.0,1776.29,6278.71,TX,False,none
PE-EMP-00595-02-DUP,EMP-00595,2025-01-31,2025-03-01,147.0,0.0,8055.0,2204.55,5850.45,TX,True,duplicate_payment
PE-EMP-00595-03,EMP-00595,2025-03-02,2025-03-31,144.7,0.0,8055.0,2140.96,5914.04,TX,False,none
PE-EMP-00595-04,EMP-00595,2025-04-01,2025-04-30,143.5,0.0,8055.0,1479.23,6575.77,TX,False,none
PE-EMP-00595-05,EMP-00595,2025-05-01,2025-05-30,142.1,0.0,8055.0,2251.14,5803.86,TX,False,none
PE-EMP-00595-06,EMP-00595,2025-05-31,2025-06-29,163.6,0.0,8055.0,1542.96,6512.04,TX,False,none
PE-EMP-00596-01,EMP-00596,2025-01-01,2025-01-30,165.3,0.0,8843.0,1930.05,6912.95,WA,False,none
PE-EMP-00596-02,EMP-00596,2025-01-31,2025-03-01,148.4,0.0,8843.0,1612.85,7230.15,WA,False,none
PE-EMP-00596-03,EMP-00596,2025-03-02,2025-03-31,153.6,0.0,8843.0,2255.24,6587.76,WA,False,none
PE-EMP-00596-04,EMP-00596,2025-04-01,2025-04-30,146.0,0.0,8843.0,2277.14,6565.86,WA,False,none
PE-EMP-00596-05,EMP-00596,2025-05-01,2025-05-30,161.0,0.0,8843.0,1989.62,6853.38,WA,False,none
PE-EMP-00596-06,EMP-00596,2025-05-31,2025-06-29,156.5,0.0,8843.0,2262.71,6580.29,WA,False,none
PE-EMP-00597-01,EMP-00597,2025-01-01,2025-01-30,143.9,11.9,4347.56,954.88,3392.68,CA,False,none
PE-EMP-00597-02,EMP-00597,2025-01-31,2025-03-01,144.0,13.5,4406.26,1191.3,3214.96,CA,False,none
PE-EMP-00597-03,EMP-00597,2025-03-02,2025-03-31,147.1,6.0,4130.58,1037.97,3092.61,CA,False,none
PE-EMP-00597-04,EMP-00597,2025-04-01,2025-04-30,150.4,3.1,4023.58,776.72,3246.86,CA,False,none
PE-EMP-00597-05,EMP-00597,2025-05-01,2025-05-30,166.9,3.7,4045.95,787.15,3258.8,CA,False,none
PE-EMP-00597-06,EMP-00597,2025-05-31,2025-06-29,157.9,1.5,3966.71,862.38,3104.33,CA,False,none
PE-EMP-00598-01,EMP-00598,2025-01-01,2025-01-30,149.8,0.0,7015.0,1900.64,5114.36,NY,False,none
PE-EMP-00598-02,EMP-00598,2025-01-31,2025-03-01,164.8,0.0,7015.0,1874.49,5140.51,NY,False,none
PE-EMP-00598-03,EMP-00598,2025-03-02,2025-03-31,142.2,0.0,7015.0,1468.91,5546.09,NY,False,none
PE-EMP-00598-04,EMP-00598,2025-04-01,2025-04-30,163.0,0.0,7015.0,1649.65,5365.35,NY,False,none
PE-EMP-00598-05,EMP-00598,2025-05-01,2025-05-30,141.1,0.0,7015.0,1951.12,5063.88,NY,False,none
PE-EMP-00598-06,EMP-00598,2025-05-31,2025-06-29,163.7,0.0,7015.0,1310.23,5704.77,NY,False,none
PE-EMP-00599-01,EMP-00599,2025-01-01,2025-01-30,149.3,4.7,4547.15,1048.9,3498.25,NY,False,none
PE-EMP-00599-02,EMP-00599,2025-01-31,2025-03-01,140.3,1.5,4419.07,1124.36,3294.71,NY,False,none
PE-EMP-00599-03,EMP-00599,2025-03-02,2025-03-31,155.7,0.9,4393.69,1014.73,3378.96,NY,False,none
PE-EMP-00599-04,EMP-00599,2025-04-01,2025-04-30,157.7,5.6,4584.48,1030.76,3553.72,NY,False,none
PE-EMP-00599-05,EMP-00599,2025-05-01,2025-05-30,149.4,9.2,4732.54,1016.04,3716.5,NY,False,none
PE-EMP-00599-06,EMP-00599,2025-05-31,2025-06-29,149.1,5.5,4582.45,1192.0,3390.45,NY,False,none
PE-EMP-00600-01,EMP-00600,2025-01-01,2025-01-30,156.4,13.3,4584.68,1172.99,3411.69,UK_national,False,none
PE-EMP-00600-02,EMP-00600,2025-01-31,2025-03-01,152.1,7.7,4372.75,1078.46,3294.29,UK_national,False,none
PE-EMP-00600-03,EMP-00600,2025-03-02,2025-03-31,155.3,11.2,4507.49,1039.4,3468.09,UK_national,False,none
PE-EMP-00600-04,EMP-00600,2025-04-01,2025-04-30,168.0,2.3,4165.93,1093.44,3072.49,UK_national,False,none
PE-EMP-00600-05,EMP-00600,2025-05-01,2025-05-30,149.2,10.7,4487.61,1136.02,3351.59,UK_national,False,none
PE-EMP-00600-06,EMP-00600,2025-05-31,2025-06-29,157.8,2.2,4160.55,1065.98,3094.57,UK_national,False,none
PE-EMP-00601-01,EMP-00601,2025-01-01,2025-01-30,145.5,9.3,4538.26,942.03,3596.23,DE_national,False,none
PE-EMP-00601-02,EMP-00601,2025-01-31,2025-03-01,146.2,0.7,4201.85,761.42,3440.43,DE_national,False,none
PE-EMP-00601-03,EMP-00601,2025-03-02,2025-03-31,143.7,6.3,6547.65,881.54,3540.15,DE_national,True,rate_violation
PE-EMP-00601-04,EMP-00601,2025-04-01,2025-04-30,162.4,13.2,4694.64,1045.45,3649.19,DE_national,False,none
PE-EMP-00601-05,EMP-00601,2025-05-01,2025-05-30,155.9,14.9,4757.63,956.58,3801.05,DE_national,False,none
PE-EMP-00601-06,EMP-00601,2025-05-31,2025-06-29,167.7,2.5,4271.95,784.95,3487.0,DE_national,False,none
PE-EMP-00602-01,EMP-00602,2025-01-01,2025-01-30,160.4,11.8,7519.26,1518.21,6001.05,TX,False,none
PE-EMP-00602-02,EMP-00602,2025-01-31,2025-03-01,165.6,2.5,6927.66,1712.94,5214.72,TX,False,none
PE-EMP-00602-03,EMP-00602,2025-03-02,2025-03-31,143.2,10.0,7407.31,1934.56,5472.75,TX,False,none
PE-EMP-00602-04,EMP-00602,2025-04-01,2025-04-30,149.6,10.9,7463.0,1621.05,5841.95,TX,False,none
PE-EMP-00602-05,EMP-00602,2025-05-01,2025-05-30,153.1,14.3,7680.64,1825.72,5854.92,TX,False,none
PE-EMP-00602-06,EMP-00602,2025-05-31,2025-06-29,155.3,13.5,7628.09,1939.15,5688.94,TX,False,none
PE-EMP-00603-01,EMP-00603,2025-01-01,2025-01-30,157.7,0.0,8566.0,1821.59,6744.41,FL,False,none
PE-EMP-00603-02,EMP-00603,2025-01-31,2025-03-01,144.4,0.0,8566.0,2126.04,6439.96,FL,False,none
PE-EMP-00603-03,EMP-00603,2025-03-02,2025-03-31,160.1,0.0,8566.0,1987.35,6578.65,FL,False,none
PE-EMP-00603-04,EMP-00603,2025-04-01,2025-04-30,147.8,0.0,8566.0,2050.57,6515.43,FL,False,none
PE-EMP-00603-05,EMP-00603,2025-05-01,2025-05-30,165.1,0.0,8566.0,1735.64,6830.36,FL,False,none
PE-EMP-00603-06,EMP-00603,2025-05-31,2025-06-29,140.6,0.0,8566.0,1955.96,6610.04,FL,False,none
PE-EMP-00604-01,EMP-00604,2025-01-01,2025-01-30,149.2,7.6,4486.6,1031.41,3455.19,FL,False,none
PE-EMP-00604-02,EMP-00604,2025-01-31,2025-03-01,160.3,6.1,4425.29,1217.88,3207.41,FL,False,none
PE-EMP-00604-03,EMP-00604,2025-03-02,2025-03-31,148.4,12.9,7088.07,895.14,3800.07,FL,True,rate_violation
PE-EMP-00604-04,EMP-00604,2025-04-01,2025-04-30,144.1,3.4,4318.67,1115.72,3202.95,FL,False,none
PE-EMP-00604-05,EMP-00604,2025-05-01,2025-05-30,164.7,3.7,4333.46,1172.28,3161.18,FL,False,none
PE-EMP-00604-06,EMP-00604,2025-05-31,2025-06-29,165.9,10.5,4597.62,1060.14,3537.48,FL,False,none
PE-EMP-00605-01,EMP-00605,2025-01-01,2025-01-30,151.6,0.0,8123.0,1786.94,6336.06,TX,False,none
PE-EMP-00605-02,EMP-00605,2025-01-31,2025-03-01,155.9,0.0,8123.0,1705.09,6417.91,TX,False,none
PE-EMP-00605-03,EMP-00605,2025-03-02,2025-03-31,146.8,0.0,8123.0,1968.25,6154.75,TX,False,none
PE-EMP-00605-04,EMP-00605,2025-04-01,2025-04-30,166.6,0.0,8123.0,2000.6,6122.4,TX,False,none
PE-EMP-00605-05,EMP-00605,2025-05-01,2025-05-30,161.7,0.0,8123.0,2214.43,5908.57,TX,False,none
PE-EMP-00605-06,EMP-00605,2025-05-31,2025-06-29,141.6,0.0,8123.0,1791.87,6331.13,TX,False,none
PE-EMP-00606-01,EMP-00606,2025-01-01,2025-01-30,152.1,6.2,6486.01,1802.05,4683.96,FL,False,none
PE-EMP-00606-02,EMP-00606,2025-01-31,2025-03-01,149.3,5.6,6448.23,1359.29,5088.94,FL,False,none
PE-EMP-00606-03,EMP-00606,2025-03-02,2025-03-31,153.6,15.0,6988.99,1906.48,5082.51,FL,False,none
PE-EMP-00606-04,EMP-00606,2025-04-01,2025-04-30,151.1,3.2,6313.47,1407.97,4905.5,FL,False,none
PE-EMP-00606-05,EMP-00606,2025-05-01,2025-05-30,146.6,3.6,6338.64,1650.92,4687.72,FL,False,none
PE-EMP-00606-06,EMP-00606,2025-05-31,2025-06-29,149.4,9.0,6644.4,1590.3,5054.1,FL,False,none
PE-EMP-00607-01,EMP-00607,2025-01-01,2025-01-30,163.9,1.5,4606.29,867.05,3739.24,FL,False,none
PE-EMP-00607-02,EMP-00607,2025-01-31,2025-03-01,160.6,2.3,4637.84,1033.56,3604.28,FL,False,none
PE-EMP-00607-03,EMP-00607,2025-03-02,2025-03-31,165.1,14.0,5138.8,1332.79,3806.01,FL,False,none
PE-EMP-00607-04,EMP-00607,2025-04-01,2025-04-30,159.5,2.3,4639.01,858.85,3780.16,FL,False,none
PE-EMP-00607-05,EMP-00607,2025-05-01,2025-05-30,153.2,0.5,4562.88,954.29,3608.59,FL,False,none
PE-EMP-00607-06,EMP-00607,2025-05-31,2025-06-29,163.6,10.2,4975.52,1352.39,3623.13,FL,False,none
PE-EMP-00608-01,EMP-00608,2025-01-01,2025-01-30,159.6,0.0,7389.0,1822.17,5566.83,NY,False,none
PE-EMP-00608-02,EMP-00608,2025-01-31,2025-03-01,142.5,0.0,7389.0,1452.1,5936.9,NY,False,none
PE-EMP-00608-03,EMP-00608,2025-03-02,2025-03-31,148.7,0.0,7389.0,1403.89,5985.11,NY,False,none
PE-EMP-00608-04,EMP-00608,2025-04-01,2025-04-30,167.9,0.0,7389.0,1390.87,5998.13,NY,False,none
PE-EMP-00608-05,EMP-00608,2025-05-01,2025-05-30,141.1,0.0,7389.0,1330.18,6058.82,NY,False,none
PE-EMP-00608-06,EMP-00608,2025-05-31,2025-06-29,165.8,0.0,7389.0,1913.41,5475.59,NY,False,none
PE-EMP-00609-01,EMP-00609,2025-01-01,2025-01-30,165.1,0.0,7832.0,2055.27,5776.73,WA,False,none
PE-EMP-00609-02,EMP-00609,2025-01-31,2025-03-01,153.7,0.0,7832.0,1619.13,6212.87,WA,False,none
PE-EMP-00609-03,EMP-00609,2025-03-02,2025-03-31,148.2,0.0,7832.0,2065.18,5766.82,WA,False,none
PE-EMP-00609-04,EMP-00609,2025-04-01,2025-04-30,142.0,0.0,7832.0,1889.66,5942.34,WA,False,none
PE-EMP-00609-05,EMP-00609,2025-05-01,2025-05-30,143.9,0.0,7832.0,1771.86,6060.14,WA,False,none
PE-EMP-00609-06,EMP-00609,2025-05-31,2025-06-29,163.9,0.0,7832.0,1533.03,6298.97,WA,False,none
PE-EMP-00610-01,EMP-00610,2025-01-01,2025-01-30,161.7,0.0,8153.0,1887.33,6265.67,UK_national,False,none
PE-EMP-00610-02,EMP-00610,2025-01-31,2025-03-01,153.9,0.0,8153.0,1650.0,6503.0,UK_national,False,none
PE-EMP-00610-03,EMP-00610,2025-03-02,2025-03-31,147.9,0.0,8153.0,1788.27,6364.73,UK_national,False,none
PE-EMP-00610-04,EMP-00610,2025-04-01,2025-04-30,149.5,0.0,8153.0,1600.28,6552.72,UK_national,False,none
PE-EMP-00610-05,EMP-00610,2025-05-01,2025-05-30,153.2,0.0,8153.0,1836.47,6316.53,UK_national,False,none
PE-EMP-00610-06,EMP-00610,2025-05-31,2025-06-29,166.6,0.0,8153.0,1717.35,6435.65,UK_national,False,none
PE-EMP-00611-01,EMP-00611,2025-01-01,2025-01-30,158.3,0.0,8104.0,2118.9,5985.1,NY,False,none
PE-EMP-00611-02,EMP-00611,2025-01-31,2025-03-01,151.7,0.0,8104.0,2212.79,5891.21,NY,False,none
PE-EMP-00611-03,EMP-00611,2025-03-02,2025-03-31,162.2,0.0,8104.0,2145.23,5958.77,NY,False,none
PE-EMP-00611-04,EMP-00611,2025-04-01,2025-04-30,158.7,0.0,8104.0,1629.35,6474.65,NY,False,none
PE-EMP-00611-05,EMP-00611,2025-05-01,2025-05-30,152.9,0.0,8104.0,2028.62,6075.38,NY,False,none
PE-EMP-00611-06,EMP-00611,2025-05-31,2025-06-29,141.0,0.0,8104.0,1506.33,6597.67,NY,False,none
PE-EMP-00612-01,EMP-00612,2025-01-01,2025-01-30,164.5,0.0,7692.0,1498.16,6193.84,WA,False,none
PE-EMP-00612-02,EMP-00612,2025-01-31,2025-03-01,168.0,0.0,7692.0,1481.56,6210.44,WA,False,none
PE-EMP-00612-03,EMP-00612,2025-03-02,2025-03-31,160.2,0.0,7692.0,1601.84,6090.16,WA,False,none
PE-EMP-00612-04,EMP-00612,2025-04-01,2025-04-30,149.3,0.0,7692.0,1630.67,6061.33,WA,False,none
PE-EMP-00612-05,EMP-00612,2025-05-01,2025-05-30,146.7,0.0,7692.0,1755.0,5937.0,WA,False,none
PE-EMP-00612-06,EMP-00612,2025-05-31,2025-06-29,151.5,0.0,7692.0,2099.82,5592.18,WA,False,none
PE-EMP-00613-01,EMP-00613,2025-01-01,2025-01-30,158.7,0.0,7582.0,1874.0,5708.0,TX,False,none
PE-EMP-00613-02,EMP-00613,2025-01-31,2025-03-01,160.4,0.0,7582.0,1594.15,5987.85,TX,False,none
PE-EMP-00613-03,EMP-00613,2025-03-02,2025-03-31,159.9,0.0,7582.0,2043.8,5538.2,TX,False,none
PE-EMP-00613-04,EMP-00613,2025-04-01,2025-04-30,158.4,0.0,7582.0,1640.9,5941.1,TX,False,none
PE-EMP-00613-05,EMP-00613,2025-05-01,2025-05-30,150.9,0.0,7582.0,1626.4,5955.6,TX,False,none
PE-EMP-00613-06,EMP-00613,2025-05-31,2025-06-29,141.4,0.0,7582.0,2002.5,5579.5,TX,False,none
PE-EMP-00614-01,EMP-00614,2025-01-01,2025-01-30,162.5,5.8,7288.54,1904.14,5384.4,UK_national,False,none
PE-EMP-00614-02,EMP-00614,2025-01-31,2025-03-01,153.0,14.5,7849.22,2028.02,5821.2,UK_national,False,none
PE-EMP-00614-03,EMP-00614,2025-03-02,2025-03-31,164.2,6.7,7346.9,1921.79,5425.11,UK_national,False,none
PE-EMP-00614-04,EMP-00614,2025-04-01,2025-04-30,160.9,10.6,7597.38,1867.74,5729.64,UK_national,False,none
PE-EMP-00614-05,EMP-00614,2025-05-01,2025-05-30,166.8,11.3,7640.26,2038.52,5601.74,UK_national,False,none
PE-EMP-00614-06,EMP-00614,2025-05-31,2025-06-29,145.2,13.0,7754.59,1523.14,6231.45,UK_national,False,none
PE-EMP-00615-01,EMP-00615,2025-01-01,2025-01-30,147.0,1.4,7008.68,1875.19,5133.49,WA,False,none
PE-EMP-00615-02,EMP-00615,2025-01-31,2025-03-01,149.4,0.6,6958.88,1350.26,5608.62,WA,False,none
PE-EMP-00615-03,EMP-00615,2025-03-02,2025-03-31,154.4,7.4,7399.91,1537.6,5862.31,WA,False,none
PE-EMP-00615-04,EMP-00615,2025-04-01,2025-04-30,145.7,2.7,7093.61,1304.12,5789.49,WA,False,none
PE-EMP-00615-05,EMP-00615,2025-05-01,2025-05-30,140.3,5.4,7268.93,1557.7,5711.23,WA,False,none
PE-EMP-00615-06,EMP-00615,2025-05-31,2025-06-29,157.2,5.1,7246.02,1380.07,5865.95,WA,False,none
PE-EMP-00616-01,EMP-00616,2025-01-01,2025-01-30,161.6,0.0,8287.0,2294.9,5992.1,WA,False,none
PE-EMP-00616-02,EMP-00616,2025-01-31,2025-03-01,145.6,0.0,8287.0,1614.15,6672.85,WA,False,none
PE-EMP-00616-03,EMP-00616,2025-03-02,2025-03-31,159.0,0.0,8287.0,2202.5,6084.5,WA,False,none
PE-EMP-00616-04,EMP-00616,2025-04-01,2025-04-30,160.8,0.0,8287.0,1718.26,6568.74,WA,False,none
PE-EMP-00616-05,EMP-00616,2025-05-01,2025-05-30,150.9,0.0,8287.0,1929.82,6357.18,WA,False,none
PE-EMP-00616-06,EMP-00616,2025-05-31,2025-06-29,156.5,0.0,8287.0,2259.52,6027.48,WA,False,none
PE-EMP-00617-01,EMP-00617,2025-01-01,2025-01-30,145.5,0.0,8997.0,2311.97,6685.03,WA,False,none
PE-EMP-00617-02,EMP-00617,2025-01-31,2025-03-01,160.5,0.0,8997.0,1654.93,7342.07,WA,False,none
PE-EMP-00617-03,EMP-00617,2025-03-02,2025-03-31,167.0,0.0,8997.0,2151.16,6845.84,WA,False,none
PE-EMP-00617-04,EMP-00617,2025-04-01,2025-04-30,148.1,0.0,8997.0,2516.27,6480.73,WA,False,none
PE-EMP-00617-05,EMP-00617,2025-05-01,2025-05-30,152.8,0.0,8997.0,1875.41,7121.59,WA,False,none
PE-EMP-00617-06,EMP-00617,2025-05-31,2025-06-29,140.5,0.0,8997.0,2149.67,6847.33,WA,False,none
PE-EMP-00618-01,EMP-00618,2025-01-01,2025-01-30,167.0,0.0,6892.0,1283.84,5608.16,NY,False,none
PE-EMP-00618-02,EMP-00618,2025-01-31,2025-03-01,163.2,0.0,6892.0,1528.13,5363.87,NY,False,none
PE-EMP-00618-03,EMP-00618,2025-03-02,2025-03-31,153.0,0.0,6892.0,1850.07,5041.93,NY,False,none
PE-EMP-00618-04,EMP-00618,2025-04-01,2025-04-30,156.0,0.0,6892.0,1876.75,5015.25,NY,False,none
PE-EMP-00618-05,EMP-00618,2025-05-01,2025-05-30,163.4,0.0,6892.0,1394.18,5497.82,NY,False,none
PE-EMP-00618-06,EMP-00618,2025-05-31,2025-06-29,147.4,0.0,6892.0,1854.99,5037.01,NY,False,none
PE-EMP-00619-01,EMP-00619,2025-01-01,2025-01-30,163.9,12.3,7625.6,1882.33,5743.27,federal,False,none
PE-EMP-00619-02,EMP-00619,2025-01-31,2025-03-01,156.2,5.9,7219.76,1302.65,5917.11,federal,False,none
PE-EMP-00619-03,EMP-00619,2025-03-02,2025-03-31,146.4,3.3,7053.34,1849.04,5204.3,federal,False,none
PE-EMP-00619-04,EMP-00619,2025-04-01,2025-04-30,146.7,0.0,6842.16,1264.27,5577.89,federal,True,rule_override
PE-EMP-00619-05,EMP-00619,2025-05-01,2025-05-30,142.1,12.0,7612.66,1777.75,5834.91,federal,False,none
PE-EMP-00619-06,EMP-00619,2025-05-31,2025-06-29,165.2,14.1,7744.08,1406.59,6337.49,federal,False,none
PE-EMP-00620-01,EMP-00620,2025-01-01,2025-01-30,164.3,0.0,8026.0,2032.79,5993.21,WA,False,none
PE-EMP-00620-02,EMP-00620,2025-01-31,2025-03-01,161.5,0.0,8026.0,2077.12,5948.88,WA,False,none
PE-EMP-00620-03,EMP-00620,2025-03-02,2025-03-31,161.5,0.0,8026.0,1977.06,6048.94,WA,False,none
PE-EMP-00620-04,EMP-00620,2025-04-01,2025-04-30,153.9,0.0,8026.0,1910.33,6115.67,WA,False,none
PE-EMP-00620-05,EMP-00620,2025-05-01,2025-05-30,155.0,0.0,8026.0,1888.0,6138.0,WA,False,none
PE-EMP-00620-06,EMP-00620,2025-05-31,2025-06-29,161.8,0.0,8026.0,2131.09,5894.91,WA,False,none
PE-EMP-00621-01,EMP-00621,2025-01-01,2025-01-30,165.9,5.8,4110.19,1038.12,3072.07,TX,False,none
PE-EMP-00621-02,EMP-00621,2025-01-31,2025-03-01,145.0,9.8,4256.55,772.23,3484.32,TX,False,none
PE-EMP-00621-03,EMP-00621,2025-03-02,2025-03-31,152.0,4.9,4077.17,834.02,3243.15,TX,False,none
PE-EMP-00621-04,EMP-00621,2025-04-01,2025-04-30,153.4,1.5,3951.51,1079.19,2872.32,TX,False,none
PE-EMP-00621-05,EMP-00621,2025-05-01,2025-05-30,160.5,2.5,3989.63,834.76,3154.87,TX,False,none
PE-EMP-00621-06,EMP-00621,2025-05-31,2025-06-29,147.2,2.4,3985.7,887.4,3098.3,TX,False,none
PE-EMP-00622-01,EMP-00622,2025-01-01,2025-01-30,160.4,0.0,8051.0,1740.17,6310.83,DE_national,False,none
PE-EMP-00622-02,EMP-00622,2025-01-31,2025-03-01,161.4,0.0,8051.0,1681.68,6369.32,DE_national,False,none
PE-EMP-00622-03,EMP-00622,2025-03-02,2025-03-31,167.9,0.0,8051.0,2005.95,6045.05,DE_national,False,none
PE-EMP-00622-04,EMP-00622,2025-04-01,2025-04-30,157.9,0.0,8051.0,1510.55,6540.45,DE_national,False,none
PE-EMP-00622-05,EMP-00622,2025-05-01,2025-05-30,144.4,0.0,8051.0,1546.95,6504.05,DE_national,False,none
PE-EMP-00622-06,EMP-00622,2025-05-31,2025-06-29,166.2,0.0,8051.0,2216.91,5834.09,DE_national,False,none
PE-EMP-00623-01,EMP-00623,2025-01-01,2025-01-30,141.8,11.6,7222.98,1847.96,5375.02,DE_national,False,none
PE-EMP-00623-02,EMP-00623,2025-01-31,2025-03-01,147.6,2.7,6681.02,1713.62,4967.4,DE_national,False,none
PE-EMP-00623-03,EMP-00623,2025-03-02,2025-03-31,149.5,7.5,6975.65,1838.22,5137.43,DE_national,False,none
PE-EMP-00623-04,EMP-00623,2025-04-01,2025-04-30,155.0,7.7,6985.11,1593.47,5391.64,DE_national,False,none
PE-EMP-00623-05,EMP-00623,2025-05-01,2025-05-30,157.2,11.8,7236.87,1560.46,5676.41,DE_national,False,none
PE-EMP-00623-06,EMP-00623,2025-05-31,2025-06-29,142.6,2.6,6678.66,1740.86,4937.8,DE_national,False,none
PE-EMP-00624-01,EMP-00624,2025-01-01,2025-01-30,155.3,0.0,8500.0,1742.73,6757.27,federal,False,none
PE-EMP-00624-02,EMP-00624,2025-01-31,2025-03-01,140.5,0.0,8500.0,2306.8,6193.2,federal,False,none
PE-EMP-00624-03,EMP-00624,2025-03-02,2025-03-31,162.5,0.0,8500.0,2204.31,6295.69,federal,False,none
PE-EMP-00624-04,EMP-00624,2025-04-01,2025-04-30,142.4,0.0,8500.0,1583.92,6916.08,federal,False,none
PE-EMP-00624-05,EMP-00624,2025-05-01,2025-05-30,144.1,0.0,8500.0,1666.29,6833.71,federal,False,none
PE-EMP-00624-06,EMP-00624,2025-05-31,2025-06-29,162.8,0.0,8500.0,1984.59,6515.41,federal,False,none
PE-EMP-00625-01,EMP-00625,2025-01-01,2025-01-30,153.4,13.9,4578.91,1113.39,3465.52,federal,False,none
PE-EMP-00625-02,EMP-00625,2025-01-31,2025-03-01,140.8,12.8,4538.34,1176.64,3361.7,federal,False,none
PE-EMP-00625-03,EMP-00625,2025-03-02,2025-03-31,152.1,12.1,4512.0,1162.23,3349.77,federal,False,none
PE-EMP-00625-04,EMP-00625,2025-04-01,2025-04-30,151.3,2.5,4147.46,1004.13,3143.33,federal,False,none
PE-EMP-00625-05,EMP-00625,2025-05-01,2025-05-30,153.5,8.8,4386.11,1095.37,3290.74,federal,False,none
PE-EMP-00625-06,EMP-00625,2025-05-31,2025-06-29,167.3,11.2,4476.31,1179.29,3297.02,federal,False,none
PE-EMP-00626-01,EMP-00626,2025-01-01,2025-01-30,166.1,0.0,7095.0,1831.05,5263.95,CA,False,none
PE-EMP-00626-02,EMP-00626,2025-01-31,2025-03-01,155.6,0.0,7095.0,1601.95,5493.05,CA,False,none
PE-EMP-00626-03,EMP-00626,2025-03-02,2025-03-31,149.0,0.0,7095.0,1538.81,5556.19,CA,False,none
PE-EMP-00626-04,EMP-00626,2025-04-01,2025-04-30,165.2,0.0,7095.0,1302.91,5792.09,CA,False,none
PE-EMP-00626-05-DUP,EMP-00626,2025-05-01,2025-05-30,145.3,0.0,7095.0,1682.18,5412.82,CA,True,duplicate_payment
PE-EMP-00626-06,EMP-00626,2025-05-31,2025-06-29,140.5,0.0,7095.0,1748.62,5346.38,CA,False,none
PE-EMP-00627-01,EMP-00627,2025-01-01,2025-01-30,150.4,5.1,7011.81,1787.82,5223.99,FL,False,none
PE-EMP-00627-02,EMP-00627,2025-01-31,2025-03-01,140.2,4.7,6989.64,1582.09,5407.55,FL,False,none
PE-EMP-00627-03,EMP-00627,2025-03-02,2025-03-31,143.8,1.4,6783.33,1574.08,5209.25,FL,True,rule_override
PE-EMP-00627-04,EMP-00627,2025-04-01,2025-04-30,161.5,8.9,7251.03,1648.47,5602.56,FL,False,none
PE-EMP-00627-05,EMP-00627,2025-05-01,2025-05-30,155.5,8.3,7212.17,1847.46,5364.71,FL,False,none
PE-EMP-00627-06,EMP-00627,2025-05-31,2025-06-29,143.4,12.2,7456.16,1928.27,5527.89,FL,False,none
PE-EMP-00628-01,EMP-00628,2025-01-01,2025-01-30,157.9,0.0,7185.0,1470.08,5714.92,CA,False,none
PE-EMP-00628-02,EMP-00628,2025-01-31,2025-03-01,155.0,0.0,7185.0,1599.12,5585.88,CA,False,none
PE-EMP-00628-03,EMP-00628,2025-03-02,2025-03-31,141.1,0.0,7185.0,1369.87,5815.13,CA,False,none
PE-EMP-00628-04,EMP-00628,2025-04-01,2025-04-30,166.3,0.0,7185.0,1770.98,5414.02,CA,False,none
PE-EMP-00628-05,EMP-00628,2025-05-01,2025-05-30,168.0,0.0,7185.0,1793.31,5391.69,CA,False,none
PE-EMP-00628-06,EMP-00628,2025-05-31,2025-06-29,162.8,0.0,7185.0,2011.28,5173.72,CA,False,none
PE-EMP-00629-01,EMP-00629,2025-01-01,2025-01-30,147.9,12.7,7413.29,2061.87,5351.42,WA,False,none
PE-EMP-00629-02,EMP-00629,2025-01-31,2025-03-01,167.3,5.5,6960.76,1599.78,5360.98,WA,False,none
PE-EMP-00629-03,EMP-00629,2025-03-02,2025-03-31,160.7,6.1,7000.89,1278.47,5722.42,WA,False,none
PE-EMP-00629-04,EMP-00629,2025-04-01,2025-04-30,148.0,2.8,6794.07,1286.17,5507.9,WA,False,none
PE-EMP-00629-05,EMP-00629,2025-05-01,2025-05-30,143.8,7.9,7110.85,1706.28,5404.57,WA,False,none
PE-EMP-00629-06,EMP-00629,2025-05-31,2025-06-29,142.8,1.7,6727.58,1866.66,4860.92,WA,False,none
PE-EMP-00630-01,EMP-00630,2025-01-01,2025-01-30,161.5,0.0,7170.0,1518.83,5651.17,federal,False,none
PE-EMP-00630-02,EMP-00630,2025-01-31,2025-03-01,143.5,0.0,7170.0,1703.89,5466.11,federal,False,none
PE-EMP-00630-03,EMP-00630,2025-03-02,2025-03-31,156.3,0.0,7170.0,1347.13,5822.87,federal,False,none
PE-EMP-00630-04,EMP-00630,2025-04-01,2025-04-30,141.4,0.0,7170.0,1513.94,5656.06,federal,False,none
PE-EMP-00630-05,EMP-00630,2025-05-01,2025-05-30,161.3,0.0,7170.0,1831.82,5338.18,federal,False,none
PE-EMP-00630-06,EMP-00630,2025-05-31,2025-06-29,165.6,0.0,7170.0,1347.72,5822.28,federal,False,none
PE-EMP-00631-01,EMP-00631,2025-01-01,2025-01-30,160.0,14.0,7465.73,1993.57,5472.16,UK_national,False,none
PE-EMP-00631-02,EMP-00631,2025-01-31,2025-03-01,155.3,13.6,7438.92,1828.41,5610.51,UK_national,False,none
PE-EMP-00631-03,EMP-00631,2025-03-02,2025-03-31,142.8,6.1,6972.52,1904.05,5068.47,UK_national,False,none
PE-EMP-00631-04,EMP-00631,2025-04-01,2025-04-30,148.7,13.2,7412.61,1403.18,6009.43,UK_national,False,none
PE-EMP-00631-05,EMP-00631,2025-05-01,2025-05-30,149.3,11.1,7285.62,1411.15,5874.47,UK_national,False,none
PE-EMP-00631-06,EMP-00631,2025-05-31,2025-06-29,142.6,14.2,7474.53,1348.41,6126.12,UK_national,False,none
PE-EMP-00632-01,EMP-00632,2025-01-01,2025-01-30,165.0,0.0,8700.0,1603.0,7097.0,WA,False,none
PE-EMP-00632-02,EMP-00632,2025-01-31,2025-03-01,162.7,0.0,8700.0,1919.21,6780.79,WA,False,none
PE-EMP-00632-03,EMP-00632,2025-03-02,2025-03-31,143.0,0.0,8700.0,1704.16,6995.84,WA,False,none
PE-EMP-00632-04,EMP-00632,2025-04-01,2025-04-30,166.3,0.0,8700.0,2344.67,6355.33,WA,False,none
PE-EMP-00632-05,EMP-00632,2025-05-01,2025-05-30,146.9,0.0,8700.0,1856.63,6843.37,WA,False,none
PE-EMP-00632-06,EMP-00632,2025-05-31,2025-06-29,145.2,0.0,8700.0,2364.8,6335.2,WA,False,none
PE-EMP-00633-01,EMP-00633,2025-01-01,2025-01-30,159.6,1.6,4418.61,1154.25,3264.36,WA,False,none
PE-EMP-00633-02,EMP-00633,2025-01-31,2025-03-01,153.2,10.9,4801.3,925.05,3876.25,WA,False,none
PE-EMP-00633-03,EMP-00633,2025-03-02,2025-03-31,160.7,12.3,4858.52,1206.1,3652.42,WA,False,none
PE-EMP-00633-04,EMP-00633,2025-04-01,2025-04-30,146.7,6.1,4604.81,1142.64,3462.17,WA,False,none
PE-EMP-00633-05,EMP-00633,2025-05-01,2025-05-30,164.5,8.7,4708.18,1191.1,3517.08,WA,False,none
PE-EMP-00633-06,EMP-00633,2025-05-31,2025-06-29,163.6,7.4,4656.71,949.0,3707.71,WA,False,none
PE-EMP-00634-01,EMP-00634,2025-01-01,2025-01-30,152.0,0.0,6853.0,1653.81,5199.19,FL,False,none
PE-EMP-00634-02,EMP-00634,2025-01-31,2025-03-01,150.9,0.0,6853.0,1798.93,5054.07,FL,False,none
PE-EMP-00634-03,EMP-00634,2025-03-02,2025-03-31,148.2,0.0,6853.0,1326.89,5526.11,FL,False,none
PE-EMP-00634-04,EMP-00634,2025-04-01,2025-04-30,167.3,0.0,6853.0,1515.57,5337.43,FL,False,none
PE-EMP-00634-05,EMP-00634,2025-05-01,2025-05-30,156.2,0.0,6853.0,1418.13,5434.87,FL,False,none
PE-EMP-00634-06,EMP-00634,2025-05-31,2025-06-29,157.3,0.0,6853.0,1843.16,5009.84,FL,False,none
PE-EMP-00635-01,EMP-00635,2025-01-01,2025-01-30,159.8,3.8,6937.15,1668.56,5268.59,federal,False,none
PE-EMP-00635-02,EMP-00635,2025-01-31,2025-03-01,140.0,1.7,6804.94,1626.88,5178.06,federal,False,none
PE-EMP-00635-03,EMP-00635,2025-03-02,2025-03-31,160.9,10.4,7348.04,1746.35,5601.69,federal,False,none
PE-EMP-00635-04,EMP-00635,2025-04-01,2025-04-30,162.8,8.7,7243.42,2004.38,5239.04,federal,False,none
PE-EMP-00635-05,EMP-00635,2025-05-01,2025-05-30,147.0,10.7,7366.66,1496.06,5870.6,federal,False,none
PE-EMP-00635-06,EMP-00635,2025-05-31,2025-06-29,147.0,0.7,6740.85,1262.02,5478.83,federal,False,none
PE-EMP-00636-01,EMP-00636,2025-01-01,2025-01-30,151.1,0.0,8928.0,2468.79,6459.21,WA,False,none
PE-EMP-00636-02,EMP-00636,2025-01-31,2025-03-01,147.7,0.0,8928.0,1707.58,7220.42,WA,False,none
PE-EMP-00636-03,EMP-00636,2025-03-02,2025-03-31,140.1,0.0,8928.0,1794.71,7133.29,WA,False,none
PE-EMP-00636-04,EMP-00636,2025-04-01,2025-04-30,143.1,0.0,8928.0,2228.63,6699.37,WA,False,none
PE-EMP-00636-05,EMP-00636,2025-05-01,2025-05-30,151.6,0.0,8928.0,1911.8,7016.2,WA,False,none
PE-EMP-00636-06,EMP-00636,2025-05-31,2025-06-29,152.5,0.0,8928.0,1738.27,7189.73,WA,False,none
PE-EMP-00637-01,EMP-00637,2025-01-01,2025-01-30,158.1,1.8,4121.21,893.79,3227.42,FL,False,none
PE-EMP-00637-02,EMP-00637,2025-01-31,2025-03-01,167.4,5.7,4266.75,989.4,3277.35,FL,False,none
PE-EMP-00637-03,EMP-00637,2025-03-02,2025-03-31,147.7,9.9,4428.76,1177.06,3251.7,FL,False,none
PE-EMP-00637-04,EMP-00637,2025-04-01,2025-04-30,144.1,5.8,4272.72,849.42,3423.3,FL,False,none
PE-EMP-00637-05,EMP-00637,2025-05-01,2025-05-30,158.6,14.2,4590.35,937.7,3652.65,FL,False,none
PE-EMP-00637-06,EMP-00637,2025-05-31,2025-06-29,153.7,4.1,4207.03,777.85,3429.18,FL,False,none
PE-EMP-00638-01,EMP-00638,2025-01-01,2025-01-30,140.1,0.0,8165.0,1848.22,6316.78,WA,False,none
PE-EMP-00638-02,EMP-00638,2025-01-31,2025-03-01,141.7,0.0,8165.0,2195.52,5969.48,WA,False,none
PE-EMP-00638-03,EMP-00638,2025-03-02,2025-03-31,141.7,0.0,8165.0,1844.27,6320.73,WA,False,none
PE-EMP-00638-04,EMP-00638,2025-04-01,2025-04-30,148.1,0.0,8165.0,1807.24,6357.76,WA,False,none
PE-EMP-00638-05,EMP-00638,2025-05-01,2025-05-30,164.7,0.0,8165.0,1584.58,6580.42,WA,False,none
PE-EMP-00638-06,EMP-00638,2025-05-31,2025-06-29,147.8,0.0,8165.0,1817.65,6347.35,WA,False,none
PE-EMP-00639-01,EMP-00639,2025-01-01,2025-01-30,140.4,0.0,7782.0,2012.19,5769.81,NY,False,none
PE-EMP-00639-02,EMP-00639,2025-01-31,2025-03-01,154.8,0.0,7782.0,1857.16,5924.84,NY,False,none
PE-EMP-00639-03,EMP-00639,2025-03-02,2025-03-31,149.7,0.0,7782.0,1902.12,5879.88,NY,False,none
PE-EMP-00639-04,EMP-00639,2025-04-01,2025-04-30,152.6,0.0,7782.0,1936.5,5845.5,NY,False,none
PE-EMP-00639-05,EMP-00639,2025-05-01,2025-05-30,147.7,0.0,7782.0,1771.83,6010.17,NY,False,none
PE-EMP-00639-06,EMP-00639,2025-05-31,2025-06-29,150.9,0.0,7782.0,1525.63,6256.37,NY,False,none
PE-EMP-00640-01,EMP-00640,2025-01-01,2025-01-30,146.2,0.0,6927.0,1873.62,5053.38,NY,False,none
PE-EMP-00640-02,EMP-00640,2025-01-31,2025-03-01,140.5,0.0,6927.0,1409.24,5517.76,NY,False,none
PE-EMP-00640-03,EMP-00640,2025-03-02,2025-03-31,153.6,0.0,6927.0,1398.47,5528.53,NY,False,none
PE-EMP-00640-04,EMP-00640,2025-04-01,2025-04-30,166.6,0.0,6927.0,1599.93,5327.07,NY,False,none
PE-EMP-00640-05,EMP-00640,2025-05-01,2025-05-30,166.2,0.0,6927.0,1322.94,5604.06,NY,False,none
PE-EMP-00640-06,EMP-00640,2025-05-31,2025-06-29,160.2,0.0,6927.0,1608.47,5318.53,NY,False,none
PE-EMP-00641-01,EMP-00641,2025-01-01,2025-01-30,159.3,4.1,6623.87,1628.34,4995.53,federal,False,none
PE-EMP-00641-02,EMP-00641,2025-01-31,2025-03-01,162.4,11.2,7049.66,1283.25,5766.41,federal,False,none
PE-EMP-00641-03,EMP-00641,2025-03-02,2025-03-31,155.9,13.3,7173.84,1464.34,5709.5,federal,False,none
PE-EMP-00641-04,EMP-00641,2025-04-01,2025-04-30,147.9,12.1,7106.46,1817.65,5288.81,federal,False,none
PE-EMP-00641-05,EMP-00641,2025-05-01,2025-05-30,158.7,8.3,6878.8,1660.26,5218.54,federal,False,none
PE-EMP-00641-06,EMP-00641,2025-05-31,2025-06-29,162.4,7.9,6855.44,1359.4,5496.04,federal,False,none
PE-EMP-00642-01,EMP-00642,2025-01-01,2025-01-30,153.9,0.0,7781.0,1811.67,5969.33,NY,False,none
PE-EMP-00642-02,EMP-00642,2025-01-31,2025-03-01,144.2,0.0,7781.0,1415.81,6365.19,NY,False,none
PE-EMP-00642-03,EMP-00642,2025-03-02,2025-03-31,161.5,0.0,7781.0,1999.47,5781.53,NY,False,none
PE-EMP-00642-04,EMP-00642,2025-04-01,2025-04-30,151.8,0.0,7781.0,1666.14,6114.86,NY,False,none
PE-EMP-00642-05,EMP-00642,2025-05-01,2025-05-30,153.5,0.0,7781.0,1546.37,6234.63,NY,False,none
PE-EMP-00642-06,EMP-00642,2025-05-31,2025-06-29,160.5,0.0,7781.0,1961.5,5819.5,NY,False,none
PE-EMP-00643-01,EMP-00643,2025-01-01,2025-01-30,151.9,0.0,7812.0,1949.9,5862.1,FL,False,none
PE-EMP-00643-02,EMP-00643,2025-01-31,2025-03-01,147.6,0.0,7812.0,1561.98,6250.02,FL,False,none
PE-EMP-00643-03,EMP-00643,2025-03-02,2025-03-31,151.3,0.0,7812.0,2063.86,5748.14,FL,False,none
PE-EMP-00643-04,EMP-00643,2025-04-01,2025-04-30,156.8,0.0,7812.0,1846.77,5965.23,FL,False,none
PE-EMP-00643-05,EMP-00643,2025-05-01,2025-05-30,142.7,0.0,7812.0,1774.77,6037.23,FL,False,none
PE-EMP-00643-06,EMP-00643,2025-05-31,2025-06-29,145.5,0.0,7812.0,1597.46,6214.54,FL,False,none
PE-EMP-00644-01,EMP-00644,2025-01-01,2025-01-30,141.3,5.0,4808.02,1092.09,3715.93,CA,False,none
PE-EMP-00644-02,EMP-00644,2025-01-31,2025-03-01,146.8,5.0,4806.27,974.51,3831.76,CA,False,none
PE-EMP-00644-03,EMP-00644,2025-03-02,2025-03-31,166.8,0.2,4601.61,863.39,3738.22,CA,False,none
PE-EMP-00644-04,EMP-00644,2025-04-01,2025-04-30,155.8,2.1,4679.45,1034.5,3644.95,CA,False,none
PE-EMP-00644-05,EMP-00644,2025-05-01,2025-05-30,141.2,7.0,4892.55,1142.4,3750.15,CA,False,none
PE-EMP-00644-06,EMP-00644,2025-05-31,2025-06-29,160.7,1.5,4657.25,1299.27,3357.98,CA,False,none
PE-EMP-00645-01,EMP-00645,2025-01-01,2025-01-30,155.4,10.8,7248.08,1464.64,5783.44,UK_national,False,none
PE-EMP-00645-02,EMP-00645,2025-01-31,2025-03-01,146.0,5.6,6926.33,1272.1,5654.23,UK_national,False,none
PE-EMP-00645-03,EMP-00645,2025-03-02,2025-03-31,140.3,8.8,7126.87,1368.56,5758.31,UK_national,False,none
PE-EMP-00645-04,EMP-00645,2025-04-01,2025-04-30,147.9,8.8,7127.91,1603.66,5524.25,UK_national,False,none
PE-EMP-00645-05,EMP-00645,2025-05-01,2025-05-30,145.9,5.1,6898.5,1405.02,5493.48,UK_national,False,none
PE-EMP-00645-06,EMP-00645,2025-05-31,2025-06-29,143.3,12.1,7328.6,1898.91,5429.69,UK_national,False,none
PE-EMP-00646-01,EMP-00646,2025-01-01,2025-01-30,155.0,9.4,7073.95,1811.58,5262.37,NY,False,none
PE-EMP-00646-02,EMP-00646,2025-01-31,2025-03-01,141.2,10.3,7128.69,1668.88,5459.81,NY,False,none
PE-EMP-00646-03,EMP-00646,2025-03-02,2025-03-31,158.4,10.4,7134.97,1288.83,5846.14,NY,False,none
PE-EMP-00646-04,EMP-00646,2025-04-01,2025-04-30,163.6,12.3,7245.73,1461.0,5784.73,NY,False,none
PE-EMP-00646-05,EMP-00646,2025-05-01,2025-05-30,151.5,5.0,6801.27,1284.56,5516.71,NY,False,none
PE-EMP-00646-06,EMP-00646,2025-05-31,2025-06-29,156.3,13.9,7344.21,1525.88,5818.33,NY,False,none
PE-EMP-00647-01,EMP-00647,2025-01-01,2025-01-30,152.0,5.2,6779.11,1462.19,5316.92,CA,False,none
PE-EMP-00647-02,EMP-00647,2025-01-31,2025-03-01,152.7,10.4,7094.41,1296.08,5798.33,CA,False,none
PE-EMP-00647-03,EMP-00647,2025-03-02,2025-03-31,142.7,9.4,7031.95,1280.77,5751.18,CA,False,none
PE-EMP-00647-04,EMP-00647,2025-04-01,2025-04-30,147.7,2.6,6618.36,1295.18,5323.18,CA,False,none
PE-EMP-00647-05,EMP-00647,2025-05-01,2025-05-30,160.6,11.0,7127.58,1422.56,5705.02,CA,False,none
PE-EMP-00647-06,EMP-00647,2025-05-31,2025-06-29,145.9,2.0,6582.52,1488.21,5094.31,CA,False,none
PE-EMP-00648-01,EMP-00648,2025-01-01,2025-01-30,158.5,3.4,7019.88,1358.01,5661.87,DE_national,False,none
PE-EMP-00648-02,EMP-00648,2025-01-31,2025-03-01,143.3,13.7,7676.84,1538.56,6138.28,DE_national,False,none
PE-EMP-00648-03,EMP-00648,2025-03-02,2025-03-31,157.6,13.2,7646.15,1605.38,6040.77,DE_national,False,none
PE-EMP-00648-04,EMP-00648,2025-04-01,2025-04-30,159.2,2.3,6951.28,1295.21,5656.07,DE_national,False,none
PE-EMP-00648-05,EMP-00648,2025-05-01,2025-05-30,165.2,7.1,7257.27,1311.84,5945.43,DE_national,False,none
PE-EMP-00648-06,EMP-00648,2025-05-31,2025-06-29,150.5,8.0,7314.01,1817.12,5496.89,DE_national,False,none
PE-EMP-00649-01,EMP-00649,2025-01-01,2025-01-30,165.0,1.6,6537.27,1676.43,4860.84,UK_national,False,none
PE-EMP-00649-02,EMP-00649,2025-01-31,2025-03-01,145.9,2.3,6578.21,1255.41,5322.8,UK_national,False,none
PE-EMP-00649-03,EMP-00649,2025-03-02,2025-03-31,146.4,12.2,7174.8,1482.41,5692.39,UK_national,False,none
PE-EMP-00649-04,EMP-00649,2025-04-01,2025-04-30,154.6,8.3,6941.54,1719.52,5222.02,UK_national,False,none
PE-EMP-00649-05,EMP-00649,2025-05-01,2025-05-30,166.6,14.0,7282.96,1965.65,5317.31,UK_national,False,none
PE-EMP-00649-06,EMP-00649,2025-05-31,2025-06-29,165.7,14.8,7330.37,1969.22,5361.15,UK_national,False,none
PE-EMP-00650-01,EMP-00650,2025-01-01,2025-01-30,144.4,15.0,5071.76,1183.16,3888.6,FL,False,none
PE-EMP-00650-02,EMP-00650,2025-01-31,2025-03-01,155.9,14.3,5044.49,1122.34,3922.15,FL,False,none
PE-EMP-00650-03,EMP-00650,2025-03-02,2025-03-31,157.1,11.9,4945.1,1028.17,3916.93,FL,False,none
PE-EMP-00650-04,EMP-00650,2025-04-01,2025-04-30,147.3,3.2,4581.95,1160.8,3421.15,FL,False,none
PE-EMP-00650-05,EMP-00650,2025-05-01,2025-05-30,161.6,0.3,4460.53,983.91,3476.62,FL,False,none
PE-EMP-00650-06,EMP-00650,2025-05-31,2025-06-29,150.5,8.0,4782.92,1304.42,3478.5,FL,False,none
PE-EMP-00651-01,EMP-00651,2025-01-01,2025-01-30,164.5,0.0,8692.0,1664.82,7027.18,CA,False,none
PE-EMP-00651-02,EMP-00651,2025-01-31,2025-03-01,159.4,0.0,8692.0,2347.56,6344.44,CA,False,none
PE-EMP-00651-03,EMP-00651,2025-03-02,2025-03-31,146.4,0.0,8692.0,2173.23,6518.77,CA,False,none
PE-EMP-00651-04,EMP-00651,2025-04-01,2025-04-30,166.6,0.0,8692.0,1662.92,7029.08,CA,False,none
PE-EMP-00651-05,EMP-00651,2025-05-01,2025-05-30,153.4,0.0,8692.0,2354.95,6337.05,CA,False,none
PE-EMP-00651-06,EMP-00651,2025-05-31,2025-06-29,156.3,0.0,8692.0,2205.69,6486.31,CA,False,none
PE-EMP-00652-01,EMP-00652,2025-01-01,2025-01-30,143.8,7.8,6578.64,1538.76,5039.88,WA,False,none
PE-EMP-00652-02,EMP-00652,2025-01-31,2025-03-01,146.5,1.9,6241.02,1690.07,4550.95,WA,False,none
PE-EMP-00652-03,EMP-00652,2025-03-02,2025-03-31,154.2,9.1,6655.34,1786.57,4868.77,WA,False,none
PE-EMP-00652-04,EMP-00652,2025-04-01,2025-04-30,146.8,8.3,6608.24,1413.58,5194.66,WA,False,none
PE-EMP-00652-05,EMP-00652,2025-05-01,2025-05-30,155.1,3.9,6355.91,1355.13,5000.78,WA,False,none
PE-EMP-00652-06,EMP-00652,2025-05-31,2025-06-29,143.8,2.7,6285.76,1400.29,4885.47,WA,False,none
PE-EMP-00653-01,EMP-00653,2025-01-01,2025-01-30,163.8,3.1,4674.16,1216.62,3457.54,NY,False,none
PE-EMP-00653-02,EMP-00653,2025-01-31,2025-03-01,146.2,9.5,4949.47,1147.26,3802.21,NY,False,none
PE-EMP-00653-03,EMP-00653,2025-03-02,2025-03-31,157.5,1.1,4588.64,1156.76,3431.88,NY,False,none
PE-EMP-00653-04,EMP-00653,2025-04-01,2025-04-30,155.3,11.1,5014.31,1063.96,3950.35,NY,False,none
PE-EMP-00653-05,EMP-00653,2025-05-01,2025-05-30,144.6,4.1,4719.52,1249.36,3470.16,NY,False,none
PE-EMP-00653-06,EMP-00653,2025-05-31,2025-06-29,140.8,11.5,5032.03,1298.29,3733.74,NY,False,none
PE-EMP-00654-01,EMP-00654,2025-01-01,2025-01-30,161.7,0.0,7144.0,1779.49,5364.51,federal,False,none
PE-EMP-00654-02,EMP-00654,2025-01-31,2025-03-01,164.2,0.0,7144.0,1802.5,5341.5,federal,False,none
PE-EMP-00654-03,EMP-00654,2025-03-02,2025-03-31,142.3,0.0,7144.0,1403.74,5740.26,federal,False,none
PE-EMP-00654-04,EMP-00654,2025-04-01,2025-04-30,160.8,0.0,7144.0,1741.02,5402.98,federal,False,none
PE-EMP-00654-05,EMP-00654,2025-05-01,2025-05-30,142.3,0.0,7144.0,1777.4,5366.6,federal,False,none
PE-EMP-00654-06,EMP-00654,2025-05-31,2025-06-29,153.5,0.0,7144.0,1861.28,5282.72,federal,False,none
PE-EMP-00655-01,EMP-00655,2025-01-01,2025-01-30,152.3,0.0,6868.0,1850.44,5017.56,FL,False,none
PE-EMP-00655-02,EMP-00655,2025-01-31,2025-03-01,158.1,0.0,6868.0,1275.56,5592.44,FL,False,none
PE-EMP-00655-03,EMP-00655,2025-03-02,2025-03-31,157.7,0.0,6868.0,1901.5,4966.5,FL,False,none
PE-EMP-00655-04,EMP-00655,2025-04-01,2025-04-30,140.7,0.0,6868.0,1339.11,5528.89,FL,False,none
PE-EMP-00655-05,EMP-00655,2025-05-01,2025-05-30,149.9,0.0,6868.0,1496.57,5371.43,FL,False,none
PE-EMP-00655-06,EMP-00655,2025-05-31,2025-06-29,143.2,0.0,6868.0,1864.15,5003.85,FL,False,none
PE-EMP-00656-01,EMP-00656,2025-01-01,2025-01-30,158.1,0.0,8216.0,2097.16,6118.84,TX,False,none
PE-EMP-00656-02,EMP-00656,2025-01-31,2025-03-01,147.3,0.0,8216.0,1548.75,6667.25,TX,False,none
PE-EMP-00656-03,EMP-00656,2025-03-02,2025-03-31,162.8,0.0,8216.0,1972.13,6243.87,TX,False,none
PE-EMP-00656-04,EMP-00656,2025-04-01,2025-04-30,156.1,0.0,8216.0,1870.6,6345.4,TX,False,none
PE-EMP-00656-05,EMP-00656,2025-05-01,2025-05-30,153.8,0.0,8216.0,2226.74,5989.26,TX,False,none
PE-EMP-00656-06,EMP-00656,2025-05-31,2025-06-29,142.1,0.0,8216.0,1623.26,6592.74,TX,False,none
PE-EMP-00657-01,EMP-00657,2025-01-01,2025-01-30,161.4,0.0,8028.0,1847.58,6180.42,federal,False,none
PE-EMP-00657-02,EMP-00657,2025-01-31,2025-03-01,162.1,0.0,8028.0,1697.21,6330.79,federal,False,none
PE-EMP-00657-03,EMP-00657,2025-03-02,2025-03-31,153.1,0.0,8028.0,1852.17,6175.83,federal,False,none
PE-EMP-00657-04,EMP-00657,2025-04-01,2025-04-30,153.1,0.0,8028.0,1480.48,6547.52,federal,False,none
PE-EMP-00657-05,EMP-00657,2025-05-01,2025-05-30,141.4,0.0,8028.0,1976.52,6051.48,federal,False,none
PE-EMP-00657-06,EMP-00657,2025-05-31,2025-06-29,164.8,0.0,8028.0,1748.41,6279.59,federal,False,none
PE-EMP-00658-01,EMP-00658,2025-01-01,2025-01-30,157.8,1.3,4431.59,1118.49,3313.1,CA,False,none
PE-EMP-00658-02,EMP-00658,2025-01-31,2025-03-01,147.7,2.2,4469.3,973.29,3496.01,CA,False,none
PE-EMP-00658-03,EMP-00658,2025-03-02,2025-03-31,143.4,6.2,4631.19,1203.04,3428.15,CA,False,none
PE-EMP-00658-04,EMP-00658,2025-04-01,2025-04-30,154.3,14.9,4986.77,1081.91,3904.86,CA,False,none
PE-EMP-00658-05,EMP-00658,2025-05-01,2025-05-30,141.4,4.7,4567.89,899.98,3667.91,CA,False,none
PE-EMP-00658-06,EMP-00658,2025-05-31,2025-06-29,156.2,10.9,4826.08,1135.36,3690.72,CA,False,none
PE-EMP-00659-01,EMP-00659,2025-01-01,2025-01-30,141.1,0.0,8454.0,1918.86,6535.14,UK_national,False,none
PE-EMP-00659-02,EMP-00659,2025-01-31,2025-03-01,151.4,0.0,8454.0,1724.95,6729.05,UK_national,False,none
PE-EMP-00659-03,EMP-00659,2025-03-02,2025-03-31,156.9,0.0,8454.0,2040.97,6413.03,UK_national,False,none
PE-EMP-00659-04,EMP-00659,2025-04-01,2025-04-30,152.9,0.0,8454.0,1821.9,6632.1,UK_national,False,none
PE-EMP-00659-05,EMP-00659,2025-05-01,2025-05-30,168.0,0.0,8454.0,2174.68,6279.32,UK_national,False,none
PE-EMP-00659-06,EMP-00659,2025-05-31,2025-06-29,161.8,0.0,8454.0,2327.48,6126.52,UK_national,False,none
PE-EMP-00660-01,EMP-00660,2025-01-01,2025-01-30,164.0,0.0,8210.0,1909.5,6300.5,TX,False,none
PE-EMP-00660-02,EMP-00660,2025-01-31,2025-03-01,143.5,0.0,8210.0,1527.64,6682.36,TX,False,none
PE-EMP-00660-03,EMP-00660,2025-03-02,2025-03-31,162.5,0.0,8210.0,2239.8,5970.2,TX,False,none
PE-EMP-00660-04,EMP-00660,2025-04-01,2025-04-30,164.2,0.0,8210.0,1685.36,6524.64,TX,False,none
PE-EMP-00660-05,EMP-00660,2025-05-01,2025-05-30,154.8,0.0,8210.0,2208.66,6001.34,TX,False,none
PE-EMP-00660-06,EMP-00660,2025-05-31,2025-06-29,165.6,0.0,8210.0,2084.11,6125.89,TX,False,none
PE-EMP-00661-01,EMP-00661,2025-01-01,2025-01-30,147.3,0.0,7337.0,1858.67,5478.33,WA,False,none
PE-EMP-00661-02,EMP-00661,2025-01-31,2025-03-01,166.9,0.0,7337.0,1793.0,5544.0,WA,False,none
PE-EMP-00661-03,EMP-00661,2025-03-02,2025-03-31,155.3,0.0,7337.0,1668.17,5668.83,WA,False,none
PE-EMP-00661-04,EMP-00661,2025-04-01,2025-04-30,164.7,0.0,7337.0,1503.36,5833.64,WA,False,none
PE-EMP-00661-05,EMP-00661,2025-05-01,2025-05-30,145.4,0.0,7337.0,1847.59,5489.41,WA,False,none
PE-EMP-00661-06,EMP-00661,2025-05-31,2025-06-29,145.3,0.0,7337.0,1795.91,5541.09,WA,False,none
PE-EMP-00662-01,EMP-00662,2025-01-01,2025-01-30,151.2,3.6,6503.22,1608.25,4894.97,NY,False,none
PE-EMP-00662-02,EMP-00662,2025-01-31,2025-03-01,144.0,6.0,6642.83,1646.03,4996.8,NY,False,none
PE-EMP-00662-03,EMP-00662,2025-03-02,2025-03-31,160.3,7.8,6750.41,1650.6,5099.81,NY,False,none
PE-EMP-00662-04,EMP-00662,2025-04-01,2025-04-30,158.7,4.6,6560.95,1376.22,5184.73,NY,False,none
PE-EMP-00662-05,EMP-00662,2025-05-01,2025-05-30,140.6,13.2,7066.77,1806.61,5260.16,NY,False,none
PE-EMP-00662-06,EMP-00662,2025-05-31,2025-06-29,143.7,10.8,6927.75,1832.42,5095.33,NY,False,none
PE-EMP-00663-01,EMP-00663,2025-01-01,2025-01-30,152.1,0.0,8796.0,1674.84,7121.16,FL,False,none
PE-EMP-00663-02,EMP-00663,2025-01-31,2025-03-01,166.9,0.0,8796.0,1804.81,6991.19,FL,False,none
PE-EMP-00663-03,EMP-00663,2025-03-02,2025-03-31,152.9,0.0,8796.0,1619.15,7176.85,FL,False,none
PE-EMP-00663-04,EMP-00663,2025-04-01,2025-04-30,150.9,0.0,8796.0,2414.9,6381.1,FL,False,none
PE-EMP-00663-05,EMP-00663,2025-05-01,2025-05-30,157.7,0.0,8796.0,1721.09,7074.91,FL,False,none
PE-EMP-00663-06,EMP-00663,2025-05-31,2025-06-29,166.5,0.0,8796.0,1911.96,6884.04,FL,False,none
PE-EMP-00664-01,EMP-00664,2025-01-01,2025-01-30,148.1,0.0,7602.0,2032.37,5569.63,UK_national,False,none
PE-EMP-00664-02,EMP-00664,2025-01-31,2025-03-01,145.2,0.0,7602.0,1967.9,5634.1,UK_national,False,none
PE-EMP-00664-03,EMP-00664,2025-03-02,2025-03-31,160.2,0.0,7602.0,1648.91,5953.09,UK_national,False,none
PE-EMP-00664-04,EMP-00664,2025-04-01,2025-04-30,155.2,0.0,7602.0,1510.48,6091.52,UK_national,False,none
PE-EMP-00664-05,EMP-00664,2025-05-01,2025-05-30,145.4,0.0,7602.0,2026.29,5575.71,UK_national,False,none
PE-EMP-00664-06,EMP-00664,2025-05-31,2025-06-29,160.4,0.0,7602.0,1876.68,5725.32,UK_national,False,none
PE-EMP-00665-01,EMP-00665,2025-01-01,2025-01-30,153.2,0.0,8338.0,1757.42,6580.58,DE_national,False,none
PE-EMP-00665-02,EMP-00665,2025-01-31,2025-03-01,162.2,0.0,8338.0,2220.48,6117.52,DE_national,False,none
PE-EMP-00665-03,EMP-00665,2025-03-02,2025-03-31,154.4,0.0,8338.0,2301.26,6036.74,DE_national,False,none
PE-EMP-00665-04,EMP-00665,2025-04-01,2025-04-30,154.8,0.0,8338.0,2264.83,6073.17,DE_national,False,none
PE-EMP-00665-05,EMP-00665,2025-05-01,2025-05-30,140.6,0.0,8338.0,1689.17,6648.83,DE_national,False,none
PE-EMP-00665-06,EMP-00665,2025-05-31,2025-06-29,143.1,0.0,8338.0,1702.16,6635.84,DE_national,False,none
PE-EMP-00666-01,EMP-00666,2025-01-01,2025-01-30,159.5,0.0,8855.0,2053.25,6801.75,NY,False,none
PE-EMP-00666-02,EMP-00666,2025-01-31,2025-03-01,163.3,0.0,8855.0,1837.8,7017.2,NY,False,none
PE-EMP-00666-03,EMP-00666,2025-03-02,2025-03-31,160.3,0.0,8855.0,1712.78,7142.22,NY,False,none
PE-EMP-00666-04,EMP-00666,2025-04-01,2025-04-30,157.1,0.0,8855.0,2211.26,6643.74,NY,False,none
PE-EMP-00666-05,EMP-00666,2025-05-01,2025-05-30,158.9,0.0,8855.0,1894.91,6960.09,NY,False,none
PE-EMP-00666-06,EMP-00666,2025-05-31,2025-06-29,148.1,0.0,8855.0,2159.81,6695.19,NY,False,none
PE-EMP-00667-01,EMP-00667,2025-01-01,2025-01-30,167.8,4.4,4621.93,926.53,3695.4,NY,False,none
PE-EMP-00667-02,EMP-00667,2025-01-31,2025-03-01,146.1,14.5,5045.48,1323.9,3721.58,NY,False,none
PE-EMP-00667-03,EMP-00667,2025-03-02,2025-03-31,145.4,7.9,4768.55,1138.31,3630.24,NY,False,none
PE-EMP-00667-04,EMP-00667,2025-04-01,2025-04-30,164.7,1.8,4516.29,1141.92,3374.37,NY,False,none
PE-EMP-00667-05,EMP-00667,2025-05-01,2025-05-30,162.6,12.1,4943.21,934.3,4008.91,NY,False,none
PE-EMP-00667-06,EMP-00667,2025-05-31,2025-06-29,159.9,6.8,4723.93,1070.66,3653.27,NY,False,none
PE-EMP-00668-01,EMP-00668,2025-01-01,2025-01-30,164.6,0.0,6970.0,1340.87,5629.13,WA,False,none
PE-EMP-00668-02,EMP-00668,2025-01-31,2025-03-01,141.4,0.0,6970.0,1934.59,5035.41,WA,False,none
PE-EMP-00668-03,EMP-00668,2025-03-02,2025-03-31,146.8,0.0,6970.0,1318.32,5651.68,WA,False,none
PE-EMP-00668-04,EMP-00668,2025-04-01,2025-04-30,159.0,0.0,6970.0,1597.93,5372.07,WA,False,none
PE-EMP-00668-05,EMP-00668,2025-05-01,2025-05-30,143.8,0.0,6970.0,1703.49,5266.51,WA,False,none
PE-EMP-00668-06,EMP-00668,2025-05-31,2025-06-29,168.0,0.0,6970.0,1281.93,5688.07,WA,False,none
PE-EMP-00669-01,EMP-00669,2025-01-01,2025-01-30,151.4,0.0,8872.0,1627.8,7244.2,CA,False,none
PE-EMP-00669-02,EMP-00669,2025-01-31,2025-03-01,142.2,0.0,8872.0,1671.37,7200.63,CA,False,none
PE-EMP-00669-03,EMP-00669,2025-03-02,2025-03-31,161.0,0.0,8872.0,2272.43,6599.57,CA,False,none
PE-EMP-00669-04,EMP-00669,2025-04-01,2025-04-30,153.9,0.0,8872.0,2450.18,6421.82,CA,False,none
PE-EMP-00669-05,EMP-00669,2025-05-01,2025-05-30,167.8,0.0,8872.0,1681.52,7190.48,CA,False,none
PE-EMP-00669-06,EMP-00669,2025-05-31,2025-06-29,166.9,0.0,8872.0,2358.51,6513.49,CA,False,none
PE-EMP-00670-01,EMP-00670,2025-01-01,2025-01-30,161.8,0.0,6797.0,1713.04,5083.96,NY,False,none
PE-EMP-00670-02,EMP-00670,2025-01-31,2025-03-01,154.7,0.0,6797.0,1229.16,5567.84,NY,False,none
PE-EMP-00670-03,EMP-00670,2025-03-02,2025-03-31,165.5,0.0,6797.0,1365.32,5431.68,NY,False,none
PE-EMP-00670-04,EMP-00670,2025-04-01,2025-04-30,140.7,0.0,6797.0,1774.48,5022.52,NY,False,none
PE-EMP-00670-05,EMP-00670,2025-05-01,2025-05-30,156.4,0.0,6797.0,1450.88,5346.12,NY,False,none
PE-EMP-00670-06,EMP-00670,2025-05-31,2025-06-29,151.6,0.0,6797.0,1597.12,5199.88,NY,False,none
PE-EMP-00671-01,EMP-00671,2025-01-01,2025-01-30,163.5,0.0,8366.0,1944.15,6421.85,federal,False,none
PE-EMP-00671-02,EMP-00671,2025-01-31,2025-03-01,140.4,0.0,8366.0,2081.79,6284.21,federal,False,none
PE-EMP-00671-03,EMP-00671,2025-03-02,2025-03-31,149.3,0.0,8366.0,2038.65,6327.35,federal,False,none
PE-EMP-00671-04,EMP-00671,2025-04-01,2025-04-30,153.9,0.0,12136.29,2115.98,6250.02,federal,True,rate_violation
PE-EMP-00671-05,EMP-00671,2025-05-01,2025-05-30,163.0,0.0,8366.0,2004.55,6361.45,federal,False,none
PE-EMP-00671-06,EMP-00671,2025-05-31,2025-06-29,166.9,0.0,8366.0,2265.46,6100.54,federal,False,none
PE-EMP-00672-01,EMP-00672,2025-01-01,2025-01-30,165.7,0.0,8134.0,2181.77,5952.23,federal,False,none
PE-EMP-00672-02,EMP-00672,2025-01-31,2025-03-01,159.0,0.0,8134.0,1782.78,6351.22,federal,False,none
PE-EMP-00672-03,EMP-00672,2025-03-02,2025-03-31,157.1,0.0,12610.13,1745.39,6388.61,federal,True,rate_violation
PE-EMP-00672-04,EMP-00672,2025-04-01,2025-04-30,164.8,0.0,8134.0,1526.14,6607.86,federal,False,none
PE-EMP-00672-05,EMP-00672,2025-05-01,2025-05-30,156.9,0.0,8134.0,2121.76,6012.24,federal,False,none
PE-EMP-00672-06,EMP-00672,2025-05-31,2025-06-29,164.4,0.0,8134.0,1984.12,6149.88,federal,False,none
PE-EMP-00673-01,EMP-00673,2025-01-01,2025-01-30,156.1,1.6,7091.93,1483.8,5608.13,UK_national,False,none
PE-EMP-00673-02,EMP-00673,2025-01-31,2025-03-01,146.5,7.9,7505.49,1608.39,5897.1,UK_national,False,none
PE-EMP-00673-03,EMP-00673,2025-03-02,2025-03-31,140.7,2.1,7121.82,1991.93,5129.89,UK_national,False,none
PE-EMP-00673-04,EMP-00673,2025-04-01,2025-04-30,145.5,12.2,7785.49,1524.15,6261.34,UK_national,False,none
PE-EMP-00673-05,EMP-00673,2025-05-01,2025-05-30,146.0,9.0,7576.29,1475.77,6100.52,UK_national,False,none
PE-EMP-00673-06,EMP-00673,2025-05-31,2025-06-29,146.7,4.1,7255.14,1550.93,5704.21,UK_national,False,none
PE-EMP-00674-01,EMP-00674,2025-01-01,2025-01-30,142.1,0.0,7364.0,1513.41,5850.59,UK_national,False,none
PE-EMP-00674-02,EMP-00674,2025-01-31,2025-03-01,141.0,0.0,7364.0,1874.89,5489.11,UK_national,False,none
PE-EMP-00674-03,EMP-00674,2025-03-02,2025-03-31,160.5,0.0,7364.0,1421.29,5942.71,UK_national,False,none
PE-EMP-00674-04,EMP-00674,2025-04-01,2025-04-30,155.0,0.0,7364.0,2018.23,5345.77,UK_national,False,none
PE-EMP-00674-05,EMP-00674,2025-05-01,2025-05-30,141.2,0.0,7364.0,1595.66,5768.34,UK_national,False,none
PE-EMP-00674-06,EMP-00674,2025-05-31,2025-06-29,140.6,0.0,7364.0,1908.77,5455.23,UK_national,False,none
PE-EMP-00675-01,EMP-00675,2025-01-01,2025-01-30,146.7,0.0,8106.0,2217.47,5888.53,TX,False,none
PE-EMP-00675-02,EMP-00675,2025-01-31,2025-03-01,152.0,0.0,8106.0,2242.35,5863.65,TX,False,none
PE-EMP-00675-03,EMP-00675,2025-03-02,2025-03-31,160.8,0.0,8106.0,1880.06,6225.94,TX,False,none
PE-EMP-00675-04,EMP-00675,2025-04-01,2025-04-30,142.7,0.0,8106.0,2064.07,6041.93,TX,False,none
PE-EMP-00675-05,EMP-00675,2025-05-01,2025-05-30,151.9,0.0,8106.0,2145.28,5960.72,TX,False,none
PE-EMP-00675-06,EMP-00675,2025-05-31,2025-06-29,166.3,0.0,8106.0,2224.16,5881.84,TX,False,none
PE-EMP-00676-01,EMP-00676,2025-01-01,2025-01-30,164.5,0.0,7925.0,1470.39,6454.61,TX,False,none
PE-EMP-00676-02,EMP-00676,2025-01-31,2025-03-01,164.8,0.0,7925.0,1712.85,6212.15,TX,False,none
PE-EMP-00676-03,EMP-00676,2025-03-02,2025-03-31,151.1,0.0,7925.0,1907.89,6017.11,TX,False,none
PE-EMP-00676-04,EMP-00676,2025-04-01,2025-04-30,162.9,0.0,7925.0,2030.97,5894.03,TX,False,none
PE-EMP-00676-05,EMP-00676,2025-05-01,2025-05-30,150.8,0.0,7925.0,1969.29,5955.71,TX,False,none
PE-EMP-00676-06,EMP-00676,2025-05-31,2025-06-29,142.0,0.0,7925.0,2171.7,5753.3,TX,False,none
PE-EMP-00677-01,EMP-00677,2025-01-01,2025-01-30,146.0,0.0,7642.0,2103.68,5538.32,DE_national,False,none
PE-EMP-00677-02,EMP-00677,2025-01-31,2025-03-01,161.5,0.0,7642.0,1569.69,6072.31,DE_national,False,none
PE-EMP-00677-03,EMP-00677,2025-03-02,2025-03-31,149.5,0.0,7642.0,1415.34,6226.66,DE_national,False,none
PE-EMP-00677-04,EMP-00677,2025-04-01,2025-04-30,152.0,0.0,7642.0,1796.09,5845.91,DE_national,False,none
PE-EMP-00677-05,EMP-00677,2025-05-01,2025-05-30,152.2,0.0,7642.0,1458.68,6183.32,DE_national,False,none
PE-EMP-00677-06,EMP-00677,2025-05-31,2025-06-29,157.5,0.0,7642.0,1746.4,5895.6,DE_national,False,none
PE-EMP-00678-01,EMP-00678,2025-01-01,2025-01-30,161.4,0.0,8064.0,1970.96,6093.04,CA,False,none
PE-EMP-00678-02,EMP-00678,2025-01-31,2025-03-01,144.0,0.0,8064.0,1621.56,6442.44,CA,False,none
PE-EMP-00678-03,EMP-00678,2025-03-02,2025-03-31,154.7,0.0,8064.0,1664.23,6399.77,CA,False,none
PE-EMP-00678-04,EMP-00678,2025-04-01,2025-04-30,161.0,0.0,8064.0,1484.05,6579.95,CA,False,none
PE-EMP-00678-05,EMP-00678,2025-05-01,2025-05-30,146.8,0.0,8064.0,2174.35,5889.65,CA,False,none
PE-EMP-00678-06,EMP-00678,2025-05-31,2025-06-29,140.1,0.0,8064.0,1877.15,6186.85,CA,False,none
PE-EMP-00679-01,EMP-00679,2025-01-01,2025-01-30,152.5,0.0,7231.0,1441.91,5789.09,federal,False,none
PE-EMP-00679-02,EMP-00679,2025-01-31,2025-03-01,148.4,0.0,7231.0,1646.42,5584.58,federal,False,none
PE-EMP-00679-03,EMP-00679,2025-03-02,2025-03-31,158.7,0.0,7231.0,1699.49,5531.51,federal,False,none
PE-EMP-00679-04,EMP-00679,2025-04-01,2025-04-30,165.0,0.0,7231.0,1400.28,5830.72,federal,False,none
PE-EMP-00679-05,EMP-00679,2025-05-01,2025-05-30,141.3,0.0,7231.0,1470.6,5760.4,federal,False,none
PE-EMP-00679-06,EMP-00679,2025-05-31,2025-06-29,150.5,0.0,7231.0,1825.0,5406.0,federal,False,none
PE-EMP-00680-01,EMP-00680,2025-01-01,2025-01-30,141.5,0.0,7793.0,1922.55,5870.45,FL,False,none
PE-EMP-00680-02,EMP-00680,2025-01-31,2025-03-01,152.6,0.0,7793.0,1943.55,5849.45,FL,False,none
PE-EMP-00680-03,EMP-00680,2025-03-02,2025-03-31,157.0,0.0,7793.0,1439.75,6353.25,FL,False,none
PE-EMP-00680-04,EMP-00680,2025-04-01,2025-04-30,150.3,0.0,7793.0,1842.63,5950.37,FL,True,rule_override
PE-EMP-00680-05,EMP-00680,2025-05-01,2025-05-30,159.8,0.0,7793.0,2028.74,5764.26,FL,False,none
PE-EMP-00680-06,EMP-00680,2025-05-31,2025-06-29,148.0,0.0,7793.0,1544.4,6248.6,FL,False,none
PE-EMP-00681-01,EMP-00681,2025-01-01,2025-01-30,140.4,14.9,4968.0,1387.01,3580.99,CA,False,none
PE-EMP-00681-02,EMP-00681,2025-01-31,2025-03-01,156.3,2.5,4459.49,1139.94,3319.55,CA,False,none
PE-EMP-00681-03,EMP-00681,2025-03-02,2025-03-31,159.8,9.4,4740.28,1149.97,3590.31,CA,False,none
PE-EMP-00681-04,EMP-00681,2025-04-01,2025-04-30,161.5,8.6,4708.98,1024.61,3684.37,CA,False,none
PE-EMP-00681-05,EMP-00681,2025-05-01,2025-05-30,161.9,4.4,4539.65,1068.04,3471.61,CA,False,none
PE-EMP-00681-06,EMP-00681,2025-05-31,2025-06-29,156.9,9.0,4725.9,1195.54,3530.36,CA,False,none
PE-EMP-00682-01,EMP-00682,2025-01-01,2025-01-30,159.0,0.0,7376.0,2051.44,5324.56,TX,False,none
PE-EMP-00682-02,EMP-00682,2025-01-31,2025-03-01,152.8,0.0,7376.0,1983.52,5392.48,TX,False,none
PE-EMP-00682-03,EMP-00682,2025-03-02,2025-03-31,148.3,0.0,7376.0,1722.49,5653.51,TX,False,none
PE-EMP-00682-04,EMP-00682,2025-04-01,2025-04-30,150.3,0.0,7376.0,1610.99,5765.01,TX,True,ghost_employee
PE-EMP-00682-05,EMP-00682,2025-05-01,2025-05-30,166.7,0.0,7376.0,1510.75,5865.25,TX,False,none
PE-EMP-00682-06,EMP-00682,2025-05-31,2025-06-29,149.2,0.0,7376.0,1403.61,5972.39,TX,False,none
PE-EMP-00683-01,EMP-00683,2025-01-01,2025-01-30,140.6,0.0,6751.0,1553.03,5197.97,WA,False,none
PE-EMP-00683-02,EMP-00683,2025-01-31,2025-03-01,148.7,0.0,6751.0,1632.92,5118.08,WA,False,none
PE-EMP-00683-03,EMP-00683,2025-03-02,2025-03-31,167.3,0.0,6751.0,1346.45,5404.55,WA,False,none
PE-EMP-00683-04,EMP-00683,2025-04-01,2025-04-30,144.9,0.0,6751.0,1343.7,5407.3,WA,False,none
PE-EMP-00683-05,EMP-00683,2025-05-01,2025-05-30,145.2,0.0,6751.0,1741.98,5009.02,WA,False,none
PE-EMP-00683-06,EMP-00683,2025-05-31,2025-06-29,162.9,0.0,6751.0,1413.95,5337.05,WA,False,none
PE-EMP-00684-01,EMP-00684,2025-01-01,2025-01-30,144.0,14.5,6908.59,1522.8,5385.79,FL,False,none
PE-EMP-00684-02,EMP-00684,2025-01-31,2025-03-01,155.7,14.1,6881.59,1519.33,5362.26,FL,False,none
PE-EMP-00684-03,EMP-00684,2025-03-02,2025-03-31,159.6,14.9,6926.47,1574.37,5352.1,FL,False,none
PE-EMP-00684-04,EMP-00684,2025-04-01,2025-04-30,151.1,1.8,6180.65,1584.59,4596.06,FL,False,none
PE-EMP-00684-05,EMP-00684,2025-05-01,2025-05-30,167.2,0.5,6106.09,1368.98,4737.11,FL,False,none
PE-EMP-00684-06,EMP-00684,2025-05-31,2025-06-29,161.0,4.6,6344.62,1740.35,4604.27,FL,False,none
PE-EMP-00685-01,EMP-00685,2025-01-01,2025-01-30,160.3,7.8,4460.98,901.3,3559.68,DE_national,False,none
PE-EMP-00685-02,EMP-00685,2025-01-31,2025-03-01,158.8,9.0,4509.15,974.79,3534.36,DE_national,False,none
PE-EMP-00685-03,EMP-00685,2025-03-02,2025-03-31,146.8,14.3,4712.39,913.51,3798.88,DE_national,False,none
PE-EMP-00685-04,EMP-00685,2025-04-01,2025-04-30,165.1,11.4,4599.53,1212.42,3387.11,DE_national,False,none
PE-EMP-00685-05,EMP-00685,2025-05-01,2025-05-30,167.5,12.4,4641.04,1251.8,3389.24,DE_national,False,none
PE-EMP-00685-06,EMP-00685,2025-05-31,2025-06-29,166.9,13.3,4675.69,896.71,3778.98,DE_national,False,none
PE-EMP-00686-01,EMP-00686,2025-01-01,2025-01-30,144.0,0.0,8413.0,2099.16,6313.84,NY,False,none
PE-EMP-00686-02,EMP-00686,2025-01-31,2025-03-01,157.1,0.0,8413.0,1801.51,6611.49,NY,False,none
PE-EMP-00686-03,EMP-00686,2025-03-02,2025-03-31,155.4,0.0,8413.0,2228.58,6184.42,NY,False,none
PE-EMP-00686-04,EMP-00686,2025-04-01,2025-04-30,144.1,0.0,8413.0,2011.14,6401.86,NY,False,none
PE-EMP-00686-05,EMP-00686,2025-05-01,2025-05-30,150.0,0.0,8413.0,2083.53,6329.47,NY,False,none
PE-EMP-00686-06,EMP-00686,2025-05-31,2025-06-29,152.2,0.0,8413.0,1738.16,6674.84,NY,False,none
PE-EMP-00687-01,EMP-00687,2025-01-01,2025-01-30,161.9,0.0,8911.0,1944.77,6966.23,WA,False,none
PE-EMP-00687-02,EMP-00687,2025-01-31,2025-03-01,150.6,0.0,8911.0,1966.59,6944.41,WA,False,none
PE-EMP-00687-03,EMP-00687,2025-03-02,2025-03-31,142.0,0.0,8911.0,2342.89,6568.11,WA,False,none
PE-EMP-00687-04,EMP-00687,2025-04-01,2025-04-30,140.4,0.0,8911.0,2033.43,6877.57,WA,False,none
PE-EMP-00687-05,EMP-00687,2025-05-01,2025-05-30,151.9,0.0,8911.0,2202.81,6708.19,WA,False,none
PE-EMP-00687-06,EMP-00687,2025-05-31,2025-06-29,159.2,0.0,8911.0,1733.83,7177.17,WA,False,none
PE-EMP-00688-01,EMP-00688,2025-01-01,2025-01-30,145.3,0.0,7672.0,1786.43,5885.57,federal,False,none
PE-EMP-00688-02,EMP-00688,2025-01-31,2025-03-01,156.0,0.0,7672.0,2133.18,5538.82,federal,False,none
PE-EMP-00688-03,EMP-00688,2025-03-02,2025-03-31,161.0,0.0,7672.0,1574.24,6097.76,federal,False,none
PE-EMP-00688-04,EMP-00688,2025-04-01,2025-04-30,145.4,0.0,7672.0,1585.84,6086.16,federal,False,none
PE-EMP-00688-05,EMP-00688,2025-05-01,2025-05-30,155.2,0.0,7672.0,1565.55,6106.45,federal,False,none
PE-EMP-00688-06,EMP-00688,2025-05-31,2025-06-29,162.3,0.0,7672.0,1619.36,6052.64,federal,False,none
PE-EMP-00689-01,EMP-00689,2025-01-01,2025-01-30,154.3,9.4,7325.75,1348.35,5977.4,DE_national,False,none
PE-EMP-00689-02,EMP-00689,2025-01-31,2025-03-01,140.8,14.4,7641.22,1740.99,5900.23,DE_national,False,none
PE-EMP-00689-03,EMP-00689,2025-03-02,2025-03-31,146.3,0.1,6739.17,1787.37,4951.8,DE_national,False,none
PE-EMP-00689-04,EMP-00689,2025-04-01,2025-04-30,152.2,5.9,7102.9,1907.29,5195.61,DE_national,False,none
PE-EMP-00689-05,EMP-00689,2025-05-01,2025-05-30,141.8,0.8,6785.22,1787.03,4998.19,DE_national,False,none
PE-EMP-00689-06,EMP-00689,2025-05-31,2025-06-29,161.4,7.6,7210.11,1351.94,5858.17,DE_national,False,none
PE-EMP-00690-01,EMP-00690,2025-01-01,2025-01-30,158.7,12.2,4125.93,880.82,3245.11,FL,False,none
PE-EMP-00690-02,EMP-00690,2025-01-31,2025-03-01,167.1,12.8,4146.82,766.3,3380.52,FL,False,none
PE-EMP-00690-03,EMP-00690,2025-03-02,2025-03-31,141.9,7.9,3976.78,959.23,3017.55,FL,False,none
PE-EMP-00690-04,EMP-00690,2025-04-01,2025-04-30,147.8,4.4,3854.55,927.61,2926.94,FL,False,none
PE-EMP-00690-05,EMP-00690,2025-05-01,2025-05-30,164.0,4.8,3869.32,871.81,2997.51,FL,False,none
PE-EMP-00690-06,EMP-00690,2025-05-31,2025-06-29,161.7,12.9,4151.22,963.83,3187.39,FL,False,none
PE-EMP-00691-01,EMP-00691,2025-01-01,2025-01-30,164.4,0.0,6746.0,1854.76,4891.24,NY,False,none
PE-EMP-00691-02,EMP-00691,2025-01-31,2025-03-01,158.0,0.0,6746.0,1637.24,5108.76,NY,False,none
PE-EMP-00691-03,EMP-00691,2025-03-02,2025-03-31,141.4,0.0,6746.0,1462.78,5283.22,NY,False,none
PE-EMP-00691-04,EMP-00691,2025-04-01,2025-04-30,157.9,0.0,6746.0,1396.5,5349.5,NY,False,none
PE-EMP-00691-05,EMP-00691,2025-05-01,2025-05-30,165.1,0.0,6746.0,1511.54,5234.46,NY,False,none
PE-EMP-00691-06,EMP-00691,2025-05-31,2025-06-29,156.8,0.0,6746.0,1477.87,5268.13,NY,False,none
PE-EMP-00692-01,EMP-00692,2025-01-01,2025-01-30,141.6,14.1,4485.09,1204.44,3280.65,NY,False,none
PE-EMP-00692-02,EMP-00692,2025-01-31,2025-03-01,160.3,11.4,4384.88,969.78,3415.1,NY,False,none
PE-EMP-00692-03,EMP-00692,2025-03-02,2025-03-31,143.6,2.1,4036.4,734.41,3301.99,NY,False,none
PE-EMP-00692-04,EMP-00692,2025-04-01,2025-04-30,162.4,11.2,4375.35,1002.87,3372.48,NY,False,none
PE-EMP-00692-05,EMP-00692,2025-05-01,2025-05-30,157.5,7.1,4224.04,922.73,3301.31,NY,False,none
PE-EMP-00692-06,EMP-00692,2025-05-31,2025-06-29,141.3,2.4,4049.64,1012.12,3037.52,NY,False,none
PE-EMP-00693-01,EMP-00693,2025-01-01,2025-01-30,156.9,11.5,6892.73,1422.35,5470.38,UK_national,False,none
PE-EMP-00693-02,EMP-00693,2025-01-31,2025-03-01,151.1,7.9,6678.32,1558.41,5119.91,UK_national,False,none
PE-EMP-00693-03,EMP-00693,2025-03-02,2025-03-31,141.9,2.9,6390.8,1279.86,5110.94,UK_national,False,none
PE-EMP-00693-04,EMP-00693,2025-04-01,2025-04-30,146.5,14.1,7039.79,1938.89,5100.9,UK_national,False,none
PE-EMP-00693-05,EMP-00693,2025-05-01,2025-05-30,148.8,10.7,6845.33,1349.38,5495.95,UK_national,False,none
PE-EMP-00693-06,EMP-00693,2025-05-31,2025-06-29,149.7,14.4,7060.59,1347.66,5712.93,UK_national,False,none
PE-EMP-00694-01,EMP-00694,2025-01-01,2025-01-30,155.3,1.2,6114.31,1107.08,5007.23,UK_national,False,none
PE-EMP-00694-02,EMP-00694,2025-01-31,2025-03-01,163.8,13.5,6811.57,1337.98,5473.59,UK_national,False,none
PE-EMP-00694-03,EMP-00694,2025-03-02,2025-03-31,142.8,9.0,6559.7,1181.05,5378.65,UK_national,False,none
PE-EMP-00694-04,EMP-00694,2025-04-01,2025-04-30,143.2,11.3,6685.06,1362.4,5322.66,UK_national,False,none
PE-EMP-00694-05,EMP-00694,2025-05-01,2025-05-30,154.4,10.0,6616.43,1278.53,5337.9,UK_national,False,none
PE-EMP-00694-06,EMP-00694,2025-05-31,2025-06-29,153.9,8.6,6534.63,1401.66,5132.97,UK_national,False,none
PE-EMP-00695-01,EMP-00695,2025-01-01,2025-01-30,143.4,0.0,8986.0,1813.6,7172.4,TX,False,none
PE-EMP-00695-02,EMP-00695,2025-01-31,2025-03-01,142.1,0.0,8986.0,2217.63,6768.37,TX,False,none
PE-EMP-00695-03,EMP-00695,2025-03-02,2025-03-31,148.3,0.0,8986.0,1855.25,7130.75,TX,False,none
PE-EMP-00695-04,EMP-00695,2025-04-01,2025-04-30,141.4,0.0,8986.0,2481.25,6504.75,TX,False,none
PE-EMP-00695-05,EMP-00695,2025-05-01,2025-05-30,164.2,0.0,8986.0,1907.75,7078.25,TX,False,none
PE-EMP-00695-06,EMP-00695,2025-05-31,2025-06-29,143.9,0.0,8986.0,1972.96,7013.04,TX,False,none
PE-EMP-00696-01,EMP-00696,2025-01-01,2025-01-30,154.3,0.0,8946.0,2480.8,6465.2,DE_national,False,none
PE-EMP-00696-02,EMP-00696,2025-01-31,2025-03-01,142.6,0.0,8946.0,1856.65,7089.35,DE_national,False,none
PE-EMP-00696-03-DUP,EMP-00696,2025-03-02,2025-03-31,167.9,0.0,8946.0,1821.86,7124.14,DE_national,True,duplicate_payment
PE-EMP-00696-04,EMP-00696,2025-04-01,2025-04-30,145.7,0.0,8946.0,1834.04,7111.96,DE_national,False,none
PE-EMP-00696-05,EMP-00696,2025-05-01,2025-05-30,142.8,0.0,8946.0,2031.1,6914.9,DE_national,False,none
PE-EMP-00696-06,EMP-00696,2025-05-31,2025-06-29,143.0,0.0,8946.0,1737.11,7208.89,DE_national,False,none
PE-EMP-00697-01,EMP-00697,2025-01-01,2025-01-30,153.0,11.9,7107.4,1753.59,5353.81,NY,False,none
PE-EMP-00697-02,EMP-00697,2025-01-31,2025-03-01,144.8,2.8,6563.88,1190.7,5373.18,NY,False,none
PE-EMP-00697-03,EMP-00697,2025-03-02,2025-03-31,144.5,1.4,6478.99,1484.71,4994.28,NY,False,none
PE-EMP-00697-04,EMP-00697,2025-04-01,2025-04-30,163.0,8.0,6878.32,1363.55,5514.77,NY,False,none
PE-EMP-00697-05,EMP-00697,2025-05-01,2025-05-30,157.6,3.9,6630.84,1810.61,4820.23,NY,False,none
PE-EMP-00697-06,EMP-00697,2025-05-31,2025-06-29,151.8,8.6,6910.95,1479.04,5431.91,NY,False,none
PE-EMP-00698-01,EMP-00698,2025-01-01,2025-01-30,163.2,0.0,7923.0,2047.62,5875.38,UK_national,False,none
PE-EMP-00698-02,EMP-00698,2025-01-31,2025-03-01,159.2,0.0,7923.0,1773.11,6149.89,UK_national,False,none
PE-EMP-00698-03,EMP-00698,2025-03-02,2025-03-31,161.2,0.0,7923.0,2112.73,5810.27,UK_national,False,none
PE-EMP-00698-04,EMP-00698,2025-04-01,2025-04-30,146.5,0.0,7923.0,2077.84,5845.16,UK_national,False,none
PE-EMP-00698-05,EMP-00698,2025-05-01,2025-05-30,146.8,0.0,7923.0,1517.24,6405.76,UK_national,False,none
PE-EMP-00698-06,EMP-00698,2025-05-31,2025-06-29,154.4,0.0,7923.0,1856.76,6066.24,UK_national,False,none
PE-EMP-00699-01,EMP-00699,2025-01-01,2025-01-30,167.9,0.0,7163.0,1581.89,5581.11,WA,False,none
PE-EMP-00699-02,EMP-00699,2025-01-31,2025-03-01,149.5,0.0,7163.0,1699.37,5463.63,WA,False,none
PE-EMP-00699-03,EMP-00699,2025-03-02,2025-03-31,152.6,0.0,7163.0,1818.53,5344.47,WA,False,none
PE-EMP-00699-04,EMP-00699,2025-04-01,2025-04-30,153.8,0.0,7163.0,1792.77,5370.23,WA,False,none
PE-EMP-00699-05,EMP-00699,2025-05-01,2025-05-30,155.2,0.0,7163.0,1745.37,5417.63,WA,False,none
PE-EMP-00699-06,EMP-00699,2025-05-31,2025-06-29,151.3,0.0,7163.0,1953.43,5209.57,WA,False,none
PE-EMP-00700-01,EMP-00700,2025-01-01,2025-01-30,143.3,7.2,7180.55,1336.36,5844.19,federal,False,none
PE-EMP-00700-02,EMP-00700,2025-01-31,2025-03-01,164.1,7.4,7197.72,1943.61,5254.11,federal,False,none
PE-EMP-00700-03,EMP-00700,2025-03-02,2025-03-31,154.5,12.1,7492.1,1992.97,5499.13,federal,False,none
PE-EMP-00700-04,EMP-00700,2025-04-01,2025-04-30,140.4,11.5,7451.35,1621.5,5829.85,federal,False,none
PE-EMP-00700-05,EMP-00700,2025-05-01,2025-05-30,144.0,9.9,7351.41,1448.92,5902.49,federal,False,none
PE-EMP-00700-06,EMP-00700,2025-05-31,2025-06-29,146.3,5.2,7058.49,1746.19,5312.3,federal,False,none
PE-EMP-00701-01,EMP-00701,2025-01-01,2025-01-30,142.4,5.9,7073.78,1891.14,5182.64,WA,False,none
PE-EMP-00701-02,EMP-00701,2025-01-31,2025-03-01,150.2,11.7,7435.68,1739.26,5696.42,WA,False,none
PE-EMP-00701-03,EMP-00701,2025-03-02,2025-03-31,152.5,1.6,6801.88,1404.53,5397.35,WA,False,none
PE-EMP-00701-04,EMP-00701,2025-04-01,2025-04-30,155.9,11.0,7393.45,1717.38,5676.07,WA,False,none
PE-EMP-00701-05,EMP-00701,2025-05-01,2025-05-30,161.6,2.6,6867.22,1910.26,4956.96,WA,False,none
PE-EMP-00701-06,EMP-00701,2025-05-31,2025-06-29,143.9,8.5,7238.28,2004.22,5234.06,WA,False,none
PE-EMP-00702-01,EMP-00702,2025-01-01,2025-01-30,161.1,14.3,7689.29,1812.77,5876.52,NY,False,none
PE-EMP-00702-02,EMP-00702,2025-01-31,2025-03-01,155.0,10.2,7429.02,1511.97,5917.05,NY,False,none
PE-EMP-00702-03,EMP-00702,2025-03-02,2025-03-31,157.5,8.1,7295.55,1884.7,5410.85,NY,False,none
PE-EMP-00702-04,EMP-00702,2025-04-01,2025-04-30,164.3,14.3,7687.57,1481.3,6206.27,NY,False,none
PE-EMP-00702-05,EMP-00702,2025-05-01,2025-05-30,165.7,12.8,7590.13,1972.21,5617.92,NY,False,none
PE-EMP-00702-06,EMP-00702,2025-05-31,2025-06-29,166.6,10.4,7438.48,1509.86,5928.62,NY,False,none
PE-EMP-00703-01,EMP-00703,2025-01-01,2025-01-30,163.6,0.0,8198.0,1830.74,6367.26,WA,False,none
PE-EMP-00703-02,EMP-00703,2025-01-31,2025-03-01,160.1,0.0,8198.0,2063.23,6134.77,WA,False,none
PE-EMP-00703-03,EMP-00703,2025-03-02,2025-03-31,147.0,0.0,8198.0,2270.08,5927.92,WA,False,none
PE-EMP-00703-04,EMP-00703,2025-04-01,2025-04-30,158.2,0.0,8198.0,1720.05,6477.95,WA,False,none
PE-EMP-00703-05,EMP-00703,2025-05-01,2025-05-30,157.0,0.0,8198.0,2169.3,6028.7,WA,False,none
PE-EMP-00703-06,EMP-00703,2025-05-31,2025-06-29,157.1,0.0,8198.0,1929.43,6268.57,WA,False,none
PE-EMP-00704-01,EMP-00704,2025-01-01,2025-01-30,141.8,0.0,8148.0,1535.09,6612.91,UK_national,False,none
PE-EMP-00704-02,EMP-00704,2025-01-31,2025-03-01,149.7,0.0,8148.0,1976.76,6171.24,UK_national,False,none
PE-EMP-00704-03,EMP-00704,2025-03-02,2025-03-31,154.2,0.0,8148.0,2250.83,5897.17,UK_national,False,none
PE-EMP-00704-04,EMP-00704,2025-04-01,2025-04-30,161.0,0.0,8148.0,1495.81,6652.19,UK_national,False,none
PE-EMP-00704-05,EMP-00704,2025-05-01,2025-05-30,158.3,0.0,8148.0,1541.33,6606.67,UK_national,False,none
PE-EMP-00704-06,EMP-00704,2025-05-31,2025-06-29,165.9,0.0,8148.0,1658.35,6489.65,UK_national,False,none
PE-EMP-00705-01,EMP-00705,2025-01-01,2025-01-30,155.2,0.0,8293.0,1863.92,6429.08,TX,False,none
PE-EMP-00705-02,EMP-00705,2025-01-31,2025-03-01,153.4,0.0,8293.0,1939.96,6353.04,TX,False,none
PE-EMP-00705-03,EMP-00705,2025-03-02,2025-03-31,167.2,0.0,8293.0,1647.62,6645.38,TX,False,none
PE-EMP-00705-04,EMP-00705,2025-04-01,2025-04-30,166.1,0.0,8293.0,1867.59,6425.41,TX,False,none
PE-EMP-00705-05,EMP-00705,2025-05-01,2025-05-30,150.7,0.0,8293.0,1557.42,6735.58,TX,False,none
PE-EMP-00705-06,EMP-00705,2025-05-31,2025-06-29,157.2,0.0,8293.0,2089.35,6203.65,TX,False,none
PE-EMP-00706-01,EMP-00706,2025-01-01,2025-01-30,158.6,6.9,7210.34,1738.0,5472.34,FL,False,none
PE-EMP-00706-02,EMP-00706,2025-01-31,2025-03-01,153.8,8.1,7287.06,1936.19,5350.87,FL,False,none
PE-EMP-00706-03,EMP-00706,2025-03-02,2025-03-31,156.1,6.5,7186.59,1650.92,5535.67,FL,False,none
PE-EMP-00706-04,EMP-00706,2025-04-01,2025-04-30,163.7,12.6,7568.01,1460.24,6107.77,FL,False,none
PE-EMP-00706-05,EMP-00706,2025-05-01,2025-05-30,154.5,2.9,6957.77,1944.13,5013.64,FL,False,none
PE-EMP-00706-06,EMP-00706,2025-05-31,2025-06-29,141.1,9.6,7383.54,1564.02,5819.52,FL,False,none
PE-EMP-00707-01,EMP-00707,2025-01-01,2025-01-30,154.7,0.0,8630.0,1897.39,6732.61,NY,False,none
PE-EMP-00707-02,EMP-00707,2025-01-31,2025-03-01,145.2,0.0,8630.0,2092.95,6537.05,NY,False,none
PE-EMP-00707-03,EMP-00707,2025-03-02,2025-03-31,146.6,0.0,8630.0,1598.17,7031.83,NY,False,none
PE-EMP-00707-04,EMP-00707,2025-04-01,2025-04-30,147.5,0.0,8630.0,1579.2,7050.8,NY,False,none
PE-EMP-00707-05,EMP-00707,2025-05-01,2025-05-30,165.1,0.0,8630.0,1864.39,6765.61,NY,False,none
PE-EMP-00707-06,EMP-00707,2025-05-31,2025-06-29,167.8,0.0,8630.0,1882.15,6747.85,NY,False,none
PE-EMP-00708-01,EMP-00708,2025-01-01,2025-01-30,157.3,10.3,7355.84,1742.74,5613.1,WA,False,none
PE-EMP-00708-02,EMP-00708,2025-01-31,2025-03-01,140.9,1.9,6826.77,1419.69,5407.08,WA,False,none
PE-EMP-00708-03,EMP-00708,2025-03-02,2025-03-31,155.2,11.7,7443.36,1594.84,5848.52,WA,False,none
PE-EMP-00708-04,EMP-00708,2025-04-01,2025-04-30,150.5,3.8,6946.0,1899.2,5046.8,WA,False,none
PE-EMP-00708-05,EMP-00708,2025-05-01,2025-05-30,151.0,8.9,7269.03,1450.98,5818.05,WA,False,none
PE-EMP-00708-06,EMP-00708,2025-05-31,2025-06-29,149.9,12.2,7478.13,1566.04,5912.09,WA,False,none
PE-EMP-00709-01,EMP-00709,2025-01-01,2025-01-30,157.9,9.5,5107.02,987.24,4119.78,federal,False,none
PE-EMP-00709-02,EMP-00709,2025-01-31,2025-03-01,154.9,8.6,5068.84,1048.87,4019.97,federal,False,none
PE-EMP-00709-03,EMP-00709,2025-03-02,2025-03-31,151.0,13.0,5260.28,1402.54,3857.74,federal,False,none
PE-EMP-00709-04,EMP-00709,2025-04-01,2025-04-30,145.4,14.4,5322.33,1449.68,3872.65,federal,False,none
PE-EMP-00709-05,EMP-00709,2025-05-01,2025-05-30,166.2,5.1,4913.32,965.18,3948.14,federal,False,none
PE-EMP-00709-06,EMP-00709,2025-05-31,2025-06-29,142.2,10.2,5137.73,1093.25,4044.48,federal,False,none
PE-EMP-00710-01,EMP-00710,2025-01-01,2025-01-30,154.9,0.0,8635.0,1846.07,6788.93,FL,False,none
PE-EMP-00710-02,EMP-00710,2025-01-31,2025-03-01,167.7,0.0,8635.0,1971.63,6663.37,FL,False,none
PE-EMP-00710-03,EMP-00710,2025-03-02,2025-03-31,165.6,0.0,8635.0,1850.78,6784.22,FL,False,none
PE-EMP-00710-04,EMP-00710,2025-04-01,2025-04-30,144.7,0.0,8635.0,2051.2,6583.8,FL,False,none
PE-EMP-00710-05,EMP-00710,2025-05-01,2025-05-30,151.3,0.0,8635.0,2063.01,6571.99,FL,False,none
PE-EMP-00710-06,EMP-00710,2025-05-31,2025-06-29,164.3,0.0,8635.0,1746.23,6888.77,FL,False,none
PE-EMP-00711-01,EMP-00711,2025-01-01,2025-01-30,154.8,11.7,6993.63,1517.65,5475.98,FL,False,none
PE-EMP-00711-02,EMP-00711,2025-01-31,2025-03-01,146.3,14.9,7179.48,1654.5,5524.98,FL,False,none
PE-EMP-00711-03,EMP-00711,2025-03-02,2025-03-31,155.7,5.9,6647.65,1439.75,5207.9,FL,False,none
PE-EMP-00711-04,EMP-00711,2025-04-01,2025-04-30,166.6,7.3,6734.85,1389.3,5345.55,FL,False,none
PE-EMP-00711-05,EMP-00711,2025-05-01,2025-05-30,150.8,12.8,7054.27,1498.59,5555.68,FL,False,none
PE-EMP-00711-06,EMP-00711,2025-05-31,2025-06-29,157.1,11.3,6970.86,1793.6,5177.26,FL,False,none
PE-EMP-00712-01,EMP-00712,2025-01-01,2025-01-30,148.0,3.9,7000.49,1265.41,5735.08,TX,False,none
PE-EMP-00712-02,EMP-00712,2025-01-31,2025-03-01,148.6,9.3,7343.71,1966.46,5377.25,TX,False,none
PE-EMP-00712-03,EMP-00712,2025-03-02,2025-03-31,165.0,12.4,7534.7,1412.39,6122.31,TX,False,none
PE-EMP-00712-04,EMP-00712,2025-04-01,2025-04-30,163.3,13.7,7619.73,1827.97,5791.76,TX,False,none
PE-EMP-00712-05,EMP-00712,2025-05-01,2025-05-30,144.6,3.0,6941.09,1827.61,5113.48,TX,False,none
PE-EMP-00712-06,EMP-00712,2025-05-31,2025-06-29,149.3,3.5,6976.1,1809.22,5166.88,TX,False,none
PE-EMP-00713-01,EMP-00713,2025-01-01,2025-01-30,142.4,0.0,8285.0,1793.06,6491.94,UK_national,False,none
PE-EMP-00713-02,EMP-00713,2025-01-31,2025-03-01,151.0,0.0,8285.0,1564.38,6720.62,UK_national,False,none
PE-EMP-00713-03,EMP-00713,2025-03-02,2025-03-31,148.2,0.0,8285.0,1580.38,6704.62,UK_national,False,none
PE-EMP-00713-04,EMP-00713,2025-04-01,2025-04-30,163.2,0.0,8285.0,1658.9,6626.1,UK_national,False,none
PE-EMP-00713-05,EMP-00713,2025-05-01,2025-05-30,146.1,0.0,8285.0,1635.05,6649.95,UK_national,False,none
PE-EMP-00713-06,EMP-00713,2025-05-31,2025-06-29,157.3,0.0,8285.0,1668.99,6616.01,UK_national,False,none
PE-EMP-00714-01,EMP-00714,2025-01-01,2025-01-30,151.7,0.0,6705.0,1694.92,5010.08,WA,False,none
PE-EMP-00714-02,EMP-00714,2025-01-31,2025-03-01,166.6,0.0,6705.0,1272.19,5432.81,WA,True,rule_override
PE-EMP-00714-03,EMP-00714,2025-03-02,2025-03-31,162.4,0.0,6705.0,1506.83,5198.17,WA,False,none
PE-EMP-00714-04,EMP-00714,2025-04-01,2025-04-30,148.9,0.0,6705.0,1217.67,5487.33,WA,False,none
PE-EMP-00714-05,EMP-00714,2025-05-01,2025-05-30,157.4,0.0,6705.0,1845.71,4859.29,WA,False,none
PE-EMP-00714-06,EMP-00714,2025-05-31,2025-06-29,144.2,0.0,6705.0,1786.39,4918.61,WA,False,none
PE-EMP-00715-01,EMP-00715,2025-01-01,2025-01-30,162.5,4.3,4835.37,1242.57,3592.8,TX,False,none
PE-EMP-00715-02,EMP-00715,2025-01-31,2025-03-01,142.4,11.6,5157.65,1019.83,4137.82,TX,False,none
PE-EMP-00715-03,EMP-00715,2025-03-02,2025-03-31,150.7,7.9,4996.06,1397.69,3598.37,TX,False,none
PE-EMP-00715-04,EMP-00715,2025-04-01,2025-04-30,159.5,7.9,4992.46,1178.96,3813.5,TX,False,none
PE-EMP-00715-05,EMP-00715,2025-05-01,2025-05-30,156.9,12.5,5195.95,1329.0,3866.95,TX,False,none
PE-EMP-00715-06,EMP-00715,2025-05-31,2025-06-29,140.2,5.4,4886.05,994.32,3891.73,TX,False,none
PE-EMP-00716-01,EMP-00716,2025-01-01,2025-01-30,154.4,0.0,8108.0,1911.71,6196.29,DE_national,False,none
PE-EMP-00716-02,EMP-00716,2025-01-31,2025-03-01,161.5,0.0,8108.0,1785.54,6322.46,DE_national,False,none
PE-EMP-00716-03,EMP-00716,2025-03-02,2025-03-31,164.9,0.0,8108.0,2217.68,5890.32,DE_national,False,none
PE-EMP-00716-04,EMP-00716,2025-04-01,2025-04-30,155.6,0.0,8108.0,2199.61,5908.39,DE_national,False,none
PE-EMP-00716-05,EMP-00716,2025-05-01,2025-05-30,161.7,0.0,8108.0,1796.8,6311.2,DE_national,False,none
PE-EMP-00716-06,EMP-00716,2025-05-31,2025-06-29,166.8,0.0,8108.0,2160.0,5948.0,DE_national,False,none
PE-EMP-00717-01,EMP-00717,2025-01-01,2025-01-30,156.3,0.0,7838.0,1736.52,6101.48,federal,False,none
PE-EMP-00717-02,EMP-00717,2025-01-31,2025-03-01,161.1,0.0,7838.0,1833.24,6004.76,federal,False,none
PE-EMP-00717-03,EMP-00717,2025-03-02,2025-03-31,147.8,0.0,7838.0,2086.94,5751.06,federal,False,none
PE-EMP-00717-04,EMP-00717,2025-04-01,2025-04-30,143.9,0.0,7838.0,1964.28,5873.72,federal,False,none
PE-EMP-00717-05,EMP-00717,2025-05-01,2025-05-30,154.3,0.0,7838.0,2181.44,5656.56,federal,False,none
PE-EMP-00717-06,EMP-00717,2025-05-31,2025-06-29,165.0,0.0,7838.0,1630.0,6208.0,federal,False,none
PE-EMP-00718-01,EMP-00718,2025-01-01,2025-01-30,157.7,11.0,7231.68,1606.85,5624.83,UK_national,False,none
PE-EMP-00718-02,EMP-00718,2025-01-31,2025-03-01,150.2,13.0,7355.13,1903.22,5451.91,UK_national,False,none
PE-EMP-00718-03,EMP-00718,2025-03-02,2025-03-31,163.6,4.3,6821.55,1570.34,5251.21,UK_national,False,none
PE-EMP-00718-04,EMP-00718,2025-04-01,2025-04-30,148.5,9.2,7122.42,1366.55,5755.87,UK_national,False,none
PE-EMP-00718-05,EMP-00718,2025-05-01,2025-05-30,142.3,10.4,7195.07,2004.1,5190.97,UK_national,False,none
PE-EMP-00718-06,EMP-00718,2025-05-31,2025-06-29,140.7,14.0,7415.78,1339.48,6076.3,UK_national,False,none
PE-EMP-00719-01,EMP-00719,2025-01-01,2025-01-30,141.1,2.3,4704.96,991.26,3713.7,FL,False,none
PE-EMP-00719-02,EMP-00719,2025-01-31,2025-03-01,157.9,8.8,4983.61,1334.81,3648.8,FL,False,none
PE-EMP-00719-03,EMP-00719,2025-03-02,2025-03-31,142.0,3.5,4757.07,1161.99,3595.08,FL,False,none
PE-EMP-00719-04,EMP-00719,2025-04-01,2025-04-30,163.1,14.9,5245.74,1004.94,4240.8,FL,False,none
PE-EMP-00719-05,EMP-00719,2025-05-01,2025-05-30,149.1,4.8,4809.48,965.91,3843.57,FL,False,none
PE-EMP-00719-06,EMP-00719,2025-05-31,2025-06-29,149.1,7.2,4915.11,1141.18,3773.93,FL,False,none
PE-EMP-00720-01,EMP-00720,2025-01-01,2025-01-30,157.7,0.0,6923.0,1540.84,5382.16,WA,False,none
PE-EMP-00720-02,EMP-00720,2025-01-31,2025-03-01,160.7,0.0,6923.0,1718.29,5204.71,WA,False,none
PE-EMP-00720-03,EMP-00720,2025-03-02,2025-03-31,147.9,0.0,6923.0,1443.0,5480.0,WA,False,none
PE-EMP-00720-04,EMP-00720,2025-04-01,2025-04-30,154.6,0.0,6923.0,1673.23,5249.77,WA,False,none
PE-EMP-00720-05,EMP-00720,2025-05-01,2025-05-30,150.8,0.0,6923.0,1675.34,5247.66,WA,False,none
PE-EMP-00720-06,EMP-00720,2025-05-31,2025-06-29,160.1,0.0,6923.0,1345.88,5577.12,WA,False,none
PE-EMP-00721-01,EMP-00721,2025-01-01,2025-01-30,167.0,0.0,7984.0,1988.3,5995.7,NY,False,none
PE-EMP-00721-02,EMP-00721,2025-01-31,2025-03-01,166.2,0.0,7984.0,1774.9,6209.1,NY,False,none
PE-EMP-00721-03,EMP-00721,2025-03-02,2025-03-31,165.2,0.0,7984.0,2066.92,5917.08,NY,False,none
PE-EMP-00721-04,EMP-00721,2025-04-01,2025-04-30,160.1,0.0,7984.0,1670.79,6313.21,NY,False,none
PE-EMP-00721-05,EMP-00721,2025-05-01,2025-05-30,151.6,0.0,7984.0,2033.45,5950.55,NY,False,none
PE-EMP-00721-06,EMP-00721,2025-05-31,2025-06-29,143.6,0.0,7984.0,2112.54,5871.46,NY,False,none
PE-EMP-00722-01,EMP-00722,2025-01-01,2025-01-30,167.6,10.6,4833.21,1314.27,3518.94,CA,False,none
PE-EMP-00722-02,EMP-00722,2025-01-31,2025-03-01,148.1,14.2,4985.36,932.06,4053.3,CA,False,none
PE-EMP-00722-03,EMP-00722,2025-03-02,2025-03-31,146.1,12.2,4901.17,1229.0,3672.17,CA,False,none
PE-EMP-00722-04,EMP-00722,2025-04-01,2025-04-30,162.6,1.6,4463.47,863.11,3600.36,CA,False,none
PE-EMP-00722-05,EMP-00722,2025-05-01,2025-05-30,163.4,1.9,4476.11,1077.21,3398.9,CA,False,none
PE-EMP-00722-06,EMP-00722,2025-05-31,2025-06-29,164.6,9.7,4797.0,1164.19,3632.81,CA,False,none
PE-EMP-00723-01,EMP-00723,2025-01-01,2025-01-30,157.5,0.9,4288.28,1088.49,3199.79,WA,False,none
PE-EMP-00723-02,EMP-00723,2025-01-31,2025-03-01,164.8,7.8,4563.76,1011.04,3552.72,WA,False,none
PE-EMP-00723-03,EMP-00723,2025-03-02,2025-03-31,153.7,3.1,4374.98,1029.32,3345.66,WA,False,none
PE-EMP-00723-04,EMP-00723,2025-04-01,2025-04-30,149.7,8.0,4571.48,1173.47,3398.01,WA,False,none
PE-EMP-00723-05,EMP-00723,2025-05-01,2025-05-30,151.3,10.6,4675.34,1152.54,3522.8,WA,False,none
PE-EMP-00723-06,EMP-00723,2025-05-31,2025-06-29,145.0,2.7,4361.05,937.66,3423.39,WA,False,none
PE-EMP-00724-01,EMP-00724,2025-01-01,2025-01-30,153.0,0.0,8044.0,1657.34,6386.66,DE_national,False,none
PE-EMP-00724-02,EMP-00724,2025-01-31,2025-03-01,167.3,0.0,8044.0,1900.03,6143.97,DE_national,False,none
PE-EMP-00724-03,EMP-00724,2025-03-02,2025-03-31,147.4,0.0,8044.0,1557.05,6486.95,DE_national,False,none
PE-EMP-00724-04,EMP-00724,2025-04-01,2025-04-30,144.3,0.0,8044.0,1907.41,6136.59,DE_national,False,none
PE-EMP-00724-05,EMP-00724,2025-05-01,2025-05-30,140.9,0.0,8044.0,1562.5,6481.5,DE_national,False,none
PE-EMP-00724-06,EMP-00724,2025-05-31,2025-06-29,142.5,0.0,8044.0,2104.85,5939.15,DE_national,False,none
PE-EMP-00725-01,EMP-00725,2025-01-01,2025-01-30,163.9,11.1,6814.82,1487.28,5327.54,NY,False,none
PE-EMP-00725-02,EMP-00725,2025-01-31,2025-03-01,158.4,3.6,6380.22,1213.68,5166.54,NY,False,none
PE-EMP-00725-03,EMP-00725,2025-03-02,2025-03-31,141.5,13.0,6925.14,1743.95,5181.19,NY,False,none
PE-EMP-00725-04,EMP-00725,2025-04-01,2025-04-30,166.9,9.7,6731.09,1329.76,5401.33,NY,False,none
PE-EMP-00725-05,EMP-00725,2025-05-01,2025-05-30,152.8,3.2,6357.64,1425.95,4931.69,NY,False,none
PE-EMP-00725-06,EMP-00725,2025-05-31,2025-06-29,160.1,3.3,6359.55,1503.71,4855.84,NY,False,none
PE-EMP-00726-01,EMP-00726,2025-01-01,2025-01-30,156.3,0.0,7986.0,1586.14,6399.86,FL,False,none
PE-EMP-00726-02,EMP-00726,2025-01-31,2025-03-01,163.5,0.0,7986.0,1460.85,6525.15,FL,False,none
PE-EMP-00726-03,EMP-00726,2025-03-02,2025-03-31,145.1,0.0,7986.0,1561.42,6424.58,FL,False,none
PE-EMP-00726-04,EMP-00726,2025-04-01,2025-04-30,166.7,0.0,7986.0,2163.92,5822.08,FL,False,none
PE-EMP-00726-05,EMP-00726,2025-05-01,2025-05-30,146.0,0.0,7986.0,1766.46,6219.54,FL,False,none
PE-EMP-00726-06,EMP-00726,2025-05-31,2025-06-29,144.8,0.0,7986.0,1517.99,6468.01,FL,False,none
PE-EMP-00727-01,EMP-00727,2025-01-01,2025-01-30,152.0,4.9,4562.56,1210.84,3351.72,UK_national,False,none
PE-EMP-00727-02,EMP-00727,2025-01-31,2025-03-01,142.1,4.5,4547.98,1070.2,3477.78,UK_national,False,none
PE-EMP-00727-03,EMP-00727,2025-03-02,2025-03-31,144.0,13.5,4912.05,1043.86,3868.19,UK_national,False,none
PE-EMP-00727-04,EMP-00727,2025-04-01,2025-04-30,150.2,14.5,4953.42,1282.61,3670.81,UK_national,False,none
PE-EMP-00727-05,EMP-00727,2025-05-01,2025-05-30,164.0,8.1,4693.34,995.08,3698.26,UK_national,False,none
PE-EMP-00727-06,EMP-00727,2025-05-31,2025-06-29,166.3,4.0,4525.64,869.9,3655.74,UK_national,True,rule_override
PE-EMP-00728-01,EMP-00728,2025-01-01,2025-01-30,160.3,6.9,6431.15,1635.87,4795.28,federal,False,none
PE-EMP-00728-02,EMP-00728,2025-01-31,2025-03-01,153.8,2.4,6175.18,1354.27,4820.91,federal,False,none
PE-EMP-00728-03,EMP-00728,2025-03-02,2025-03-31,146.9,0.3,6054.61,1291.22,4763.39,federal,False,none
PE-EMP-00728-04,EMP-00728,2025-04-01,2025-04-30,164.2,8.7,6528.44,1797.33,4731.11,federal,False,none
PE-EMP-00728-05,EMP-00728,2025-05-01,2025-05-30,153.9,10.7,6645.52,1273.6,5371.92,federal,False,none
PE-EMP-00728-06,EMP-00728,2025-05-31,2025-06-29,165.0,9.1,6550.52,1734.54,4815.98,federal,False,none
PE-EMP-00729-01,EMP-00729,2025-01-01,2025-01-30,156.3,0.0,8571.0,1545.08,7025.92,WA,False,none
PE-EMP-00729-02,EMP-00729,2025-01-31,2025-03-01,156.0,0.0,8571.0,1920.03,6650.97,WA,False,none
PE-EMP-00729-03,EMP-00729,2025-03-02,2025-03-31,144.5,0.0,8571.0,1826.57,6744.43,WA,False,none
PE-EMP-00729-04,EMP-00729,2025-04-01,2025-04-30,158.7,0.0,8571.0,2053.52,6517.48,WA,False,none
PE-EMP-00729-05,EMP-00729,2025-05-01,2025-05-30,161.3,0.0,8571.0,2323.31,6247.69,WA,False,none
PE-EMP-00729-06,EMP-00729,2025-05-31,2025-06-29,160.1,0.0,8571.0,1726.4,6844.6,WA,False,none
PE-EMP-00730-01,EMP-00730,2025-01-01,2025-01-30,159.8,0.0,7697.0,2014.69,5682.31,UK_national,False,none
PE-EMP-00730-02,EMP-00730,2025-01-31,2025-03-01,143.9,0.0,7697.0,2117.63,5579.37,UK_national,False,none
PE-EMP-00730-03,EMP-00730,2025-03-02,2025-03-31,166.5,0.0,7697.0,1784.89,5912.11,UK_national,False,none
PE-EMP-00730-04,EMP-00730,2025-04-01,2025-04-30,143.7,0.0,7697.0,1407.07,6289.93,UK_national,False,none
PE-EMP-00730-05,EMP-00730,2025-05-01,2025-05-30,158.9,0.0,7697.0,2133.67,5563.33,UK_national,False,none
PE-EMP-00730-06,EMP-00730,2025-05-31,2025-06-29,143.8,0.0,7697.0,1665.87,6031.13,UK_national,False,none
PE-EMP-00731-01,EMP-00731,2025-01-01,2025-01-30,160.4,10.9,4516.44,837.48,3678.96,CA,True,ghost_employee
PE-EMP-00731-02,EMP-00731,2025-01-31,2025-03-01,145.3,0.6,4119.7,759.86,3359.84,CA,False,none
PE-EMP-00731-03,EMP-00731,2025-03-02,2025-03-31,161.3,7.3,4379.77,1143.48,3236.29,CA,False,none
PE-EMP-00731-04,EMP-00731,2025-04-01,2025-04-30,159.2,7.0,4366.32,1005.76,3360.56,CA,False,none
PE-EMP-00731-05,EMP-00731,2025-05-01,2025-05-30,164.2,6.6,4350.62,1080.52,3270.1,CA,False,none
PE-EMP-00731-06,EMP-00731,2025-05-31,2025-06-29,159.4,10.8,4514.1,1209.11,3304.99,CA,False,none
PE-EMP-00732-01,EMP-00732,2025-01-01,2025-01-30,158.7,0.0,8017.0,1729.56,6287.44,CA,False,none
PE-EMP-00732-02,EMP-00732,2025-01-31,2025-03-01,146.6,0.0,8017.0,1871.96,6145.04,CA,False,none
PE-EMP-00732-03,EMP-00732,2025-03-02,2025-03-31,165.9,0.0,8017.0,2083.37,5933.63,CA,False,none
PE-EMP-00732-04,EMP-00732,2025-04-01,2025-04-30,165.8,0.0,8017.0,2076.67,5940.33,CA,False,none
PE-EMP-00732-05,EMP-00732,2025-05-01,2025-05-30,162.8,0.0,8017.0,1475.48,6541.52,CA,False,none
PE-EMP-00732-06,EMP-00732,2025-05-31,2025-06-29,140.5,0.0,8017.0,2227.11,5789.89,CA,False,none
PE-EMP-00733-01,EMP-00733,2025-01-01,2025-01-30,146.6,0.0,7321.0,1601.73,5719.27,WA,False,none
PE-EMP-00733-02,EMP-00733,2025-01-31,2025-03-01,142.3,0.0,7321.0,1737.03,5583.97,WA,False,none
PE-EMP-00733-03,EMP-00733,2025-03-02,2025-03-31,162.2,0.0,7321.0,1552.59,5768.41,WA,False,none
PE-EMP-00733-04,EMP-00733,2025-04-01,2025-04-30,152.9,0.0,7321.0,1571.74,5749.26,WA,False,none
PE-EMP-00733-05,EMP-00733,2025-05-01,2025-05-30,164.4,0.0,7321.0,2016.27,5304.73,WA,False,none
PE-EMP-00733-06,EMP-00733,2025-05-31,2025-06-29,164.4,0.0,7321.0,1735.45,5585.55,WA,False,none
PE-EMP-00734-01,EMP-00734,2025-01-01,2025-01-30,166.0,0.0,7541.0,1427.94,6113.06,UK_national,False,none
PE-EMP-00734-02,EMP-00734,2025-01-31,2025-03-01,161.8,0.0,7541.0,1842.2,5698.8,UK_national,False,none
PE-EMP-00734-03,EMP-00734,2025-03-02,2025-03-31,144.7,0.0,7541.0,2056.33,5484.67,UK_national,False,none
PE-EMP-00734-04,EMP-00734,2025-04-01,2025-04-30,166.4,0.0,7541.0,1922.41,5618.59,UK_national,False,none
PE-EMP-00734-05,EMP-00734,2025-05-01,2025-05-30,158.6,0.0,7541.0,1427.12,6113.88,UK_national,False,none
PE-EMP-00734-06,EMP-00734,2025-05-31,2025-06-29,145.6,0.0,7541.0,1566.4,5974.6,UK_national,False,none
PE-EMP-00735-01,EMP-00735,2025-01-01,2025-01-30,164.3,7.7,4785.02,888.43,3896.59,TX,False,none
PE-EMP-00735-02,EMP-00735,2025-01-31,2025-03-01,163.1,13.7,5036.29,1196.9,3839.39,TX,False,none
PE-EMP-00735-03,EMP-00735,2025-03-02,2025-03-31,167.8,1.2,4515.88,1123.0,3392.88,TX,False,none
PE-EMP-00735-04,EMP-00735,2025-04-01,2025-04-30,154.0,9.1,4846.11,928.11,3918.0,TX,False,none
PE-EMP-00735-05,EMP-00735,2025-05-01,2025-05-30,151.1,9.5,4861.55,1230.83,3630.72,TX,False,none
PE-EMP-00735-06,EMP-00735,2025-05-31,2025-06-29,143.2,2.4,4562.81,1216.78,3346.03,TX,False,none
PE-EMP-00736-01,EMP-00736,2025-01-01,2025-01-30,165.9,0.0,7993.0,2206.16,5786.84,WA,False,none
PE-EMP-00736-02,EMP-00736,2025-01-31,2025-03-01,151.5,0.0,7993.0,2040.34,5952.66,WA,False,none
PE-EMP-00736-03,EMP-00736,2025-03-02,2025-03-31,143.9,0.0,7993.0,1530.79,6462.21,WA,False,none
PE-EMP-00736-04,EMP-00736,2025-04-01,2025-04-30,161.6,0.0,7993.0,1977.02,6015.98,WA,False,none
PE-EMP-00736-05,EMP-00736,2025-05-01,2025-05-30,143.2,0.0,7993.0,1744.54,6248.46,WA,False,none
PE-EMP-00736-06,EMP-00736,2025-05-31,2025-06-29,142.9,0.0,7993.0,2168.73,5824.27,WA,False,none
PE-EMP-00737-01,EMP-00737,2025-01-01,2025-01-30,141.2,0.0,8005.0,1935.22,6069.78,CA,False,none
PE-EMP-00737-02,EMP-00737,2025-01-31,2025-03-01,140.9,0.0,8005.0,1549.76,6455.24,CA,False,none
PE-EMP-00737-03,EMP-00737,2025-03-02,2025-03-31,149.6,0.0,8005.0,2035.34,5969.66,CA,False,none
PE-EMP-00737-04,EMP-00737,2025-04-01,2025-04-30,154.8,0.0,8005.0,1791.23,6213.77,CA,False,none
PE-EMP-00737-05,EMP-00737,2025-05-01,2025-05-30,147.0,0.0,8005.0,2181.75,5823.25,CA,False,none
PE-EMP-00737-06,EMP-00737,2025-05-31,2025-06-29,160.9,0.0,8005.0,1612.28,6392.72,CA,False,none
PE-EMP-00738-01,EMP-00738,2025-01-01,2025-01-30,148.2,0.0,7515.0,1497.32,6017.68,WA,False,none
PE-EMP-00738-02,EMP-00738,2025-01-31,2025-03-01,150.6,0.0,7515.0,1509.31,6005.69,WA,False,none
PE-EMP-00738-03,EMP-00738,2025-03-02,2025-03-31,140.4,0.0,7515.0,1487.1,6027.9,WA,False,none
PE-EMP-00738-04,EMP-00738,2025-04-01,2025-04-30,158.2,0.0,7515.0,1852.56,5662.44,WA,False,none
PE-EMP-00738-05,EMP-00738,2025-05-01,2025-05-30,148.4,0.0,7515.0,1744.23,5770.77,WA,False,none
PE-EMP-00738-06,EMP-00738,2025-05-31,2025-06-29,144.2,0.0,7515.0,1942.63,5572.37,WA,False,none
PE-EMP-00739-01,EMP-00739,2025-01-01,2025-01-30,144.9,1.4,6266.4,1142.18,5124.22,TX,False,none
PE-EMP-00739-02,EMP-00739,2025-01-31,2025-03-01,155.6,5.9,6531.54,1518.46,5013.08,TX,False,none
PE-EMP-00739-03,EMP-00739,2025-03-02,2025-03-31,165.8,12.9,6936.23,1648.35,5287.88,TX,False,none
PE-EMP-00739-04,EMP-00739,2025-04-01,2025-04-30,149.1,2.0,6305.16,1510.92,4794.24,TX,False,none
PE-EMP-00739-05,EMP-00739,2025-05-01,2025-05-30,150.5,0.3,6202.89,1627.17,4575.72,TX,False,none
PE-EMP-00739-06,EMP-00739,2025-05-31,2025-06-29,145.4,12.7,6924.94,1935.22,4989.72,TX,False,none
PE-EMP-00740-01,EMP-00740,2025-01-01,2025-01-30,149.8,0.0,7485.0,1632.1,5852.9,NY,False,none
PE-EMP-00740-02,EMP-00740,2025-01-31,2025-03-01,162.1,0.0,7485.0,1953.93,5531.07,NY,False,none
PE-EMP-00740-03,EMP-00740,2025-03-02,2025-03-31,160.6,0.0,7485.0,1348.23,6136.77,NY,False,none
PE-EMP-00740-04,EMP-00740,2025-04-01,2025-04-30,166.1,0.0,7485.0,1882.98,5602.02,NY,False,none
PE-EMP-00740-05,EMP-00740,2025-05-01,2025-05-30,155.9,0.0,7485.0,1605.71,5879.29,NY,False,none
PE-EMP-00740-06,EMP-00740,2025-05-31,2025-06-29,161.8,0.0,7485.0,1784.02,5700.98,NY,False,none
PE-EMP-00741-01,EMP-00741,2025-01-01,2025-01-30,163.1,0.0,8687.0,2238.09,6448.91,WA,False,none
PE-EMP-00741-02,EMP-00741,2025-01-31,2025-03-01,146.4,0.0,8687.0,1957.82,6729.18,WA,False,none
PE-EMP-00741-03,EMP-00741,2025-03-02,2025-03-31,144.0,0.0,8687.0,1729.37,6957.63,WA,False,none
PE-EMP-00741-04,EMP-00741,2025-04-01,2025-04-30,166.2,0.0,8687.0,2041.18,6645.82,WA,False,none
PE-EMP-00741-05,EMP-00741,2025-05-01,2025-05-30,155.1,0.0,8687.0,1900.17,6786.83,WA,False,none
PE-EMP-00741-06,EMP-00741,2025-05-31,2025-06-29,161.4,0.0,8687.0,1676.88,7010.12,WA,False,none
PE-EMP-00742-01,EMP-00742,2025-01-01,2025-01-30,163.7,0.0,7674.0,1580.35,6093.65,DE_national,False,none
PE-EMP-00742-02,EMP-00742,2025-01-31,2025-03-01,142.1,0.0,7674.0,1951.23,5722.77,DE_national,False,none
PE-EMP-00742-03,EMP-00742,2025-03-02,2025-03-31,144.4,0.0,7674.0,1489.41,6184.59,DE_national,False,none
PE-EMP-00742-04,EMP-00742,2025-04-01,2025-04-30,153.5,0.0,7674.0,1422.62,6251.38,DE_national,False,none
PE-EMP-00742-05,EMP-00742,2025-05-01,2025-05-30,143.4,0.0,7674.0,1852.7,5821.3,DE_national,False,none
PE-EMP-00742-06,EMP-00742,2025-05-31,2025-06-29,153.4,0.0,7674.0,1809.17,5864.83,DE_national,False,none
PE-EMP-00743-01,EMP-00743,2025-01-01,2025-01-30,147.8,0.0,6991.0,1374.68,5616.32,NY,False,none
PE-EMP-00743-02,EMP-00743,2025-01-31,2025-03-01,157.3,0.0,6991.0,1568.16,5422.84,NY,False,none
PE-EMP-00743-03,EMP-00743,2025-03-02,2025-03-31,160.2,0.0,6991.0,1318.06,5672.94,NY,False,none
PE-EMP-00743-04,EMP-00743,2025-04-01,2025-04-30,151.9,0.0,6991.0,1671.42,5319.58,NY,False,none
PE-EMP-00743-05,EMP-00743,2025-05-01,2025-05-30,151.5,0.0,6991.0,1349.25,5641.75,NY,False,none
PE-EMP-00743-06,EMP-00743,2025-05-31,2025-06-29,164.1,0.0,6991.0,1629.64,5361.36,NY,False,none
PE-EMP-00744-01,EMP-00744,2025-01-01,2025-01-30,166.5,0.0,8461.0,1613.55,6847.45,DE_national,False,none
PE-EMP-00744-02,EMP-00744,2025-01-31,2025-03-01,148.9,0.0,8461.0,2329.24,6131.76,DE_national,False,none
PE-EMP-00744-03,EMP-00744,2025-03-02,2025-03-31,144.4,0.0,8461.0,2266.35,6194.65,DE_national,False,none
PE-EMP-00744-04,EMP-00744,2025-04-01,2025-04-30,157.7,0.0,8461.0,1529.39,6931.61,DE_national,False,none
PE-EMP-00744-05,EMP-00744,2025-05-01,2025-05-30,159.6,0.0,8461.0,2256.09,6204.91,DE_national,False,none
PE-EMP-00744-06,EMP-00744,2025-05-31,2025-06-29,140.9,0.0,8461.0,1572.6,6888.4,DE_national,False,none
PE-EMP-00745-01,EMP-00745,2025-01-01,2025-01-30,140.5,0.0,8127.0,1758.02,6368.98,federal,False,none
PE-EMP-00745-02,EMP-00745,2025-01-31,2025-03-01,165.3,0.0,8127.0,2240.28,5886.72,federal,False,none
PE-EMP-00745-03,EMP-00745,2025-03-02,2025-03-31,155.8,0.0,8127.0,2087.35,6039.65,federal,False,none
PE-EMP-00745-04,EMP-00745,2025-04-01,2025-04-30,152.6,0.0,8127.0,1806.79,6320.21,federal,False,none
PE-EMP-00745-05,EMP-00745,2025-05-01,2025-05-30,162.0,0.0,8127.0,1969.1,6157.9,federal,False,none
PE-EMP-00745-06,EMP-00745,2025-05-31,2025-06-29,150.4,0.0,8127.0,1942.45,6184.55,federal,False,none
PE-EMP-00746-01,EMP-00746,2025-01-01,2025-01-30,161.8,5.2,4145.42,864.34,3281.08,federal,False,none
PE-EMP-00746-02,EMP-00746,2025-01-31,2025-03-01,163.6,14.2,4477.61,918.48,3559.13,federal,False,none
PE-EMP-00746-03,EMP-00746,2025-03-02,2025-03-31,163.6,2.1,4028.06,1051.36,2976.7,federal,False,none
PE-EMP-00746-04,EMP-00746,2025-04-01,2025-04-30,152.9,0.0,3953.52,729.08,3224.44,federal,False,none
PE-EMP-00746-05,EMP-00746,2025-05-01,2025-05-30,141.7,1.8,4017.86,1038.05,2979.81,federal,False,none
PE-EMP-00746-06,EMP-00746,2025-05-31,2025-06-29,143.4,3.1,4067.16,1059.94,3007.22,federal,False,none
PE-EMP-00747-01,EMP-00747,2025-01-01,2025-01-30,160.6,6.2,4649.99,943.88,3706.11,TX,False,none
PE-EMP-00747-02,EMP-00747,2025-01-31,2025-03-01,152.6,4.1,4565.69,1252.46,3313.23,TX,False,none
PE-EMP-00747-03,EMP-00747,2025-03-02,2025-03-31,153.7,6.4,4656.93,858.1,3798.83,TX,False,none
PE-EMP-00747-04,EMP-00747,2025-04-01,2025-04-30,140.4,1.5,4455.22,1125.73,3329.49,TX,False,none
PE-EMP-00747-05,EMP-00747,2025-05-01,2025-05-30,150.3,1.6,4461.38,1067.5,3393.88,TX,False,none
PE-EMP-00747-06,EMP-00747,2025-05-31,2025-06-29,164.3,1.6,4461.86,956.05,3505.81,TX,False,none
PE-EMP-00748-01,EMP-00748,2025-01-01,2025-01-30,141.7,1.3,4546.35,1049.46,3496.89,federal,False,none
PE-EMP-00748-02,EMP-00748,2025-01-31,2025-03-01,151.4,1.5,4557.24,844.86,3712.38,federal,False,none
PE-EMP-00748-03,EMP-00748,2025-03-02,2025-03-31,160.0,5.0,4702.85,1302.11,3400.74,federal,False,none
PE-EMP-00748-04,EMP-00748,2025-04-01,2025-04-30,162.8,4.3,4674.79,1294.9,3379.89,federal,False,none
PE-EMP-00748-05,EMP-00748,2025-05-01,2025-05-30,166.7,7.4,4803.88,960.53,3843.35,federal,False,none
PE-EMP-00748-06,EMP-00748,2025-05-31,2025-06-29,151.2,1.7,4565.16,911.46,3653.7,federal,False,none
PE-EMP-00749-01,EMP-00749,2025-01-01,2025-01-30,140.5,6.5,4840.07,1040.1,3799.97,NY,False,none
PE-EMP-00749-02,EMP-00749,2025-01-31,2025-03-01,164.1,10.1,4994.81,1122.24,3872.57,NY,False,none
PE-EMP-00749-03,EMP-00749,2025-03-02,2025-03-31,159.7,8.9,4943.37,1135.08,3808.29,NY,False,none
PE-EMP-00749-04,EMP-00749,2025-04-01,2025-04-30,145.7,8.4,4920.99,1050.02,3870.97,NY,False,none
PE-EMP-00749-05,EMP-00749,2025-05-01,2025-05-30,168.0,12.1,5076.46,1308.21,3768.25,NY,False,none
PE-EMP-00749-06,EMP-00749,2025-05-31,2025-06-29,157.0,2.3,4661.43,1216.57,3444.86,NY,False,none
PE-EMP-00750-01,EMP-00750,2025-01-01,2025-01-30,166.3,13.8,7618.37,2009.98,5608.39,NY,False,none
PE-EMP-00750-02,EMP-00750,2025-01-31,2025-03-01,164.9,6.6,7158.26,1395.08,5763.18,NY,False,none
PE-EMP-00750-03,EMP-00750,2025-03-02,2025-03-31,149.9,1.0,6804.77,1388.55,5416.22,NY,False,none
PE-EMP-00750-04,EMP-00750,2025-04-01,2025-04-30,143.9,12.8,7553.67,1374.0,6179.67,NY,False,none
PE-EMP-00750-05,EMP-00750,2025-05-01,2025-05-30,141.6,4.0,6996.27,1549.54,5446.73,NY,False,none
PE-EMP-00750-06,EMP-00750,2025-05-31,2025-06-29,142.8,14.5,7659.26,1858.78,5800.48,NY,False,none
PE-EMP-00751-01,EMP-00751,2025-01-01,2025-01-30,140.7,0.0,8928.0,1667.58,7260.42,FL,False,none
PE-EMP-00751-02,EMP-00751,2025-01-31,2025-03-01,143.3,0.0,8928.0,2006.06,6921.94,FL,False,none
PE-EMP-00751-03,EMP-00751,2025-03-02,2025-03-31,153.6,0.0,8928.0,2024.3,6903.7,FL,False,none
PE-EMP-00751-04,EMP-00751,2025-04-01,2025-04-30,165.6,0.0,8928.0,1640.39,7287.61,FL,False,none
PE-EMP-00751-05,EMP-00751,2025-05-01,2025-05-30,161.0,0.0,8928.0,1841.57,7086.43,FL,False,none
PE-EMP-00751-06,EMP-00751,2025-05-31,2025-06-29,146.6,0.0,8928.0,2292.95,6635.05,FL,False,none
PE-EMP-00752-01,EMP-00752,2025-01-01,2025-01-30,155.5,0.0,7674.0,2011.01,5662.99,TX,False,none
PE-EMP-00752-02,EMP-00752,2025-01-31,2025-03-01,155.8,0.0,7674.0,1918.45,5755.55,TX,False,none
PE-EMP-00752-03,EMP-00752,2025-03-02,2025-03-31,159.8,0.0,7674.0,1915.77,5758.23,TX,False,none
PE-EMP-00752-04,EMP-00752,2025-04-01,2025-04-30,156.1,0.0,7674.0,1623.09,6050.91,TX,False,none
PE-EMP-00752-05,EMP-00752,2025-05-01,2025-05-30,158.7,0.0,7674.0,1924.43,5749.57,TX,False,none
PE-EMP-00752-06,EMP-00752,2025-05-31,2025-06-29,148.9,0.0,7674.0,1513.41,6160.59,TX,False,none
PE-EMP-00753-01,EMP-00753,2025-01-01,2025-01-30,147.2,9.1,7070.64,1299.51,5771.13,DE_national,False,none
PE-EMP-00753-02,EMP-00753,2025-01-31,2025-03-01,156.5,9.7,7105.2,1703.78,5401.42,DE_national,False,none
PE-EMP-00753-03,EMP-00753,2025-03-02,2025-03-31,153.9,13.7,7348.82,1898.44,5450.38,DE_national,False,none
PE-EMP-00753-04,EMP-00753,2025-04-01,2025-04-30,154.8,7.4,6964.37,1409.37,5555.0,DE_national,False,none
PE-EMP-00753-05,EMP-00753,2025-05-01,2025-05-30,141.8,6.9,6937.28,1553.27,5384.01,DE_national,False,none
PE-EMP-00753-06,EMP-00753,2025-05-31,2025-06-29,143.4,6.2,6892.71,1656.31,5236.4,DE_national,False,none
PE-EMP-00754-01,EMP-00754,2025-01-01,2025-01-30,161.0,0.0,8678.0,1650.6,7027.4,CA,False,none
PE-EMP-00754-02,EMP-00754,2025-01-31,2025-03-01,165.4,0.0,8678.0,2391.18,6286.82,CA,False,none
PE-EMP-00754-03,EMP-00754,2025-03-02,2025-03-31,144.2,0.0,8678.0,1982.88,6695.12,CA,False,none
PE-EMP-00754-04,EMP-00754,2025-04-01,2025-04-30,166.7,0.0,8678.0,1982.94,6695.06,CA,False,none
PE-EMP-00754-05,EMP-00754,2025-05-01,2025-05-30,156.0,0.0,8678.0,1777.46,6900.54,CA,False,none
PE-EMP-00754-06,EMP-00754,2025-05-31,2025-06-29,163.3,0.0,8678.0,2223.47,6454.53,CA,False,none
PE-EMP-00755-01,EMP-00755,2025-01-01,2025-01-30,152.2,0.0,7463.0,1500.76,5962.24,DE_national,False,none
PE-EMP-00755-02,EMP-00755,2025-01-31,2025-03-01,159.3,0.0,7463.0,1727.97,5735.03,DE_national,False,none
PE-EMP-00755-03,EMP-00755,2025-03-02,2025-03-31,156.5,0.0,7463.0,1559.1,5903.9,DE_national,False,none
PE-EMP-00755-04,EMP-00755,2025-04-01,2025-04-30,155.9,0.0,7463.0,1428.37,6034.63,DE_national,False,none
PE-EMP-00755-05,EMP-00755,2025-05-01,2025-05-30,157.1,0.0,7463.0,1945.61,5517.39,DE_national,False,none
PE-EMP-00755-06,EMP-00755,2025-05-31,2025-06-29,141.9,0.0,7463.0,1957.21,5505.79,DE_national,False,none
PE-EMP-00756-01,EMP-00756,2025-01-01,2025-01-30,147.4,0.0,7341.0,1969.9,5371.1,federal,False,none
PE-EMP-00756-02,EMP-00756,2025-01-31,2025-03-01,163.7,0.0,7341.0,2023.0,5318.0,federal,False,none
PE-EMP-00756-03,EMP-00756,2025-03-02,2025-03-31,143.9,0.0,7341.0,1478.73,5862.27,federal,False,none
PE-EMP-00756-04,EMP-00756,2025-04-01,2025-04-30,141.4,0.0,7341.0,1659.61,5681.39,federal,False,none
PE-EMP-00756-05,EMP-00756,2025-05-01,2025-05-30,165.3,0.0,7341.0,1941.14,5399.86,federal,False,none
PE-EMP-00756-06,EMP-00756,2025-05-31,2025-06-29,143.0,0.0,7341.0,1622.91,5718.09,federal,False,none
PE-EMP-00757-01,EMP-00757,2025-01-01,2025-01-30,163.5,9.9,4456.92,1096.07,3360.85,WA,False,none
PE-EMP-00757-02,EMP-00757,2025-01-31,2025-03-01,157.7,9.9,4456.74,917.86,3538.88,WA,False,none
PE-EMP-00757-03,EMP-00757,2025-03-02,2025-03-31,163.8,13.5,4595.23,1077.93,3517.3,WA,False,none
PE-EMP-00757-04,EMP-00757,2025-04-01,2025-04-30,167.3,1.3,4125.99,895.08,3230.91,WA,False,none
PE-EMP-00757-05,EMP-00757,2025-05-01,2025-05-30,159.7,9.2,4430.8,1024.82,3405.98,WA,False,none
PE-EMP-00757-06,EMP-00757,2025-05-31,2025-06-29,154.1,14.9,4647.48,1108.29,3539.19,WA,False,none
PE-EMP-00758-01,EMP-00758,2025-01-01,2025-01-30,165.2,0.0,8480.0,2287.43,6192.57,UK_national,False,none
PE-EMP-00758-02,EMP-00758,2025-01-31,2025-03-01,142.3,0.0,8480.0,1903.3,6576.7,UK_national,False,none
PE-EMP-00758-03,EMP-00758,2025-03-02,2025-03-31,140.6,0.0,8480.0,2235.57,6244.43,UK_national,False,none
PE-EMP-00758-04,EMP-00758,2025-04-01,2025-04-30,154.1,0.0,8480.0,2024.72,6455.28,UK_national,False,none
PE-EMP-00758-05,EMP-00758,2025-05-01,2025-05-30,148.1,0.0,8480.0,2087.34,6392.66,UK_national,False,none
PE-EMP-00758-06,EMP-00758,2025-05-31,2025-06-29,140.9,0.0,8480.0,2222.06,6257.94,UK_national,False,none
PE-EMP-00759-01,EMP-00759,2025-01-01,2025-01-30,142.0,0.0,8720.0,2046.25,6673.75,NY,False,none
PE-EMP-00759-02,EMP-00759,2025-01-31,2025-03-01,151.2,0.0,8720.0,1796.35,6923.65,NY,False,none
PE-EMP-00759-03,EMP-00759,2025-03-02,2025-03-31,155.0,0.0,8720.0,1709.74,7010.26,NY,False,none
PE-EMP-00759-04,EMP-00759,2025-04-01,2025-04-30,143.4,0.0,8720.0,2395.21,6324.79,NY,False,none
PE-EMP-00759-05,EMP-00759,2025-05-01,2025-05-30,164.7,0.0,8720.0,2024.74,6695.26,NY,False,none
PE-EMP-00759-06,EMP-00759,2025-05-31,2025-06-29,160.6,0.0,8720.0,1772.9,6947.1,NY,False,none
PE-EMP-00760-01,EMP-00760,2025-01-01,2025-01-30,167.5,0.0,7369.0,2043.07,5325.93,UK_national,False,none
PE-EMP-00760-02,EMP-00760,2025-01-31,2025-03-01,150.5,0.0,7369.0,2013.58,5355.42,UK_national,False,none
PE-EMP-00760-03,EMP-00760,2025-03-02,2025-03-31,155.1,0.0,7369.0,1371.9,5997.1,UK_national,False,none
PE-EMP-00760-04,EMP-00760,2025-04-01,2025-04-30,140.7,0.0,7369.0,1724.42,5644.58,UK_national,False,none
PE-EMP-00760-05,EMP-00760,2025-05-01,2025-05-30,151.7,0.0,7369.0,1562.37,5806.63,UK_national,False,none
PE-EMP-00760-06,EMP-00760,2025-05-31,2025-06-29,158.7,0.0,7369.0,1937.17,5431.83,UK_national,False,none
PE-EMP-00761-01,EMP-00761,2025-01-01,2025-01-30,145.0,0.0,7696.0,1530.67,6165.33,UK_national,False,none
PE-EMP-00761-02,EMP-00761,2025-01-31,2025-03-01,155.8,0.0,7696.0,1615.82,6080.18,UK_national,False,none
PE-EMP-00761-03,EMP-00761,2025-03-02,2025-03-31,151.3,0.0,7696.0,1973.72,5722.28,UK_national,False,none
PE-EMP-00761-04,EMP-00761,2025-04-01,2025-04-30,158.7,0.0,7696.0,2104.2,5591.8,UK_national,False,none
PE-EMP-00761-05,EMP-00761,2025-05-01,2025-05-30,154.3,0.0,7696.0,1769.84,5926.16,UK_national,False,none
PE-EMP-00761-06,EMP-00761,2025-05-31,2025-06-29,162.9,0.0,7696.0,1593.39,6102.61,UK_national,False,none
PE-EMP-00762-01,EMP-00762,2025-01-01,2025-01-30,144.6,0.0,7798.0,1926.43,5871.57,federal,False,none
PE-EMP-00762-02,EMP-00762,2025-01-31,2025-03-01,155.7,0.0,7798.0,1797.19,6000.81,federal,False,none
PE-EMP-00762-03,EMP-00762,2025-03-02,2025-03-31,153.0,0.0,7798.0,1990.17,5807.83,federal,False,none
PE-EMP-00762-04,EMP-00762,2025-04-01,2025-04-30,156.2,0.0,7798.0,2182.7,5615.3,federal,False,none
PE-EMP-00762-05,EMP-00762,2025-05-01,2025-05-30,166.0,0.0,7798.0,1775.71,6022.29,federal,False,none
PE-EMP-00762-06,EMP-00762,2025-05-31,2025-06-29,157.8,0.0,7798.0,1611.95,6186.05,federal,False,none
PE-EMP-00763-01,EMP-00763,2025-01-01,2025-01-30,156.5,0.0,7469.0,1515.71,5953.29,DE_national,False,none
PE-EMP-00763-02,EMP-00763,2025-01-31,2025-03-01,143.3,0.0,7469.0,2020.16,5448.84,DE_national,True,rule_override
PE-EMP-00763-03,EMP-00763,2025-03-02,2025-03-31,142.5,0.0,7469.0,1778.35,5690.65,DE_national,False,none
PE-EMP-00763-04,EMP-00763,2025-04-01,2025-04-30,143.1,0.0,7469.0,1663.46,5805.54,DE_national,False,none
PE-EMP-00763-05,EMP-00763,2025-05-01,2025-05-30,153.8,0.0,7469.0,1756.6,5712.4,DE_national,False,none
PE-EMP-00763-06,EMP-00763,2025-05-31,2025-06-29,146.9,0.0,7469.0,1708.54,5760.46,DE_national,False,none
PE-EMP-00764-01,EMP-00764,2025-01-01,2025-01-30,158.9,0.0,8191.0,2136.61,6054.39,TX,False,none
PE-EMP-00764-02,EMP-00764,2025-01-31,2025-03-01,155.5,0.0,8191.0,1657.97,6533.03,TX,False,none
PE-EMP-00764-03,EMP-00764,2025-03-02,2025-03-31,160.2,0.0,8191.0,1764.38,6426.62,TX,False,none
PE-EMP-00764-04,EMP-00764,2025-04-01,2025-04-30,161.8,0.0,8191.0,1851.36,6339.64,TX,False,none
PE-EMP-00764-05,EMP-00764,2025-05-01,2025-05-30,162.3,0.0,8191.0,2133.6,6057.4,TX,False,none
PE-EMP-00764-06,EMP-00764,2025-05-31,2025-06-29,158.8,0.0,8191.0,1800.51,6390.49,TX,False,none
PE-EMP-00765-01,EMP-00765,2025-01-01,2025-01-30,148.2,0.0,7530.0,1389.41,6140.59,UK_national,False,none
PE-EMP-00765-02,EMP-00765,2025-01-31,2025-03-01,156.9,0.0,7530.0,1672.89,5857.11,UK_national,False,none
PE-EMP-00765-03,EMP-00765,2025-03-02,2025-03-31,157.9,0.0,7530.0,1984.22,5545.78,UK_national,False,none
PE-EMP-00765-04,EMP-00765,2025-04-01,2025-04-30,150.5,0.0,7530.0,1767.14,5762.86,UK_national,False,none
PE-EMP-00765-05,EMP-00765,2025-05-01,2025-05-30,160.2,0.0,7530.0,2059.87,5470.13,UK_national,False,none
PE-EMP-00765-06,EMP-00765,2025-05-31,2025-06-29,152.0,0.0,7530.0,1555.43,5974.57,UK_national,False,none
PE-EMP-00766-01,EMP-00766,2025-01-01,2025-01-30,154.3,0.0,8215.0,1603.31,6611.69,DE_national,False,none
PE-EMP-00766-02,EMP-00766,2025-01-31,2025-03-01,152.4,0.0,8215.0,1604.35,6610.65,DE_national,False,none
PE-EMP-00766-03,EMP-00766,2025-03-02,2025-03-31,149.5,0.0,8215.0,1795.75,6419.25,DE_national,False,none
PE-EMP-00766-04,EMP-00766,2025-04-01,2025-04-30,144.5,0.0,8215.0,2245.5,5969.5,DE_national,False,none
PE-EMP-00766-05,EMP-00766,2025-05-01,2025-05-30,156.2,0.0,8215.0,1678.45,6536.55,DE_national,False,none
PE-EMP-00766-06,EMP-00766,2025-05-31,2025-06-29,157.6,0.0,8215.0,1704.79,6510.21,DE_national,False,none
PE-EMP-00767-01,EMP-00767,2025-01-01,2025-01-30,155.3,0.0,6044.29,1672.85,4371.44,FL,False,none
PE-EMP-00767-02,EMP-00767,2025-01-31,2025-03-01,166.9,11.7,6705.82,1385.37,5320.45,FL,False,none
PE-EMP-00767-03,EMP-00767,2025-03-02,2025-03-31,151.2,10.5,6636.14,1345.78,5290.36,FL,False,none
PE-EMP-00767-04,EMP-00767,2025-04-01,2025-04-30,141.2,6.5,6414.49,1786.44,4628.05,FL,False,none
PE-EMP-00767-05-DUP,EMP-00767,2025-05-01,2025-05-30,151.1,2.3,6172.63,1720.63,4452.0,FL,True,duplicate_payment
PE-EMP-00767-06,EMP-00767,2025-05-31,2025-06-29,154.8,9.0,6555.61,1224.69,5330.92,FL,False,none
PE-EMP-00768-01,EMP-00768,2025-01-01,2025-01-30,140.6,0.0,8212.0,2162.24,6049.76,CA,False,none
PE-EMP-00768-02,EMP-00768,2025-01-31,2025-03-01,142.5,0.0,8212.0,1538.81,6673.19,CA,False,none
PE-EMP-00768-03,EMP-00768,2025-03-02,2025-03-31,168.0,0.0,8212.0,1570.91,6641.09,CA,False,none
PE-EMP-00768-04,EMP-00768,2025-04-01,2025-04-30,165.1,0.0,8212.0,2294.61,5917.39,CA,False,none
PE-EMP-00768-05,EMP-00768,2025-05-01,2025-05-30,147.0,0.0,8212.0,2021.12,6190.88,CA,False,none
PE-EMP-00768-06,EMP-00768,2025-05-31,2025-06-29,167.6,0.0,8212.0,2003.81,6208.19,CA,False,none
PE-EMP-00769-01,EMP-00769,2025-01-01,2025-01-30,144.6,12.3,7745.46,1552.63,6192.83,WA,False,none
PE-EMP-00769-02,EMP-00769,2025-01-31,2025-03-01,151.4,3.5,7171.18,1631.52,5539.66,WA,False,none
PE-EMP-00769-03,EMP-00769,2025-03-02,2025-03-31,151.4,0.0,6944.41,1379.56,5564.85,WA,False,none
PE-EMP-00769-04,EMP-00769,2025-04-01,2025-04-30,147.0,13.8,7840.77,1663.2,6177.57,WA,False,none
PE-EMP-00769-05,EMP-00769,2025-05-01,2025-05-30,154.3,6.0,7335.19,1892.3,5442.89,WA,False,none
PE-EMP-00769-06,EMP-00769,2025-05-31,2025-06-29,159.6,13.7,7832.62,1692.09,6140.53,WA,False,none
PE-EMP-00770-01,EMP-00770,2025-01-01,2025-01-30,166.8,0.0,8269.0,2108.99,6160.01,WA,False,none
PE-EMP-00770-02,EMP-00770,2025-01-31,2025-03-01,153.9,0.0,8269.0,1705.22,6563.78,WA,False,none
PE-EMP-00770-03,EMP-00770,2025-03-02,2025-03-31,157.3,0.0,8269.0,1843.09,6425.91,WA,False,none
PE-EMP-00770-04,EMP-00770,2025-04-01,2025-04-30,158.2,0.0,8269.0,2210.34,6058.66,WA,False,none
PE-EMP-00770-05,EMP-00770,2025-05-01,2025-05-30,159.5,0.0,8269.0,1714.66,6554.34,WA,False,none
PE-EMP-00770-06,EMP-00770,2025-05-31,2025-06-29,162.1,0.0,8269.0,1832.73,6436.27,WA,False,none
PE-EMP-00771-01,EMP-00771,2025-01-01,2025-01-30,163.7,7.1,6582.1,1672.07,4910.03,DE_national,False,none
PE-EMP-00771-02,EMP-00771,2025-01-31,2025-03-01,165.1,14.0,6982.62,1302.49,5680.13,DE_national,False,none
PE-EMP-00771-03,EMP-00771,2025-03-02,2025-03-31,154.4,10.5,6781.92,1623.96,5157.96,DE_national,False,none
PE-EMP-00771-04,EMP-00771,2025-04-01,2025-04-30,156.1,8.2,6648.59,1224.56,5424.03,DE_national,False,none
PE-EMP-00771-05,EMP-00771,2025-05-01,2025-05-30,155.1,13.6,6961.95,1255.14,5706.81,DE_national,False,none
PE-EMP-00771-06,EMP-00771,2025-05-31,2025-06-29,151.2,12.5,6897.51,1341.88,5555.63,DE_national,False,none
PE-EMP-00772-01,EMP-00772,2025-01-01,2025-01-30,147.6,6.6,4112.07,910.29,3201.78,WA,False,none
PE-EMP-00772-02,EMP-00772,2025-01-31,2025-03-01,163.7,1.6,3927.93,795.98,3131.95,WA,False,none
PE-EMP-00772-03,EMP-00772,2025-03-02,2025-03-31,149.1,2.8,3971.55,871.56,3099.99,WA,False,none
PE-EMP-00772-04,EMP-00772,2025-04-01,2025-04-30,150.5,4.0,4015.27,892.27,3123.0,WA,False,none
PE-EMP-00772-05,EMP-00772,2025-05-01,2025-05-30,158.6,9.3,4207.09,1142.28,3064.81,WA,False,none
PE-EMP-00772-06,EMP-00772,2025-05-31,2025-06-29,159.6,8.7,4187.69,1045.45,3142.24,WA,False,none
PE-EMP-00773-01,EMP-00773,2025-01-01,2025-01-30,155.4,4.7,4273.4,985.76,3287.64,UK_national,False,none
PE-EMP-00773-02,EMP-00773,2025-01-31,2025-03-01,155.9,10.3,4490.49,1197.49,3293.0,UK_national,False,none
PE-EMP-00773-03,EMP-00773,2025-03-02,2025-03-31,149.2,8.8,4432.73,1231.81,3200.92,UK_national,False,none
PE-EMP-00773-04,EMP-00773,2025-04-01,2025-04-30,162.5,0.7,4122.38,793.19,3329.19,UK_national,False,none
PE-EMP-00773-05,EMP-00773,2025-05-01,2025-05-30,143.8,9.0,4438.92,879.16,3559.76,UK_national,False,none
PE-EMP-00773-06,EMP-00773,2025-05-31,2025-06-29,163.7,11.7,4543.66,1269.81,3273.85,UK_national,False,none
PE-EMP-00774-01,EMP-00774,2025-01-01,2025-01-30,146.9,0.0,8846.0,2413.85,6432.15,UK_national,False,none
PE-EMP-00774-02,EMP-00774,2025-01-31,2025-03-01,164.9,0.0,8846.0,1631.63,7214.37,UK_national,False,none
PE-EMP-00774-03,EMP-00774,2025-03-02,2025-03-31,143.2,0.0,8846.0,2012.01,6833.99,UK_national,False,none
PE-EMP-00774-04,EMP-00774,2025-04-01,2025-04-30,151.8,0.0,8846.0,2236.44,6609.56,UK_national,False,none
PE-EMP-00774-05,EMP-00774,2025-05-01,2025-05-30,146.4,0.0,8846.0,2119.51,6726.49,UK_national,False,none
PE-EMP-00774-06,EMP-00774,2025-05-31,2025-06-29,161.1,0.0,8846.0,2083.44,6762.56,UK_national,False,none
PE-EMP-00775-01,EMP-00775,2025-01-01,2025-01-30,151.1,0.0,8223.0,1826.53,6396.47,DE_national,False,none
PE-EMP-00775-02,EMP-00775,2025-01-31,2025-03-01,147.0,0.0,8223.0,2282.59,5940.41,DE_national,False,none
PE-EMP-00775-03,EMP-00775,2025-03-02,2025-03-31,158.1,0.0,8223.0,1562.38,6660.62,DE_national,False,none
PE-EMP-00775-04,EMP-00775,2025-04-01,2025-04-30,156.2,0.0,8223.0,1749.57,6473.43,DE_national,False,none
PE-EMP-00775-05,EMP-00775,2025-05-01,2025-05-30,156.8,0.0,8223.0,1791.78,6431.22,DE_national,False,none
PE-EMP-00775-06,EMP-00775,2025-05-31,2025-06-29,140.2,0.0,8223.0,1500.51,6722.49,DE_national,False,none
PE-EMP-00776-01,EMP-00776,2025-01-01,2025-01-30,158.4,0.0,7793.0,1848.81,5944.19,NY,False,none
PE-EMP-00776-02-DUP,EMP-00776,2025-01-31,2025-03-01,162.6,0.0,7793.0,1635.53,6157.47,NY,True,duplicate_payment
PE-EMP-00776-03,EMP-00776,2025-03-02,2025-03-31,167.2,0.0,7793.0,1597.73,6195.27,NY,False,none
PE-EMP-00776-04,EMP-00776,2025-04-01,2025-04-30,141.3,0.0,7793.0,2120.09,5672.91,NY,False,none
PE-EMP-00776-05,EMP-00776,2025-05-01,2025-05-30,168.0,0.0,7793.0,1934.54,5858.46,NY,False,none
PE-EMP-00776-06,EMP-00776,2025-05-31,2025-06-29,147.7,0.0,7793.0,2106.47,5686.53,NY,False,none
PE-EMP-00777-01,EMP-00777,2025-01-01,2025-01-30,164.1,0.0,7679.0,1853.24,5825.76,UK_national,False,none
PE-EMP-00777-02,EMP-00777,2025-01-31,2025-03-01,152.1,0.0,7679.0,1697.41,5981.59,UK_national,False,none
PE-EMP-00777-03,EMP-00777,2025-03-02,2025-03-31,149.2,0.0,7679.0,1716.87,5962.13,UK_national,False,none
PE-EMP-00777-04,EMP-00777,2025-04-01,2025-04-30,144.5,0.0,7679.0,2012.04,5666.96,UK_national,False,none
PE-EMP-00777-05,EMP-00777,2025-05-01,2025-05-30,166.1,0.0,7679.0,1623.91,6055.09,UK_national,False,none
PE-EMP-00777-06,EMP-00777,2025-05-31,2025-06-29,164.2,0.0,7679.0,1758.51,5920.49,UK_national,False,none
PE-EMP-00778-01,EMP-00778,2025-01-01,2025-01-30,152.4,0.0,8108.0,1895.26,6212.74,DE_national,False,none
PE-EMP-00778-02,EMP-00778,2025-01-31,2025-03-01,140.8,0.0,8108.0,1824.8,6283.2,DE_national,False,none
PE-EMP-00778-03,EMP-00778,2025-03-02,2025-03-31,166.7,0.0,8108.0,2082.14,6025.86,DE_national,False,none
PE-EMP-00778-04,EMP-00778,2025-04-01,2025-04-30,167.0,0.0,8108.0,1615.35,6492.65,DE_national,False,none
PE-EMP-00778-05,EMP-00778,2025-05-01,2025-05-30,154.2,0.0,8108.0,1952.9,6155.1,DE_national,False,none
PE-EMP-00778-06,EMP-00778,2025-05-31,2025-06-29,151.9,0.0,8108.0,1656.07,6451.93,DE_national,False,none
PE-EMP-00779-01,EMP-00779,2025-01-01,2025-01-30,161.9,0.0,6960.0,1432.43,5527.57,TX,False,none
PE-EMP-00779-02,EMP-00779,2025-01-31,2025-03-01,151.3,0.0,6960.0,1518.16,5441.84,TX,False,none
PE-EMP-00779-03,EMP-00779,2025-03-02,2025-03-31,143.7,0.0,6960.0,1693.74,5266.26,TX,False,none
PE-EMP-00779-04,EMP-00779,2025-04-01,2025-04-30,161.6,0.0,6960.0,1487.01,5472.99,TX,False,none
PE-EMP-00779-05,EMP-00779,2025-05-01,2025-05-30,148.1,0.0,6960.0,1328.25,5631.75,TX,False,none
PE-EMP-00779-06,EMP-00779,2025-05-31,2025-06-29,157.7,0.0,6960.0,1672.94,5287.06,TX,False,none
PE-EMP-00780-01,EMP-00780,2025-01-01,2025-01-30,149.7,13.9,7077.99,1280.52,5797.47,UK_national,False,none
PE-EMP-00780-02,EMP-00780,2025-01-31,2025-03-01,166.1,6.4,6637.75,1762.7,4875.05,UK_national,False,none
PE-EMP-00780-03,EMP-00780,2025-03-02,2025-03-31,143.3,2.3,6397.01,1267.28,5129.73,UK_national,False,none
PE-EMP-00780-04,EMP-00780,2025-04-01,2025-04-30,161.3,6.8,6661.03,1841.33,4819.7,UK_national,False,none
PE-EMP-00780-05,EMP-00780,2025-05-01,2025-05-30,153.4,9.8,6841.33,1443.94,5397.39,UK_national,False,none
PE-EMP-00780-06,EMP-00780,2025-05-31,2025-06-29,143.8,4.7,6541.32,1221.48,5319.84,UK_national,False,none
PE-EMP-00781-01,EMP-00781,2025-01-01,2025-01-30,140.8,0.0,8384.0,1575.41,6808.59,CA,False,none
PE-EMP-00781-02,EMP-00781,2025-01-31,2025-03-01,147.9,0.0,8384.0,2333.68,6050.32,CA,False,none
PE-EMP-00781-03,EMP-00781,2025-03-02,2025-03-31,142.6,0.0,8384.0,2272.67,6111.33,CA,False,none
PE-EMP-00781-04,EMP-00781,2025-04-01,2025-04-30,163.9,0.0,8384.0,2192.66,6191.34,CA,False,none
PE-EMP-00781-05,EMP-00781,2025-05-01,2025-05-30,147.0,0.0,8384.0,2177.23,6206.77,CA,False,none
PE-EMP-00781-06,EMP-00781,2025-05-31,2025-06-29,157.9,0.0,8384.0,2341.96,6042.04,CA,False,none
PE-EMP-00782-01,EMP-00782,2025-01-01,2025-01-30,140.2,0.0,6858.0,1854.7,5003.3,NY,False,none
PE-EMP-00782-02,EMP-00782,2025-01-31,2025-03-01,155.0,0.0,6858.0,1308.74,5549.26,NY,False,none
PE-EMP-00782-03,EMP-00782,2025-03-02,2025-03-31,156.5,0.0,6858.0,1907.88,4950.12,NY,False,none
PE-EMP-00782-04,EMP-00782,2025-04-01,2025-04-30,153.5,0.0,6858.0,1573.59,5284.41,NY,False,none
PE-EMP-00782-05,EMP-00782,2025-05-01,2025-05-30,155.6,0.0,6858.0,1368.78,5489.22,NY,False,none
PE-EMP-00782-06,EMP-00782,2025-05-31,2025-06-29,142.2,0.0,6858.0,1630.72,5227.28,NY,False,none
PE-EMP-00783-01,EMP-00783,2025-01-01,2025-01-30,164.7,0.0,7878.0,1700.36,6177.64,UK_national,False,none
PE-EMP-00783-02,EMP-00783,2025-01-31,2025-03-01,166.1,0.0,7878.0,2124.91,5753.09,UK_national,False,none
PE-EMP-00783-03,EMP-00783,2025-03-02,2025-03-31,166.1,0.0,7878.0,1633.26,6244.74,UK_national,False,none
PE-EMP-00783-04,EMP-00783,2025-04-01,2025-04-30,143.8,0.0,7878.0,1983.9,5894.1,UK_national,False,none
PE-EMP-00783-05,EMP-00783,2025-05-01,2025-05-30,162.2,0.0,7878.0,2089.83,5788.17,UK_national,False,none
PE-EMP-00783-06,EMP-00783,2025-05-31,2025-06-29,157.9,0.0,7878.0,1752.85,6125.15,UK_national,False,none
PE-EMP-00784-01,EMP-00784,2025-01-01,2025-01-30,144.1,0.0,7723.0,1475.79,6247.21,FL,False,none
PE-EMP-00784-02,EMP-00784,2025-01-31,2025-03-01,144.6,0.0,7723.0,1547.6,6175.4,FL,False,none
PE-EMP-00784-03,EMP-00784,2025-03-02,2025-03-31,147.0,0.0,7723.0,1958.1,5764.9,FL,False,none
PE-EMP-00784-04,EMP-00784,2025-04-01,2025-04-30,164.8,0.0,7723.0,1654.38,6068.62,FL,False,none
PE-EMP-00784-05,EMP-00784,2025-05-01,2025-05-30,152.0,0.0,7723.0,1928.0,5795.0,FL,False,none
PE-EMP-00784-06,EMP-00784,2025-05-31,2025-06-29,160.4,0.0,7723.0,2059.26,5663.74,FL,False,none
PE-EMP-00785-01,EMP-00785,2025-01-01,2025-01-30,154.9,0.0,7872.0,1780.02,6091.98,federal,False,none
PE-EMP-00785-02,EMP-00785,2025-01-31,2025-03-01,149.8,0.0,7872.0,2061.68,5810.32,federal,False,none
PE-EMP-00785-03,EMP-00785,2025-03-02,2025-03-31,144.7,0.0,7872.0,2191.09,5680.91,federal,False,none
PE-EMP-00785-04,EMP-00785,2025-04-01,2025-04-30,166.5,0.0,7872.0,1554.58,6317.42,federal,False,none
PE-EMP-00785-05,EMP-00785,2025-05-01,2025-05-30,143.6,0.0,7872.0,1945.76,5926.24,federal,False,none
PE-EMP-00785-06,EMP-00785,2025-05-31,2025-06-29,159.5,0.0,7872.0,1600.03,6271.97,federal,False,none
PE-EMP-00786-01,EMP-00786,2025-01-01,2025-01-30,149.1,3.8,4651.95,1208.07,3443.88,federal,False,none
PE-EMP-00786-02,EMP-00786,2025-01-31,2025-03-01,167.4,4.0,4661.52,853.73,3807.79,federal,False,none
PE-EMP-00786-03,EMP-00786,2025-03-02,2025-03-31,166.4,3.8,4652.74,1141.23,3511.51,federal,False,none
PE-EMP-00786-04,EMP-00786,2025-04-01,2025-04-30,148.0,7.0,4787.14,1215.82,3571.32,federal,False,none
PE-EMP-00786-05,EMP-00786,2025-05-01,2025-05-30,164.4,12.7,5026.1,943.25,4082.85,federal,False,none
PE-EMP-00786-06,EMP-00786,2025-05-31,2025-06-29,143.9,2.9,4614.26,1261.84,3352.42,federal,False,none
PE-EMP-00787-01,EMP-00787,2025-01-01,2025-01-30,167.6,4.3,7074.02,1653.39,5420.63,DE_national,False,none
PE-EMP-00787-02,EMP-00787,2025-01-31,2025-03-01,161.4,11.0,7500.09,1718.46,5781.63,DE_national,False,none
PE-EMP-00787-03,EMP-00787,2025-03-02,2025-03-31,166.3,11.0,7502.45,2088.15,5414.3,DE_national,False,none
PE-EMP-00787-04,EMP-00787,2025-04-01,2025-04-30,152.6,13.5,7662.87,1684.41,5978.46,DE_national,False,none
PE-EMP-00787-05,EMP-00787,2025-05-01,2025-05-30,145.8,10.0,7436.52,1818.28,5618.24,DE_national,False,none
PE-EMP-00787-06,EMP-00787,2025-05-31,2025-06-29,159.0,2.5,6960.1,1370.95,5589.15,DE_national,False,none
PE-EMP-00788-01,EMP-00788,2025-01-01,2025-01-30,145.4,0.0,8820.0,2321.96,6498.04,federal,False,none
PE-EMP-00788-02,EMP-00788,2025-01-31,2025-03-01,155.1,0.0,8820.0,2191.84,6628.16,federal,False,none
PE-EMP-00788-03,EMP-00788,2025-03-02,2025-03-31,163.0,0.0,8820.0,2379.41,6440.59,federal,False,none
PE-EMP-00788-04,EMP-00788,2025-04-01,2025-04-30,149.9,0.0,8820.0,1598.73,7221.27,federal,False,none
PE-EMP-00788-05,EMP-00788,2025-05-01,2025-05-30,155.2,0.0,8820.0,2294.25,6525.75,federal,False,none
PE-EMP-00788-06,EMP-00788,2025-05-31,2025-06-29,141.9,0.0,8820.0,2279.12,6540.88,federal,False,none
PE-EMP-00789-01,EMP-00789,2025-01-01,2025-01-30,166.9,0.0,8287.0,2176.75,6110.25,UK_national,False,none
PE-EMP-00789-02,EMP-00789,2025-01-31,2025-03-01,147.1,0.0,8287.0,2083.98,6203.02,UK_national,False,none
PE-EMP-00789-03,EMP-00789,2025-03-02,2025-03-31,145.4,0.0,8287.0,1812.05,6474.95,UK_national,False,none
PE-EMP-00789-04,EMP-00789,2025-04-01,2025-04-30,167.8,0.0,8287.0,2302.84,5984.16,UK_national,False,none
PE-EMP-00789-05,EMP-00789,2025-05-01,2025-05-30,149.1,0.0,8287.0,1943.57,6343.43,UK_national,False,none
PE-EMP-00789-06,EMP-00789,2025-05-31,2025-06-29,163.2,0.0,8287.0,1712.73,6574.27,UK_national,False,none
PE-EMP-00790-01,EMP-00790,2025-01-01,2025-01-30,165.0,0.0,8090.0,1724.0,6366.0,UK_national,False,none
PE-EMP-00790-02,EMP-00790,2025-01-31,2025-03-01,146.4,0.0,8090.0,1703.42,6386.58,UK_national,False,none
PE-EMP-00790-03,EMP-00790,2025-03-02,2025-03-31,141.0,0.0,8090.0,2201.15,5888.85,UK_national,False,none
PE-EMP-00790-04,EMP-00790,2025-04-01,2025-04-30,159.6,0.0,8090.0,1969.4,6120.6,UK_national,False,none
PE-EMP-00790-05,EMP-00790,2025-05-01,2025-05-30,142.9,0.0,8090.0,1512.12,6577.88,UK_national,False,none
PE-EMP-00790-06,EMP-00790,2025-05-31,2025-06-29,164.4,0.0,8090.0,1812.6,6277.4,UK_national,False,none
PE-EMP-00791-01,EMP-00791,2025-01-01,2025-01-30,154.1,0.0,7323.0,1694.68,5628.32,NY,False,none
PE-EMP-00791-02,EMP-00791,2025-01-31,2025-03-01,141.9,0.0,7323.0,1629.36,5693.64,NY,False,none
PE-EMP-00791-03,EMP-00791,2025-03-02,2025-03-31,167.7,0.0,7323.0,1522.34,5800.66,NY,False,none
PE-EMP-00791-04,EMP-00791,2025-04-01,2025-04-30,147.1,0.0,7323.0,1808.8,5514.2,NY,False,none
PE-EMP-00791-05,EMP-00791,2025-05-01,2025-05-30,150.1,0.0,7323.0,1509.92,5813.08,NY,False,none
PE-EMP-00791-06,EMP-00791,2025-05-31,2025-06-29,141.5,0.0,7323.0,1707.53,5615.47,NY,False,none
PE-EMP-00792-01,EMP-00792,2025-01-01,2025-01-30,162.9,13.2,5245.01,1305.19,3939.82,CA,False,none
PE-EMP-00792-02,EMP-00792,2025-01-31,2025-03-01,153.3,9.3,5074.69,1141.98,3932.71,CA,False,none
PE-EMP-00792-03,EMP-00792,2025-03-02,2025-03-31,162.0,1.6,4738.34,1157.0,3581.34,CA,False,none
PE-EMP-00792-04,EMP-00792,2025-04-01,2025-04-30,158.2,13.7,5265.59,1330.1,3935.49,CA,False,none
PE-EMP-00792-05,EMP-00792,2025-05-01,2025-05-30,149.0,9.7,5090.52,979.08,4111.44,CA,False,none
PE-EMP-00792-06,EMP-00792,2025-05-31,2025-06-29,155.0,14.4,5298.41,1225.25,4073.16,CA,False,none
PE-EMP-00793-01,EMP-00793,2025-01-01,2025-01-30,147.2,8.1,4916.31,1074.7,3841.61,FL,False,none
PE-EMP-00793-02,EMP-00793,2025-01-31,2025-03-01,157.4,8.7,4942.28,1377.99,3564.29,FL,False,none
PE-EMP-00793-03,EMP-00793,2025-03-02,2025-03-31,154.8,11.6,5068.97,1360.92,3708.05,FL,False,none
PE-EMP-00793-04,EMP-00793,2025-04-01,2025-04-30,161.4,9.0,4954.85,1043.53,3911.32,FL,False,none
PE-EMP-00793-05,EMP-00793,2025-05-01,2025-05-30,167.6,7.2,4879.27,1221.32,3657.95,FL,False,none
PE-EMP-00793-06,EMP-00793,2025-05-31,2025-06-29,163.5,1.6,4637.26,1224.12,3413.14,FL,False,none
PE-EMP-00794-01,EMP-00794,2025-01-01,2025-01-30,159.1,0.0,7329.0,1505.22,5823.78,FL,False,none
PE-EMP-00794-02,EMP-00794,2025-01-31,2025-03-01,146.5,0.0,7329.0,1913.03,5415.97,FL,False,none
PE-EMP-00794-03,EMP-00794,2025-03-02,2025-03-31,164.1,0.0,7329.0,2042.22,5286.78,FL,False,none
PE-EMP-00794-04,EMP-00794,2025-04-01,2025-04-30,155.1,0.0,7329.0,2025.37,5303.63,FL,False,none
PE-EMP-00794-05,EMP-00794,2025-05-01,2025-05-30,159.9,0.0,7329.0,1447.5,5881.5,FL,False,none
PE-EMP-00794-06,EMP-00794,2025-05-31,2025-06-29,143.7,0.0,7329.0,1468.54,5860.46,FL,False,none
PE-EMP-00795-01,EMP-00795,2025-01-01,2025-01-30,155.6,0.0,8999.0,1823.54,7175.46,CA,False,none
PE-EMP-00795-02,EMP-00795,2025-01-31,2025-03-01,152.6,0.0,8999.0,2089.08,6909.92,CA,False,none
PE-EMP-00795-03,EMP-00795,2025-03-02,2025-03-31,146.7,0.0,8999.0,2332.85,6666.15,CA,False,none
PE-EMP-00795-04,EMP-00795,2025-04-01,2025-04-30,144.2,0.0,8999.0,1721.27,7277.73,CA,False,none
PE-EMP-00795-05,EMP-00795,2025-05-01,2025-05-30,158.1,0.0,8999.0,2114.5,6884.5,CA,False,none
PE-EMP-00795-06,EMP-00795,2025-05-31,2025-06-29,140.8,0.0,8999.0,2447.68,6551.32,CA,False,none
PE-EMP-00796-01,EMP-00796,2025-01-01,2025-01-30,144.4,0.0,8685.0,2328.94,6356.06,federal,False,none
PE-EMP-00796-02,EMP-00796,2025-01-31,2025-03-01,145.9,0.0,8685.0,1713.03,6971.97,federal,False,none
PE-EMP-00796-03,EMP-00796,2025-03-02,2025-03-31,164.3,0.0,8685.0,2365.93,6319.07,federal,False,none
PE-EMP-00796-04,EMP-00796,2025-04-01,2025-04-30,159.9,0.0,8685.0,2047.09,6637.91,federal,False,none
PE-EMP-00796-05,EMP-00796,2025-05-01,2025-05-30,145.9,0.0,8685.0,1689.85,6995.15,federal,False,none
PE-EMP-00796-06,EMP-00796,2025-05-31,2025-06-29,141.3,0.0,8685.0,1664.89,7020.11,federal,False,none
PE-EMP-00797-01,EMP-00797,2025-01-01,2025-01-30,145.2,2.6,4755.69,857.03,3898.66,NY,False,none
PE-EMP-00797-02,EMP-00797,2025-01-31,2025-03-01,141.8,7.8,4981.69,1126.51,3855.18,NY,False,none
PE-EMP-00797-03,EMP-00797,2025-03-02,2025-03-31,150.6,0.7,4670.57,854.62,3815.95,NY,False,none
PE-EMP-00797-04,EMP-00797,2025-04-01,2025-04-30,163.6,9.0,5030.54,1342.07,3688.47,NY,False,none
PE-EMP-00797-05,EMP-00797,2025-05-01,2025-05-30,165.7,10.2,5082.66,1278.22,3804.44,NY,False,none
PE-EMP-00797-06,EMP-00797,2025-05-31,2025-06-29,143.4,8.2,4998.48,1308.52,3689.96,NY,False,none
PE-EMP-00798-01,EMP-00798,2025-01-01,2025-01-30,145.3,0.0,8286.0,1809.43,6476.57,federal,False,none
PE-EMP-00798-02,EMP-00798,2025-01-31,2025-03-01,142.6,0.0,8286.0,1542.61,6743.39,federal,False,none
PE-EMP-00798-03,EMP-00798,2025-03-02,2025-03-31,160.3,0.0,8286.0,2235.35,6050.65,federal,False,none
PE-EMP-00798-04,EMP-00798,2025-04-01,2025-04-30,148.1,0.0,8286.0,1756.07,6529.93,federal,False,none
PE-EMP-00798-05,EMP-00798,2025-05-01,2025-05-30,146.8,0.0,8286.0,2273.19,6012.81,federal,False,none
PE-EMP-00798-06,EMP-00798,2025-05-31,2025-06-29,156.5,0.0,8286.0,2117.17,6168.83,federal,False,none
PE-EMP-00799-01,EMP-00799,2025-01-01,2025-01-30,162.0,4.1,6844.03,1767.84,5076.19,UK_national,False,none
PE-EMP-00799-02,EMP-00799,2025-01-31,2025-03-01,161.5,8.3,7097.85,1375.74,5722.11,UK_national,False,none
PE-EMP-00799-03,EMP-00799,2025-03-02,2025-03-31,148.8,6.1,6966.61,1938.42,5028.19,UK_national,False,none
PE-EMP-00799-04,EMP-00799,2025-04-01,2025-04-30,148.9,10.1,7214.53,1369.07,5845.46,UK_national,False,none
PE-EMP-00799-05,EMP-00799,2025-05-01,2025-05-30,140.1,11.0,7267.39,2030.93,5236.46,UK_national,False,none
PE-EMP-00799-06,EMP-00799,2025-05-31,2025-06-29,152.8,11.3,7284.31,1978.42,5305.89,UK_national,False,none
PE-EMP-00800-01,EMP-00800,2025-01-01,2025-01-30,140.1,0.0,7272.0,1903.35,5368.65,NY,False,none
PE-EMP-00800-02,EMP-00800,2025-01-31,2025-03-01,147.8,0.0,7272.0,1548.52,5723.48,NY,False,none
PE-EMP-00800-03,EMP-00800,2025-03-02,2025-03-31,160.8,0.0,7272.0,1584.71,5687.29,NY,False,none
PE-EMP-00800-04,EMP-00800,2025-04-01,2025-04-30,163.4,0.0,7272.0,1549.96,5722.04,NY,False,none
PE-EMP-00800-05,EMP-00800,2025-05-01,2025-05-30,165.3,0.0,7272.0,1342.47,5929.53,NY,False,none
PE-EMP-00800-06,EMP-00800,2025-05-31,2025-06-29,152.1,0.0,7272.0,1961.18,5310.82,NY,False,none
PE-EMP-00801-01,EMP-00801,2025-01-01,2025-01-30,150.9,0.0,8122.0,1680.18,6441.82,NY,False,none
PE-EMP-00801-02,EMP-00801,2025-01-31,2025-03-01,142.1,0.0,8122.0,2196.99,5925.01,NY,False,none
PE-EMP-00801-03,EMP-00801,2025-03-02,2025-03-31,151.0,0.0,8122.0,1763.26,6358.74,NY,False,none
PE-EMP-00801-04,EMP-00801,2025-04-01,2025-04-30,164.3,0.0,8122.0,2037.78,6084.22,NY,False,none
PE-EMP-00801-05,EMP-00801,2025-05-01,2025-05-30,159.7,0.0,8122.0,2186.29,5935.71,NY,False,none
PE-EMP-00801-06,EMP-00801,2025-05-31,2025-06-29,166.4,0.0,8122.0,2263.42,5858.58,NY,False,none
PE-EMP-00802-01,EMP-00802,2025-01-01,2025-01-30,140.0,0.0,7276.0,1634.93,5641.07,UK_national,False,none
PE-EMP-00802-02,EMP-00802,2025-01-31,2025-03-01,149.1,0.0,7276.0,1599.86,5676.14,UK_national,False,none
PE-EMP-00802-03,EMP-00802,2025-03-02,2025-03-31,162.9,0.0,7276.0,1976.39,5299.61,UK_national,False,none
PE-EMP-00802-04,EMP-00802,2025-04-01,2025-04-30,147.5,0.0,7276.0,1759.78,5516.22,UK_national,False,none
PE-EMP-00802-05,EMP-00802,2025-05-01,2025-05-30,141.2,0.0,7276.0,1757.28,5518.72,UK_national,False,none
PE-EMP-00802-06,EMP-00802,2025-05-31,2025-06-29,150.3,0.0,7276.0,1718.37,5557.63,UK_national,False,none
PE-EMP-00803-01,EMP-00803,2025-01-01,2025-01-30,145.5,6.3,7326.29,1466.94,5859.35,DE_national,False,none
PE-EMP-00803-02,EMP-00803,2025-01-31,2025-03-01,155.5,5.7,7285.66,1840.08,5445.58,DE_national,False,none
PE-EMP-00803-03,EMP-00803,2025-03-02,2025-03-31,155.8,6.1,7312.25,1600.22,5712.03,DE_national,False,none
PE-EMP-00803-04,EMP-00803,2025-04-01,2025-04-30,152.9,0.2,6933.01,1410.23,5522.78,DE_national,False,none
PE-EMP-00803-05,EMP-00803,2025-05-01,2025-05-30,152.1,8.3,7458.34,2012.04,5446.3,DE_national,False,none
PE-EMP-00803-06,EMP-00803,2025-05-31,2025-06-29,155.8,7.1,7377.65,2062.06,5315.59,DE_national,False,none
PE-EMP-00804-01,EMP-00804,2025-01-01,2025-01-30,158.5,0.0,8069.0,1844.0,6225.0,WA,False,none
PE-EMP-00804-02,EMP-00804,2025-01-31,2025-03-01,157.2,0.0,8069.0,1746.2,6322.8,WA,False,none
PE-EMP-00804-03,EMP-00804,2025-03-02,2025-03-31,150.4,0.0,8069.0,1929.59,6139.41,WA,False,none
PE-EMP-00804-04,EMP-00804,2025-04-01,2025-04-30,145.1,0.0,8069.0,1818.38,6250.62,WA,False,none
PE-EMP-00804-05,EMP-00804,2025-05-01,2025-05-30,142.2,0.0,8069.0,1819.13,6249.87,WA,False,none
PE-EMP-00804-06,EMP-00804,2025-05-31,2025-06-29,150.6,0.0,8069.0,2011.77,6057.23,WA,False,none
PE-EMP-00805-01,EMP-00805,2025-01-01,2025-01-30,146.6,0.3,6999.86,1320.86,5679.0,UK_national,False,none
PE-EMP-00805-02,EMP-00805,2025-01-31,2025-03-01,152.1,10.5,7666.41,2137.59,5528.82,UK_national,False,none
PE-EMP-00805-03,EMP-00805,2025-03-02,2025-03-31,152.7,14.5,7923.36,1839.79,6083.57,UK_national,False,none
PE-EMP-00805-04,EMP-00805,2025-04-01,2025-04-30,155.7,13.1,7834.35,1708.0,6126.35,UK_national,False,none
PE-EMP-00805-05,EMP-00805,2025-05-01,2025-05-30,148.5,1.2,7055.19,1873.0,5182.19,UK_national,False,none
PE-EMP-00805-06,EMP-00805,2025-05-31,2025-06-29,161.3,14.7,7940.05,1883.09,6056.96,UK_national,False,none
PE-EMP-00806-01,EMP-00806,2025-01-01,2025-01-30,166.2,0.0,7594.0,2081.32,5512.68,FL,False,none
PE-EMP-00806-02,EMP-00806,2025-01-31,2025-03-01,162.0,0.0,7594.0,1641.22,5952.78,FL,False,none
PE-EMP-00806-03,EMP-00806,2025-03-02,2025-03-31,154.3,0.0,7594.0,2104.69,5489.31,FL,False,none
PE-EMP-00806-04,EMP-00806,2025-04-01,2025-04-30,143.3,0.0,7594.0,1736.49,5857.51,FL,False,none
PE-EMP-00806-05,EMP-00806,2025-05-01,2025-05-30,148.1,0.0,7594.0,1435.43,6158.57,FL,False,none
PE-EMP-00806-06,EMP-00806,2025-05-31,2025-06-29,160.9,0.0,7594.0,1737.72,5856.28,FL,False,none
PE-EMP-00807-01,EMP-00807,2025-01-01,2025-01-30,150.8,2.8,4295.86,805.31,3490.55,TX,False,none
PE-EMP-00807-02,EMP-00807,2025-01-31,2025-03-01,155.2,12.0,4656.41,1138.48,3517.93,TX,False,none
PE-EMP-00807-03,EMP-00807,2025-03-02,2025-03-31,144.1,1.4,4241.11,1065.69,3175.42,TX,False,none
PE-EMP-00807-04,EMP-00807,2025-04-01,2025-04-30,151.3,2.1,4268.12,881.91,3386.21,TX,False,none
PE-EMP-00807-05,EMP-00807,2025-05-01,2025-05-30,144.6,9.0,4542.14,1034.49,3507.65,TX,False,none
PE-EMP-00807-06,EMP-00807,2025-05-31,2025-06-29,154.3,1.1,4230.83,784.14,3446.69,TX,False,none
PE-EMP-00808-01,EMP-00808,2025-01-01,2025-01-30,159.8,0.0,7669.0,2144.02,5524.98,TX,False,none
PE-EMP-00808-02,EMP-00808,2025-01-31,2025-03-01,164.7,0.0,7669.0,1933.36,5735.64,TX,False,none
PE-EMP-00808-03,EMP-00808,2025-03-02,2025-03-31,150.3,0.0,7669.0,2083.09,5585.91,TX,False,none
PE-EMP-00808-04,EMP-00808,2025-04-01,2025-04-30,142.9,0.0,7669.0,1804.94,5864.06,TX,False,none
PE-EMP-00808-05,EMP-00808,2025-05-01,2025-05-30,159.1,0.0,7669.0,1666.36,6002.64,TX,False,none
PE-EMP-00808-06,EMP-00808,2025-05-31,2025-06-29,163.3,0.0,7669.0,1415.22,6253.78,TX,False,none
PE-EMP-00809-01,EMP-00809,2025-01-01,2025-01-30,152.2,7.6,4919.69,886.96,4032.73,FL,False,none
PE-EMP-00809-02,EMP-00809,2025-01-31,2025-03-01,156.2,1.9,4674.59,1247.95,3426.64,FL,False,none
PE-EMP-00809-03,EMP-00809,2025-03-02,2025-03-31,153.9,0.0,4593.04,1090.63,3502.41,FL,False,none
PE-EMP-00809-04,EMP-00809,2025-04-01,2025-04-30,166.3,0.7,4625.15,1124.89,3500.26,FL,False,none
PE-EMP-00809-05,EMP-00809,2025-05-01,2025-05-30,146.1,10.6,5047.79,1081.32,3966.47,FL,False,none
PE-EMP-00809-06,EMP-00809,2025-05-31,2025-06-29,147.7,0.8,4627.13,912.32,3714.81,FL,False,none
PE-EMP-00810-01,EMP-00810,2025-01-01,2025-01-30,163.2,4.2,7124.46,1898.32,5226.14,FL,False,none
PE-EMP-00810-02,EMP-00810,2025-01-31,2025-03-01,167.8,7.5,7341.05,1996.43,5344.62,FL,False,none
PE-EMP-00810-03,EMP-00810,2025-03-02,2025-03-31,157.1,13.3,7711.59,2070.93,5640.66,FL,False,none
PE-EMP-00810-04,EMP-00810,2025-04-01,2025-04-30,147.8,0.9,6912.32,1579.79,5332.53,FL,False,none
PE-EMP-00810-05,EMP-00810,2025-05-01,2025-05-30,158.3,13.7,7735.68,1792.13,5943.55,FL,False,none
PE-EMP-00810-06,EMP-00810,2025-05-31,2025-06-29,144.5,3.9,7108.42,1601.26,5507.16,FL,False,none
PE-EMP-00811-01,EMP-00811,2025-01-01,2025-01-30,142.5,0.0,7642.0,2134.93,5507.07,NY,False,none
PE-EMP-00811-02,EMP-00811,2025-01-31,2025-03-01,142.0,0.0,7642.0,2095.13,5546.87,NY,False,none
PE-EMP-00811-03,EMP-00811,2025-03-02,2025-03-31,155.2,0.0,7642.0,2087.21,5554.79,NY,False,none
PE-EMP-00811-04,EMP-00811,2025-04-01,2025-04-30,161.6,0.0,7642.0,1380.33,6261.67,NY,False,none
PE-EMP-00811-05,EMP-00811,2025-05-01,2025-05-30,141.8,0.0,7642.0,1976.45,5665.55,NY,False,none
PE-EMP-00811-06,EMP-00811,2025-05-31,2025-06-29,166.4,0.0,7642.0,1865.78,5776.22,NY,False,none
PE-EMP-00812-01,EMP-00812,2025-01-01,2025-01-30,161.1,0.9,4113.85,788.28,3325.57,DE_national,False,none
PE-EMP-00812-02,EMP-00812,2025-01-31,2025-03-01,150.4,0.0,4080.59,807.14,3273.45,DE_national,False,none
PE-EMP-00812-03,EMP-00812,2025-03-02,2025-03-31,153.0,12.1,4543.17,1263.48,3279.69,DE_national,False,none
PE-EMP-00812-04,EMP-00812,2025-04-01,2025-04-30,158.4,4.7,4260.72,949.03,3311.69,DE_national,False,none
PE-EMP-00812-05,EMP-00812,2025-05-01,2025-05-30,160.9,0.7,4105.03,887.81,3217.22,DE_national,False,none
PE-EMP-00812-06,EMP-00812,2025-05-31,2025-06-29,166.5,12.9,4574.68,1025.0,3549.68,DE_national,False,none
PE-EMP-00813-01,EMP-00813,2025-01-01,2025-01-30,163.0,0.0,6887.0,1333.44,5553.56,DE_national,False,none
PE-EMP-00813-02,EMP-00813,2025-01-31,2025-03-01,141.2,0.0,6887.0,1558.1,5328.9,DE_national,False,none
PE-EMP-00813-03,EMP-00813,2025-03-02,2025-03-31,162.7,0.0,6887.0,1648.51,5238.49,DE_national,False,none
PE-EMP-00813-04,EMP-00813,2025-04-01,2025-04-30,159.1,0.0,6887.0,1242.83,5644.17,DE_national,False,none
PE-EMP-00813-05,EMP-00813,2025-05-01,2025-05-30,153.5,0.0,6887.0,1863.66,5023.34,DE_national,False,none
PE-EMP-00813-06,EMP-00813,2025-05-31,2025-06-29,163.2,0.0,6887.0,1689.83,5197.17,DE_national,False,none
PE-EMP-00814-01,EMP-00814,2025-01-01,2025-01-30,164.6,0.0,6755.0,1603.64,5151.36,TX,False,none
PE-EMP-00814-02,EMP-00814,2025-01-31,2025-03-01,148.7,0.0,6755.0,1696.43,5058.57,TX,False,none
PE-EMP-00814-03,EMP-00814,2025-03-02,2025-03-31,159.6,0.0,6755.0,1369.24,5385.76,TX,False,none
PE-EMP-00814-04,EMP-00814,2025-04-01,2025-04-30,158.1,0.0,6755.0,1754.58,5000.42,TX,False,none
PE-EMP-00814-05,EMP-00814,2025-05-01,2025-05-30,154.6,0.0,6755.0,1495.02,5259.98,TX,False,none
PE-EMP-00814-06,EMP-00814,2025-05-31,2025-06-29,155.5,0.0,6755.0,1360.01,5394.99,TX,False,none
PE-EMP-00815-01,EMP-00815,2025-01-01,2025-01-30,164.0,5.2,4301.84,1030.37,3271.47,federal,False,none
PE-EMP-00815-02,EMP-00815,2025-01-31,2025-03-01,147.8,7.1,4375.46,838.15,3537.31,federal,False,none
PE-EMP-00815-03,EMP-00815,2025-03-02,2025-03-31,163.4,1.3,4153.83,1007.06,3146.77,federal,False,none
PE-EMP-00815-04,EMP-00815,2025-04-01,2025-04-30,160.2,13.9,4637.11,1287.91,3349.2,federal,False,none
PE-EMP-00815-05,EMP-00815,2025-05-01,2025-05-30,145.7,4.7,4282.36,1001.4,3280.96,federal,False,none
PE-EMP-00815-06,EMP-00815,2025-05-31,2025-06-29,146.0,11.6,4547.57,1170.29,3377.28,federal,False,none
PE-EMP-00816-01,EMP-00816,2025-01-01,2025-01-30,141.0,5.0,4610.84,900.83,3710.01,federal,False,none
PE-EMP-00816-02,EMP-00816,2025-01-31,2025-03-01,161.7,10.0,4816.31,1061.17,3755.14,federal,False,none
PE-EMP-00816-03,EMP-00816,2025-03-02,2025-03-31,159.2,1.0,4447.57,1197.46,3250.11,federal,False,none
PE-EMP-00816-04,EMP-00816,2025-04-01,2025-04-30,146.0,13.2,4951.14,1282.68,3668.46,federal,False,none
PE-EMP-00816-05,EMP-00816,2025-05-01,2025-05-30,150.1,3.8,4563.6,1170.08,3393.52,federal,False,none
PE-EMP-00816-06,EMP-00816,2025-05-31,2025-06-29,163.1,5.1,4614.0,1254.27,3359.73,federal,False,none
PE-EMP-00817-01,EMP-00817,2025-01-01,2025-01-30,151.8,0.0,8333.0,1550.33,6782.67,NY,False,none
PE-EMP-00817-02,EMP-00817,2025-01-31,2025-03-01,164.1,0.0,8333.0,2315.75,6017.25,NY,False,none
PE-EMP-00817-03,EMP-00817,2025-03-02,2025-03-31,152.2,0.0,8333.0,2121.03,6211.97,NY,False,none
PE-EMP-00817-04,EMP-00817,2025-04-01,2025-04-30,152.5,0.0,8333.0,1990.16,6342.84,NY,False,none
PE-EMP-00817-05,EMP-00817,2025-05-01,2025-05-30,146.1,0.0,8333.0,2098.04,6234.96,NY,False,none
PE-EMP-00817-06,EMP-00817,2025-05-31,2025-06-29,147.0,0.0,8333.0,1749.58,6583.42,NY,False,none
PE-EMP-00818-01,EMP-00818,2025-01-01,2025-01-30,155.2,0.0,7542.0,1504.8,6037.2,WA,False,none
PE-EMP-00818-02,EMP-00818,2025-01-31,2025-03-01,148.5,0.0,7542.0,1490.96,6051.04,WA,False,none
PE-EMP-00818-03,EMP-00818,2025-03-02,2025-03-31,162.4,0.0,7542.0,1646.14,5895.86,WA,False,none
PE-EMP-00818-04,EMP-00818,2025-04-01,2025-04-30,167.5,0.0,7542.0,2042.19,5499.81,WA,False,none
PE-EMP-00818-05,EMP-00818,2025-05-01,2025-05-30,167.1,0.0,7542.0,1582.25,5959.75,WA,False,none
PE-EMP-00818-06,EMP-00818,2025-05-31,2025-06-29,165.6,0.0,7542.0,1764.97,5777.03,WA,False,none
PE-EMP-00819-01,EMP-00819,2025-01-01,2025-01-30,149.3,0.8,4241.42,1109.68,3131.74,TX,False,none
PE-EMP-00819-02,EMP-00819,2025-01-31,2025-03-01,166.0,10.6,4627.2,1014.96,3612.24,TX,False,none
PE-EMP-00819-03,EMP-00819,2025-03-02,2025-03-31,152.6,5.0,4408.66,828.86,3579.8,TX,False,none
PE-EMP-00819-04,EMP-00819,2025-04-01,2025-04-30,166.9,2.4,4304.4,1017.81,3286.59,TX,False,none
PE-EMP-00819-05,EMP-00819,2025-05-01,2025-05-30,160.4,0.1,4215.76,773.18,3442.58,TX,False,none
PE-EMP-00819-06,EMP-00819,2025-05-31,2025-06-29,166.2,13.5,4744.2,1007.93,3736.27,TX,False,none
PE-EMP-00820-01,EMP-00820,2025-01-01,2025-01-30,141.2,9.4,7481.97,1578.3,5903.67,federal,False,none
PE-EMP-00820-02,EMP-00820,2025-01-31,2025-03-01,140.8,14.9,7831.1,1489.25,6341.85,federal,False,none
PE-EMP-00820-03,EMP-00820,2025-03-02,2025-03-31,146.5,14.3,7793.33,2179.62,5613.71,federal,False,none
PE-EMP-00820-04,EMP-00820,2025-04-01,2025-04-30,153.0,7.6,7364.59,1611.3,5753.29,federal,False,none
PE-EMP-00820-05,EMP-00820,2025-05-01,2025-05-30,156.8,10.3,7537.78,1464.08,6073.7,federal,False,none
PE-EMP-00820-06,EMP-00820,2025-05-31,2025-06-29,162.6,10.6,7554.68,1696.17,5858.51,federal,False,none
PE-EMP-00821-01,EMP-00821,2025-01-01,2025-01-30,150.9,0.0,7289.0,1812.58,5476.42,TX,False,none
PE-EMP-00821-02,EMP-00821,2025-01-31,2025-03-01,145.0,0.0,7289.0,1774.03,5514.97,TX,False,none
PE-EMP-00821-03,EMP-00821,2025-03-02,2025-03-31,151.4,0.0,7289.0,1764.65,5524.35,TX,False,none
PE-EMP-00821-04,EMP-00821,2025-04-01,2025-04-30,165.7,0.0,7289.0,1541.72,5747.28,TX,False,none
PE-EMP-00821-05,EMP-00821,2025-05-01,2025-05-30,165.8,0.0,7289.0,1507.4,5781.6,TX,False,none
PE-EMP-00821-06,EMP-00821,2025-05-31,2025-06-29,166.3,0.0,7289.0,1809.56,5479.44,TX,False,none
PE-EMP-00822-01,EMP-00822,2025-01-01,2025-01-30,167.9,0.0,8876.0,2390.28,6485.72,UK_national,False,none
PE-EMP-00822-02,EMP-00822,2025-01-31,2025-03-01,158.7,0.0,8876.0,1759.44,7116.56,UK_national,False,none
PE-EMP-00822-03,EMP-00822,2025-03-02,2025-03-31,165.2,0.0,8876.0,2294.39,6581.61,UK_national,False,none
PE-EMP-00822-04,EMP-00822,2025-04-01,2025-04-30,165.2,0.0,8876.0,1914.86,6961.14,UK_national,False,none
PE-EMP-00822-05,EMP-00822,2025-05-01,2025-05-30,166.9,0.0,8876.0,1607.07,7268.93,UK_national,False,none
PE-EMP-00822-06,EMP-00822,2025-05-31,2025-06-29,164.1,0.0,8876.0,2271.85,6604.15,UK_national,False,none
PE-EMP-00823-01,EMP-00823,2025-01-01,2025-01-30,159.6,0.8,6873.73,1456.89,5416.84,DE_national,False,none
PE-EMP-00823-02,EMP-00823,2025-01-31,2025-03-01,149.4,12.9,7653.11,2089.68,5563.43,DE_national,False,none
PE-EMP-00823-03,EMP-00823,2025-03-02,2025-03-31,165.4,5.2,7158.06,1859.63,5298.43,DE_national,False,none
PE-EMP-00823-04,EMP-00823,2025-04-01,2025-04-30,159.2,8.8,7389.53,1655.37,5734.16,DE_national,False,none
PE-EMP-00823-05,EMP-00823,2025-05-01,2025-05-30,164.9,5.1,7151.11,1600.46,5550.65,DE_national,False,none
PE-EMP-00823-06,EMP-00823,2025-05-31,2025-06-29,141.2,12.5,7626.17,1448.89,6177.28,DE_national,False,none
PE-EMP-00824-01,EMP-00824,2025-01-01,2025-01-30,152.4,2.9,7099.96,1369.68,5730.28,TX,False,none
PE-EMP-00824-02,EMP-00824,2025-01-31,2025-03-01,156.7,0.7,6962.14,1499.55,5462.59,TX,False,none
PE-EMP-00824-03,EMP-00824,2025-03-02,2025-03-31,160.8,10.1,7569.39,1849.89,5719.5,TX,False,none
PE-EMP-00824-04,EMP-00824,2025-04-01,2025-04-30,165.6,10.0,7561.95,1988.21,5573.74,TX,False,none
PE-EMP-00824-05,EMP-00824,2025-05-01,2025-05-30,141.3,14.7,7869.33,1642.99,6226.34,TX,False,none
PE-EMP-00824-06,EMP-00824,2025-05-31,2025-06-29,159.0,3.2,7124.24,1498.98,5625.26,TX,False,none
PE-EMP-00825-01,EMP-00825,2025-01-01,2025-01-30,160.2,0.0,7556.0,1513.67,6042.33,WA,False,none
PE-EMP-00825-02,EMP-00825,2025-01-31,2025-03-01,165.1,0.0,7556.0,1449.63,6106.37,WA,False,none
PE-EMP-00825-03,EMP-00825,2025-03-02,2025-03-31,147.8,0.0,7556.0,1455.33,6100.67,WA,False,none
PE-EMP-00825-04,EMP-00825,2025-04-01,2025-04-30,140.9,0.0,7556.0,1522.17,6033.83,WA,False,none
PE-EMP-00825-05,EMP-00825,2025-05-01,2025-05-30,141.3,0.0,7556.0,1822.19,5733.81,WA,False,none
PE-EMP-00825-06,EMP-00825,2025-05-31,2025-06-29,167.2,0.0,7556.0,1574.83,5981.17,WA,False,none
PE-EMP-00826-01,EMP-00826,2025-01-01,2025-01-30,142.0,0.0,8007.0,1681.38,6325.62,NY,False,none
PE-EMP-00826-02,EMP-00826,2025-01-31,2025-03-01,157.2,0.0,8007.0,1516.36,6490.64,NY,False,none
PE-EMP-00826-03,EMP-00826,2025-03-02,2025-03-31,146.2,0.0,8007.0,1964.87,6042.13,NY,False,none
PE-EMP-00826-04,EMP-00826,2025-04-01,2025-04-30,164.7,0.0,8007.0,1934.97,6072.03,NY,False,none
PE-EMP-00826-05,EMP-00826,2025-05-01,2025-05-30,144.9,0.0,8007.0,1878.0,6129.0,NY,False,none
PE-EMP-00826-06,EMP-00826,2025-05-31,2025-06-29,149.7,0.0,8007.0,2041.82,5965.18,NY,False,none
PE-EMP-00827-01,EMP-00827,2025-01-01,2025-01-30,165.5,0.0,8859.0,2202.37,6656.63,DE_national,False,none
PE-EMP-00827-02,EMP-00827,2025-01-31,2025-03-01,149.5,0.0,8859.0,1635.11,7223.89,DE_national,False,none
PE-EMP-00827-03,EMP-00827,2025-03-02,2025-03-31,150.9,0.0,8859.0,1624.08,7234.92,DE_national,False,none
PE-EMP-00827-04,EMP-00827,2025-04-01,2025-04-30,151.4,0.0,8859.0,2025.96,6833.04,DE_national,False,none
PE-EMP-00827-05,EMP-00827,2025-05-01,2025-05-30,166.3,0.0,8859.0,1606.18,7252.82,DE_national,False,none
PE-EMP-00827-06,EMP-00827,2025-05-31,2025-06-29,140.5,0.0,8859.0,2100.64,6758.36,DE_national,False,none
PE-EMP-00828-01,EMP-00828,2025-01-01,2025-01-30,166.4,13.6,4587.91,1077.01,3510.9,federal,False,none
PE-EMP-00828-02,EMP-00828,2025-01-31,2025-03-01,142.1,5.8,4289.31,960.48,3328.83,federal,False,none
PE-EMP-00828-03,EMP-00828,2025-03-02,2025-03-31,147.4,11.7,4513.23,1216.51,3296.72,federal,False,none
PE-EMP-00828-04,EMP-00828,2025-04-01,2025-04-30,167.9,7.5,4354.58,1086.2,3268.38,federal,False,none
PE-EMP-00828-05,EMP-00828,2025-05-01,2025-05-30,143.5,13.3,4577.0,923.55,3653.45,federal,False,none
PE-EMP-00828-06,EMP-00828,2025-05-31,2025-06-29,145.4,12.7,4553.27,959.26,3594.01,federal,False,none
PE-EMP-00829-01,EMP-00829,2025-01-01,2025-01-30,159.6,0.0,7721.0,2151.5,5569.5,CA,False,none
PE-EMP-00829-02,EMP-00829,2025-01-31,2025-03-01,164.1,0.0,7721.0,1405.62,6315.38,CA,False,none
PE-EMP-00829-03,EMP-00829,2025-03-02,2025-03-31,151.0,0.0,7721.0,1743.77,5977.23,CA,False,none
PE-EMP-00829-04,EMP-00829,2025-04-01,2025-04-30,161.2,0.0,7721.0,2043.37,5677.63,CA,False,none
PE-EMP-00829-05,EMP-00829,2025-05-01,2025-05-30,149.4,0.0,7721.0,1396.0,6325.0,CA,False,none
PE-EMP-00829-06,EMP-00829,2025-05-31,2025-06-29,144.5,0.0,7721.0,1658.42,6062.58,CA,False,none
PE-EMP-00830-01,EMP-00830,2025-01-01,2025-01-30,140.3,0.0,7063.0,1619.71,5443.29,WA,False,none
PE-EMP-00830-02,EMP-00830,2025-01-31,2025-03-01,167.6,0.0,7063.0,1492.49,5570.51,WA,False,none
PE-EMP-00830-03,EMP-00830,2025-03-02,2025-03-31,143.6,0.0,7063.0,1547.62,5515.38,WA,False,none
PE-EMP-00830-04,EMP-00830,2025-04-01,2025-04-30,148.0,0.0,7063.0,1595.8,5467.2,WA,False,none
PE-EMP-00830-05,EMP-00830,2025-05-01,2025-05-30,147.1,0.0,7063.0,1682.49,5380.51,WA,False,none
PE-EMP-00830-06,EMP-00830,2025-05-31,2025-06-29,157.6,0.0,7063.0,1738.55,5324.45,WA,False,none
PE-EMP-00831-01,EMP-00831,2025-01-01,2025-01-30,156.0,0.0,7690.0,1983.33,5706.67,NY,False,none
PE-EMP-00831-02,EMP-00831,2025-01-31,2025-03-01,146.1,0.0,7690.0,1554.4,6135.6,NY,False,none
PE-EMP-00831-03,EMP-00831,2025-03-02,2025-03-31,149.3,0.0,7690.0,1457.45,6232.55,NY,False,none
PE-EMP-00831-04,EMP-00831,2025-04-01,2025-04-30,140.4,0.0,7690.0,1989.75,5700.25,NY,False,none
PE-EMP-00831-05,EMP-00831,2025-05-01,2025-05-30,156.0,0.0,7690.0,1878.78,5811.22,NY,False,none
PE-EMP-00831-06,EMP-00831,2025-05-31,2025-06-29,165.0,0.0,7690.0,2029.34,5660.66,NY,False,none
PE-EMP-00832-01,EMP-00832,2025-01-01,2025-01-30,141.3,0.0,7355.0,1503.57,5851.43,TX,False,none
PE-EMP-00832-02,EMP-00832,2025-01-31,2025-03-01,157.8,0.0,7355.0,2029.3,5325.7,TX,False,none
PE-EMP-00832-03,EMP-00832,2025-03-02,2025-03-31,155.6,0.0,7355.0,1628.4,5726.6,TX,False,none
PE-EMP-00832-04,EMP-00832,2025-04-01,2025-04-30,147.1,0.0,7355.0,1334.16,6020.84,TX,False,none
PE-EMP-00832-05,EMP-00832,2025-05-01,2025-05-30,164.8,0.0,7355.0,1409.69,5945.31,TX,False,none
PE-EMP-00832-06,EMP-00832,2025-05-31,2025-06-29,150.8,0.0,7355.0,1650.51,5704.49,TX,False,none
PE-EMP-00833-01,EMP-00833,2025-01-01,2025-01-30,162.2,9.2,4199.95,758.72,3441.23,NY,False,none
PE-EMP-00833-02,EMP-00833,2025-01-31,2025-03-01,165.1,5.0,4046.81,1123.1,2923.71,NY,False,none
PE-EMP-00833-03,EMP-00833,2025-03-02,2025-03-31,165.5,5.0,4046.58,1083.05,2963.53,NY,False,none
PE-EMP-00833-04,EMP-00833,2025-04-01,2025-04-30,155.8,11.8,4294.35,1006.18,3288.17,NY,False,none
PE-EMP-00833-05,EMP-00833,2025-05-01,2025-05-30,149.1,8.5,4172.41,828.67,3343.74,NY,False,none
PE-EMP-00833-06,EMP-00833,2025-05-31,2025-06-29,144.8,11.1,4265.54,1096.7,3168.84,NY,False,none
PE-EMP-00834-01,EMP-00834,2025-01-01,2025-01-30,148.7,5.9,7100.89,1442.15,5658.74,WA,False,none
PE-EMP-00834-02,EMP-00834,2025-01-31,2025-03-01,163.6,6.3,7123.44,1855.02,5268.42,WA,False,none
PE-EMP-00834-03,EMP-00834,2025-03-02,2025-03-31,145.0,0.1,6735.01,1679.86,5055.15,WA,False,none
PE-EMP-00834-04,EMP-00834,2025-04-01,2025-04-30,152.8,5.3,7061.62,1402.82,5658.8,WA,False,none
PE-EMP-00834-05,EMP-00834,2025-05-01,2025-05-30,147.2,14.7,7657.19,2059.73,5597.46,WA,False,none
PE-EMP-00834-06,EMP-00834,2025-05-31,2025-06-29,159.5,1.9,6846.27,1853.51,4992.76,WA,False,none
PE-EMP-00835-01,EMP-00835,2025-01-01,2025-01-30,143.2,0.0,8099.0,2106.67,5992.33,DE_national,False,none
PE-EMP-00835-02,EMP-00835,2025-01-31,2025-03-01,163.6,0.0,8099.0,1640.57,6458.43,DE_national,False,none
PE-EMP-00835-03,EMP-00835,2025-03-02,2025-03-31,161.1,0.0,8099.0,1462.78,6636.22,DE_national,False,none
PE-EMP-00835-04,EMP-00835,2025-04-01,2025-04-30,145.3,0.0,8099.0,2025.09,6073.91,DE_national,False,none
PE-EMP-00835-05,EMP-00835,2025-05-01,2025-05-30,144.7,0.0,8099.0,1981.85,6117.15,DE_national,False,none
PE-EMP-00835-06,EMP-00835,2025-05-31,2025-06-29,157.0,0.0,8099.0,1992.56,6106.44,DE_national,False,none
PE-EMP-00836-01,EMP-00836,2025-01-01,2025-01-30,141.9,0.0,7488.0,2026.93,5461.07,TX,False,none
PE-EMP-00836-02,EMP-00836,2025-01-31,2025-03-01,154.7,0.0,7488.0,1441.06,6046.94,TX,False,none
PE-EMP-00836-03,EMP-00836,2025-03-02,2025-03-31,156.0,0.0,7488.0,1713.88,5774.12,TX,False,none
PE-EMP-00836-04,EMP-00836,2025-04-01,2025-04-30,140.1,0.0,7488.0,1621.93,5866.07,TX,False,none
PE-EMP-00836-05,EMP-00836,2025-05-01,2025-05-30,142.6,0.0,7488.0,1427.52,6060.48,TX,False,none
PE-EMP-00836-06,EMP-00836,2025-05-31,2025-06-29,143.1,0.0,7488.0,1674.71,5813.29,TX,False,none
PE-EMP-00837-01,EMP-00837,2025-01-01,2025-01-30,155.0,5.0,6505.44,1529.17,4976.27,NY,False,none
PE-EMP-00837-02,EMP-00837,2025-01-31,2025-03-01,160.4,13.2,6984.74,1654.67,5330.07,NY,False,none
PE-EMP-00837-03,EMP-00837,2025-03-02,2025-03-31,153.0,14.6,7065.22,1390.07,5675.15,NY,False,none
PE-EMP-00837-04,EMP-00837,2025-04-01,2025-04-30,159.3,5.7,6548.62,1517.16,5031.46,NY,False,none
PE-EMP-00837-05,EMP-00837,2025-05-01,2025-05-30,159.8,11.3,6870.85,1767.96,5102.89,NY,False,none
PE-EMP-00837-06,EMP-00837,2025-05-31,2025-06-29,165.7,7.2,6633.42,1701.86,4931.56,NY,False,none
PE-EMP-00838-01,EMP-00838,2025-01-01,2025-01-30,159.6,12.9,5221.19,974.88,4246.31,NY,False,none
PE-EMP-00838-02,EMP-00838,2025-01-31,2025-03-01,167.4,9.1,5057.77,988.58,4069.19,NY,False,none
PE-EMP-00838-03,EMP-00838,2025-03-02,2025-03-31,165.4,7.2,4973.22,980.91,3992.31,NY,False,none
PE-EMP-00838-04,EMP-00838,2025-04-01,2025-04-30,154.3,5.0,4876.32,1307.86,3568.46,NY,False,none
PE-EMP-00838-05,EMP-00838,2025-05-01,2025-05-30,164.3,9.9,5089.68,1422.78,3666.9,NY,False,none
PE-EMP-00838-06,EMP-00838,2025-05-31,2025-06-29,143.9,10.8,5132.28,1168.5,3963.78,NY,False,none
PE-EMP-00839-01,EMP-00839,2025-01-01,2025-01-30,140.0,0.0,7836.0,1549.67,6286.33,UK_national,False,none
PE-EMP-00839-02,EMP-00839,2025-01-31,2025-03-01,146.0,0.0,7836.0,1641.29,6194.71,UK_national,False,none
PE-EMP-00839-03,EMP-00839,2025-03-02,2025-03-31,143.6,0.0,7836.0,2136.58,5699.42,UK_national,False,none
PE-EMP-00839-04,EMP-00839,2025-04-01,2025-04-30,167.4,0.0,7836.0,1516.48,6319.52,UK_national,False,none
PE-EMP-00839-05,EMP-00839,2025-05-01,2025-05-30,166.5,0.0,7836.0,1456.84,6379.16,UK_national,False,none
PE-EMP-00839-06,EMP-00839,2025-05-31,2025-06-29,142.5,0.0,7836.0,1628.9,6207.1,UK_national,False,none
PE-EMP-00840-01,EMP-00840,2025-01-01,2025-01-30,167.6,0.0,8670.0,2128.34,6541.66,NY,False,none
PE-EMP-00840-02,EMP-00840,2025-01-31,2025-03-01,160.5,0.0,8670.0,2362.19,6307.81,NY,False,none
PE-EMP-00840-03,EMP-00840,2025-03-02,2025-03-31,164.1,0.0,8670.0,2208.92,6461.08,NY,False,none
PE-EMP-00840-04,EMP-00840,2025-04-01,2025-04-30,141.8,0.0,8670.0,2405.0,6265.0,NY,False,none
PE-EMP-00840-05,EMP-00840,2025-05-01,2025-05-30,166.8,0.0,8670.0,2061.1,6608.9,NY,False,none
PE-EMP-00840-06,EMP-00840,2025-05-31,2025-06-29,159.9,0.0,8670.0,2168.45,6501.55,NY,False,none
PE-EMP-00841-01,EMP-00841,2025-01-01,2025-01-30,158.8,0.0,7153.0,1813.8,5339.2,WA,False,none
PE-EMP-00841-02,EMP-00841,2025-01-31,2025-03-01,160.6,0.0,7153.0,1378.8,5774.2,WA,False,none
PE-EMP-00841-03,EMP-00841,2025-03-02,2025-03-31,157.8,0.0,7153.0,1987.59,5165.41,WA,False,none
PE-EMP-00841-04,EMP-00841,2025-04-01,2025-04-30,147.8,0.0,7153.0,1798.55,5354.45,WA,False,none
PE-EMP-00841-05,EMP-00841,2025-05-01,2025-05-30,144.2,0.0,7153.0,1897.24,5255.76,WA,False,none
PE-EMP-00841-06,EMP-00841,2025-05-31,2025-06-29,143.7,0.0,7153.0,1601.49,5551.51,WA,False,none
PE-EMP-00842-01,EMP-00842,2025-01-01,2025-01-30,150.1,14.0,7552.83,1884.77,5668.06,CA,False,none
PE-EMP-00842-02,EMP-00842,2025-01-31,2025-03-01,142.9,5.6,7029.27,1401.61,5627.66,CA,False,none
PE-EMP-00842-03,EMP-00842,2025-03-02,2025-03-31,165.2,11.4,7392.16,1702.66,5689.5,CA,False,none
PE-EMP-00842-04,EMP-00842,2025-04-01,2025-04-30,151.7,13.3,7511.48,1657.9,5853.58,CA,False,none
PE-EMP-00842-05,EMP-00842,2025-05-01,2025-05-30,151.1,0.0,6681.71,1860.43,4821.28,CA,False,none
PE-EMP-00842-06,EMP-00842,2025-05-31,2025-06-29,141.6,10.7,7350.78,1760.42,5590.36,CA,False,none
PE-EMP-00843-01,EMP-00843,2025-01-01,2025-01-30,166.2,0.0,7261.0,1626.44,5634.56,WA,False,none
PE-EMP-00843-02,EMP-00843,2025-01-31,2025-03-01,152.9,0.0,7261.0,1595.88,5665.12,WA,False,none
PE-EMP-00843-03,EMP-00843,2025-03-02,2025-03-31,156.4,0.0,7261.0,1750.7,5510.3,WA,False,none
PE-EMP-00843-04,EMP-00843,2025-04-01,2025-04-30,146.3,0.0,7261.0,1864.56,5396.44,WA,False,none
PE-EMP-00843-05,EMP-00843,2025-05-01,2025-05-30,159.1,0.0,7261.0,1780.22,5480.78,WA,False,none
PE-EMP-00843-06,EMP-00843,2025-05-31,2025-06-29,167.7,0.0,7261.0,1372.08,5888.92,WA,False,none
PE-EMP-00844-01,EMP-00844,2025-01-01,2025-01-30,159.1,12.2,7283.21,2023.48,5259.73,UK_national,False,none
PE-EMP-00844-02,EMP-00844,2025-01-31,2025-03-01,142.1,4.5,6810.39,1815.1,4995.29,UK_national,False,none
PE-EMP-00844-03,EMP-00844,2025-03-02,2025-03-31,141.1,14.2,7404.47,1763.77,5640.7,UK_national,False,none
PE-EMP-00844-04,EMP-00844,2025-04-01,2025-04-30,166.8,3.3,6736.53,1848.58,4887.95,UK_national,False,none
PE-EMP-00844-05,EMP-00844,2025-05-01,2025-05-30,140.8,3.7,6763.89,1870.46,4893.43,UK_national,False,none
PE-EMP-00844-06,EMP-00844,2025-05-31,2025-06-29,155.2,4.1,6789.59,1643.14,5146.45,UK_national,False,none
PE-EMP-00845-01,EMP-00845,2025-01-01,2025-01-30,151.0,0.0,7524.0,1467.81,6056.19,FL,False,none
PE-EMP-00845-02,EMP-00845,2025-01-31,2025-03-01,142.3,0.0,7524.0,2007.88,5516.12,FL,False,none
PE-EMP-00845-03,EMP-00845,2025-03-02,2025-03-31,166.3,0.0,7524.0,1670.18,5853.82,FL,False,none
PE-EMP-00845-04,EMP-00845,2025-04-01,2025-04-30,140.4,0.0,7524.0,1396.36,6127.64,FL,False,none
PE-EMP-00845-05,EMP-00845,2025-05-01,2025-05-30,151.4,0.0,7524.0,2020.04,5503.96,FL,False,none
PE-EMP-00845-06,EMP-00845,2025-05-31,2025-06-29,167.1,0.0,7524.0,1668.59,5855.41,FL,False,none
PE-EMP-00846-01,EMP-00846,2025-01-01,2025-01-30,167.2,5.9,4185.33,1152.66,3032.67,UK_national,False,none
PE-EMP-00846-02,EMP-00846,2025-01-31,2025-03-01,164.6,0.6,3988.63,811.23,3177.4,UK_national,False,none
PE-EMP-00846-03,EMP-00846,2025-03-02,2025-03-31,151.0,2.3,4051.32,960.3,3091.02,UK_national,False,none
PE-EMP-00846-04,EMP-00846,2025-04-01,2025-04-30,162.5,5.4,4167.92,775.42,3392.5,UK_national,False,none
PE-EMP-00846-05,EMP-00846,2025-05-01,2025-05-30,156.3,11.7,4400.35,1136.71,3263.64,UK_national,False,none
PE-EMP-00846-06,EMP-00846,2025-05-31,2025-06-29,148.4,0.5,3986.18,1102.3,2883.88,UK_national,False,none
PE-EMP-00847-01,EMP-00847,2025-01-01,2025-01-30,151.0,0.0,7052.0,1407.82,5644.18,TX,False,none
PE-EMP-00847-02,EMP-00847,2025-01-31,2025-03-01,148.6,0.0,7052.0,1812.51,5239.49,TX,False,none
PE-EMP-00847-03,EMP-00847,2025-03-02,2025-03-31,160.1,0.0,7052.0,1669.6,5382.4,TX,False,none
PE-EMP-00847-04,EMP-00847,2025-04-01,2025-04-30,149.6,0.0,7052.0,1482.54,5569.46,TX,False,none
PE-EMP-00847-05,EMP-00847,2025-05-01,2025-05-30,156.9,0.0,7052.0,1387.32,5664.68,TX,False,none
PE-EMP-00847-06,EMP-00847,2025-05-31,2025-06-29,145.3,0.0,7052.0,1866.32,5185.68,TX,False,none
PE-EMP-00848-01,EMP-00848,2025-01-01,2025-01-30,150.8,6.5,4250.4,1119.57,3130.83,DE_national,False,none
PE-EMP-00848-02,EMP-00848,2025-01-31,2025-03-01,142.5,14.5,4551.69,935.7,3615.99,DE_national,False,none
PE-EMP-00848-03,EMP-00848,2025-03-02,2025-03-31,162.0,10.0,4380.89,1191.44,3189.45,DE_national,False,none
PE-EMP-00848-04,EMP-00848,2025-04-01,2025-04-30,160.7,14.1,4536.02,1068.14,3467.88,DE_national,False,none
PE-EMP-00848-05,EMP-00848,2025-05-01,2025-05-30,149.0,10.1,4385.42,833.85,3551.57,DE_national,False,none
PE-EMP-00848-06,EMP-00848,2025-05-31,2025-06-29,154.4,7.7,4295.13,1153.79,3141.34,DE_national,False,none
PE-EMP-00849-01,EMP-00849,2025-01-01,2025-01-30,141.1,11.0,4701.39,1292.48,3408.91,CA,False,none
PE-EMP-00849-02,EMP-00849,2025-01-31,2025-03-01,156.6,10.3,4672.8,886.94,3785.86,CA,False,none
PE-EMP-00849-03-DUP,EMP-00849,2025-03-02,2025-03-31,157.4,6.1,4505.21,1099.03,3406.18,CA,True,duplicate_payment
PE-EMP-00849-04,EMP-00849,2025-04-01,2025-04-30,160.3,13.6,4804.74,1206.57,3598.17,CA,False,none
PE-EMP-00849-05,EMP-00849,2025-05-01,2025-05-30,158.4,8.6,4603.08,1003.59,3599.49,CA,False,none
PE-EMP-00849-06,EMP-00849,2025-05-31,2025-06-29,146.2,8.4,4596.38,1197.36,3399.02,CA,False,none
PE-EMP-00850-01,EMP-00850,2025-01-01,2025-01-30,164.8,10.8,6888.46,1902.87,4985.59,UK_national,False,none
PE-EMP-00850-02,EMP-00850,2025-01-31,2025-03-01,147.9,6.9,11905.43,1836.95,4823.49,UK_national,True,rate_violation
PE-EMP-00850-03,EMP-00850,2025-03-02,2025-03-31,164.9,10.0,6841.44,1480.95,5360.49,UK_national,False,none
PE-EMP-00850-04,EMP-00850,2025-04-01,2025-04-30,146.6,3.7,6470.96,1779.02,4691.94,UK_national,False,none
PE-EMP-00850-05,EMP-00850,2025-05-01,2025-05-30,166.6,0.5,6285.55,1564.8,4720.75,UK_national,False,none
PE-EMP-00850-06,EMP-00850,2025-05-31,2025-06-29,142.2,10.6,6876.36,1489.31,5387.05,UK_national,False,none
PE-EMP-00851-01,EMP-00851,2025-01-01,2025-01-30,158.7,7.5,4046.59,739.71,3306.88,WA,False,none
PE-EMP-00851-02,EMP-00851,2025-01-31,2025-03-01,167.4,4.0,3923.01,1044.92,2878.09,WA,False,none
PE-EMP-00851-03,EMP-00851,2025-03-02,2025-03-31,161.8,5.9,3988.58,993.09,2995.49,WA,False,none
PE-EMP-00851-04,EMP-00851,2025-04-01,2025-04-30,158.9,7.5,4046.52,1050.5,2996.02,WA,False,none
PE-EMP-00851-05,EMP-00851,2025-05-01,2025-05-30,151.2,10.7,4159.63,1048.46,3111.17,WA,False,none
PE-EMP-00851-06,EMP-00851,2025-05-31,2025-06-29,167.7,10.8,4164.75,1142.28,3022.47,WA,False,none
PE-EMP-00852-01,EMP-00852,2025-01-01,2025-01-30,165.7,5.0,6724.99,1344.57,5380.42,WA,False,none
PE-EMP-00852-02,EMP-00852,2025-01-31,2025-03-01,167.1,6.5,6816.28,1611.59,5204.69,WA,False,none
PE-EMP-00852-03,EMP-00852,2025-03-02,2025-03-31,167.8,4.1,6666.61,1457.76,5208.85,WA,False,none
PE-EMP-00852-04,EMP-00852,2025-04-01,2025-04-30,160.4,11.7,7123.63,1554.6,5569.03,WA,False,none
PE-EMP-00852-05,EMP-00852,2025-05-01,2025-05-30,162.6,6.5,6811.15,1843.06,4968.09,WA,False,none
PE-EMP-00852-06,EMP-00852,2025-05-31,2025-06-29,143.5,2.7,6581.92,1372.69,5209.23,WA,False,none
PE-EMP-00853-01,EMP-00853,2025-01-01,2025-01-30,140.6,0.0,8113.0,2026.42,6086.58,WA,False,none
PE-EMP-00853-02,EMP-00853,2025-01-31,2025-03-01,140.2,0.0,8113.0,1729.72,6383.28,WA,False,none
PE-EMP-00853-03,EMP-00853,2025-03-02,2025-03-31,163.5,0.0,8113.0,1961.99,6151.01,WA,False,none
PE-EMP-00853-04,EMP-00853,2025-04-01,2025-04-30,166.3,0.0,8113.0,1872.52,6240.48,WA,False,none
PE-EMP-00853-05,EMP-00853,2025-05-01,2025-05-30,162.8,0.0,8113.0,1610.73,6502.27,WA,False,none
PE-EMP-00853-06,EMP-00853,2025-05-31,2025-06-29,151.2,0.0,8113.0,1576.03,6536.97,WA,False,none
PE-EMP-00854-01,EMP-00854,2025-01-01,2025-01-30,162.0,0.0,7492.0,1626.67,5865.33,DE_national,False,none
PE-EMP-00854-02,EMP-00854,2025-01-31,2025-03-01,150.7,0.0,7492.0,1574.88,5917.12,DE_national,False,none
PE-EMP-00854-03,EMP-00854,2025-03-02,2025-03-31,152.5,0.0,7492.0,1433.1,6058.9,DE_national,False,none
PE-EMP-00854-04,EMP-00854,2025-04-01,2025-04-30,165.8,0.0,7492.0,1358.71,6133.29,DE_national,False,none
PE-EMP-00854-05,EMP-00854,2025-05-01,2025-05-30,164.4,0.0,7492.0,1555.48,5936.52,DE_national,False,none
PE-EMP-00854-06,EMP-00854,2025-05-31,2025-06-29,146.7,0.0,7492.0,1930.63,5561.37,DE_national,False,none
PE-EMP-00855-01,EMP-00855,2025-01-01,2025-01-30,156.5,0.0,8190.0,1571.39,6618.61,CA,False,none
PE-EMP-00855-02,EMP-00855,2025-01-31,2025-03-01,145.1,0.0,8190.0,1574.56,6615.44,CA,False,none
PE-EMP-00855-03,EMP-00855,2025-03-02,2025-03-31,162.8,0.0,8190.0,1517.31,6672.69,CA,False,none
PE-EMP-00855-04,EMP-00855,2025-04-01,2025-04-30,158.7,0.0,12736.51,1691.05,6498.95,CA,True,rate_violation
PE-EMP-00855-05,EMP-00855,2025-05-01,2025-05-30,155.2,0.0,8190.0,1634.24,6555.76,CA,False,none
PE-EMP-00855-06,EMP-00855,2025-05-31,2025-06-29,162.2,0.0,8190.0,1603.12,6586.88,CA,False,none
PE-EMP-00856-01,EMP-00856,2025-01-01,2025-01-30,151.6,0.0,7444.0,1426.53,6017.47,DE_national,False,none
PE-EMP-00856-02,EMP-00856,2025-01-31,2025-03-01,161.7,0.0,7444.0,1999.56,5444.44,DE_national,False,none
PE-EMP-00856-03,EMP-00856,2025-03-02,2025-03-31,146.0,0.0,7444.0,1942.58,5501.42,DE_national,False,none
PE-EMP-00856-04,EMP-00856,2025-04-01,2025-04-30,152.7,0.0,7444.0,1647.1,5796.9,DE_national,False,none
PE-EMP-00856-05,EMP-00856,2025-05-01,2025-05-30,158.4,0.0,7444.0,1680.78,5763.22,DE_national,False,none
PE-EMP-00856-06,EMP-00856,2025-05-31,2025-06-29,142.9,0.0,7444.0,2015.43,5428.57,DE_national,False,none
PE-EMP-00857-01,EMP-00857,2025-01-01,2025-01-30,165.3,0.4,6532.43,1597.58,4934.85,CA,False,none
PE-EMP-00857-02,EMP-00857,2025-01-31,2025-03-01,160.5,7.4,9983.82,1621.89,5336.54,CA,True,rate_violation
PE-EMP-00857-03,EMP-00857,2025-03-02,2025-03-31,150.0,2.5,6657.78,1818.85,4838.93,CA,False,none
PE-EMP-00857-04,EMP-00857,2025-04-01,2025-04-30,142.2,10.9,7172.68,1611.44,5561.24,CA,False,none
PE-EMP-00857-05,EMP-00857,2025-05-01,2025-05-30,165.7,8.4,7014.51,1485.91,5528.6,CA,False,none
PE-EMP-00857-06,EMP-00857,2025-05-31,2025-06-29,145.9,12.2,7251.12,1782.28,5468.84,CA,False,none
PE-EMP-00858-01,EMP-00858,2025-01-01,2025-01-30,160.7,0.0,7080.0,1399.16,5680.84,DE_national,False,none
PE-EMP-00858-02,EMP-00858,2025-01-31,2025-03-01,164.9,0.0,7080.0,1632.28,5447.72,DE_national,False,none
PE-EMP-00858-03,EMP-00858,2025-03-02,2025-03-31,152.9,0.0,7080.0,1463.48,5616.52,DE_national,False,none
PE-EMP-00858-04,EMP-00858,2025-04-01,2025-04-30,159.0,0.0,7080.0,1904.73,5175.27,DE_national,False,none
PE-EMP-00858-05,EMP-00858,2025-05-01,2025-05-30,153.9,0.0,7080.0,1354.0,5726.0,DE_national,False,none
PE-EMP-00858-06,EMP-00858,2025-05-31,2025-06-29,145.4,0.0,7080.0,1957.53,5122.47,DE_national,False,none
PE-EMP-00859-01,EMP-00859,2025-01-01,2025-01-30,164.4,0.0,8057.0,2202.59,5854.41,TX,False,none
PE-EMP-00859-02,EMP-00859,2025-01-31,2025-03-01,158.9,0.0,8057.0,2007.4,6049.6,TX,False,none
PE-EMP-00859-03,EMP-00859,2025-03-02,2025-03-31,151.5,0.0,8057.0,1725.36,6331.64,TX,False,none
PE-EMP-00859-04,EMP-00859,2025-04-01,2025-04-30,160.8,0.0,8057.0,1569.17,6487.83,TX,False,none
PE-EMP-00859-05,EMP-00859,2025-05-01,2025-05-30,165.3,0.0,8057.0,1823.14,6233.86,TX,False,none
PE-EMP-00859-06,EMP-00859,2025-05-31,2025-06-29,143.7,0.0,8057.0,1796.69,6260.31,TX,False,none
PE-EMP-00860-01,EMP-00860,2025-01-01,2025-01-30,159.1,6.1,4118.84,821.7,3297.14,TX,False,none
PE-EMP-00860-02,EMP-00860,2025-01-31,2025-03-01,140.1,4.2,4048.67,753.84,3294.83,TX,False,none
PE-EMP-00860-03,EMP-00860,2025-03-02,2025-03-31,163.2,13.9,4402.78,1069.57,3333.21,TX,False,none
PE-EMP-00860-04,EMP-00860,2025-04-01,2025-04-30,150.0,2.3,3979.55,891.15,3088.4,TX,False,none
PE-EMP-00860-05,EMP-00860,2025-05-01,2025-05-30,155.0,0.4,3909.47,1069.65,2839.82,TX,False,none
PE-EMP-00860-06,EMP-00860,2025-05-31,2025-06-29,149.1,7.8,4180.43,1163.87,3016.56,TX,False,none
PE-EMP-00861-01,EMP-00861,2025-01-01,2025-01-30,141.0,13.8,4624.11,1056.08,3568.03,FL,False,none
PE-EMP-00861-02,EMP-00861,2025-01-31,2025-03-01,159.1,10.9,4513.98,842.18,3671.8,FL,False,none
PE-EMP-00861-03,EMP-00861,2025-03-02,2025-03-31,145.2,6.9,4360.62,1154.12,3206.5,FL,False,none
PE-EMP-00861-04,EMP-00861,2025-04-01,2025-04-30,145.5,6.4,4338.92,1043.17,3295.75,FL,False,none
PE-EMP-00861-05,EMP-00861,2025-05-01,2025-05-30,146.3,8.6,4424.27,1146.66,3277.61,FL,False,none
PE-EMP-00861-06,EMP-00861,2025-05-31,2025-06-29,161.5,3.3,4219.29,927.4,3291.89,FL,False,none
PE-EMP-00862-01,EMP-00862,2025-01-01,2025-01-30,162.6,10.4,7411.07,1700.38,5710.69,DE_national,False,none
PE-EMP-00862-02,EMP-00862,2025-01-31,2025-03-01,144.6,0.5,6785.31,1303.88,5481.43,DE_national,False,none
PE-EMP-00862-03,EMP-00862,2025-03-02,2025-03-31,150.6,5.2,7080.4,1776.6,5303.8,DE_national,False,none
PE-EMP-00862-04,EMP-00862,2025-04-01,2025-04-30,154.5,5.9,7123.03,1927.84,5195.19,DE_national,False,none
PE-EMP-00862-05,EMP-00862,2025-05-01,2025-05-30,140.8,9.7,7364.31,1749.48,5614.83,DE_national,False,none
PE-EMP-00862-06,EMP-00862,2025-05-31,2025-06-29,157.7,7.3,7212.17,1475.7,5736.47,DE_national,False,none
PE-EMP-00863-01,EMP-00863,2025-01-01,2025-01-30,143.6,0.0,7997.0,1738.17,6258.83,UK_national,False,none
PE-EMP-00863-02,EMP-00863,2025-01-31,2025-03-01,157.2,0.0,7997.0,2101.01,5895.99,UK_national,False,none
PE-EMP-00863-03,EMP-00863,2025-03-02,2025-03-31,164.1,0.0,7997.0,1985.56,6011.44,UK_national,False,none
PE-EMP-00863-04,EMP-00863,2025-04-01,2025-04-30,165.5,0.0,7997.0,1558.1,6438.9,UK_national,False,none
PE-EMP-00863-05,EMP-00863,2025-05-01,2025-05-30,144.2,0.0,7997.0,1993.83,6003.17,UK_national,False,none
PE-EMP-00863-06,EMP-00863,2025-05-31,2025-06-29,162.8,0.0,7997.0,1620.86,6376.14,UK_national,False,none
PE-EMP-00864-01,EMP-00864,2025-01-01,2025-01-30,157.2,0.0,6959.0,1874.49,5084.51,NY,False,none
PE-EMP-00864-02,EMP-00864,2025-01-31,2025-03-01,156.9,0.0,6959.0,1373.92,5585.08,NY,False,none
PE-EMP-00864-03,EMP-00864,2025-03-02,2025-03-31,148.0,0.0,6959.0,1846.13,5112.87,NY,False,none
PE-EMP-00864-04,EMP-00864,2025-04-01,2025-04-30,159.4,0.0,6959.0,1829.04,5129.96,NY,False,none
PE-EMP-00864-05,EMP-00864,2025-05-01,2025-05-30,161.9,0.0,6959.0,1407.15,5551.85,NY,False,none
PE-EMP-00864-06,EMP-00864,2025-05-31,2025-06-29,149.9,0.0,6959.0,1342.53,5616.47,NY,False,none
PE-EMP-00865-01,EMP-00865,2025-01-01,2025-01-30,151.9,0.0,7584.0,1431.18,6152.82,CA,False,none
PE-EMP-00865-02,EMP-00865,2025-01-31,2025-03-01,149.8,0.0,7584.0,1391.48,6192.52,CA,False,none
PE-EMP-00865-03,EMP-00865,2025-03-02,2025-03-31,151.1,0.0,7584.0,2053.29,5530.71,CA,False,none
PE-EMP-00865-04,EMP-00865,2025-04-01,2025-04-30,155.4,0.0,7584.0,1713.31,5870.69,CA,False,none
PE-EMP-00865-05,EMP-00865,2025-05-01,2025-05-30,154.3,0.0,7584.0,1660.21,5923.79,CA,False,none
PE-EMP-00865-06,EMP-00865,2025-05-31,2025-06-29,153.9,0.0,7584.0,2092.89,5491.11,CA,False,none
PE-EMP-00866-01,EMP-00866,2025-01-01,2025-01-30,161.4,0.0,8015.0,2089.45,5925.55,federal,False,none
PE-EMP-00866-02,EMP-00866,2025-01-31,2025-03-01,163.2,0.0,8015.0,1602.92,6412.08,federal,False,none
PE-EMP-00866-03,EMP-00866,2025-03-02,2025-03-31,141.1,0.0,8015.0,1454.05,6560.95,federal,False,none
PE-EMP-00866-04-DUP,EMP-00866,2025-04-01,2025-04-30,143.5,0.0,8015.0,1760.44,6254.56,federal,True,duplicate_payment
PE-EMP-00866-05,EMP-00866,2025-05-01,2025-05-30,149.9,0.0,8015.0,2120.23,5894.77,federal,False,none
PE-EMP-00866-06,EMP-00866,2025-05-31,2025-06-29,163.1,0.0,8015.0,1886.43,6128.57,federal,False,none
PE-EMP-00867-01,EMP-00867,2025-01-01,2025-01-30,165.0,0.0,6709.0,1582.17,5126.83,FL,False,none
PE-EMP-00867-02,EMP-00867,2025-01-31,2025-03-01,155.7,0.0,6709.0,1852.96,4856.04,FL,False,none
PE-EMP-00867-03,EMP-00867,2025-03-02,2025-03-31,159.8,0.0,6709.0,1854.14,4854.86,FL,False,none
PE-EMP-00867-04,EMP-00867,2025-04-01,2025-04-30,153.8,0.0,6709.0,1740.15,4968.85,FL,False,none
PE-EMP-00867-05,EMP-00867,2025-05-01,2025-05-30,157.6,0.0,6709.0,1826.89,4882.11,FL,False,none
PE-EMP-00867-06,EMP-00867,2025-05-31,2025-06-29,161.3,0.0,6709.0,1565.97,5143.03,FL,False,none
PE-EMP-00868-01,EMP-00868,2025-01-01,2025-01-30,147.2,0.0,8089.0,1781.63,6307.37,federal,False,none
PE-EMP-00868-02,EMP-00868,2025-01-31,2025-03-01,145.6,0.0,8089.0,1814.05,6274.95,federal,False,none
PE-EMP-00868-03,EMP-00868,2025-03-02,2025-03-31,147.4,0.0,8089.0,1573.43,6515.57,federal,False,none
PE-EMP-00868-04,EMP-00868,2025-04-01,2025-04-30,167.4,0.0,8089.0,2235.94,5853.06,federal,False,none
PE-EMP-00868-05,EMP-00868,2025-05-01,2025-05-30,167.5,0.0,8089.0,2250.74,5838.26,federal,False,none
PE-EMP-00868-06,EMP-00868,2025-05-31,2025-06-29,144.0,0.0,8089.0,1586.56,6502.44,federal,False,none
PE-EMP-00869-01,EMP-00869,2025-01-01,2025-01-30,159.9,0.3,6717.92,1280.52,5437.4,NY,False,none
PE-EMP-00869-02,EMP-00869,2025-01-31,2025-03-01,157.0,3.8,6941.16,1356.28,5584.88,NY,False,none
PE-EMP-00869-03,EMP-00869,2025-03-02,2025-03-31,155.7,10.1,7333.79,1863.2,5470.59,NY,False,none
PE-EMP-00869-04,EMP-00869,2025-04-01,2025-04-30,144.3,12.2,7470.76,2084.95,5385.81,NY,False,none
PE-EMP-00869-05,EMP-00869,2025-05-01,2025-05-30,157.7,2.8,6875.54,1742.44,5133.1,NY,False,none
PE-EMP-00869-06,EMP-00869,2025-05-31,2025-06-29,149.9,0.9,6755.87,1339.72,5416.15,NY,False,none
PE-EMP-00870-01,EMP-00870,2025-01-01,2025-01-30,164.9,0.0,7360.0,2055.58,5304.42,federal,False,none
PE-EMP-00870-02,EMP-00870,2025-01-31,2025-03-01,149.5,0.0,7360.0,1598.29,5761.71,federal,False,none
PE-EMP-00870-03,EMP-00870,2025-03-02,2025-03-31,141.4,0.0,7360.0,1611.55,5748.45,federal,False,none
PE-EMP-00870-04,EMP-00870,2025-04-01,2025-04-30,163.3,0.0,7360.0,1792.48,5567.52,federal,False,none
PE-EMP-00870-05,EMP-00870,2025-05-01,2025-05-30,160.2,0.0,7360.0,1961.07,5398.93,federal,False,none
PE-EMP-00870-06,EMP-00870,2025-05-31,2025-06-29,146.8,0.0,7360.0,1954.14,5405.86,federal,False,none
PE-EMP-00871-01,EMP-00871,2025-01-01,2025-01-30,143.2,0.0,7538.0,1398.62,6139.38,DE_national,False,none
PE-EMP-00871-02,EMP-00871,2025-01-31,2025-03-01,151.1,0.0,7538.0,1954.59,5583.41,DE_national,False,none
PE-EMP-00871-03,EMP-00871,2025-03-02,2025-03-31,147.7,0.0,7538.0,1980.74,5557.26,DE_national,False,none
PE-EMP-00871-04,EMP-00871,2025-04-01,2025-04-30,140.2,0.0,7538.0,1861.13,5676.87,DE_national,False,none
PE-EMP-00871-05,EMP-00871,2025-05-01,2025-05-30,146.4,0.0,7538.0,1778.13,5759.87,DE_national,False,none
PE-EMP-00871-06,EMP-00871,2025-05-31,2025-06-29,148.5,0.0,7538.0,1448.82,6089.18,DE_national,False,none
PE-EMP-00872-01,EMP-00872,2025-01-01,2025-01-30,155.7,0.0,7321.0,1426.49,5894.51,FL,False,none
PE-EMP-00872-02,EMP-00872,2025-01-31,2025-03-01,164.9,0.0,7321.0,1370.3,5950.7,FL,False,none
PE-EMP-00872-03,EMP-00872,2025-03-02,2025-03-31,161.7,0.0,7321.0,1445.54,5875.46,FL,False,none
PE-EMP-00872-04,EMP-00872,2025-04-01,2025-04-30,158.5,0.0,7321.0,1690.21,5630.79,FL,False,none
PE-EMP-00872-05,EMP-00872,2025-05-01,2025-05-30,148.0,0.0,7321.0,1610.1,5710.9,FL,False,none
PE-EMP-00872-06,EMP-00872,2025-05-31,2025-06-29,156.0,0.0,7321.0,1844.96,5476.04,FL,False,none
PE-EMP-00873-01,EMP-00873,2025-01-01,2025-01-30,158.4,0.0,7196.0,1573.13,5622.87,CA,False,none
PE-EMP-00873-02,EMP-00873,2025-01-31,2025-03-01,148.8,0.0,7196.0,1494.5,5701.5,CA,False,none
PE-EMP-00873-03,EMP-00873,2025-03-02,2025-03-31,153.3,0.0,7196.0,1555.44,5640.56,CA,False,none
PE-EMP-00873-04,EMP-00873,2025-04-01,2025-04-30,147.0,0.0,7196.0,1347.61,5848.39,CA,False,none
PE-EMP-00873-05,EMP-00873,2025-05-01,2025-05-30,144.9,0.0,7196.0,1745.9,5450.1,CA,False,none
PE-EMP-00873-06,EMP-00873,2025-05-31,2025-06-29,141.9,0.0,7196.0,1357.51,5838.49,CA,False,none
PE-EMP-00874-01,EMP-00874,2025-01-01,2025-01-30,167.4,0.0,7880.0,1629.32,6250.68,FL,False,none
PE-EMP-00874-02,EMP-00874,2025-01-31,2025-03-01,142.2,0.0,7880.0,2022.34,5857.66,FL,False,none
PE-EMP-00874-03,EMP-00874,2025-03-02,2025-03-31,158.9,0.0,7880.0,1678.4,6201.6,FL,False,none
PE-EMP-00874-04,EMP-00874,2025-04-01,2025-04-30,147.6,0.0,7880.0,1867.23,6012.77,FL,False,none
PE-EMP-00874-05,EMP-00874,2025-05-01,2025-05-30,158.8,0.0,7880.0,1872.47,6007.53,FL,False,none
PE-EMP-00874-06,EMP-00874,2025-05-31,2025-06-29,150.5,0.0,7880.0,2194.4,5685.6,FL,False,none
PE-EMP-00875-01,EMP-00875,2025-01-01,2025-01-30,156.5,0.0,7581.0,1706.38,5874.62,DE_national,False,none
PE-EMP-00875-02,EMP-00875,2025-01-31,2025-03-01,153.9,0.0,7581.0,1974.74,5606.26,DE_national,False,none
PE-EMP-00875-03,EMP-00875,2025-03-02,2025-03-31,141.7,0.0,7581.0,1973.66,5607.34,DE_national,False,none
PE-EMP-00875-04,EMP-00875,2025-04-01,2025-04-30,162.7,0.0,7581.0,1378.35,6202.65,DE_national,False,none
PE-EMP-00875-05,EMP-00875,2025-05-01,2025-05-30,144.7,0.0,7581.0,2104.78,5476.22,DE_national,False,none
PE-EMP-00875-06,EMP-00875,2025-05-31,2025-06-29,158.7,0.0,7581.0,1418.5,6162.5,DE_national,False,none
PE-EMP-00876-01,EMP-00876,2025-01-01,2025-01-30,164.3,0.0,7760.0,1781.8,5978.2,TX,False,none
PE-EMP-00876-02,EMP-00876,2025-01-31,2025-03-01,143.8,0.0,7760.0,1910.23,5849.77,TX,False,none
PE-EMP-00876-03,EMP-00876,2025-03-02,2025-03-31,144.2,0.0,7760.0,1453.67,6306.33,TX,False,none
PE-EMP-00876-04,EMP-00876,2025-04-01,2025-04-30,145.6,0.0,7760.0,1585.87,6174.13,TX,False,none
PE-EMP-00876-05,EMP-00876,2025-05-01,2025-05-30,160.1,0.0,7760.0,2099.81,5660.19,TX,False,none
PE-EMP-00876-06,EMP-00876,2025-05-31,2025-06-29,157.4,0.0,7760.0,1755.9,6004.1,TX,False,none
PE-EMP-00877-01,EMP-00877,2025-01-01,2025-01-30,155.9,0.0,7494.0,1689.08,5804.92,CA,False,none
PE-EMP-00877-02,EMP-00877,2025-01-31,2025-03-01,141.0,0.0,7494.0,2064.52,5429.48,CA,False,none
PE-EMP-00877-03,EMP-00877,2025-03-02,2025-03-31,153.3,0.0,7494.0,1404.52,6089.48,CA,False,none
PE-EMP-00877-04,EMP-00877,2025-04-01,2025-04-30,151.9,0.0,7494.0,2018.28,5475.72,CA,False,none
PE-EMP-00877-05,EMP-00877,2025-05-01,2025-05-30,146.5,0.0,7494.0,1946.86,5547.14,CA,False,none
PE-EMP-00877-06,EMP-00877,2025-05-31,2025-06-29,167.6,0.0,7494.0,1487.84,6006.16,CA,False,none
PE-EMP-00878-01,EMP-00878,2025-01-01,2025-01-30,152.3,5.8,4740.09,1215.66,3524.43,federal,False,none
PE-EMP-00878-02,EMP-00878,2025-01-31,2025-03-01,152.9,5.1,4708.31,1119.06,3589.25,federal,False,none
PE-EMP-00878-03,EMP-00878,2025-03-02,2025-03-31,154.9,9.3,4886.86,1196.67,3690.19,federal,False,none
PE-EMP-00878-04,EMP-00878,2025-04-01,2025-04-30,151.8,3.6,4643.92,1131.91,3512.01,federal,False,none
PE-EMP-00878-05,EMP-00878,2025-05-01,2025-05-30,145.8,9.5,4892.75,1160.4,3732.35,federal,False,none
PE-EMP-00878-06,EMP-00878,2025-05-31,2025-06-29,165.6,10.4,4931.93,987.87,3944.06,federal,False,none
PE-EMP-00879-01,EMP-00879,2025-01-01,2025-01-30,156.9,9.4,6742.72,1471.42,5271.3,UK_national,False,none
PE-EMP-00879-02,EMP-00879,2025-01-31,2025-03-01,148.6,0.5,6220.9,1438.58,4782.32,UK_national,False,none
PE-EMP-00879-03,EMP-00879,2025-03-02,2025-03-31,160.3,8.7,6697.65,1429.86,5267.79,UK_national,False,none
PE-EMP-00879-04,EMP-00879,2025-04-01,2025-04-30,146.5,2.2,6320.07,1237.81,5082.26,UK_national,False,none
PE-EMP-00879-05,EMP-00879,2025-05-01,2025-05-30,156.4,5.3,6500.58,1185.39,5315.19,UK_national,False,none
PE-EMP-00879-06,EMP-00879,2025-05-31,2025-06-29,149.8,12.1,6897.4,1429.34,5468.06,UK_national,False,none
PE-EMP-00880-01,EMP-00880,2025-01-01,2025-01-30,147.9,9.6,4489.76,1167.13,3322.63,federal,False,none
PE-EMP-00880-02,EMP-00880,2025-01-31,2025-03-01,148.0,0.1,4122.99,762.73,3360.26,federal,False,none
PE-EMP-00880-03,EMP-00880,2025-03-02,2025-03-31,143.9,14.5,4679.8,1059.63,3620.17,federal,False,none
PE-EMP-00880-04,EMP-00880,2025-04-01,2025-04-30,148.6,8.2,4434.54,1136.36,3298.18,federal,False,none
PE-EMP-00880-05,EMP-00880,2025-05-01,2025-05-30,153.9,4.5,4291.46,964.65,3326.81,federal,False,none
PE-EMP-00880-06,EMP-00880,2025-05-31,2025-06-29,152.6,4.6,4298.28,1178.16,3120.12,federal,False,none
PE-EMP-00881-01,EMP-00881,2025-01-01,2025-01-30,151.8,0.0,8855.0,1772.16,7082.84,CA,False,none
PE-EMP-00881-02,EMP-00881,2025-01-31,2025-03-01,164.9,0.0,8855.0,1971.68,6883.32,CA,False,none
PE-EMP-00881-03,EMP-00881,2025-03-02,2025-03-31,167.7,0.0,8855.0,1821.41,7033.59,CA,False,none
PE-EMP-00881-04,EMP-00881,2025-04-01,2025-04-30,149.3,0.0,8855.0,1614.31,7240.69,CA,False,none
PE-EMP-00881-05,EMP-00881,2025-05-01,2025-05-30,146.8,0.0,8855.0,1872.6,6982.4,CA,False,none
PE-EMP-00881-06,EMP-00881,2025-05-31,2025-06-29,146.2,0.0,8855.0,1770.27,7084.73,CA,False,none
PE-EMP-00882-01,EMP-00882,2025-01-01,2025-01-30,156.5,5.8,6849.78,1419.55,5430.23,NY,False,none
PE-EMP-00882-02,EMP-00882,2025-01-31,2025-03-01,151.9,2.8,6667.37,1509.76,5157.61,NY,False,none
PE-EMP-00882-03,EMP-00882,2025-03-02,2025-03-31,142.2,13.2,7303.5,1727.59,5575.91,NY,False,none
PE-EMP-00882-04,EMP-00882,2025-04-01,2025-04-30,150.0,8.5,7017.14,1529.85,5487.29,NY,False,none
PE-EMP-00882-05,EMP-00882,2025-05-01,2025-05-30,149.0,0.7,6542.27,1420.3,5121.97,NY,False,none
PE-EMP-00882-06,EMP-00882,2025-05-31,2025-06-29,153.0,0.1,6504.27,1410.13,5094.14,NY,False,none
PE-EMP-00883-01,EMP-00883,2025-01-01,2025-01-30,143.1,0.0,8538.0,1988.51,6549.49,DE_national,False,none
PE-EMP-00883-02,EMP-00883,2025-01-31,2025-03-01,153.0,0.0,8538.0,2112.66,6425.34,DE_national,False,none
PE-EMP-00883-03,EMP-00883,2025-03-02,2025-03-31,151.9,0.0,8538.0,1737.29,6800.71,DE_national,False,none
PE-EMP-00883-04,EMP-00883,2025-04-01,2025-04-30,142.2,0.0,8538.0,1804.94,6733.06,DE_national,False,none
PE-EMP-00883-05,EMP-00883,2025-05-01,2025-05-30,148.1,0.0,8538.0,1984.68,6553.32,DE_national,False,none
PE-EMP-00883-06,EMP-00883,2025-05-31,2025-06-29,163.8,0.0,8538.0,2254.46,6283.54,DE_national,False,none
PE-EMP-00884-01,EMP-00884,2025-01-01,2025-01-30,161.4,0.0,7526.0,1815.06,5710.94,federal,False,none
PE-EMP-00884-02,EMP-00884,2025-01-31,2025-03-01,149.8,0.0,7526.0,1566.68,5959.32,federal,False,none
PE-EMP-00884-03,EMP-00884,2025-03-02,2025-03-31,158.4,0.0,7526.0,1541.34,5984.66,federal,False,none
PE-EMP-00884-04,EMP-00884,2025-04-01,2025-04-30,167.2,0.0,7526.0,1921.93,5604.07,federal,False,none
PE-EMP-00884-05,EMP-00884,2025-05-01,2025-05-30,164.5,0.0,7526.0,2063.7,5462.3,federal,False,none
PE-EMP-00884-06,EMP-00884,2025-05-31,2025-06-29,148.2,0.0,7526.0,1521.31,6004.69,federal,False,none
PE-EMP-00885-01,EMP-00885,2025-01-01,2025-01-30,159.9,0.0,8950.0,2314.08,6635.92,DE_national,False,none
PE-EMP-00885-02,EMP-00885,2025-01-31,2025-03-01,162.2,0.0,8950.0,1884.29,7065.71,DE_national,False,none
PE-EMP-00885-03,EMP-00885,2025-03-02,2025-03-31,143.4,0.0,8950.0,2120.6,6829.4,DE_national,False,none
PE-EMP-00885-04,EMP-00885,2025-04-01,2025-04-30,156.9,0.0,8950.0,1829.91,7120.09,DE_national,False,none
PE-EMP-00885-05,EMP-00885,2025-05-01,2025-05-30,157.0,0.0,8950.0,2357.24,6592.76,DE_national,False,none
PE-EMP-00885-06,EMP-00885,2025-05-31,2025-06-29,166.5,0.0,8950.0,1842.34,7107.66,DE_national,False,none
PE-EMP-00886-01,EMP-00886,2025-01-01,2025-01-30,156.2,4.3,4723.05,1121.69,3601.36,UK_national,False,none
PE-EMP-00886-02,EMP-00886,2025-01-31,2025-03-01,147.5,6.1,4802.76,872.75,3930.01,UK_national,False,none
PE-EMP-00886-03,EMP-00886,2025-03-02,2025-03-31,161.3,12.6,5075.34,1268.64,3806.7,UK_national,False,none
PE-EMP-00886-04,EMP-00886,2025-04-01,2025-04-30,144.8,3.4,4684.38,1121.12,3563.26,UK_national,False,none
PE-EMP-00886-05,EMP-00886,2025-05-01,2025-05-30,154.0,1.9,4622.93,1166.34,3456.59,UK_national,False,none
PE-EMP-00886-06,EMP-00886,2025-05-31,2025-06-29,160.3,3.3,4680.55,1111.92,3568.63,UK_national,False,none
PE-EMP-00887-01,EMP-00887,2025-01-01,2025-01-30,162.9,0.0,8854.0,2162.63,6691.37,NY,False,none
PE-EMP-00887-02,EMP-00887,2025-01-31,2025-03-01,164.7,0.0,8854.0,2109.59,6744.41,NY,False,none
PE-EMP-00887-03,EMP-00887,2025-03-02,2025-03-31,166.1,0.0,8854.0,1682.05,7171.95,NY,False,none
PE-EMP-00887-04,EMP-00887,2025-04-01,2025-04-30,144.4,0.0,8854.0,2450.2,6403.8,NY,False,none
PE-EMP-00887-05,EMP-00887,2025-05-01,2025-05-30,167.9,0.0,8854.0,2266.84,6587.16,NY,False,none
PE-EMP-00887-06,EMP-00887,2025-05-31,2025-06-29,152.5,0.0,8854.0,1647.91,7206.09,NY,False,none
PE-EMP-00888-01,EMP-00888,2025-01-01,2025-01-30,144.9,0.0,8742.0,2325.74,6416.26,NY,False,none
PE-EMP-00888-02,EMP-00888,2025-01-31,2025-03-01,161.3,0.0,8742.0,1992.24,6749.76,NY,False,none
PE-EMP-00888-03,EMP-00888,2025-03-02,2025-03-31,148.4,0.0,8742.0,2318.05,6423.95,NY,False,none
PE-EMP-00888-04,EMP-00888,2025-04-01,2025-04-30,149.7,0.0,8742.0,1824.51,6917.49,NY,False,none
PE-EMP-00888-05,EMP-00888,2025-05-01,2025-05-30,159.9,0.0,8742.0,1934.43,6807.57,NY,False,none
PE-EMP-00888-06,EMP-00888,2025-05-31,2025-06-29,149.4,0.0,8742.0,2273.23,6468.77,NY,False,none
PE-EMP-00889-01,EMP-00889,2025-01-01,2025-01-30,143.7,0.0,7838.0,2020.44,5817.56,FL,False,none
PE-EMP-00889-02,EMP-00889,2025-01-31,2025-03-01,141.0,0.0,7838.0,1418.8,6419.2,FL,False,none
PE-EMP-00889-03,EMP-00889,2025-03-02,2025-03-31,148.4,0.0,7838.0,1855.01,5982.99,FL,False,none
PE-EMP-00889-04,EMP-00889,2025-04-01,2025-04-30,163.8,0.0,7838.0,1709.86,6128.14,FL,False,none
PE-EMP-00889-05,EMP-00889,2025-05-01,2025-05-30,141.8,0.0,7838.0,1977.95,5860.05,FL,False,none
PE-EMP-00889-06,EMP-00889,2025-05-31,2025-06-29,146.3,0.0,7838.0,1453.64,6384.36,FL,False,none
PE-EMP-00890-01,EMP-00890,2025-01-01,2025-01-30,140.8,0.0,8084.0,2180.45,5903.55,NY,False,none
PE-EMP-00890-02,EMP-00890,2025-01-31,2025-03-01,164.5,0.0,8084.0,1541.32,6542.68,NY,False,none
PE-EMP-00890-03,EMP-00890,2025-03-02,2025-03-31,161.8,0.0,8084.0,1620.07,6463.93,NY,False,none
PE-EMP-00890-04,EMP-00890,2025-04-01,2025-04-30,164.2,0.0,8084.0,1724.57,6359.43,NY,False,none
PE-EMP-00890-05,EMP-00890,2025-05-01,2025-05-30,151.0,0.0,8084.0,1743.1,6340.9,NY,False,none
PE-EMP-00890-06,EMP-00890,2025-05-31,2025-06-29,159.8,0.0,8084.0,1771.69,6312.31,NY,False,none
PE-EMP-00891-01,EMP-00891,2025-01-01,2025-01-30,149.3,0.0,6870.0,1468.38,5401.62,NY,False,none
PE-EMP-00891-02,EMP-00891,2025-01-31,2025-03-01,159.0,0.0,6870.0,1560.42,5309.58,NY,False,none
PE-EMP-00891-03,EMP-00891,2025-03-02,2025-03-31,140.1,0.0,6870.0,1882.33,4987.67,NY,False,none
PE-EMP-00891-04,EMP-00891,2025-04-01,2025-04-30,167.2,0.0,6870.0,1290.79,5579.21,NY,False,none
PE-EMP-00891-05,EMP-00891,2025-05-01,2025-05-30,156.1,0.0,6870.0,1386.64,5483.36,NY,False,none
PE-EMP-00891-06,EMP-00891,2025-05-31,2025-06-29,141.9,0.0,6870.0,1721.5,5148.5,NY,False,none
PE-EMP-00892-01,EMP-00892,2025-01-01,2025-01-30,155.5,0.0,7846.0,1560.69,6285.31,TX,False,none
PE-EMP-00892-02,EMP-00892,2025-01-31,2025-03-01,159.5,0.0,7846.0,1723.41,6122.59,TX,False,none
PE-EMP-00892-03,EMP-00892,2025-03-02,2025-03-31,146.2,0.0,7846.0,1469.15,6376.85,TX,False,none
PE-EMP-00892-04,EMP-00892,2025-04-01,2025-04-30,166.2,0.0,7846.0,1844.38,6001.62,TX,False,none
PE-EMP-00892-05,EMP-00892,2025-05-01,2025-05-30,141.3,0.0,7846.0,1572.89,6273.11,TX,False,none
PE-EMP-00892-06,EMP-00892,2025-05-31,2025-06-29,164.9,0.0,7846.0,1561.74,6284.26,TX,False,none
PE-EMP-00893-01,EMP-00893,2025-01-01,2025-01-30,151.4,14.0,5163.81,1312.05,3851.76,federal,False,none
PE-EMP-00893-02,EMP-00893,2025-01-31,2025-03-01,140.9,3.7,4724.63,996.91,3727.72,federal,False,none
PE-EMP-00893-03,EMP-00893,2025-03-02,2025-03-31,148.2,4.0,4735.2,950.79,3784.41,federal,False,none
PE-EMP-00893-04,EMP-00893,2025-04-01,2025-04-30,143.0,4.5,4758.39,1172.13,3586.26,federal,False,none
PE-EMP-00893-05,EMP-00893,2025-05-01,2025-05-30,160.0,6.2,4831.85,1227.99,3603.86,federal,False,none
PE-EMP-00893-06,EMP-00893,2025-05-31,2025-06-29,158.9,9.9,4987.43,1287.47,3699.96,federal,False,none
PE-EMP-00894-01,EMP-00894,2025-01-01,2025-01-30,155.1,0.4,4292.85,1009.75,3283.1,FL,False,none
PE-EMP-00894-02,EMP-00894,2025-01-31,2025-03-01,165.2,14.2,4846.97,1024.55,3822.42,FL,False,none
PE-EMP-00894-03,EMP-00894,2025-03-02,2025-03-31,159.8,2.1,4360.71,1160.1,3200.61,FL,False,none
PE-EMP-00894-04,EMP-00894,2025-04-01,2025-04-30,150.7,8.7,4626.3,855.92,3770.38,FL,False,none
PE-EMP-00894-05,EMP-00894,2025-05-01,2025-05-30,164.8,9.8,4669.15,1142.37,3526.78,FL,False,none
PE-EMP-00894-06,EMP-00894,2025-05-31,2025-06-29,167.2,6.6,4539.47,946.95,3592.52,FL,False,none
PE-EMP-00895-01-DUP,EMP-00895,2025-01-01,2025-01-30,153.0,2.8,7168.96,1317.32,5851.64,federal,True,duplicate_payment
PE-EMP-00895-02,EMP-00895,2025-01-31,2025-03-01,145.8,4.8,7296.84,1426.65,5870.19,federal,False,none
PE-EMP-00895-03,EMP-00895,2025-03-02,2025-03-31,155.0,11.9,7761.23,1681.56,6079.67,federal,True,rule_override
PE-EMP-00895-04,EMP-00895,2025-04-01,2025-04-30,141.3,2.4,7143.09,1685.12,5457.97,federal,False,none
PE-EMP-00895-05,EMP-00895,2025-05-01,2025-05-30,166.4,6.3,7398.58,1582.07,5816.51,federal,False,none
PE-EMP-00895-06,EMP-00895,2025-05-31,2025-06-29,152.6,5.1,7314.75,1954.6,5360.15,federal,False,none
PE-EMP-00896-01,EMP-00896,2025-01-01,2025-01-30,165.8,2.4,4080.51,816.53,3263.98,CA,False,none
PE-EMP-00896-02,EMP-00896,2025-01-31,2025-03-01,154.6,2.3,4077.05,1057.26,3019.79,CA,False,none
PE-EMP-00896-03,EMP-00896,2025-03-02,2025-03-31,140.3,0.2,4000.12,852.1,3148.02,CA,False,none
PE-EMP-00896-04,EMP-00896,2025-04-01,2025-04-30,156.1,1.6,4051.51,812.09,3239.42,CA,False,none
PE-EMP-00896-05,EMP-00896,2025-05-01,2025-05-30,140.3,0.3,4003.33,799.57,3203.76,CA,False,none
PE-EMP-00896-06,EMP-00896,2025-05-31,2025-06-29,151.4,6.6,4238.49,1074.06,3164.43,CA,False,none
PE-EMP-00897-01,EMP-00897,2025-01-01,2025-01-30,143.4,0.0,8307.0,2243.64,6063.36,CA,False,none
PE-EMP-00897-02,EMP-00897,2025-01-31,2025-03-01,161.9,0.0,8307.0,1798.63,6508.37,CA,False,none
PE-EMP-00897-03,EMP-00897,2025-03-02,2025-03-31,162.8,0.0,8307.0,1858.72,6448.28,CA,False,none
PE-EMP-00897-04,EMP-00897,2025-04-01,2025-04-30,152.0,0.0,8307.0,2139.8,6167.2,CA,False,none
PE-EMP-00897-05,EMP-00897,2025-05-01,2025-05-30,157.1,0.0,8307.0,1783.82,6523.18,CA,False,none
PE-EMP-00897-06,EMP-00897,2025-05-31,2025-06-29,162.8,0.0,8307.0,1702.21,6604.79,CA,False,none
PE-EMP-00898-01,EMP-00898,2025-01-01,2025-01-30,161.0,2.6,7110.41,1736.19,5374.22,WA,False,none
PE-EMP-00898-02,EMP-00898,2025-01-31,2025-03-01,145.9,1.2,7017.37,1897.15,5120.22,WA,False,none
PE-EMP-00898-03,EMP-00898,2025-03-02,2025-03-31,165.5,11.0,7658.14,1804.36,5853.78,WA,False,none
PE-EMP-00898-04,EMP-00898,2025-04-01,2025-04-30,147.2,7.3,7416.97,1509.34,5907.63,WA,False,none
PE-EMP-00898-05,EMP-00898,2025-05-01,2025-05-30,146.1,10.8,7640.59,2101.74,5538.85,WA,False,none
PE-EMP-00898-06,EMP-00898,2025-05-31,2025-06-29,143.7,1.9,7065.02,1480.83,5584.19,WA,False,none
PE-EMP-00899-01,EMP-00899,2025-01-01,2025-01-30,141.9,0.0,7771.0,2154.28,5616.72,CA,False,none
PE-EMP-00899-02,EMP-00899,2025-01-31,2025-03-01,156.3,0.0,7771.0,1974.92,5796.08,CA,False,none
PE-EMP-00899-03,EMP-00899,2025-03-02,2025-03-31,168.0,0.0,7771.0,1997.59,5773.41,CA,False,none
PE-EMP-00899-04,EMP-00899,2025-04-01,2025-04-30,142.5,0.0,7771.0,1956.5,5814.5,CA,False,none
PE-EMP-00899-05,EMP-00899,2025-05-01,2025-05-30,166.8,0.0,7771.0,1913.16,5857.84,CA,False,none
PE-EMP-00899-06,EMP-00899,2025-05-31,2025-06-29,143.7,0.0,7771.0,1439.28,6331.72,CA,False,none
PE-EMP-00900-01,EMP-00900,2025-01-01,2025-01-30,150.5,6.6,7336.92,1965.32,5371.6,federal,False,none
PE-EMP-00900-02,EMP-00900,2025-01-31,2025-03-01,151.6,12.5,7717.81,1899.01,5818.8,federal,False,none
PE-EMP-00900-03,EMP-00900,2025-03-02,2025-03-31,155.3,10.9,7619.01,2101.66,5517.35,federal,False,none
PE-EMP-00900-04,EMP-00900,2025-04-01,2025-04-30,163.3,7.1,7372.82,1796.06,5576.76,federal,False,none
PE-EMP-00900-05,EMP-00900,2025-05-01,2025-05-30,153.9,12.4,7711.51,1707.27,6004.24,federal,False,none
PE-EMP-00900-06,EMP-00900,2025-05-31,2025-06-29,157.4,12.5,7718.86,2111.66,5607.2,federal,False,none
PE-EMP-00901-01,EMP-00901,2025-01-01,2025-01-30,145.1,4.0,6319.99,1381.75,4938.24,WA,False,none
PE-EMP-00901-02,EMP-00901,2025-01-31,2025-03-01,157.9,3.4,6288.87,1680.64,4608.23,WA,False,none
PE-EMP-00901-03,EMP-00901,2025-03-02,2025-03-31,152.3,11.8,6769.82,1536.18,5233.64,WA,False,none
PE-EMP-00901-04,EMP-00901,2025-04-01,2025-04-30,144.2,7.6,6527.45,1782.73,4744.72,WA,False,none
PE-EMP-00901-05,EMP-00901,2025-05-01,2025-05-30,145.0,4.7,6365.37,1171.29,5194.08,WA,False,none
PE-EMP-00901-06,EMP-00901,2025-05-31,2025-06-29,166.8,11.7,6764.1,1449.71,5314.39,WA,False,none
PE-EMP-00902-01,EMP-00902,2025-01-01,2025-01-30,151.0,8.0,4849.61,1218.52,3631.09,federal,False,none
PE-EMP-00902-02,EMP-00902,2025-01-31,2025-03-01,165.6,10.9,4970.72,968.01,4002.71,federal,False,none
PE-EMP-00902-03,EMP-00902,2025-03-02,2025-03-31,146.9,3.7,4669.02,928.03,3740.99,federal,False,none
PE-EMP-00902-04,EMP-00902,2025-04-01,2025-04-30,156.1,14.1,5107.61,1325.13,3782.48,federal,False,none
PE-EMP-00902-05,EMP-00902,2025-05-01,2025-05-30,142.8,1.3,4564.63,1268.66,3295.97,federal,False,none
PE-EMP-00902-06,EMP-00902,2025-05-31,2025-06-29,143.3,6.9,4801.47,1110.83,3690.64,federal,False,none
PE-EMP-00903-01,EMP-00903,2025-01-01,2025-01-30,146.6,5.2,6332.34,1575.71,4756.63,WA,False,none
PE-EMP-00903-02,EMP-00903,2025-01-31,2025-03-01,151.6,13.8,6817.65,1645.91,5171.74,WA,False,none
PE-EMP-00903-03,EMP-00903,2025-03-02,2025-03-31,158.7,13.4,6794.42,1833.68,4960.74,WA,False,none
PE-EMP-00903-04,EMP-00903,2025-04-01,2025-04-30,152.7,0.7,6080.02,1595.63,4484.39,WA,False,none
PE-EMP-00903-05,EMP-00903,2025-05-01,2025-05-30,148.2,0.5,6068.61,1474.24,4594.37,WA,False,none
PE-EMP-00903-06,EMP-00903,2025-05-31,2025-06-29,146.3,2.3,6166.26,1173.79,4992.47,WA,False,none
PE-EMP-00904-01,EMP-00904,2025-01-01,2025-01-30,167.2,9.3,4408.06,1099.57,3308.49,federal,False,none
PE-EMP-00904-02,EMP-00904,2025-01-31,2025-03-01,145.0,4.8,4237.57,1138.11,3099.46,federal,False,none
PE-EMP-00904-03,EMP-00904,2025-03-02,2025-03-31,161.4,7.4,4337.76,855.69,3482.07,federal,False,none
PE-EMP-00904-04,EMP-00904,2025-04-01,2025-04-30,144.0,7.4,4336.76,948.8,3387.96,federal,False,none
PE-EMP-00904-05,EMP-00904,2025-05-01,2025-05-30,147.1,3.3,4181.66,942.71,3238.95,federal,False,none
PE-EMP-00904-06,EMP-00904,2025-05-31,2025-06-29,144.6,5.4,4261.74,890.39,3371.35,federal,False,none
PE-EMP-00905-01,EMP-00905,2025-01-01,2025-01-30,144.0,5.6,4578.76,996.74,3582.02,CA,False,none
PE-EMP-00905-02,EMP-00905,2025-01-31,2025-03-01,149.0,12.2,4844.93,1158.47,3686.46,CA,False,none
PE-EMP-00905-03,EMP-00905,2025-03-02,2025-03-31,158.1,12.7,4868.84,970.05,3898.79,CA,False,none
PE-EMP-00905-04,EMP-00905,2025-04-01,2025-04-30,145.5,11.0,4799.09,1196.1,3602.99,CA,False,none
PE-EMP-00905-05,EMP-00905,2025-05-01,2025-05-30,162.9,3.0,4472.76,934.76,3538.0,CA,False,none
PE-EMP-00905-06,EMP-00905,2025-05-31,2025-06-29,148.5,13.2,4885.48,1286.6,3598.88,CA,False,none
PE-EMP-00906-01,EMP-00906,2025-01-01,2025-01-30,148.5,0.0,8552.0,2258.26,6293.74,federal,False,none
PE-EMP-00906-02,EMP-00906,2025-01-31,2025-03-01,154.0,0.0,8552.0,2051.81,6500.19,federal,False,none
PE-EMP-00906-03,EMP-00906,2025-03-02,2025-03-31,165.8,0.0,8552.0,1549.4,7002.6,federal,False,none
PE-EMP-00906-04,EMP-00906,2025-04-01,2025-04-30,153.0,0.0,8552.0,2227.32,6324.68,federal,False,none
PE-EMP-00906-05,EMP-00906,2025-05-01,2025-05-30,140.3,0.0,8552.0,1859.37,6692.63,federal,False,none
PE-EMP-00906-06,EMP-00906,2025-05-31,2025-06-29,159.1,0.0,8552.0,2194.4,6357.6,federal,False,none
PE-EMP-00907-01,EMP-00907,2025-01-01,2025-01-30,159.2,1.1,6111.73,1568.32,4543.41,TX,False,none
PE-EMP-00907-02,EMP-00907,2025-01-31,2025-03-01,148.8,11.8,6721.55,1511.14,5210.41,TX,False,none
PE-EMP-00907-03,EMP-00907,2025-03-02,2025-03-31,147.2,10.5,6648.34,1317.47,5330.87,TX,False,none
PE-EMP-00907-04,EMP-00907,2025-04-01,2025-04-30,152.0,9.9,6610.85,1295.7,5315.15,TX,False,none
PE-EMP-00907-05,EMP-00907,2025-05-01,2025-05-30,164.6,11.1,6681.6,1479.38,5202.22,TX,False,none
PE-EMP-00907-06,EMP-00907,2025-05-31,2025-06-29,147.5,6.8,6435.91,1478.98,4956.93,TX,False,none
PE-EMP-00908-01,EMP-00908,2025-01-01,2025-01-30,148.9,2.6,4091.81,1109.72,2982.09,UK_national,False,none
PE-EMP-00908-02,EMP-00908,2025-01-31,2025-03-01,155.9,0.3,4005.85,753.32,3252.53,UK_national,False,none
PE-EMP-00908-03,EMP-00908,2025-03-02,2025-03-31,151.2,8.1,4300.98,835.15,3465.83,UK_national,False,none
PE-EMP-00908-04,EMP-00908,2025-04-01,2025-04-30,156.9,0.4,4011.61,870.07,3141.54,UK_national,False,none
PE-EMP-00908-05,EMP-00908,2025-05-01,2025-05-30,160.3,2.4,4084.6,977.25,3107.35,UK_national,False,none
PE-EMP-00908-06,EMP-00908,2025-05-31,2025-06-29,143.3,4.8,4177.27,1113.11,3064.16,UK_national,False,none
PE-EMP-00909-01,EMP-00909,2025-01-01,2025-01-30,166.0,6.2,6861.48,1263.91,5597.57,NY,False,none
PE-EMP-00909-02,EMP-00909,2025-01-31,2025-03-01,156.6,4.7,6775.09,1669.95,5105.14,NY,False,none
PE-EMP-00909-03,EMP-00909,2025-03-02,2025-03-31,156.3,3.5,6699.18,1369.56,5329.62,NY,False,none
PE-EMP-00909-04,EMP-00909,2025-04-01,2025-04-30,158.7,12.2,7228.07,1767.81,5460.26,NY,False,none
PE-EMP-00909-05,EMP-00909,2025-05-01,2025-05-30,144.8,9.3,7054.8,1479.15,5575.65,NY,False,none
PE-EMP-00909-06,EMP-00909,2025-05-31,2025-06-29,161.4,2.7,6651.1,1484.17,5166.93,NY,False,none
PE-EMP-00910-01,EMP-00910,2025-01-01,2025-01-30,142.1,0.0,8408.0,2071.1,6336.9,NY,False,none
PE-EMP-00910-02,EMP-00910,2025-01-31,2025-03-01,157.5,0.0,8408.0,1536.2,6871.8,NY,False,none
PE-EMP-00910-03,EMP-00910,2025-03-02,2025-03-31,158.7,0.0,8408.0,1799.01,6608.99,NY,False,none
PE-EMP-00910-04,EMP-00910,2025-04-01,2025-04-30,145.4,0.0,8408.0,2122.05,6285.95,NY,False,none
PE-EMP-00910-05,EMP-00910,2025-05-01,2025-05-30,146.2,0.0,8408.0,1966.05,6441.95,NY,False,none
PE-EMP-00910-06,EMP-00910,2025-05-31,2025-06-29,163.8,0.0,8408.0,1550.11,6857.89,NY,False,none
PE-EMP-00911-01,EMP-00911,2025-01-01,2025-01-30,156.1,12.8,4783.64,968.42,3815.22,DE_national,False,none
PE-EMP-00911-02,EMP-00911,2025-01-31,2025-03-01,164.0,1.0,4310.59,1052.8,3257.79,DE_national,False,none
PE-EMP-00911-03,EMP-00911,2025-03-02,2025-03-31,144.9,2.3,4363.22,1199.78,3163.44,DE_national,False,none
PE-EMP-00911-04,EMP-00911,2025-04-01,2025-04-30,144.8,1.1,4317.82,1100.69,3217.13,DE_national,False,none
PE-EMP-00911-05,EMP-00911,2025-05-01,2025-05-30,154.3,13.7,4819.7,921.84,3897.86,DE_national,False,none
PE-EMP-00911-06,EMP-00911,2025-05-31,2025-06-29,150.4,2.3,4364.31,975.62,3388.69,DE_national,False,none
PE-EMP-00912-01,EMP-00912,2025-01-01,2025-01-30,151.7,7.5,4225.32,930.19,3295.13,FL,False,none
PE-EMP-00912-02,EMP-00912,2025-01-31,2025-03-01,165.0,1.6,4005.73,954.51,3051.22,FL,False,none
PE-EMP-00912-03,EMP-00912,2025-03-02,2025-03-31,154.9,3.9,4093.54,956.76,3136.78,FL,False,none
PE-EMP-00912-04,EMP-00912,2025-04-01,2025-04-30,150.9,14.8,4496.98,1146.76,3350.22,FL,False,none
PE-EMP-00912-05,EMP-00912,2025-05-01,2025-05-30,163.4,10.1,4322.04,796.37,3525.67,FL,False,none
PE-EMP-00912-06,EMP-00912,2025-05-31,2025-06-29,150.9,8.6,4264.47,981.88,3282.59,FL,False,none
PE-EMP-00913-01,EMP-00913,2025-01-01,2025-01-30,166.1,0.0,6815.0,1528.09,5286.91,NY,False,none
PE-EMP-00913-02,EMP-00913,2025-01-31,2025-03-01,154.7,0.0,6815.0,1393.36,5421.64,NY,True,ghost_employee
PE-EMP-00913-03,EMP-00913,2025-03-02,2025-03-31,148.8,0.0,6815.0,1449.75,5365.25,NY,False,none
PE-EMP-00913-04,EMP-00913,2025-04-01,2025-04-30,160.6,0.0,6815.0,1490.93,5324.07,NY,False,none
PE-EMP-00913-05,EMP-00913,2025-05-01,2025-05-30,151.2,0.0,6815.0,1871.22,4943.78,NY,False,none
PE-EMP-00913-06,EMP-00913,2025-05-31,2025-06-29,151.2,0.0,6815.0,1438.5,5376.5,NY,False,none
PE-EMP-00914-01,EMP-00914,2025-01-01,2025-01-30,160.9,8.9,4365.48,1101.94,3263.54,FL,False,none
PE-EMP-00914-02,EMP-00914,2025-01-31,2025-03-01,146.1,9.9,4401.0,841.38,3559.62,FL,False,none
PE-EMP-00914-03,EMP-00914,2025-03-02,2025-03-31,143.9,14.0,4554.88,1188.21,3366.67,FL,False,none
PE-EMP-00914-04,EMP-00914,2025-04-01,2025-04-30,145.0,2.9,4137.5,751.83,3385.67,FL,False,none
PE-EMP-00914-05,EMP-00914,2025-05-01,2025-05-30,159.3,0.7,4053.76,795.79,3257.97,FL,False,none
PE-EMP-00914-06,EMP-00914,2025-05-31,2025-06-29,147.1,3.3,4150.89,1150.87,3000.02,FL,False,none
PE-EMP-00915-01,EMP-00915,2025-01-01,2025-01-30,147.9,0.0,7658.0,1750.31,5907.69,TX,False,none
PE-EMP-00915-02,EMP-00915,2025-01-31,2025-03-01,154.3,0.0,7658.0,2052.32,5605.68,TX,False,none
PE-EMP-00915-03,EMP-00915,2025-03-02,2025-03-31,161.6,0.0,7658.0,1914.51,5743.49,TX,False,none
PE-EMP-00915-04,EMP-00915,2025-04-01,2025-04-30,143.1,0.0,7658.0,1739.18,5918.82,TX,False,none
PE-EMP-00915-05,EMP-00915,2025-05-01,2025-05-30,157.2,0.0,7658.0,1495.93,6162.07,TX,False,none
PE-EMP-00915-06,EMP-00915,2025-05-31,2025-06-29,161.3,0.0,7658.0,1828.83,5829.17,TX,False,none
PE-EMP-00916-01,EMP-00916,2025-01-01,2025-01-30,156.6,9.2,5046.48,1198.72,3847.76,CA,False,none
PE-EMP-00916-02,EMP-00916,2025-01-31,2025-03-01,154.8,9.8,5071.78,1173.45,3898.33,CA,False,none
PE-EMP-00916-03,EMP-00916,2025-03-02,2025-03-31,145.6,11.0,5126.44,932.96,4193.48,CA,False,none
PE-EMP-00916-04,EMP-00916,2025-04-01,2025-04-30,146.1,6.5,4928.24,1089.05,3839.19,CA,False,none
PE-EMP-00916-05,EMP-00916,2025-05-01,2025-05-30,160.7,11.2,5132.82,1286.4,3846.42,CA,False,none
PE-EMP-00916-06,EMP-00916,2025-05-31,2025-06-29,141.7,5.2,4873.26,973.05,3900.21,CA,False,none
PE-EMP-00917-01,EMP-00917,2025-01-01,2025-01-30,144.5,5.0,6404.5,1501.2,4903.3,NY,False,none
PE-EMP-00917-02,EMP-00917,2025-01-31,2025-03-01,145.3,1.4,6197.86,1315.04,4882.82,NY,False,none
PE-EMP-00917-03,EMP-00917,2025-03-02,2025-03-31,141.3,12.1,6811.2,1410.02,5401.18,NY,False,none
PE-EMP-00917-04,EMP-00917,2025-04-01,2025-04-30,164.8,13.5,6888.19,1618.61,5269.58,NY,False,none
PE-EMP-00917-05,EMP-00917,2025-05-01,2025-05-30,140.1,5.3,6420.51,1598.14,4822.37,NY,False,none
PE-EMP-00917-06,EMP-00917,2025-05-31,2025-06-29,165.9,12.6,6839.44,1652.37,5187.07,NY,False,none
PE-EMP-00918-01,EMP-00918,2025-01-01,2025-01-30,158.5,8.5,6855.21,1653.11,5202.1,CA,False,none
PE-EMP-00918-02,EMP-00918,2025-01-31,2025-03-01,141.7,6.0,6706.55,1674.97,5031.58,CA,False,none
PE-EMP-00918-03,EMP-00918,2025-03-02,2025-03-31,144.6,6.9,6759.5,1511.52,5247.98,CA,False,none
PE-EMP-00918-04,EMP-00918,2025-04-01,2025-04-30,146.8,3.4,6553.86,1732.73,4821.13,CA,False,none
PE-EMP-00918-05,EMP-00918,2025-05-01,2025-05-30,167.8,3.1,6535.7,1746.39,4789.31,CA,False,none
PE-EMP-00918-06,EMP-00918,2025-05-31,2025-06-29,157.1,5.8,6695.17,1733.78,4961.39,CA,False,none
PE-EMP-00919-01,EMP-00919,2025-01-01,2025-01-30,166.9,0.0,7039.0,1418.0,5621.0,CA,False,none
PE-EMP-00919-02,EMP-00919,2025-01-31,2025-03-01,153.5,0.0,7039.0,1900.62,5138.38,CA,False,none
PE-EMP-00919-03,EMP-00919,2025-03-02,2025-03-31,142.3,0.0,7039.0,1503.69,5535.31,CA,False,none
PE-EMP-00919-04,EMP-00919,2025-04-01,2025-04-30,143.2,0.0,7039.0,1711.26,5327.74,CA,False,none
PE-EMP-00919-05,EMP-00919,2025-05-01,2025-05-30,155.2,0.0,7039.0,1838.11,5200.89,CA,False,none
PE-EMP-00919-06,EMP-00919,2025-05-31,2025-06-29,163.2,0.0,7039.0,1550.33,5488.67,CA,False,none
PE-EMP-00920-01,EMP-00920,2025-01-01,2025-01-30,151.1,0.0,7861.0,1497.33,6363.67,WA,False,none
PE-EMP-00920-02,EMP-00920,2025-01-31,2025-03-01,152.2,0.0,7861.0,1654.51,6206.49,WA,False,none
PE-EMP-00920-03,EMP-00920,2025-03-02,2025-03-31,161.8,0.0,7861.0,1415.62,6445.38,WA,False,none
PE-EMP-00920-04,EMP-00920,2025-04-01,2025-04-30,142.1,0.0,7861.0,1536.87,6324.13,WA,False,none
PE-EMP-00920-05,EMP-00920,2025-05-01,2025-05-30,154.2,0.0,7861.0,1538.28,6322.72,WA,False,none
PE-EMP-00920-06,EMP-00920,2025-05-31,2025-06-29,165.2,0.0,7861.0,1978.53,5882.47,WA,False,none
PE-EMP-00921-01,EMP-00921,2025-01-01,2025-01-30,144.3,0.0,7896.0,1952.7,5943.3,UK_national,False,none
PE-EMP-00921-02,EMP-00921,2025-01-31,2025-03-01,163.8,0.0,7896.0,1998.55,5897.45,UK_national,False,none
PE-EMP-00921-03,EMP-00921,2025-03-02,2025-03-31,146.3,0.0,7896.0,2130.11,5765.89,UK_national,False,none
PE-EMP-00921-04,EMP-00921,2025-04-01,2025-04-30,152.9,0.0,7896.0,1895.11,6000.89,UK_national,False,none
PE-EMP-00921-05,EMP-00921,2025-05-01,2025-05-30,164.0,0.0,7896.0,1838.47,6057.53,UK_national,False,none
PE-EMP-00921-06,EMP-00921,2025-05-31,2025-06-29,149.1,0.0,7896.0,2161.84,5734.16,UK_national,False,none
PE-EMP-00922-01,EMP-00922,2025-01-01,2025-01-30,160.6,0.0,8290.0,2072.76,6217.24,CA,False,none
PE-EMP-00922-02,EMP-00922,2025-01-31,2025-03-01,151.4,0.0,8290.0,2234.7,6055.3,CA,False,none
PE-EMP-00922-03,EMP-00922,2025-03-02,2025-03-31,153.8,0.0,8290.0,1570.93,6719.07,CA,False,none
PE-EMP-00922-04,EMP-00922,2025-04-01,2025-04-30,141.2,0.0,8290.0,2118.52,6171.48,CA,False,none
PE-EMP-00922-05,EMP-00922,2025-05-01,2025-05-30,160.3,0.0,8290.0,2176.56,6113.44,CA,False,none
PE-EMP-00922-06,EMP-00922,2025-05-31,2025-06-29,144.7,0.0,8290.0,2018.45,6271.55,CA,False,none
PE-EMP-00923-01,EMP-00923,2025-01-01,2025-01-30,166.2,0.0,7970.0,1851.15,6118.85,DE_national,False,none
PE-EMP-00923-02,EMP-00923,2025-01-31,2025-03-01,164.0,0.0,7970.0,2082.74,5887.26,DE_national,False,none
PE-EMP-00923-03,EMP-00923,2025-03-02,2025-03-31,146.9,0.0,7970.0,1494.42,6475.58,DE_national,False,none
PE-EMP-00923-04,EMP-00923,2025-04-01,2025-04-30,143.6,0.0,7970.0,1918.14,6051.86,DE_national,False,none
PE-EMP-00923-05,EMP-00923,2025-05-01,2025-05-30,166.8,0.0,7970.0,1527.67,6442.33,DE_national,False,none
PE-EMP-00923-06,EMP-00923,2025-05-31,2025-06-29,165.7,0.0,7970.0,1988.35,5981.65,DE_national,False,none
PE-EMP-00924-01,EMP-00924,2025-01-01,2025-01-30,149.9,0.0,8885.0,2126.55,6758.45,federal,False,none
PE-EMP-00924-02,EMP-00924,2025-01-31,2025-03-01,156.2,0.0,8885.0,2073.08,6811.92,federal,False,none
PE-EMP-00924-03,EMP-00924,2025-03-02,2025-03-31,146.9,0.0,8885.0,2214.83,6670.17,federal,False,none
PE-EMP-00924-04,EMP-00924,2025-04-01,2025-04-30,149.8,0.0,8885.0,2041.31,6843.69,federal,False,none
PE-EMP-00924-05,EMP-00924,2025-05-01,2025-05-30,160.6,0.0,8885.0,1614.08,7270.92,federal,False,none
PE-EMP-00924-06,EMP-00924,2025-05-31,2025-06-29,160.1,0.0,8885.0,2249.58,6635.42,federal,False,none
PE-EMP-00925-01,EMP-00925,2025-01-01,2025-01-30,159.6,0.0,8389.0,1826.18,6562.82,FL,False,none
PE-EMP-00925-02,EMP-00925,2025-01-31,2025-03-01,159.5,0.0,8389.0,2199.58,6189.42,FL,False,none
PE-EMP-00925-03,EMP-00925,2025-03-02,2025-03-31,154.9,0.0,8389.0,2150.7,6238.3,FL,False,none
PE-EMP-00925-04,EMP-00925,2025-04-01,2025-04-30,157.1,0.0,8389.0,1806.91,6582.09,FL,False,none
PE-EMP-00925-05,EMP-00925,2025-05-01,2025-05-30,163.2,0.0,8389.0,1626.1,6762.9,FL,False,none
PE-EMP-00925-06,EMP-00925,2025-05-31,2025-06-29,152.6,0.0,8389.0,1768.44,6620.56,FL,False,none
PE-EMP-00926-01,EMP-00926,2025-01-01,2025-01-30,154.2,0.0,8190.0,1937.35,6252.65,NY,False,none
PE-EMP-00926-02,EMP-00926,2025-01-31,2025-03-01,166.7,0.0,8190.0,1755.47,6434.53,NY,False,none
PE-EMP-00926-03,EMP-00926,2025-03-02,2025-03-31,146.3,0.0,8190.0,1697.65,6492.35,NY,False,none
PE-EMP-00926-04,EMP-00926,2025-04-01,2025-04-30,152.2,0.0,8190.0,1995.46,6194.54,NY,False,none
PE-EMP-00926-05,EMP-00926,2025-05-01,2025-05-30,161.4,0.0,8190.0,2078.76,6111.24,NY,False,none
PE-EMP-00926-06,EMP-00926,2025-05-31,2025-06-29,164.8,0.0,8190.0,1948.67,6241.33,NY,False,none
PE-EMP-00927-01,EMP-00927,2025-01-01,2025-01-30,157.0,0.0,7553.0,1695.69,5857.31,CA,False,none
PE-EMP-00927-02,EMP-00927,2025-01-31,2025-03-01,157.6,0.0,7553.0,1467.34,6085.66,CA,False,none
PE-EMP-00927-03,EMP-00927,2025-03-02,2025-03-31,157.3,0.0,7553.0,1679.07,5873.93,CA,False,none
PE-EMP-00927-04,EMP-00927,2025-04-01,2025-04-30,167.7,0.0,7553.0,1589.54,5963.46,CA,False,none
PE-EMP-00927-05,EMP-00927,2025-05-01,2025-05-30,161.4,0.0,7553.0,1793.15,5759.85,CA,False,none
PE-EMP-00927-06,EMP-00927,2025-05-31,2025-06-29,151.1,0.0,7553.0,1375.85,6177.15,CA,False,none
PE-EMP-00928-01,EMP-00928,2025-01-01,2025-01-30,140.1,0.0,7462.0,1926.57,5535.43,UK_national,False,none
PE-EMP-00928-02,EMP-00928,2025-01-31,2025-03-01,152.8,0.0,7462.0,1855.05,5606.95,UK_national,False,none
PE-EMP-00928-03,EMP-00928,2025-03-02,2025-03-31,153.9,0.0,7462.0,1760.4,5701.6,UK_national,False,none
PE-EMP-00928-04-DUP,EMP-00928,2025-04-01,2025-04-30,159.2,0.0,7462.0,1977.88,5484.12,UK_national,True,duplicate_payment
PE-EMP-00928-05,EMP-00928,2025-05-01,2025-05-30,148.0,0.0,7462.0,1548.96,5913.04,UK_national,False,none
PE-EMP-00928-06,EMP-00928,2025-05-31,2025-06-29,166.7,0.0,7462.0,1487.58,5974.42,UK_national,False,none
PE-EMP-00929-01,EMP-00929,2025-01-01,2025-01-30,157.0,0.0,8640.0,1990.72,6649.28,federal,False,none
PE-EMP-00929-02,EMP-00929,2025-01-31,2025-03-01,148.5,0.0,8640.0,1910.26,6729.74,federal,False,none
PE-EMP-00929-03,EMP-00929,2025-03-02,2025-03-31,146.8,0.0,8640.0,2280.01,6359.99,federal,False,none
PE-EMP-00929-04,EMP-00929,2025-04-01,2025-04-30,154.5,0.0,8640.0,2099.45,6540.55,federal,False,none
PE-EMP-00929-05,EMP-00929,2025-05-01,2025-05-30,145.8,0.0,8640.0,2188.58,6451.42,federal,False,none
PE-EMP-00929-06,EMP-00929,2025-05-31,2025-06-29,155.0,0.0,8640.0,2015.9,6624.1,federal,False,none
PE-EMP-00930-01,EMP-00930,2025-01-01,2025-01-30,167.9,4.4,7183.23,1712.68,5470.55,WA,False,none
PE-EMP-00930-02,EMP-00930,2025-01-31,2025-03-01,140.8,4.4,7180.37,1299.56,5880.81,WA,False,none
PE-EMP-00930-03,EMP-00930,2025-03-02,2025-03-31,156.9,9.9,7542.11,1745.82,5796.29,WA,False,none
PE-EMP-00930-04,EMP-00930,2025-04-01,2025-04-30,151.0,0.1,6908.62,1910.13,4998.49,WA,False,none
PE-EMP-00930-05,EMP-00930,2025-05-01,2025-05-30,143.3,13.3,7760.15,1421.19,6338.96,WA,False,none
PE-EMP-00930-06,EMP-00930,2025-05-31,2025-06-29,151.2,14.4,7831.51,1440.28,6391.23,WA,False,none
PE-EMP-00931-01,EMP-00931,2025-01-01,2025-01-30,151.2,0.0,8349.0,1964.42,6384.58,TX,False,none
PE-EMP-00931-02,EMP-00931,2025-01-31,2025-03-01,165.2,0.0,8349.0,1517.91,6831.09,TX,False,none
PE-EMP-00931-03,EMP-00931,2025-03-02,2025-03-31,155.2,0.0,8349.0,1728.71,6620.29,TX,False,none
PE-EMP-00931-04,EMP-00931,2025-04-01,2025-04-30,163.3,0.0,8349.0,1802.19,6546.81,TX,False,none
PE-EMP-00931-05,EMP-00931,2025-05-01,2025-05-30,142.9,0.0,8349.0,1687.7,6661.3,TX,False,none
PE-EMP-00931-06,EMP-00931,2025-05-31,2025-06-29,155.6,0.0,8349.0,1953.35,6395.65,TX,False,none
PE-EMP-00932-01,EMP-00932,2025-01-01,2025-01-30,155.6,13.1,7217.76,1879.86,5337.9,FL,False,none
PE-EMP-00932-02,EMP-00932,2025-01-31,2025-03-01,149.2,4.6,6702.77,1752.64,4950.13,FL,False,none
PE-EMP-00932-03,EMP-00932,2025-03-02,2025-03-31,155.4,9.3,6986.32,1772.35,5213.97,FL,False,none
PE-EMP-00932-04,EMP-00932,2025-04-01,2025-04-30,147.3,12.8,7199.39,2012.12,5187.27,FL,False,none
PE-EMP-00932-05,EMP-00932,2025-05-01,2025-05-30,155.5,6.2,6802.97,1813.33,4989.64,FL,False,none
PE-EMP-00932-06,EMP-00932,2025-05-31,2025-06-29,140.4,13.9,7263.42,1632.15,5631.27,FL,False,none
PE-EMP-00933-01,EMP-00933,2025-01-01,2025-01-30,150.4,0.0,8231.0,1492.05,6738.95,WA,False,none
PE-EMP-00933-02,EMP-00933,2025-01-31,2025-03-01,140.0,0.0,8231.0,1519.38,6711.62,WA,False,none
PE-EMP-00933-03,EMP-00933,2025-03-02,2025-03-31,149.7,0.0,8231.0,1802.9,6428.1,WA,False,none
PE-EMP-00933-04,EMP-00933,2025-04-01,2025-04-30,159.0,0.0,8231.0,1565.39,6665.61,WA,False,none
PE-EMP-00933-05,EMP-00933,2025-05-01,2025-05-30,164.9,0.0,8231.0,2122.41,6108.59,WA,False,none
PE-EMP-00933-06,EMP-00933,2025-05-31,2025-06-29,150.0,0.0,8231.0,1648.92,6582.08,WA,False,none
PE-EMP-00934-01,EMP-00934,2025-01-01,2025-01-30,165.5,0.0,7368.0,2026.43,5341.57,FL,False,none
PE-EMP-00934-02,EMP-00934,2025-01-31,2025-03-01,150.8,0.0,7368.0,1397.78,5970.22,FL,False,none
PE-EMP-00934-03,EMP-00934,2025-03-02,2025-03-31,147.3,0.0,7368.0,1742.78,5625.22,FL,False,none
PE-EMP-00934-04,EMP-00934,2025-04-01,2025-04-30,163.1,0.0,7368.0,2047.38,5320.62,FL,False,none
PE-EMP-00934-05,EMP-00934,2025-05-01,2025-05-30,158.6,0.0,7368.0,1987.3,5380.7,FL,False,none
PE-EMP-00934-06,EMP-00934,2025-05-31,2025-06-29,148.2,0.0,7368.0,1656.93,5711.07,FL,False,none
PE-EMP-00935-01,EMP-00935,2025-01-01,2025-01-30,141.5,0.0,8005.0,2050.22,5954.78,WA,False,none
PE-EMP-00935-02,EMP-00935,2025-01-31,2025-03-01,165.6,0.0,8005.0,2171.17,5833.83,WA,False,none
PE-EMP-00935-03,EMP-00935,2025-03-02,2025-03-31,158.3,0.0,8005.0,1865.82,6139.18,WA,False,none
PE-EMP-00935-04,EMP-00935,2025-04-01,2025-04-30,144.5,0.0,8005.0,2143.89,5861.11,WA,False,none
PE-EMP-00935-05,EMP-00935,2025-05-01,2025-05-30,162.5,0.0,8005.0,1465.9,6539.1,WA,False,none
PE-EMP-00935-06,EMP-00935,2025-05-31,2025-06-29,157.7,0.0,8005.0,1604.24,6400.76,WA,False,none
PE-EMP-00936-01,EMP-00936,2025-01-01,2025-01-30,150.4,10.3,6936.88,1281.66,5655.22,TX,False,none
PE-EMP-00936-02,EMP-00936,2025-01-31,2025-03-01,147.6,4.4,6587.95,1811.48,4776.47,TX,False,none
PE-EMP-00936-03,EMP-00936,2025-03-02,2025-03-31,147.1,9.0,6859.96,1878.35,4981.61,TX,False,none
PE-EMP-00936-04,EMP-00936,2025-04-01,2025-04-30,151.0,4.1,6568.94,1407.69,5161.25,TX,False,none
PE-EMP-00936-05,EMP-00936,2025-05-01,2025-05-30,151.8,13.5,7127.63,1568.7,5558.93,TX,False,none
PE-EMP-00936-06,EMP-00936,2025-05-31,2025-06-29,165.7,2.5,6471.61,1773.22,4698.39,TX,False,none
PE-EMP-00937-01,EMP-00937,2025-01-01,2025-01-30,150.6,0.0,8159.0,2111.06,6047.94,federal,False,none
PE-EMP-00937-02,EMP-00937,2025-01-31,2025-03-01,143.5,0.0,8159.0,1732.65,6426.35,federal,False,none
PE-EMP-00937-03,EMP-00937,2025-03-02,2025-03-31,149.6,0.0,8159.0,1956.0,6203.0,federal,False,none
PE-EMP-00937-04,EMP-00937,2025-04-01,2025-04-30,164.4,0.0,8159.0,1580.34,6578.66,federal,False,none
PE-EMP-00937-05,EMP-00937,2025-05-01,2025-05-30,166.1,0.0,8159.0,2095.33,6063.67,federal,False,none
PE-EMP-00937-06,EMP-00937,2025-05-31,2025-06-29,145.2,0.0,8159.0,2166.3,5992.7,federal,False,none
PE-EMP-00938-01,EMP-00938,2025-01-01,2025-01-30,143.5,0.0,8310.0,1502.38,6807.62,UK_national,False,none
PE-EMP-00938-02,EMP-00938,2025-01-31,2025-03-01,146.6,0.0,8310.0,2270.18,6039.82,UK_national,False,none
PE-EMP-00938-03,EMP-00938,2025-03-02,2025-03-31,158.1,0.0,8310.0,1740.86,6569.14,UK_national,False,none
PE-EMP-00938-04,EMP-00938,2025-04-01,2025-04-30,162.2,0.0,8310.0,1710.71,6599.29,UK_national,False,none
PE-EMP-00938-05,EMP-00938,2025-05-01,2025-05-30,148.6,0.0,8310.0,2244.34,6065.66,UK_national,False,none
PE-EMP-00938-06,EMP-00938,2025-05-31,2025-06-29,148.5,0.0,8310.0,1735.6,6574.4,UK_national,False,none
PE-EMP-00939-01,EMP-00939,2025-01-01,2025-01-30,162.0,0.0,6834.0,1484.59,5349.41,NY,False,none
PE-EMP-00939-02,EMP-00939,2025-01-31,2025-03-01,146.2,0.0,6834.0,1528.82,5305.18,NY,False,none
PE-EMP-00939-03,EMP-00939,2025-03-02,2025-03-31,144.8,0.0,6834.0,1809.71,5024.29,NY,False,none
PE-EMP-00939-04,EMP-00939,2025-04-01,2025-04-30,162.9,0.0,6834.0,1595.31,5238.69,NY,False,none
PE-EMP-00939-05,EMP-00939,2025-05-01,2025-05-30,148.8,0.0,6834.0,1564.37,5269.63,NY,False,none
PE-EMP-00939-06,EMP-00939,2025-05-31,2025-06-29,142.3,0.0,6834.0,1323.87,5510.13,NY,False,none
PE-EMP-00940-01,EMP-00940,2025-01-01,2025-01-30,149.3,0.0,8236.0,1768.84,6467.16,FL,False,none
PE-EMP-00940-02,EMP-00940,2025-01-31,2025-03-01,142.8,0.0,8236.0,2060.25,6175.75,FL,False,none
PE-EMP-00940-03,EMP-00940,2025-03-02,2025-03-31,164.1,0.0,8236.0,1973.29,6262.71,FL,False,none
PE-EMP-00940-04,EMP-00940,2025-04-01,2025-04-30,140.1,0.0,8236.0,1687.67,6548.33,FL,False,none
PE-EMP-00940-05,EMP-00940,2025-05-01,2025-05-30,143.6,0.0,8236.0,1634.71,6601.29,FL,False,none
PE-EMP-00940-06,EMP-00940,2025-05-31,2025-06-29,142.6,0.0,8236.0,2198.12,6037.88,FL,False,none
PE-EMP-00941-01,EMP-00941,2025-01-01,2025-01-30,166.0,0.0,7214.0,1860.59,5353.41,TX,False,none
PE-EMP-00941-02,EMP-00941,2025-01-31,2025-03-01,146.6,0.0,7214.0,1860.35,5353.65,TX,False,none
PE-EMP-00941-03,EMP-00941,2025-03-02,2025-03-31,144.0,0.0,7214.0,1998.21,5215.79,TX,False,none
PE-EMP-00941-04,EMP-00941,2025-04-01,2025-04-30,153.9,0.0,7214.0,1605.55,5608.45,TX,False,none
PE-EMP-00941-05,EMP-00941,2025-05-01,2025-05-30,147.6,0.0,7214.0,1762.05,5451.95,TX,False,none
PE-EMP-00941-06,EMP-00941,2025-05-31,2025-06-29,160.5,0.0,7214.0,1743.97,5470.03,TX,False,none
PE-EMP-00942-01,EMP-00942,2025-01-01,2025-01-30,155.6,10.7,4624.04,980.86,3643.18,UK_national,False,none
PE-EMP-00942-02,EMP-00942,2025-01-31,2025-03-01,149.1,2.7,4309.95,1063.95,3246.0,UK_national,False,none
PE-EMP-00942-03,EMP-00942,2025-03-02,2025-03-31,144.8,12.6,4700.48,911.87,3788.61,UK_national,False,none
PE-EMP-00942-04,EMP-00942,2025-04-01,2025-04-30,164.1,1.5,4262.93,816.63,3446.3,UK_national,False,none
PE-EMP-00942-05,EMP-00942,2025-05-01,2025-05-30,154.1,7.3,4492.17,1084.84,3407.33,UK_national,False,none
PE-EMP-00942-06,EMP-00942,2025-05-31,2025-06-29,152.6,0.8,4235.35,1150.42,3084.93,UK_national,False,none
PE-EMP-00943-01,EMP-00943,2025-01-01,2025-01-30,154.8,9.6,6573.2,1421.96,5151.24,FL,False,none
PE-EMP-00943-02,EMP-00943,2025-01-31,2025-03-01,156.8,3.9,6252.16,1409.3,4842.86,FL,False,none
PE-EMP-00943-03,EMP-00943,2025-03-02,2025-03-31,147.5,3.5,6228.4,1349.15,4879.25,FL,False,none
PE-EMP-00943-04,EMP-00943,2025-04-01,2025-04-30,146.0,11.6,6688.28,1402.91,5285.37,FL,False,none
PE-EMP-00943-05,EMP-00943,2025-05-01,2025-05-30,164.5,11.0,6653.85,1765.38,4888.47,FL,False,none
PE-EMP-00943-06,EMP-00943,2025-05-31,2025-06-29,148.3,12.5,6739.94,1782.11,4957.83,FL,False,none
PE-EMP-00944-01,EMP-00944,2025-01-01,2025-01-30,143.3,0.0,8760.0,2085.39,6674.61,FL,False,none
PE-EMP-00944-02,EMP-00944,2025-01-31,2025-03-01,159.7,0.0,8760.0,2435.26,6324.74,FL,False,none
PE-EMP-00944-03,EMP-00944,2025-03-02,2025-03-31,152.9,0.0,8760.0,1804.52,6955.48,FL,False,none
PE-EMP-00944-04,EMP-00944,2025-04-01,2025-04-30,163.7,0.0,8760.0,2105.06,6654.94,FL,False,none
PE-EMP-00944-05,EMP-00944,2025-05-01,2025-05-30,141.0,0.0,8760.0,1779.48,6980.52,FL,False,none
PE-EMP-00944-06,EMP-00944,2025-05-31,2025-06-29,154.3,0.0,8760.0,1603.33,7156.67,FL,False,none
PE-EMP-00945-01,EMP-00945,2025-01-01,2025-01-30,145.5,7.9,7400.15,1643.78,5756.37,DE_national,False,none
PE-EMP-00945-02,EMP-00945,2025-01-31,2025-03-01,164.5,1.0,6953.48,1391.42,5562.06,DE_national,False,none
PE-EMP-00945-03,EMP-00945,2025-03-02,2025-03-31,163.1,7.8,7391.74,1774.66,5617.08,DE_national,False,none
PE-EMP-00945-04,EMP-00945,2025-04-01,2025-04-30,145.1,14.0,7793.83,1802.7,5991.13,DE_national,False,none
PE-EMP-00945-05,EMP-00945,2025-05-01,2025-05-30,154.2,13.3,7748.59,2024.0,5724.59,DE_national,False,none
PE-EMP-00945-06,EMP-00945,2025-05-31,2025-06-29,155.6,5.3,7228.51,1426.97,5801.54,DE_national,False,none
PE-EMP-00946-01,EMP-00946,2025-01-01,2025-01-30,155.2,2.9,4251.2,886.48,3364.72,FL,False,none
PE-EMP-00946-02,EMP-00946,2025-01-31,2025-03-01,155.5,2.8,4244.02,1054.33,3189.69,FL,False,none
PE-EMP-00946-03,EMP-00946,2025-03-02,2025-03-31,148.8,1.8,4208.11,1048.45,3159.66,FL,False,none
PE-EMP-00946-04,EMP-00946,2025-04-01,2025-04-30,151.4,12.5,4620.87,930.05,3690.82,FL,False,none
PE-EMP-00946-05,EMP-00946,2025-05-01,2025-05-30,149.2,3.4,4268.73,1115.06,3153.67,FL,False,none
PE-EMP-00946-06,EMP-00946,2025-05-31,2025-06-29,162.0,0.8,4166.09,963.15,3202.94,FL,False,none
PE-EMP-00947-01,EMP-00947,2025-01-01,2025-01-30,164.2,0.0,8626.0,1859.97,6766.03,UK_national,False,none
PE-EMP-00947-02,EMP-00947,2025-01-31,2025-03-01,159.2,0.0,8626.0,1714.84,6911.16,UK_national,False,none
PE-EMP-00947-03,EMP-00947,2025-03-02,2025-03-31,147.8,0.0,8626.0,1881.78,6744.22,UK_national,False,none
PE-EMP-00947-04,EMP-00947,2025-04-01,2025-04-30,142.5,0.0,8626.0,1966.03,6659.97,UK_national,False,none
PE-EMP-00947-05,EMP-00947,2025-05-01,2025-05-30,160.8,0.0,8626.0,2357.93,6268.07,UK_national,False,none
PE-EMP-00947-06,EMP-00947,2025-05-31,2025-06-29,156.6,0.0,8626.0,1895.56,6730.44,UK_national,False,none
PE-EMP-00948-01,EMP-00948,2025-01-01,2025-01-30,166.1,0.0,7767.0,2164.61,5602.39,DE_national,False,none
PE-EMP-00948-02,EMP-00948,2025-01-31,2025-03-01,146.3,0.0,7767.0,2030.01,5736.99,DE_national,False,none
PE-EMP-00948-03,EMP-00948,2025-03-02,2025-03-31,143.8,0.0,7767.0,1867.65,5899.35,DE_national,False,none
PE-EMP-00948-04,EMP-00948,2025-04-01,2025-04-30,147.2,0.0,7767.0,1690.15,6076.85,DE_national,False,none
PE-EMP-00948-05,EMP-00948,2025-05-01,2025-05-30,162.2,0.0,7767.0,1601.55,6165.45,DE_national,False,none
PE-EMP-00948-06,EMP-00948,2025-05-31,2025-06-29,165.4,0.0,7767.0,1438.96,6328.04,DE_national,False,none
PE-EMP-00949-01,EMP-00949,2025-01-01,2025-01-30,156.5,8.8,7065.8,1292.33,5773.47,UK_national,False,none
PE-EMP-00949-02,EMP-00949,2025-01-31,2025-03-01,141.0,0.7,6572.27,1574.44,4997.83,UK_national,False,none
PE-EMP-00949-03,EMP-00949,2025-03-02,2025-03-31,149.5,3.4,6737.19,1224.12,5513.07,UK_national,False,none
PE-EMP-00949-04,EMP-00949,2025-04-01,2025-04-30,165.4,12.5,7292.38,1811.25,5481.13,UK_national,False,none
PE-EMP-00949-05,EMP-00949,2025-05-01,2025-05-30,149.5,1.4,6615.39,1246.99,5368.4,UK_national,False,none
PE-EMP-00949-06,EMP-00949,2025-05-31,2025-06-29,156.6,10.0,7137.16,1492.03,5645.13,UK_national,False,none
PE-EMP-00950-01,EMP-00950,2025-01-01,2025-01-30,148.0,9.8,7536.7,1650.43,5886.27,UK_national,False,none
PE-EMP-00950-02,EMP-00950,2025-01-31,2025-03-01,160.6,7.7,7404.68,1715.44,5689.24,UK_national,False,none
PE-EMP-00950-03,EMP-00950,2025-03-02,2025-03-31,157.3,14.1,7816.94,2063.18,5753.76,UK_national,False,none
PE-EMP-00950-04,EMP-00950,2025-04-01,2025-04-30,157.2,6.9,7349.55,1595.38,5754.17,UK_national,False,none
PE-EMP-00950-05,EMP-00950,2025-05-01,2025-05-30,144.8,13.7,7789.44,1691.04,6098.4,UK_national,False,none
PE-EMP-00950-06,EMP-00950,2025-05-31,2025-06-29,161.7,7.4,7381.07,1797.37,5583.7,UK_national,False,none
PE-EMP-00951-01,EMP-00951,2025-01-01,2025-01-30,156.0,0.0,7001.0,1788.22,5212.78,UK_national,False,none
PE-EMP-00951-02,EMP-00951,2025-01-31,2025-03-01,143.5,0.0,7001.0,1623.05,5377.95,UK_national,False,none
PE-EMP-00951-03,EMP-00951,2025-03-02,2025-03-31,143.1,0.0,7001.0,1674.87,5326.13,UK_national,False,none
PE-EMP-00951-04,EMP-00951,2025-04-01,2025-04-30,145.0,0.0,7001.0,1310.21,5690.79,UK_national,False,none
PE-EMP-00951-05,EMP-00951,2025-05-01,2025-05-30,160.9,0.0,7001.0,1584.16,5416.84,UK_national,False,none
PE-EMP-00951-06,EMP-00951,2025-05-31,2025-06-29,155.1,0.0,7001.0,1722.48,5278.52,UK_national,False,none
PE-EMP-00952-01,EMP-00952,2025-01-01,2025-01-30,158.6,0.0,8092.0,1967.33,6124.67,DE_national,False,none
PE-EMP-00952-02,EMP-00952,2025-01-31,2025-03-01,142.1,0.0,8092.0,1567.95,6524.05,DE_national,False,none
PE-EMP-00952-03,EMP-00952,2025-03-02,2025-03-31,154.8,0.0,8092.0,1608.31,6483.69,DE_national,False,none
PE-EMP-00952-04,EMP-00952,2025-04-01,2025-04-30,157.0,0.0,8092.0,2152.37,5939.63,DE_national,False,none
PE-EMP-00952-05,EMP-00952,2025-05-01,2025-05-30,165.2,0.0,8092.0,1830.51,6261.49,DE_national,False,none
PE-EMP-00952-06,EMP-00952,2025-05-31,2025-06-29,165.9,0.0,8092.0,2063.96,6028.04,DE_national,False,none
PE-EMP-00953-01,EMP-00953,2025-01-01,2025-01-30,154.8,0.0,8423.0,2287.61,6135.39,UK_national,False,none
PE-EMP-00953-02,EMP-00953,2025-01-31,2025-03-01,147.4,0.0,8423.0,1793.03,6629.97,UK_national,False,none
PE-EMP-00953-03,EMP-00953,2025-03-02,2025-03-31,142.8,0.0,8423.0,1740.09,6682.91,UK_national,False,none
PE-EMP-00953-04,EMP-00953,2025-04-01,2025-04-30,165.9,0.0,8423.0,1874.5,6548.5,UK_national,False,none
PE-EMP-00953-05,EMP-00953,2025-05-01,2025-05-30,161.3,0.0,8423.0,1650.8,6772.2,UK_national,False,none
PE-EMP-00953-06,EMP-00953,2025-05-31,2025-06-29,167.9,0.0,8423.0,2343.31,6079.69,UK_national,False,none
PE-EMP-00954-01,EMP-00954,2025-01-01,2025-01-30,142.9,2.7,4414.29,890.64,3523.65,DE_national,False,none
PE-EMP-00954-02,EMP-00954,2025-01-31,2025-03-01,140.8,7.9,4623.67,990.26,3633.41,DE_national,False,none
PE-EMP-00954-03,EMP-00954,2025-03-02,2025-03-31,152.2,8.0,4628.64,1192.04,3436.6,DE_national,False,none
PE-EMP-00954-04,EMP-00954,2025-04-01,2025-04-30,156.2,9.1,4673.05,1301.84,3371.21,DE_national,False,none
PE-EMP-00954-05,EMP-00954,2025-05-01,2025-05-30,163.4,1.2,4352.29,1194.82,3157.47,DE_national,False,none
PE-EMP-00954-06,EMP-00954,2025-05-31,2025-06-29,149.4,0.2,4310.87,1129.91,3180.96,DE_national,False,none
PE-EMP-00955-01,EMP-00955,2025-01-01,2025-01-30,160.7,9.3,4790.58,1301.56,3489.02,federal,True,rule_override
PE-EMP-00955-02,EMP-00955,2025-01-31,2025-03-01,167.0,10.8,4854.39,1179.75,3674.64,federal,False,none
PE-EMP-00955-03,EMP-00955,2025-03-02,2025-03-31,144.7,1.6,4473.31,1014.55,3458.76,federal,False,none
PE-EMP-00955-04,EMP-00955,2025-04-01,2025-04-30,141.3,4.7,4603.65,1086.59,3517.06,federal,False,none
PE-EMP-00955-05,EMP-00955,2025-05-01,2025-05-30,151.9,6.3,4670.18,937.64,3732.54,federal,False,none
PE-EMP-00955-06,EMP-00955,2025-05-31,2025-06-29,163.0,5.6,4639.63,1126.5,3513.13,federal,False,none
PE-EMP-00956-01,EMP-00956,2025-01-01,2025-01-30,158.4,0.0,8649.0,2200.75,6448.25,DE_national,False,none
PE-EMP-00956-02,EMP-00956,2025-01-31,2025-03-01,155.1,0.0,8649.0,1574.7,7074.3,DE_national,False,none
PE-EMP-00956-03,EMP-00956,2025-03-02,2025-03-31,160.2,0.0,8649.0,2388.15,6260.85,DE_national,False,none
PE-EMP-00956-04,EMP-00956,2025-04-01,2025-04-30,140.3,0.0,8649.0,2279.99,6369.01,DE_national,False,none
PE-EMP-00956-05,EMP-00956,2025-05-01,2025-05-30,148.9,0.0,8649.0,1666.26,6982.74,DE_national,False,none
PE-EMP-00956-06,EMP-00956,2025-05-31,2025-06-29,151.0,0.0,8649.0,2202.15,6446.85,DE_national,False,none
PE-EMP-00957-01,EMP-00957,2025-01-01,2025-01-30,143.4,0.0,8563.0,2034.29,6528.71,UK_national,False,none
PE-EMP-00957-02,EMP-00957,2025-01-31,2025-03-01,162.0,0.0,8563.0,1609.69,6953.31,UK_national,False,none
PE-EMP-00957-03,EMP-00957,2025-03-02,2025-03-31,147.0,0.0,8563.0,2275.74,6287.26,UK_national,False,none
PE-EMP-00957-04,EMP-00957,2025-04-01,2025-04-30,143.5,0.0,8563.0,2032.43,6530.57,UK_national,False,none
PE-EMP-00957-05,EMP-00957,2025-05-01,2025-05-30,153.3,0.0,8563.0,1656.43,6906.57,UK_national,False,none
PE-EMP-00957-06,EMP-00957,2025-05-31,2025-06-29,164.3,0.0,8563.0,1840.67,6722.33,UK_national,False,none
PE-EMP-00958-01,EMP-00958,2025-01-01,2025-01-30,146.8,0.0,8166.0,1818.23,6347.77,TX,False,none
PE-EMP-00958-02,EMP-00958,2025-01-31,2025-03-01,156.1,0.0,8166.0,2033.4,6132.6,TX,False,none
PE-EMP-00958-03,EMP-00958,2025-03-02,2025-03-31,149.2,0.0,8166.0,1906.77,6259.23,TX,False,none
PE-EMP-00958-04,EMP-00958,2025-04-01,2025-04-30,142.8,0.0,8166.0,1880.05,6285.95,TX,False,none
PE-EMP-00958-05,EMP-00958,2025-05-01,2025-05-30,143.4,0.0,8166.0,1701.31,6464.69,TX,False,none
PE-EMP-00958-06,EMP-00958,2025-05-31,2025-06-29,141.7,0.0,8166.0,1580.63,6585.37,TX,False,none
PE-EMP-00959-01,EMP-00959,2025-01-01,2025-01-30,145.9,6.9,6725.49,1479.92,5245.57,WA,False,none
PE-EMP-00959-02,EMP-00959,2025-01-31,2025-03-01,165.4,14.0,7144.38,1854.02,5290.36,WA,False,none
PE-EMP-00959-03,EMP-00959,2025-03-02,2025-03-31,154.9,3.1,6498.65,1662.05,4836.6,WA,False,none
PE-EMP-00959-04,EMP-00959,2025-04-01,2025-04-30,143.9,6.6,6706.69,1352.76,5353.93,WA,False,none
PE-EMP-00959-05,EMP-00959,2025-05-01,2025-05-30,149.8,10.8,6956.05,1530.99,5425.06,WA,False,none
PE-EMP-00959-06,EMP-00959,2025-05-31,2025-06-29,146.9,5.3,6629.73,1722.72,4907.01,WA,False,none
PE-EMP-00960-01,EMP-00960,2025-01-01,2025-01-30,141.7,0.0,7683.0,1388.41,6294.59,TX,False,none
PE-EMP-00960-02,EMP-00960,2025-01-31,2025-03-01,149.3,0.0,7683.0,1630.15,6052.85,TX,False,none
PE-EMP-00960-03,EMP-00960,2025-03-02,2025-03-31,164.5,0.0,7683.0,1960.15,5722.85,TX,False,none
PE-EMP-00960-04,EMP-00960,2025-04-01,2025-04-30,167.2,0.0,7683.0,1452.35,6230.65,TX,False,none
PE-EMP-00960-05,EMP-00960,2025-05-01,2025-05-30,157.7,0.0,7683.0,1607.21,6075.79,TX,False,none
PE-EMP-00960-06,EMP-00960,2025-05-31,2025-06-29,158.6,0.0,7683.0,1448.97,6234.03,TX,False,none
PE-EMP-00961-01,EMP-00961,2025-01-01,2025-01-30,149.4,0.0,8509.0,1859.93,6649.07,DE_national,False,none
PE-EMP-00961-02,EMP-00961,2025-01-31,2025-03-01,150.5,0.0,8509.0,2029.21,6479.79,DE_national,False,none
PE-EMP-00961-03,EMP-00961,2025-03-02,2025-03-31,155.9,0.0,8509.0,1835.45,6673.55,DE_national,False,none
PE-EMP-00961-04,EMP-00961,2025-04-01,2025-04-30,162.1,0.0,8509.0,1630.06,6878.94,DE_national,True,ghost_employee
PE-EMP-00961-05,EMP-00961,2025-05-01,2025-05-30,150.6,0.0,8509.0,1741.03,6767.97,DE_national,False,none
PE-EMP-00961-06,EMP-00961,2025-05-31,2025-06-29,166.8,0.0,8509.0,2053.6,6455.4,DE_national,False,none
PE-EMP-00962-01,EMP-00962,2025-01-01,2025-01-30,158.5,0.0,7522.0,1984.54,5537.46,FL,False,none
PE-EMP-00962-02,EMP-00962,2025-01-31,2025-03-01,165.5,0.0,7522.0,1708.65,5813.35,FL,False,none
PE-EMP-00962-03,EMP-00962,2025-03-02,2025-03-31,145.1,0.0,7522.0,1375.15,6146.85,FL,False,none
PE-EMP-00962-04,EMP-00962,2025-04-01,2025-04-30,144.4,0.0,7522.0,1801.14,5720.86,FL,False,none
PE-EMP-00962-05,EMP-00962,2025-05-01,2025-05-30,167.9,0.0,7522.0,1843.01,5678.99,FL,False,none
PE-EMP-00962-06,EMP-00962,2025-05-31,2025-06-29,151.5,0.0,7522.0,1612.05,5909.95,FL,False,none
PE-EMP-00963-01,EMP-00963,2025-01-01,2025-01-30,147.0,2.7,3875.16,729.39,3145.77,DE_national,False,none
PE-EMP-00963-02,EMP-00963,2025-01-31,2025-03-01,162.6,3.8,3917.34,1025.17,2892.17,DE_national,False,none
PE-EMP-00963-03,EMP-00963,2025-03-02,2025-03-31,159.1,1.1,3821.7,1029.3,2792.4,DE_national,False,none
PE-EMP-00963-04,EMP-00963,2025-04-01,2025-04-30,157.5,10.4,4151.37,1145.32,3006.05,DE_national,False,none
PE-EMP-00963-05,EMP-00963,2025-05-01,2025-05-30,149.1,13.4,4255.09,908.36,3346.73,DE_national,False,none
PE-EMP-00963-06,EMP-00963,2025-05-31,2025-06-29,164.4,9.5,4118.53,864.73,3253.8,DE_national,False,none
PE-EMP-00964-01,EMP-00964,2025-01-01,2025-01-30,163.2,0.0,7934.0,1462.12,6471.88,WA,False,none
PE-EMP-00964-02,EMP-00964,2025-01-31,2025-03-01,150.5,0.0,7934.0,1526.85,6407.15,WA,False,none
PE-EMP-00964-03,EMP-00964,2025-03-02,2025-03-31,145.3,0.0,7934.0,1872.6,6061.4,WA,False,none
PE-EMP-00964-04,EMP-00964,2025-04-01,2025-04-30,140.0,0.0,7934.0,1817.22,6116.78,WA,False,none
PE-EMP-00964-05,EMP-00964,2025-05-01,2025-05-30,146.0,0.0,7934.0,1637.62,6296.38,WA,False,none
PE-EMP-00964-06,EMP-00964,2025-05-31,2025-06-29,153.6,0.0,7934.0,1593.57,6340.43,WA,False,none
PE-EMP-00965-01,EMP-00965,2025-01-01,2025-01-30,143.8,12.9,6786.03,1813.47,4972.56,TX,False,none
PE-EMP-00965-02,EMP-00965,2025-01-31,2025-03-01,147.4,3.9,6276.71,1299.65,4977.06,TX,False,none
PE-EMP-00965-03,EMP-00965,2025-03-02,2025-03-31,143.2,11.3,6698.96,1359.83,5339.13,TX,False,none
PE-EMP-00965-04,EMP-00965,2025-04-01,2025-04-30,148.9,3.2,6236.05,1135.96,5100.09,TX,False,none
PE-EMP-00965-05,EMP-00965,2025-05-01,2025-05-30,151.5,12.0,6734.99,1494.08,5240.91,TX,False,none
PE-EMP-00965-06,EMP-00965,2025-05-31,2025-06-29,151.3,10.4,6648.03,1768.75,4879.28,TX,False,none
PE-EMP-00966-01,EMP-00966,2025-01-01,2025-01-30,158.5,0.0,8339.0,2007.04,6331.96,WA,False,none
PE-EMP-00966-02,EMP-00966,2025-01-31,2025-03-01,167.0,0.0,8339.0,2268.1,6070.9,WA,False,none
PE-EMP-00966-03,EMP-00966,2025-03-02,2025-03-31,156.0,0.0,8339.0,1645.4,6693.6,WA,False,none
PE-EMP-00966-04,EMP-00966,2025-04-01,2025-04-30,155.0,0.0,8339.0,2216.67,6122.33,WA,False,none
PE-EMP-00966-05,EMP-00966,2025-05-01,2025-05-30,166.3,0.0,8339.0,1925.6,6413.4,WA,False,none
PE-EMP-00966-06,EMP-00966,2025-05-31,2025-06-29,161.4,0.0,8339.0,2227.49,6111.51,WA,False,none
PE-EMP-00967-01,EMP-00967,2025-01-01,2025-01-30,161.1,0.0,8165.0,1755.97,6409.03,TX,False,none
PE-EMP-00967-02,EMP-00967,2025-01-31,2025-03-01,164.0,0.0,8165.0,1663.32,6501.68,TX,False,none
PE-EMP-00967-03,EMP-00967,2025-03-02,2025-03-31,163.3,0.0,8165.0,1738.04,6426.96,TX,False,none
PE-EMP-00967-04,EMP-00967,2025-04-01,2025-04-30,161.0,0.0,8165.0,1840.13,6324.87,TX,False,none
PE-EMP-00967-05,EMP-00967,2025-05-01,2025-05-30,163.7,0.0,8165.0,1570.36,6594.64,TX,False,none
PE-EMP-00967-06,EMP-00967,2025-05-31,2025-06-29,147.4,0.0,8165.0,1630.18,6534.82,TX,False,none
PE-EMP-00968-01,EMP-00968,2025-01-01,2025-01-30,158.0,0.0,8253.0,1836.14,6416.86,federal,False,none
PE-EMP-00968-02,EMP-00968,2025-01-31,2025-03-01,155.5,0.0,8253.0,1947.67,6305.33,federal,False,none
PE-EMP-00968-03,EMP-00968,2025-03-02,2025-03-31,143.4,0.0,8253.0,1572.74,6680.26,federal,False,none
PE-EMP-00968-04,EMP-00968,2025-04-01,2025-04-30,150.7,0.0,8253.0,2172.27,6080.73,federal,False,none
PE-EMP-00968-05,EMP-00968,2025-05-01,2025-05-30,147.6,0.0,8253.0,2080.45,6172.55,federal,False,none
PE-EMP-00968-06,EMP-00968,2025-05-31,2025-06-29,163.2,0.0,8253.0,1653.15,6599.85,federal,False,none
PE-EMP-00969-01,EMP-00969,2025-01-01,2025-01-30,166.5,0.0,8919.0,2132.22,6786.78,federal,False,none
PE-EMP-00969-02,EMP-00969,2025-01-31,2025-03-01,161.3,0.0,8919.0,2409.15,6509.85,federal,False,none
PE-EMP-00969-03,EMP-00969,2025-03-02,2025-03-31,154.2,0.0,8919.0,1788.75,7130.25,federal,False,none
PE-EMP-00969-04,EMP-00969,2025-04-01,2025-04-30,153.2,0.0,8919.0,2186.85,6732.15,federal,False,none
PE-EMP-00969-05,EMP-00969,2025-05-01,2025-05-30,150.1,0.0,8919.0,2062.05,6856.95,federal,False,none
PE-EMP-00969-06,EMP-00969,2025-05-31,2025-06-29,160.5,0.0,8919.0,1796.69,7122.31,federal,False,none
PE-EMP-00970-01,EMP-00970,2025-01-01,2025-01-30,148.0,0.0,8482.0,1929.57,6552.43,WA,False,none
PE-EMP-00970-02,EMP-00970,2025-01-31,2025-03-01,140.4,0.0,8482.0,1739.72,6742.28,WA,False,none
PE-EMP-00970-03,EMP-00970,2025-03-02,2025-03-31,146.5,0.0,8482.0,1533.91,6948.09,WA,False,none
PE-EMP-00970-04,EMP-00970,2025-04-01,2025-04-30,140.3,0.0,8482.0,2301.29,6180.71,WA,False,none
PE-EMP-00970-05,EMP-00970,2025-05-01,2025-05-30,166.4,0.0,8482.0,1822.87,6659.13,WA,False,none
PE-EMP-00970-06,EMP-00970,2025-05-31,2025-06-29,154.4,0.0,8482.0,2066.99,6415.01,WA,False,none
PE-EMP-00971-01,EMP-00971,2025-01-01,2025-01-30,151.7,0.0,8537.0,1556.46,6980.54,UK_national,False,none
PE-EMP-00971-02,EMP-00971,2025-01-31,2025-03-01,155.3,0.0,8537.0,1874.64,6662.36,UK_national,False,none
PE-EMP-00971-03,EMP-00971,2025-03-02,2025-03-31,149.8,0.0,8537.0,2208.97,6328.03,UK_national,False,none
PE-EMP-00971-04,EMP-00971,2025-04-01,2025-04-30,167.2,0.0,8537.0,2325.33,6211.67,UK_national,False,none
PE-EMP-00971-05,EMP-00971,2025-05-01,2025-05-30,141.9,0.0,8537.0,2260.07,6276.93,UK_national,False,none
PE-EMP-00971-06,EMP-00971,2025-05-31,2025-06-29,164.1,0.0,8537.0,1735.27,6801.73,UK_national,False,none
PE-EMP-00972-01,EMP-00972,2025-01-01,2025-01-30,142.4,0.5,6526.83,1600.62,4926.21,NY,False,none
PE-EMP-00972-02,EMP-00972,2025-01-31,2025-03-01,152.6,2.0,6617.34,1368.82,5248.52,NY,False,none
PE-EMP-00972-03,EMP-00972,2025-03-02,2025-03-31,147.8,0.3,6512.98,1632.98,4880.0,NY,False,none
PE-EMP-00972-04,EMP-00972,2025-04-01,2025-04-30,153.9,8.9,7035.31,1761.75,5273.56,NY,False,none
PE-EMP-00972-05,EMP-00972,2025-05-01,2025-05-30,142.8,3.2,6691.46,1385.62,5305.84,NY,False,none
PE-EMP-00972-06,EMP-00972,2025-05-31,2025-06-29,167.9,3.6,6714.39,1578.44,5135.95,NY,False,none
PE-EMP-00973-01,EMP-00973,2025-01-01,2025-01-30,142.1,0.0,7238.0,1752.6,5485.4,WA,False,none
PE-EMP-00973-02,EMP-00973,2025-01-31,2025-03-01,160.0,0.0,7238.0,1526.9,5711.1,WA,False,none
PE-EMP-00973-03,EMP-00973,2025-03-02,2025-03-31,166.7,0.0,7238.0,1971.34,5266.66,WA,False,none
PE-EMP-00973-04,EMP-00973,2025-04-01,2025-04-30,144.0,0.0,7238.0,1503.37,5734.63,WA,False,none
PE-EMP-00973-05,EMP-00973,2025-05-01,2025-05-30,166.7,0.0,7238.0,1323.22,5914.78,WA,False,none
PE-EMP-00973-06,EMP-00973,2025-05-31,2025-06-29,160.4,0.0,7238.0,1706.74,5531.26,WA,False,none
PE-EMP-00974-01,EMP-00974,2025-01-01,2025-01-30,144.2,0.0,7832.0,1715.03,6116.97,DE_national,False,none
PE-EMP-00974-02,EMP-00974,2025-01-31,2025-03-01,147.2,0.0,7832.0,2140.72,5691.28,DE_national,False,none
PE-EMP-00974-03,EMP-00974,2025-03-02,2025-03-31,151.4,0.0,7832.0,1553.35,6278.65,DE_national,False,none
PE-EMP-00974-04,EMP-00974,2025-04-01,2025-04-30,150.4,0.0,7832.0,2186.58,5645.42,DE_national,False,none
PE-EMP-00974-05,EMP-00974,2025-05-01,2025-05-30,163.6,0.0,7832.0,2031.19,5800.81,DE_national,False,none
PE-EMP-00974-06,EMP-00974,2025-05-31,2025-06-29,145.2,0.0,7832.0,1420.72,6411.28,DE_national,False,none
PE-EMP-00975-01,EMP-00975,2025-01-01,2025-01-30,163.3,10.4,4278.36,1058.23,3220.13,WA,False,none
PE-EMP-00975-02,EMP-00975,2025-01-31,2025-03-01,144.8,1.5,3952.64,922.38,3030.26,WA,False,none
PE-EMP-00975-03,EMP-00975,2025-03-02,2025-03-31,157.4,0.5,3917.43,824.81,3092.62,WA,False,none
PE-EMP-00975-04,EMP-00975,2025-04-01,2025-04-30,154.7,1.5,3952.39,862.21,3090.18,WA,False,none
PE-EMP-00975-05,EMP-00975,2025-05-01,2025-05-30,141.4,0.2,3904.58,916.08,2988.5,WA,False,none
PE-EMP-00975-06,EMP-00975,2025-05-31,2025-06-29,152.6,9.8,4255.84,789.92,3465.92,WA,False,none
PE-EMP-00976-01,EMP-00976,2025-01-01,2025-01-30,166.0,0.0,8755.0,2257.95,6497.05,NY,False,none
PE-EMP-00976-02,EMP-00976,2025-01-31,2025-03-01,140.9,0.0,8755.0,1869.39,6885.61,NY,False,none
PE-EMP-00976-03,EMP-00976,2025-03-02,2025-03-31,162.2,0.0,8755.0,1918.15,6836.85,NY,False,none
PE-EMP-00976-04,EMP-00976,2025-04-01,2025-04-30,162.5,0.0,8755.0,2207.52,6547.48,NY,False,none
PE-EMP-00976-05,EMP-00976,2025-05-01,2025-05-30,142.0,0.0,8755.0,1891.42,6863.58,NY,False,none
PE-EMP-00976-06,EMP-00976,2025-05-31,2025-06-29,151.5,0.0,8755.0,2051.91,6703.09,NY,False,none
PE-EMP-00977-01,EMP-00977,2025-01-01,2025-01-30,140.9,0.0,7641.0,1634.38,6006.62,CA,False,none
PE-EMP-00977-02,EMP-00977,2025-01-31,2025-03-01,153.3,0.0,7641.0,1614.53,6026.47,CA,False,none
PE-EMP-00977-03,EMP-00977,2025-03-02,2025-03-31,141.7,0.0,7641.0,1753.56,5887.44,CA,False,none
PE-EMP-00977-04,EMP-00977,2025-04-01,2025-04-30,143.8,0.0,7641.0,2105.34,5535.66,CA,True,ghost_employee
PE-EMP-00977-05,EMP-00977,2025-05-01,2025-05-30,155.8,0.0,7641.0,1384.8,6256.2,CA,False,none
PE-EMP-00977-06,EMP-00977,2025-05-31,2025-06-29,162.4,0.0,7641.0,1540.57,6100.43,CA,False,none
PE-EMP-00978-01,EMP-00978,2025-01-01,2025-01-30,152.9,0.0,8006.0,1592.8,6413.2,FL,False,none
PE-EMP-00978-02,EMP-00978,2025-01-31,2025-03-01,161.8,0.0,8006.0,1964.95,6041.05,FL,False,none
PE-EMP-00978-03,EMP-00978,2025-03-02,2025-03-31,144.8,0.0,8006.0,1515.96,6490.04,FL,False,none
PE-EMP-00978-04,EMP-00978,2025-04-01,2025-04-30,145.7,0.0,8006.0,2091.97,5914.03,FL,False,none
PE-EMP-00978-05,EMP-00978,2025-05-01,2025-05-30,155.9,0.0,8006.0,2036.12,5969.88,FL,False,none
PE-EMP-00978-06,EMP-00978,2025-05-31,2025-06-29,153.2,0.0,8006.0,1501.58,6504.42,FL,False,none
PE-EMP-00979-01,EMP-00979,2025-01-01,2025-01-30,150.9,0.0,7218.0,1402.12,5815.88,WA,False,none
PE-EMP-00979-02,EMP-00979,2025-01-31,2025-03-01,143.4,0.0,7218.0,1879.76,5338.24,WA,False,none
PE-EMP-00979-03,EMP-00979,2025-03-02,2025-03-31,147.1,0.0,7218.0,1927.31,5290.69,WA,False,none
PE-EMP-00979-04,EMP-00979,2025-04-01,2025-04-30,159.9,0.0,7218.0,1500.86,5717.14,WA,False,none
PE-EMP-00979-05,EMP-00979,2025-05-01,2025-05-30,151.4,0.0,7218.0,1379.99,5838.01,WA,False,none
PE-EMP-00979-06,EMP-00979,2025-05-31,2025-06-29,153.9,0.0,7218.0,1710.29,5507.71,WA,False,none
PE-EMP-00980-01,EMP-00980,2025-01-01,2025-01-30,155.3,0.0,7049.0,1968.65,5080.35,federal,False,none
PE-EMP-00980-02,EMP-00980,2025-01-31,2025-03-01,141.9,0.0,7049.0,1856.87,5192.13,federal,False,none
PE-EMP-00980-03,EMP-00980,2025-03-02,2025-03-31,152.7,0.0,7049.0,1484.8,5564.2,federal,False,none
PE-EMP-00980-04,EMP-00980,2025-04-01,2025-04-30,151.4,0.0,7049.0,1961.91,5087.09,federal,False,none
PE-EMP-00980-05,EMP-00980,2025-05-01,2025-05-30,144.1,0.0,7049.0,1427.83,5621.17,federal,False,none
PE-EMP-00980-06,EMP-00980,2025-05-31,2025-06-29,148.4,0.0,7049.0,1872.8,5176.2,federal,False,none
PE-EMP-00981-01,EMP-00981,2025-01-01,2025-01-30,166.1,0.0,7638.0,1475.47,6162.53,FL,False,none
PE-EMP-00981-02,EMP-00981,2025-01-31,2025-03-01,150.1,0.0,7638.0,1445.75,6192.25,FL,False,none
PE-EMP-00981-03,EMP-00981,2025-03-02,2025-03-31,151.1,0.0,7638.0,1484.88,6153.12,FL,False,none
PE-EMP-00981-04,EMP-00981,2025-04-01,2025-04-30,145.1,0.0,7638.0,2070.94,5567.06,FL,False,none
PE-EMP-00981-05,EMP-00981,2025-05-01,2025-05-30,147.6,0.0,7638.0,1437.69,6200.31,FL,False,none
PE-EMP-00981-06,EMP-00981,2025-05-31,2025-06-29,166.7,0.0,7638.0,2072.85,5565.15,FL,False,none
PE-EMP-00982-01,EMP-00982,2025-01-01,2025-01-30,158.6,0.3,4203.03,870.7,3332.33,TX,False,none
PE-EMP-00982-02,EMP-00982,2025-01-31,2025-03-01,160.8,6.7,4456.03,1177.54,3278.49,TX,False,none
PE-EMP-00982-03,EMP-00982,2025-03-02,2025-03-31,164.7,5.6,4414.6,804.61,3609.99,TX,False,none
PE-EMP-00982-04,EMP-00982,2025-04-01,2025-04-30,158.9,6.3,4441.04,1077.18,3363.86,TX,False,none
PE-EMP-00982-05,EMP-00982,2025-05-01,2025-05-30,148.8,3.4,4325.46,835.05,3490.41,TX,False,none
PE-EMP-00982-06-DUP,EMP-00982,2025-05-31,2025-06-29,151.5,9.8,4577.18,1099.75,3477.43,TX,True,duplicate_payment
PE-EMP-00983-01,EMP-00983,2025-01-01,2025-01-30,148.4,8.4,5014.35,1389.23,3625.12,UK_national,False,none
PE-EMP-00983-02,EMP-00983,2025-01-31,2025-03-01,159.0,4.1,4826.78,1035.32,3791.46,UK_national,False,none
PE-EMP-00983-03,EMP-00983,2025-03-02,2025-03-31,159.4,8.8,5032.11,1082.28,3949.83,UK_national,False,none
PE-EMP-00983-04,EMP-00983,2025-04-01,2025-04-30,150.7,2.0,4735.93,902.81,3833.12,UK_national,False,none
PE-EMP-00983-05,EMP-00983,2025-05-01,2025-05-30,158.7,4.8,4859.03,1326.58,3532.45,UK_national,False,none
PE-EMP-00983-06,EMP-00983,2025-05-31,2025-06-29,156.3,12.6,5200.32,1024.84,4175.48,UK_national,False,none
PE-EMP-00984-01,EMP-00984,2025-01-01,2025-01-30,152.0,0.0,7513.0,2014.12,5498.88,CA,False,none
PE-EMP-00984-02,EMP-00984,2025-01-31,2025-03-01,167.8,0.0,7513.0,1880.59,5632.41,CA,False,none
PE-EMP-00984-03,EMP-00984,2025-03-02,2025-03-31,160.5,0.0,7513.0,1955.13,5557.87,CA,False,none
PE-EMP-00984-04,EMP-00984,2025-04-01,2025-04-30,164.8,0.0,7513.0,1544.15,5968.85,CA,False,none
PE-EMP-00984-05,EMP-00984,2025-05-01,2025-05-30,155.6,0.0,7513.0,1946.74,5566.26,CA,False,none
PE-EMP-00984-06,EMP-00984,2025-05-31,2025-06-29,165.4,0.0,7513.0,1738.28,5774.72,CA,False,none
PE-EMP-00985-01,EMP-00985,2025-01-01,2025-01-30,151.8,0.0,6987.0,1407.11,5579.89,TX,False,none
PE-EMP-00985-02,EMP-00985,2025-01-31,2025-03-01,150.6,0.0,6987.0,1298.73,5688.27,TX,False,none
PE-EMP-00985-03,EMP-00985,2025-03-02,2025-03-31,140.3,0.0,6987.0,1624.84,5362.16,TX,False,none
PE-EMP-00985-04,EMP-00985,2025-04-01,2025-04-30,148.7,0.0,6987.0,1438.5,5548.5,TX,False,none
PE-EMP-00985-05,EMP-00985,2025-05-01,2025-05-30,154.3,0.0,6987.0,1418.86,5568.14,TX,False,none
PE-EMP-00985-06,EMP-00985,2025-05-31,2025-06-29,163.0,0.0,6987.0,1647.18,5339.82,TX,False,none
PE-EMP-00986-01,EMP-00986,2025-01-01,2025-01-30,142.5,0.0,6891.0,1629.41,5261.59,UK_national,False,none
PE-EMP-00986-02,EMP-00986,2025-01-31,2025-03-01,156.0,0.0,6891.0,1578.52,5312.48,UK_national,False,none
PE-EMP-00986-03,EMP-00986,2025-03-02,2025-03-31,157.4,0.0,6891.0,1631.27,5259.73,UK_national,False,none
PE-EMP-00986-04,EMP-00986,2025-04-01,2025-04-30,142.4,0.0,6891.0,1447.64,5443.36,UK_national,False,none
PE-EMP-00986-05,EMP-00986,2025-05-01,2025-05-30,141.4,0.0,6891.0,1634.05,5256.95,UK_national,False,none
PE-EMP-00986-06,EMP-00986,2025-05-31,2025-06-29,160.3,0.0,6891.0,1604.97,5286.03,UK_national,False,none
PE-EMP-00987-01,EMP-00987,2025-01-01,2025-01-30,163.1,0.0,8278.0,2229.87,6048.13,CA,False,none
PE-EMP-00987-02,EMP-00987,2025-01-31,2025-03-01,167.3,0.0,8278.0,1815.4,6462.6,CA,False,none
PE-EMP-00987-03,EMP-00987,2025-03-02,2025-03-31,166.9,0.0,8278.0,2007.69,6270.31,CA,False,none
PE-EMP-00987-04,EMP-00987,2025-04-01,2025-04-30,163.3,0.0,8278.0,2140.21,6137.79,CA,False,none
PE-EMP-00987-05,EMP-00987,2025-05-01,2025-05-30,167.4,0.0,8278.0,1720.67,6557.33,CA,False,none
PE-EMP-00987-06,EMP-00987,2025-05-31,2025-06-29,147.5,0.0,8278.0,1851.83,6426.17,CA,False,none
PE-EMP-00988-01,EMP-00988,2025-01-01,2025-01-30,152.6,0.0,8462.0,2327.54,6134.46,federal,False,none
PE-EMP-00988-02,EMP-00988,2025-01-31,2025-03-01,154.1,0.0,8462.0,1622.39,6839.61,federal,False,none
PE-EMP-00988-03,EMP-00988,2025-03-02,2025-03-31,156.1,0.0,8462.0,1969.77,6492.23,federal,False,none
PE-EMP-00988-04,EMP-00988,2025-04-01,2025-04-30,148.9,0.0,8462.0,1888.46,6573.54,federal,False,none
PE-EMP-00988-05-DUP,EMP-00988,2025-05-01,2025-05-30,144.1,0.0,8462.0,2247.24,6214.76,federal,True,duplicate_payment
PE-EMP-00988-06,EMP-00988,2025-05-31,2025-06-29,144.7,0.0,8462.0,2367.56,6094.44,federal,False,none
PE-EMP-00989-01,EMP-00989,2025-01-01,2025-01-30,145.6,10.9,7035.43,1749.23,5286.2,NY,False,none
PE-EMP-00989-02,EMP-00989,2025-01-31,2025-03-01,160.8,13.0,7160.53,1546.16,5614.37,NY,False,none
PE-EMP-00989-03,EMP-00989,2025-03-02,2025-03-31,149.2,13.2,7171.68,1836.93,5334.75,NY,False,none
PE-EMP-00989-04,EMP-00989,2025-04-01,2025-04-30,140.1,0.3,6401.51,1503.42,4898.09,NY,False,none
PE-EMP-00989-05,EMP-00989,2025-05-01,2025-05-30,150.6,11.9,7095.06,1804.82,5290.24,NY,False,none
PE-EMP-00989-06,EMP-00989,2025-05-31,2025-06-29,167.8,6.8,6790.01,1625.35,5164.66,NY,False,none
PE-EMP-00990-01,EMP-00990,2025-01-01,2025-01-30,157.1,0.1,6821.22,1583.27,5237.95,CA,False,none
PE-EMP-00990-02,EMP-00990,2025-01-31,2025-03-01,161.5,8.5,7362.71,1391.54,5971.17,CA,False,none
PE-EMP-00990-03,EMP-00990,2025-03-02,2025-03-31,147.1,6.1,7207.45,1299.25,5908.2,CA,False,none
PE-EMP-00990-04,EMP-00990,2025-04-01,2025-04-30,156.2,12.8,7638.6,1445.49,6193.11,CA,False,none
PE-EMP-00990-05,EMP-00990,2025-05-01,2025-05-30,155.9,11.1,7528.82,1469.83,6058.99,CA,False,none
PE-EMP-00990-06,EMP-00990,2025-05-31,2025-06-29,146.6,10.3,7475.26,1496.2,5979.06,CA,False,none
PE-EMP-00991-01,EMP-00991,2025-01-01,2025-01-30,152.8,0.0,8245.0,2169.81,6075.19,federal,False,none
PE-EMP-00991-02,EMP-00991,2025-01-31,2025-03-01,158.9,0.0,8245.0,2263.31,5981.69,federal,False,none
PE-EMP-00991-03,EMP-00991,2025-03-02,2025-03-31,156.2,0.0,8245.0,1863.23,6381.77,federal,True,ghost_employee
PE-EMP-00991-04,EMP-00991,2025-04-01,2025-04-30,160.1,0.0,8245.0,1520.98,6724.02,federal,False,none
PE-EMP-00991-05,EMP-00991,2025-05-01,2025-05-30,140.2,0.0,8245.0,2139.71,6105.29,federal,False,none
PE-EMP-00991-06,EMP-00991,2025-05-31,2025-06-29,149.4,0.0,8245.0,1932.07,6312.93,federal,False,none
PE-EMP-00992-01,EMP-00992,2025-01-01,2025-01-30,163.6,0.0,8087.0,1522.14,6564.86,TX,False,none
PE-EMP-00992-02,EMP-00992,2025-01-31,2025-03-01,163.9,0.0,8087.0,2191.37,5895.63,TX,False,none
PE-EMP-00992-03,EMP-00992,2025-03-02,2025-03-31,151.9,0.0,8087.0,2264.34,5822.66,TX,False,none
PE-EMP-00992-04,EMP-00992,2025-04-01,2025-04-30,150.9,0.0,8087.0,1488.52,6598.48,TX,False,none
PE-EMP-00992-05,EMP-00992,2025-05-01,2025-05-30,140.6,0.0,8087.0,1938.23,6148.77,TX,False,none
PE-EMP-00992-06,EMP-00992,2025-05-31,2025-06-29,163.6,0.0,8087.0,1932.38,6154.62,TX,False,none
PE-EMP-00993-01,EMP-00993,2025-01-01,2025-01-30,147.8,0.0,7770.0,1568.85,6201.15,CA,False,none
PE-EMP-00993-02,EMP-00993,2025-01-31,2025-03-01,152.2,0.0,7770.0,2090.38,5679.62,CA,False,none
PE-EMP-00993-03,EMP-00993,2025-03-02,2025-03-31,160.2,0.0,7770.0,1588.44,6181.56,CA,False,none
PE-EMP-00993-04,EMP-00993,2025-04-01,2025-04-30,152.5,0.0,7770.0,2120.88,5649.12,CA,False,none
PE-EMP-00993-05,EMP-00993,2025-05-01,2025-05-30,154.7,0.0,7770.0,1464.77,6305.23,CA,False,none
PE-EMP-00993-06,EMP-00993,2025-05-31,2025-06-29,142.6,0.0,7770.0,1868.01,5901.99,CA,False,none
PE-EMP-00994-01,EMP-00994,2025-01-01,2025-01-30,158.1,0.0,8254.0,2058.8,6195.2,WA,False,none
PE-EMP-00994-02,EMP-00994,2025-01-31,2025-03-01,149.2,0.0,8254.0,1602.53,6651.47,WA,False,none
PE-EMP-00994-03,EMP-00994,2025-03-02,2025-03-31,156.1,0.0,8254.0,2150.05,6103.95,WA,False,none
PE-EMP-00994-04,EMP-00994,2025-04-01,2025-04-30,144.2,0.0,8254.0,1500.72,6753.28,WA,False,none
PE-EMP-00994-05,EMP-00994,2025-05-01,2025-05-30,157.8,0.0,8254.0,2150.1,6103.9,WA,False,none
PE-EMP-00994-06,EMP-00994,2025-05-31,2025-06-29,158.6,0.0,8254.0,1542.19,6711.81,WA,False,none
PE-EMP-00995-01,EMP-00995,2025-01-01,2025-01-30,145.7,0.0,8210.0,2103.93,6106.07,DE_national,False,none
PE-EMP-00995-02,EMP-00995,2025-01-31,2025-03-01,147.8,0.0,8210.0,1815.33,6394.67,DE_national,False,none
PE-EMP-00995-03,EMP-00995,2025-03-02,2025-03-31,152.5,0.0,8210.0,1785.73,6424.27,DE_national,False,none
PE-EMP-00995-04,EMP-00995,2025-04-01,2025-04-30,156.1,0.0,8210.0,1968.13,6241.87,DE_national,False,none
PE-EMP-00995-05,EMP-00995,2025-05-01,2025-05-30,147.9,0.0,8210.0,2208.96,6001.04,DE_national,False,none
PE-EMP-00995-06,EMP-00995,2025-05-31,2025-06-29,147.7,0.0,8210.0,1809.83,6400.17,DE_national,False,none
PE-EMP-00996-01,EMP-00996,2025-01-01,2025-01-30,152.4,0.0,8654.0,2177.45,6476.55,WA,False,none
PE-EMP-00996-02,EMP-00996,2025-01-31,2025-03-01,142.7,0.0,8654.0,2034.15,6619.85,WA,False,none
PE-EMP-00996-03,EMP-00996,2025-03-02,2025-03-31,147.5,0.0,8654.0,2115.01,6538.99,WA,False,none
PE-EMP-00996-04,EMP-00996,2025-04-01,2025-04-30,140.4,0.0,8654.0,1678.25,6975.75,WA,False,none
PE-EMP-00996-05,EMP-00996,2025-05-01,2025-05-30,161.6,0.0,8654.0,2345.45,6308.55,WA,False,none
PE-EMP-00996-06,EMP-00996,2025-05-31,2025-06-29,159.3,0.0,8654.0,1689.44,6964.56,WA,False,none
PE-EMP-00997-01,EMP-00997,2025-01-01,2025-01-30,143.9,0.0,6983.0,1412.31,5570.69,WA,False,none
PE-EMP-00997-02,EMP-00997,2025-01-31,2025-03-01,152.5,0.0,6983.0,1901.08,5081.92,WA,False,none
PE-EMP-00997-03,EMP-00997,2025-03-02,2025-03-31,148.1,0.0,6983.0,1257.73,5725.27,WA,False,none
PE-EMP-00997-04,EMP-00997,2025-04-01,2025-04-30,166.9,0.0,6983.0,1530.03,5452.97,WA,False,none
PE-EMP-00997-05,EMP-00997,2025-05-01,2025-05-30,140.9,0.0,6983.0,1499.01,5483.99,WA,False,none
PE-EMP-00997-06,EMP-00997,2025-05-31,2025-06-29,164.8,0.0,6983.0,1603.91,5379.09,WA,False,none
PE-EMP-00998-01,EMP-00998,2025-01-01,2025-01-30,159.3,0.0,6852.0,1853.35,4998.65,WA,False,none
PE-EMP-00998-02,EMP-00998,2025-01-31,2025-03-01,153.1,0.0,6852.0,1774.44,5077.56,WA,False,none
PE-EMP-00998-03,EMP-00998,2025-03-02,2025-03-31,150.0,0.0,6852.0,1898.65,4953.35,WA,True,ghost_employee
PE-EMP-00998-04,EMP-00998,2025-04-01,2025-04-30,151.5,0.0,6852.0,1342.83,5509.17,WA,False,none
PE-EMP-00998-05,EMP-00998,2025-05-01,2025-05-30,166.1,0.0,6852.0,1469.37,5382.63,WA,False,none
PE-EMP-00998-06,EMP-00998,2025-05-31,2025-06-29,152.7,0.0,6852.0,1239.13,5612.87,WA,False,none
PE-EMP-00999-01,EMP-00999,2025-01-01,2025-01-30,142.4,0.0,6911.0,1672.29,5238.71,NY,False,none
PE-EMP-00999-02,EMP-00999,2025-01-31,2025-03-01,167.8,0.0,6911.0,1631.01,5279.99,NY,False,none
PE-EMP-00999-03,EMP-00999,2025-03-02,2025-03-31,143.9,0.0,6911.0,1728.59,5182.41,NY,False,none
PE-EMP-00999-04,EMP-00999,2025-04-01,2025-04-30,143.0,0.0,6911.0,1324.28,5586.72,NY,False,none
PE-EMP-00999-05,EMP-00999,2025-05-01,2025-05-30,151.7,0.0,6911.0,1291.97,5619.03,NY,False,none
PE-EMP-00999-06,EMP-00999,2025-05-31,2025-06-29,144.9,0.0,6911.0,1680.44,5230.56,NY,False,none
PE-EMP-01000-01,EMP-01000,2025-01-01,2025-01-30,149.2,0.0,7665.0,1812.36,5852.64,TX,False,none
PE-EMP-01000-02,EMP-01000,2025-01-31,2025-03-01,148.0,0.0,7665.0,2043.7,5621.3,TX,True,ghost_employee
PE-EMP-01000-03,EMP-01000,2025-03-02,2025-03-31,151.1,0.0,7665.0,2056.8,5608.2,TX,False,none
PE-EMP-01000-04,EMP-01000,2025-04-01,2025-04-30,141.7,0.0,7665.0,1840.84,5824.16,TX,False,none
PE-EMP-01000-05,EMP-01000,2025-05-01,2025-05-30,146.1,0.0,7665.0,1582.44,6082.56,TX,False,none
PE-EMP-01000-06,EMP-01000,2025-05-31,2025-06-29,151.4,0.0,7665.0,1420.92,6244.08,TX,False,none
