emp_id,name,hire_date,employment_type,country,jurisdiction,role,base_monthly_pay,flsa_status,ot_eligible,department,is_ghost
EMP-00001,Allison Hill,2022-07-23,full_time,Canada,FL,Software_Engineer,8228,exempt,False,HR,False
EMP-00002,Megan Mcclain,2021-11-16,full_time,Australia,CA,Software_Engineer,8030,exempt,False,Engineering,False
EMP-00003,Allen Robinson,2023-12-20,part_time,US,FL,Data_Analyst,6733,non_exempt,True,Legal,False
EMP-00004,Cristian Santos,2024-03-02,part_time,Singapore,WA,Operations_Staff,4528,non_exempt,True,Engineering,False
EMP-00005,Kevin Pacheco,2021-06-22,expatriate,India,WA,Data_Analyst,6159,non_exempt,True,HR,False
EMP-00006,Melissa Peterson,2022-03-21,full_time,UK,UK_national,HR_Manager,6799,exempt,False,Finance,False
EMP-00007,Gabrielle Davis,2021-12-04,contractor,US,DE_national,HR_Manager,7249,exempt,False,Engineering,False
EMP-00008,Lindsey Roman,2025-02-02,full_time,Canada,federal,Operations_Staff,4291,non_exempt,True,HR,False
EMP-00009,Valerie Gray,2024-03-15,full_time,France,WA,Software_Engineer,8081,exempt,False,HR,False
EMP-00010,Lisa Hensley,2024-04-30,expatriate,Canada,DE_national,Software_Engineer,8650,exempt,False,Finance,False
EMP-00011,Amber Perez,2022-11-21,contractor,India,FL,Data_Analyst,6686,non_exempt,True,Finance,False
EMP-00012,David Garcia,2022-10-31,part_time,France,TX,Software_Engineer,8473,exempt,False,Operations,False
EMP-00013,Holly Wood,2022-06-28,part_time,India,CA,HR_Manager,6934,exempt,False,Engineering,False
EMP-00014,Timothy Wong,2024-06-27,expatriate,Canada,NY,HR_Manager,6916,exempt,False,Legal,False
EMP-00015,Nicholas Martin,2023-05-04,part_time,Singapore,UK_national,HR_Manager,7605,exempt,False,Operations,False
EMP-00016,Margaret Hawkins DDS,2025-08-28,contractor,Germany,FL,Data_Analyst,6762,non_exempt,True,Legal,False
EMP-00017,Crystal Johnson,2023-01-08,contractor,Australia,UK_national,Finance_Analyst,7670,exempt,False,HR,False
EMP-00018,Daniel Hahn,2025-10-28,expatriate,UK,CA,Data_Analyst,6881,non_exempt,True,Engineering,False
EMP-00019,Matthew Foster,2026-01-05,part_time,Australia,NY,Data_Analyst,6394,non_exempt,True,Operations,False
EMP-00020,Derek Wright,2024-04-01,expatriate,Canada,CA,Finance_Analyst,7996,exempt,False,Engineering,False
EMP-00021,Kevin Hurst,2023-06-10,contractor,India,NY,Finance_Analyst,7600,exempt,False,Operations,False
EMP-00022,Zachary Hicks,2021-11-24,expatriate,US,WA,Data_Analyst,6995,non_exempt,True,Legal,False
EMP-00023,Brian Burton,2025-05-27,full_time,Canada,FL,Data_Analyst,6156,non_exempt,True,Finance,False
EMP-00024,Arthur James,2026-06-03,full_time,India,DE_national,Data_Analyst,6019,non_exempt,True,Engineering,False
EMP-00025,Tricia Valencia,2021-07-01,contractor,France,CA,HR_Manager,6946,exempt,False,Legal,False
EMP-00026,Melanie Herrera,2022-10-11,full_time,Singapore,NY,Software_Engineer,8778,exempt,False,Legal,False
EMP-00027,Ashley Graham,2023-09-17,part_time,Singapore,TX,Data_Analyst,6271,non_exempt,True,Legal,False
EMP-00028,Sherri Baker,2023-12-12,expatriate,France,FL,Finance_Analyst,8030,exempt,False,Finance,False
EMP-00029,Thomas Harrell,2022-12-07,contractor,Singapore,DE_national,Operations_Staff,3823,non_exempt,True,HR,False
EMP-00030,Lisa Hernandez,2025-04-03,full_time,India,CA,Data_Analyst,6602,non_exempt,True,Legal,False
EMP-00031,Paula Moreno,2021-06-12,part_time,US,NY,Data_Analyst,6724,non_exempt,True,Engineering,False
EMP-00032,Alec Hickman,2025-11-01,full_time,US,federal,Data_Analyst,6072,non_exempt,True,Legal,False
EMP-00033,Elizabeth Brown,2025-10-31,contractor,Singapore,FL,Data_Analyst,6552,non_exempt,True,HR,False
EMP-00034,Angelica Tucker,2021-10-15,expatriate,France,DE_national,Finance_Analyst,8126,exempt,False,Operations,False
EMP-00035,Pamela Anderson,2023-10-26,full_time,UK,UK_national,Data_Analyst,6362,non_exempt,True,Operations,False
EMP-00036,Deborah Brennan,2023-07-23,expatriate,US,NY,Operations_Staff,3762,non_exempt,True,Operations,False
EMP-00037,Joshua Blair,2022-06-13,full_time,France,FL,HR_Manager,6894,exempt,False,Legal,False
EMP-00038,Zachary Santos,2023-08-19,part_time,Australia,TX,Operations_Staff,3985,non_exempt,True,Operations,False
EMP-00039,Barbara Walker,2023-02-18,full_time,Singapore,NY,Data_Analyst,6051,non_exempt,True,Legal,False
EMP-00040,Crystal Robinson,2021-10-18,full_time,France,TX,Software_Engineer,8416,exempt,False,Operations,False
EMP-00041,Crystal Whitehead,2025-09-27,part_time,Australia,CA,Operations_Staff,3868,non_exempt,True,Operations,False
EMP-00042,David Caldwell,2022-07-07,expatriate,Canada,DE_national,Software_Engineer,8292,exempt,False,Operations,False
EMP-00043,Timothy Duncan,2023-10-22,expatriate,Germany,FL,Finance_Analyst,7603,exempt,False,HR,False
EMP-00044,Rhonda Lee,2021-12-04,full_time,India,CA,Software_Engineer,8051,exempt,False,Legal,False
EMP-00045,Jeff Owens,2025-02-01,part_time,US,NY,Operations_Staff,4571,non_exempt,True,HR,False
EMP-00046,Victoria Garcia,2023-06-16,full_time,France,UK_national,Software_Engineer,8122,exempt,False,Legal,False
EMP-00047,Scott Wright,2022-05-24,full_time,UK,UK_national,Data_Analyst,6673,non_exempt,True,Legal,False
EMP-00048,Javier Ramirez,2022-09-10,contractor,Canada,FL,Finance_Analyst,7985,exempt,False,Finance,False
EMP-00049,Jessica Callahan,2024-03-11,contractor,Australia,TX,Data_Analyst,6687,non_exempt,True,Finance,False
EMP-00050,Zachary Huff,2026-04-15,contractor,UK,CA,Operations_Staff,4169,non_exempt,True,Legal,False
EMP-00051,Sarah Martin,2023-11-14,full_time,UK,FL,Finance_Analyst,7818,exempt,False,Finance,False
EMP-00052,James Brown,2023-05-04,contractor,UK,FL,Data_Analyst,6378,non_exempt,True,Finance,False
EMP-00053,Mrs. Rachel Gibson,2023-07-23,expatriate,Canada,CA,Data_Analyst,6683,non_exempt,True,Legal,False
EMP-00054,Whitney Peters,2025-01-12,full_time,Germany,WA,HR_Manager,6818,exempt,False,Engineering,False
EMP-00055,Edward Novak,2024-05-03,part_time,Canada,WA,Finance_Analyst,7919,exempt,False,HR,False
EMP-00056,Nicole Brown,2024-05-12,part_time,Canada,DE_national,HR_Manager,6957,exempt,False,Engineering,False
EMP-00057,Sarah Moore,2026-03-31,expatriate,Canada,CA,Software_Engineer,8003,exempt,False,Finance,False
EMP-00058,Cody Larson,2024-10-25,contractor,Germany,DE_national,Data_Analyst,6564,non_exempt,True,Operations,False
EMP-00059,Bryan Zamora,2022-09-03,full_time,UK,NY,Finance_Analyst,8267,exempt,False,HR,False
EMP-00060,Lisa Barnes,2024-05-11,full_time,India,TX,Finance_Analyst,7740,exempt,False,HR,False
EMP-00061,Taylor Harris,2025-01-08,contractor,India,CA,Software_Engineer,8920,exempt,False,Finance,False
EMP-00062,James Powers,2022-12-10,part_time,UK,federal,Data_Analyst,6798,non_exempt,True,Legal,False
EMP-00063,Paul Jones,2023-09-25,part_time,France,TX,Operations_Staff,4699,non_exempt,True,HR,False
EMP-00064,Dr. Angel Lewis MD,2026-02-09,full_time,Germany,federal,Operations_Staff,4501,non_exempt,True,Operations,False
EMP-00065,Sherry Wood,2022-03-26,contractor,Germany,NY,Data_Analyst,6391,non_exempt,True,Engineering,False
EMP-00066,Michele Carr,2026-05-18,part_time,France,DE_national,Operations_Staff,4058,non_exempt,True,Finance,False
EMP-00067,Aimee Montoya,2022-12-09,part_time,US,FL,Data_Analyst,6408,non_exempt,True,Finance,False
EMP-00068,Teresa Taylor,2022-01-07,full_time,Canada,federal,HR_Manager,7356,exempt,False,Legal,False
EMP-00069,Juan Nelson,2024-06-19,contractor,US,NY,Operations_Staff,4598,non_exempt,True,Finance,False
EMP-00070,Christina Walters,2022-10-06,contractor,US,NY,Data_Analyst,6610,non_exempt,True,Operations,False
EMP-00071,Taylor Mathis Jr.,2023-07-24,contractor,Australia,NY,HR_Manager,7094,exempt,False,Legal,False
EMP-00072,Aaron Wise,2024-08-17,contractor,US,UK_national,Data_Analyst,6001,non_exempt,True,Legal,False
EMP-00073,Patrick Arnold,2023-07-31,part_time,India,UK_national,Finance_Analyst,7371,exempt,False,Finance,False
EMP-00074,Benjamin Ware,2025-12-17,contractor,UK,WA,Finance_Analyst,7819,exempt,False,Finance,False
EMP-00075,Sandra Aguilar,2022-03-08,contractor,Australia,WA,Operations_Staff,4267,non_exempt,True,HR,False
EMP-00076,Eric Nolan,2025-06-03,expatriate,Australia,TX,Data_Analyst,6630,non_exempt,True,Legal,False
EMP-00077,Stephanie Clark,2022-09-09,expatriate,US,WA,HR_Manager,6993,exempt,False,HR,False
EMP-00078,Richard Henson,2023-06-23,contractor,Singapore,DE_national,Operations_Staff,4152,non_exempt,True,HR,False
EMP-00079,Brittany Spears,2025-10-06,expatriate,Germany,NY,Finance_Analyst,7590,exempt,False,Legal,False
EMP-00080,Rita Keith,2021-07-26,contractor,UK,FL,Finance_Analyst,7988,exempt,False,Finance,False
EMP-00081,Evelyn Galvan,2025-06-14,part_time,Germany,CA,Data_Analyst,6047,non_exempt,True,HR,False
EMP-00082,Rita Adams,2025-05-18,full_time,Singapore,UK_national,Operations_Staff,4607,non_exempt,True,Legal,False
EMP-00083,Shane Garrison,2022-07-22,expatriate,Singapore,UK_national,Data_Analyst,6249,non_exempt,True,HR,False
EMP-00084,Julia Torres,2025-06-02,full_time,Australia,FL,Software_Engineer,8180,exempt,False,Legal,False
EMP-00085,Alexander Lee,2023-01-31,full_time,France,NY,Operations_Staff,4167,non_exempt,True,HR,False
EMP-00086,Tracy Ramirez,2024-08-25,contractor,Singapore,UK_national,Operations_Staff,4550,non_exempt,True,Legal,False
EMP-00087,William Herrera,2026-02-20,part_time,Singapore,DE_national,Operations_Staff,3965,non_exempt,True,HR,False
EMP-00088,Wesley White,2026-04-03,expatriate,France,WA,HR_Manager,7150,exempt,False,Engineering,False
EMP-00089,Brian Hamilton,2025-01-31,part_time,Canada,federal,HR_Manager,7027,exempt,False,Legal,True
EMP-00090,Larry Dixon,2023-05-15,part_time,Germany,FL,Software_Engineer,8392,exempt,False,HR,False
EMP-00091,Dawn Fletcher,2021-06-14,full_time,Australia,UK_national,Data_Analyst,6338,non_exempt,True,Legal,False
EMP-00092,Kimberly Ball,2025-02-24,expatriate,US,FL,Operations_Staff,4552,non_exempt,True,Operations,False
EMP-00093,Helen Jones,2024-10-05,full_time,Australia,DE_national,Operations_Staff,3706,non_exempt,True,Finance,False
EMP-00094,Erik Charles,2025-01-15,expatriate,Australia,FL,HR_Manager,7199,exempt,False,HR,False
EMP-00095,Eric Ortiz,2023-06-15,expatriate,Singapore,CA,HR_Manager,7098,exempt,False,Finance,False
EMP-00096,Cameron Fisher,2026-02-22,part_time,Singapore,TX,Operations_Staff,4337,non_exempt,True,Legal,False
EMP-00097,Stephanie Gilbert,2022-12-12,expatriate,US,NY,Software_Engineer,8658,exempt,False,Operations,False
EMP-00098,April Mitchell,2023-08-04,expatriate,Germany,CA,Data_Analyst,6266,non_exempt,True,Operations,False
EMP-00099,Mary Marshall,2023-08-27,part_time,Singapore,federal,HR_Manager,7045,exempt,False,Operations,False
EMP-00100,John Santana,2025-06-03,expatriate,Canada,NY,HR_Manager,7181,exempt,False,Engineering,False
EMP-00101,Bradley Robertson,2024-08-09,full_time,India,FL,Finance_Analyst,7965,exempt,False,Engineering,False
EMP-00102,Robert Potter,2024-10-21,full_time,France,FL,Software_Engineer,8859,exempt,False,Engineering,False
EMP-00103,Curtis Johnson,2022-09-01,part_time,France,TX,Finance_Analyst,7784,exempt,False,Engineering,False
EMP-00104,Samuel Jones,2023-07-07,part_time,Singapore,WA,Finance_Analyst,8085,exempt,False,Finance,False
EMP-00105,Cheyenne Horton,2023-11-30,full_time,Germany,WA,Data_Analyst,6110,non_exempt,True,Legal,False
EMP-00106,Matthew Smith,2025-03-13,contractor,Australia,UK_national,Software_Engineer,8964,exempt,False,HR,False
EMP-00107,Ashley Coleman,2022-04-28,part_time,UK,WA,Software_Engineer,8870,exempt,False,Legal,False
EMP-00108,Kelly Williams,2022-09-09,full_time,India,UK_national,Software_Engineer,8677,exempt,False,Finance,False
EMP-00109,Joyce Solis,2024-10-11,contractor,US,UK_national,Software_Engineer,8842,exempt,False,Operations,False
EMP-00110,Linda Dodson DVM,2024-07-03,expatriate,India,DE_national,Software_Engineer,8724,exempt,False,HR,False
EMP-00111,Kathy Rivas,2024-03-07,part_time,Canada,DE_national,Operations_Staff,4176,non_exempt,True,Operations,False
EMP-00112,Natasha Wells,2022-09-27,contractor,India,FL,Finance_Analyst,8150,exempt,False,Engineering,False
EMP-00113,Mark Cannon,2024-01-18,expatriate,France,DE_national,HR_Manager,7283,exempt,False,Legal,False
EMP-00114,Denise Jones,2022-11-14,contractor,US,DE_national,Operations_Staff,4571,non_exempt,True,Finance,True
EMP-00115,Francisco Fernandez,2022-02-18,expatriate,France,federal,Data_Analyst,6816,non_exempt,True,Finance,False
EMP-00116,Michael Mccarthy,2021-10-06,contractor,Canada,CA,HR_Manager,7229,exempt,False,HR,False
EMP-00117,Joshua Perry,2022-06-23,part_time,Australia,DE_national,Software_Engineer,8568,exempt,False,HR,False
EMP-00118,Taylor Silva,2024-12-02,expatriate,Singapore,CA,Operations_Staff,3795,non_exempt,True,Finance,False
EMP-00119,Pamela James,2021-06-21,expatriate,France,WA,Data_Analyst,6679,non_exempt,True,Legal,False
EMP-00120,Paul Castaneda,2026-03-17,expatriate,India,UK_national,HR_Manager,7463,exempt,False,Legal,False
EMP-00121,Paul Payne,2024-06-16,contractor,Singapore,WA,HR_Manager,7013,exempt,False,Finance,False
EMP-00122,Daniel Graham,2021-08-02,full_time,France,federal,Data_Analyst,6122,non_exempt,True,Legal,False
EMP-00123,Michael Powell,2022-04-08,part_time,France,DE_national,Data_Analyst,6283,non_exempt,True,Legal,False
EMP-00124,Cameron Dean,2021-07-30,contractor,UK,FL,Finance_Analyst,7603,exempt,False,HR,False
EMP-00125,Justin Johnson,2024-08-27,part_time,Canada,CA,HR_Manager,7425,exempt,False,Legal,False
EMP-00126,Joel Williams,2023-05-04,contractor,US,CA,Data_Analyst,6566,non_exempt,True,Finance,False
EMP-00127,Gabriel Juarez,2023-05-04,expatriate,UK,CA,Data_Analyst,6587,non_exempt,True,Finance,False
EMP-00128,Sandra King,2021-11-07,expatriate,Singapore,federal,Operations_Staff,3888,non_exempt,True,Engineering,False
EMP-00129,Joshua Cooke,2023-03-12,expatriate,UK,NY,HR_Manager,7110,exempt,False,Operations,False
EMP-00130,Rachael Pearson,2025-03-19,full_time,Germany,TX,Software_Engineer,8830,exempt,False,Legal,False
EMP-00131,Christina Smith,2022-03-16,full_time,France,NY,HR_Manager,7271,exempt,False,Operations,False
EMP-00132,Michael Elliott,2022-07-14,part_time,Australia,DE_national,Finance_Analyst,8230,exempt,False,Operations,False
EMP-00133,Pamela Jackson,2024-06-23,expatriate,Canada,CA,HR_Manager,7324,exempt,False,Engineering,False
EMP-00134,Ashley Weiss,2026-04-07,part_time,Canada,NY,Data_Analyst,6160,non_exempt,True,HR,False
EMP-00135,Alexander Collins,2024-10-29,full_time,Germany,CA,Data_Analyst,6418,non_exempt,True,Operations,False
EMP-00136,Jennifer Espinoza,2021-10-27,expatriate,Canada,CA,Finance_Analyst,7537,exempt,False,Finance,False
EMP-00137,Lori Garcia,2025-04-21,expatriate,UK,FL,HR_Manager,7646,exempt,False,Finance,False
EMP-00138,Lindsay Martinez,2026-05-12,part_time,Australia,NY,Finance_Analyst,7857,exempt,False,HR,False
EMP-00139,Hannah Patterson,2023-04-18,contractor,Germany,NY,Data_Analyst,6061,non_exempt,True,HR,False
EMP-00140,Gloria Atkinson,2025-07-21,contractor,Singapore,NY,HR_Manager,7179,exempt,False,Finance,False
EMP-00141,Tyler Reid,2025-08-02,contractor,Singapore,DE_national,Operations_Staff,3782,non_exempt,True,Legal,False
EMP-00142,Jessica Gross,2026-04-08,expatriate,India,WA,Software_Engineer,8026,exempt,False,Engineering,False
EMP-00143,Robert Medina,2023-11-10,full_time,Canada,CA,Data_Analyst,6781,non_exempt,True,HR,False
EMP-00144,Nicholas Adams,2025-09-13,expatriate,Canada,TX,Operations_Staff,4299,non_exempt,True,Operations,False
EMP-00145,Angelica Keith,2022-08-30,full_time,Singapore,federal,Operations_Staff,4118,non_exempt,True,Finance,False
EMP-00146,Leonard Gray,2021-08-02,full_time,Germany,federal,HR_Manager,7121,exempt,False,Operations,False
EMP-00147,Catherine Lewis,2025-06-06,expatriate,US,DE_national,HR_Manager,6790,exempt,False,Finance,False
EMP-00148,Spencer Haynes,2022-10-28,contractor,UK,UK_national,HR_Manager,7585,exempt,False,Legal,False
EMP-00149,Travis Miller,2025-01-15,expatriate,Australia,CA,Software_Engineer,8192,exempt,False,Legal,False
EMP-00150,Peter Vaughn DDS,2023-11-24,expatriate,Singapore,CA,HR_Manager,6908,exempt,False,Finance,False
EMP-00151,Anna Walker,2024-11-25,part_time,Canada,DE_national,Finance_Analyst,8201,exempt,False,Operations,False
EMP-00152,Kevin Kennedy,2024-02-05,full_time,France,TX,Software_Engineer,8318,exempt,False,Legal,False
EMP-00153,Patrick Rivera,2024-12-15,expatriate,UK,FL,Software_Engineer,8861,exempt,False,Engineering,False
EMP-00154,David Martinez,2022-05-28,full_time,Germany,DE_national,Operations_Staff,4655,non_exempt,True,Finance,False
EMP-00155,Joshua Gill,2022-05-15,contractor,Australia,DE_national,Finance_Analyst,7783,exempt,False,HR,True
EMP-00156,John Hardy,2026-04-29,part_time,Australia,FL,Operations_Staff,4643,non_exempt,True,Legal,False
EMP-00157,Diane Garcia,2022-05-31,part_time,UK,WA,Finance_Analyst,8091,exempt,False,Operations,True
EMP-00158,Christopher Smith,2024-02-11,contractor,US,WA,HR_Manager,7443,exempt,False,Finance,False
EMP-00159,William Tran,2024-12-05,expatriate,Germany,DE_national,Finance_Analyst,7851,exempt,False,Operations,False
EMP-00160,Sean Henry,2025-10-21,contractor,Australia,DE_national,HR_Manager,7655,exempt,False,Finance,False
EMP-00161,Julie Alexander,2022-05-13,part_time,Australia,FL,Data_Analyst,6876,non_exempt,True,Operations,False
EMP-00162,Todd Woods,2025-07-21,contractor,Singapore,UK_national,Software_Engineer,8395,exempt,False,HR,False
EMP-00163,Benjamin Soto,2021-09-16,full_time,Germany,federal,Operations_Staff,4590,non_exempt,True,Engineering,False
EMP-00164,Justin Torres,2026-05-30,full_time,Singapore,CA,Operations_Staff,4439,non_exempt,True,HR,False
EMP-00165,Phillip Obrien,2025-05-24,part_time,UK,DE_national,Operations_Staff,4500,non_exempt,True,Finance,False
EMP-00166,Joseph Hayes,2023-08-28,expatriate,UK,federal,HR_Manager,7572,exempt,False,Legal,False
EMP-00167,Wanda Torres,2024-07-18,contractor,Singapore,CA,Operations_Staff,4332,non_exempt,True,Engineering,False
EMP-00168,Natalie Meza,2022-06-25,contractor,France,NY,Data_Analyst,6444,non_exempt,True,Engineering,False
EMP-00169,Matthew Moore,2022-04-24,expatriate,Germany,WA,Software_Engineer,8925,exempt,False,Engineering,False
EMP-00170,Aaron Hayes,2024-05-30,contractor,US,WA,Software_Engineer,8367,exempt,False,Finance,False
EMP-00171,David Mann,2024-12-15,part_time,France,UK_national,Operations_Staff,4279,non_exempt,True,HR,False
EMP-00172,Michael Bradshaw,2025-05-19,part_time,UK,UK_national,Data_Analyst,6634,non_exempt,True,HR,False
EMP-00173,Mary Peck,2023-07-27,part_time,France,DE_national,Operations_Staff,4353,non_exempt,True,Finance,False
EMP-00174,Maria Kerr,2025-07-29,contractor,US,DE_national,Operations_Staff,4622,non_exempt,True,Finance,False
EMP-00175,Christopher Parker,2025-03-09,part_time,UK,DE_national,Finance_Analyst,8267,exempt,False,Finance,False
EMP-00176,Donna Martinez,2024-11-19,contractor,Australia,WA,Finance_Analyst,7767,exempt,False,Finance,False
EMP-00177,Terri Mason,2023-11-29,expatriate,Singapore,NY,Data_Analyst,6242,non_exempt,True,Operations,False
EMP-00178,Andrew Reynolds,2023-01-20,contractor,Canada,WA,Finance_Analyst,7322,exempt,False,Operations,False
EMP-00179,Brandon Hayden,2025-08-15,full_time,US,DE_national,HR_Manager,7552,exempt,False,Finance,False
EMP-00180,Tiffany Key,2024-10-20,contractor,France,FL,Data_Analyst,6635,non_exempt,True,Finance,False
EMP-00181,Andrew Avila,2023-10-18,full_time,US,WA,Data_Analyst,6807,non_exempt,True,Operations,False
EMP-00182,Sydney White,2024-05-14,contractor,Germany,NY,Software_Engineer,8931,exempt,False,Finance,False
EMP-00183,Katherine Davis,2023-03-08,expatriate,Germany,FL,HR_Manager,6835,exempt,False,Legal,False
EMP-00184,Michael Hodge,2023-02-03,contractor,Germany,WA,HR_Manager,7635,exempt,False,Operations,False
EMP-00185,Donna Landry,2025-07-05,contractor,UK,DE_national,HR_Manager,7686,exempt,False,Engineering,False
EMP-00186,Jordan Edwards,2023-01-22,part_time,Australia,federal,Data_Analyst,6092,non_exempt,True,Operations,False
EMP-00187,Jennifer Robertson,2026-05-20,contractor,UK,DE_national,Software_Engineer,8377,exempt,False,Finance,False
EMP-00188,Kimberly Gutierrez,2022-05-19,expatriate,India,NY,Finance_Analyst,7991,exempt,False,HR,False
EMP-00189,Peter Garrett,2025-03-29,full_time,India,FL,Operations_Staff,4363,non_exempt,True,Engineering,False
EMP-00190,Joshua Pennington,2023-08-19,contractor,Australia,NY,Operations_Staff,3843,non_exempt,True,Engineering,False
EMP-00191,Barbara Dudley,2024-06-26,contractor,Singapore,NY,Software_Engineer,8099,exempt,False,HR,False
EMP-00192,Christopher Pierce,2024-03-15,part_time,Australia,DE_national,Finance_Analyst,7679,exempt,False,Legal,False
EMP-00193,Willie Durham,2023-10-01,part_time,Australia,NY,Operations_Staff,4553,non_exempt,True,Operations,False
EMP-00194,Ronnie Jimenez,2025-01-09,expatriate,Canada,CA,Finance_Analyst,8006,exempt,False,Finance,False
EMP-00195,Denise Davenport,2026-05-05,expatriate,Singapore,FL,Data_Analyst,6875,non_exempt,True,Finance,False
EMP-00196,Juan Reyes,2026-01-19,contractor,India,CA,Software_Engineer,8407,exempt,False,Finance,False
EMP-00197,Sherry Shields,2022-10-28,full_time,Singapore,NY,Data_Analyst,6678,non_exempt,True,HR,False
EMP-00198,Jennifer Villa,2023-12-25,full_time,US,federal,Finance_Analyst,7549,exempt,False,HR,False
EMP-00199,Diane Evans,2024-05-17,part_time,UK,FL,Finance_Analyst,7900,exempt,False,HR,False
EMP-00200,Mrs. Brittany Ryan MD,2024-03-14,contractor,Germany,CA,Data_Analyst,6283,non_exempt,True,HR,False
EMP-00201,Jordan Morris,2022-05-21,contractor,Germany,NY,Data_Analyst,6676,non_exempt,True,Engineering,False
EMP-00202,Laura Hall,2025-04-27,full_time,India,FL,Data_Analyst,6602,non_exempt,True,Finance,False
EMP-00203,Patrick Thornton,2025-07-01,part_time,Canada,CA,Software_Engineer,8129,exempt,False,Operations,False
EMP-00204,Matthew Hoover,2026-05-06,full_time,UK,DE_national,Finance_Analyst,7759,exempt,False,Finance,False
EMP-00205,Andrew Shaw MD,2025-10-16,full_time,Singapore,FL,Finance_Analyst,8268,exempt,False,Legal,False
EMP-00206,Jessica Fox,2023-09-23,contractor,Singapore,CA,Software_Engineer,8062,exempt,False,Operations,False
EMP-00207,Jennifer Pena,2022-03-19,expatriate,UK,DE_national,Operations_Staff,4429,non_exempt,True,Operations,False
EMP-00208,Wayne Morgan,2024-11-26,full_time,India,TX,Software_Engineer,8067,exempt,False,HR,False
EMP-00209,Sarah Phelps,2025-09-27,contractor,Australia,WA,HR_Manager,7164,exempt,False,Legal,False
EMP-00210,Eugene Higgins,2025-03-28,expatriate,UK,NY,Finance_Analyst,8173,exempt,False,Legal,False
EMP-00211,Amanda Jones,2024-08-06,expatriate,Singapore,FL,Data_Analyst,6423,non_exempt,True,Finance,False
EMP-00212,Yolanda Francis,2023-08-12,expatriate,Australia,NY,Operations_Staff,4020,non_exempt,True,Operations,False
EMP-00213,Mark Brennan,2023-08-30,contractor,India,TX,HR_Manager,7403,exempt,False,Operations,False
EMP-00214,Stephanie Williams,2025-06-03,full_time,UK,NY,Software_Engineer,8442,exempt,False,Engineering,False
EMP-00215,James Thomas,2024-02-05,part_time,US,federal,HR_Manager,7386,exempt,False,Engineering,False
EMP-00216,Rebecca Jackson,2021-11-02,contractor,Australia,CA,Operations_Staff,4691,non_exempt,True,Finance,False
EMP-00217,Lisa Allen,2026-01-02,contractor,India,NY,Finance_Analyst,7891,exempt,False,Legal,False
EMP-00218,Joel King,2022-09-20,part_time,Singapore,FL,Data_Analyst,6867,non_exempt,True,Engineering,False
EMP-00219,Robert Santana,2024-10-30,contractor,UK,WA,HR_Manager,7287,exempt,False,HR,False
EMP-00220,Jeremy Reed,2024-05-18,full_time,Canada,CA,Operations_Staff,3884,non_exempt,True,Finance,False
EMP-00221,Jessica Wright,2025-09-01,contractor,India,CA,HR_Manager,6885,exempt,False,HR,False
EMP-00222,James Webb,2022-08-18,expatriate,UK,TX,Finance_Analyst,8058,exempt,False,Engineering,False
EMP-00223,Laura Haney,2022-12-02,part_time,Australia,UK_national,Software_Engineer,8464,exempt,False,Finance,False
EMP-00224,Mary Hill,2024-04-09,contractor,Canada,federal,Data_Analyst,6795,non_exempt,True,Legal,False
EMP-00225,Natasha Williams,2024-06-22,full_time,US,TX,Finance_Analyst,7461,exempt,False,Legal,False
EMP-00226,Tanner Mitchell DDS,2024-06-23,full_time,Canada,DE_national,Software_Engineer,8677,exempt,False,Operations,False
EMP-00227,Mark Oliver,2024-10-30,expatriate,Australia,WA,Operations_Staff,3920,non_exempt,True,Legal,False
EMP-00228,Mary Massey,2024-08-01,contractor,Australia,NY,Software_Engineer,8290,exempt,False,Legal,False
EMP-00229,Maria Parker,2023-08-24,contractor,US,FL,Operations_Staff,4104,non_exempt,True,Legal,False
EMP-00230,Morgan Davis,2022-12-01,full_time,France,WA,Software_Engineer,8968,exempt,False,HR,False
EMP-00231,Casey Anderson,2024-02-20,contractor,Canada,federal,Data_Analyst,6122,non_exempt,True,Engineering,False
EMP-00232,Kiara Mcintyre,2025-08-05,expatriate,Germany,TX,Operations_Staff,4089,non_exempt,True,Legal,False
EMP-00233,Roger Olson,2025-06-22,contractor,UK,UK_national,Data_Analyst,6882,non_exempt,True,Engineering,False
EMP-00234,Gina Wilson,2026-04-04,full_time,Singapore,NY,Operations_Staff,4582,non_exempt,True,Finance,False
EMP-00235,Vincent Dalton,2025-01-23,expatriate,Australia,UK_national,Finance_Analyst,7596,exempt,False,Engineering,False
EMP-00236,Tracy Ballard,2023-04-09,full_time,India,TX,Operations_Staff,4520,non_exempt,True,Legal,False
EMP-00237,Alexis Herrera,2023-09-19,contractor,UK,UK_national,Operations_Staff,4564,non_exempt,True,Engineering,False
EMP-00238,Megan Richards,2025-07-21,expatriate,Australia,NY,Data_Analyst,6405,non_exempt,True,Finance,False
EMP-00239,Ashley Hall,2021-07-26,part_time,India,TX,HR_Manager,6778,exempt,False,Legal,False
EMP-00240,Kristina Herman,2022-07-20,part_time,India,federal,Software_Engineer,8744,exempt,False,HR,False
EMP-00241,Rodney Blankenship,2022-12-14,full_time,Germany,WA,Data_Analyst,6202,non_exempt,True,HR,False
EMP-00242,Charles Shah,2022-12-18,part_time,UK,TX,Finance_Analyst,8274,exempt,False,Operations,False
EMP-00243,Brent Clay Jr.,2023-09-17,expatriate,India,federal,Operations_Staff,3854,non_exempt,True,Operations,False
EMP-00244,Natalie Bautista,2023-07-16,expatriate,Singapore,WA,Software_Engineer,8815,exempt,False,Finance,False
EMP-00245,Brittany Perry,2021-12-08,full_time,India,NY,Finance_Analyst,7617,exempt,False,Operations,False
EMP-00246,Jason Lynn Jr.,2023-04-18,full_time,US,federal,Operations_Staff,4551,non_exempt,True,Finance,False
EMP-00247,Trevor Foley,2021-12-09,full_time,Australia,DE_national,Software_Engineer,8594,exempt,False,Legal,False
EMP-00248,Kimberly Levine,2023-03-27,expatriate,France,federal,Software_Engineer,8619,exempt,False,Operations,False
EMP-00249,Colton Martinez,2025-09-06,part_time,US,DE_national,Finance_Analyst,7405,exempt,False,Finance,False
EMP-00250,Matthew May,2024-06-05,part_time,US,FL,Software_Engineer,8724,exempt,False,Operations,False
EMP-00251,Richard Sanchez,2022-01-26,part_time,India,federal,Operations_Staff,4639,non_exempt,True,Finance,False
EMP-00252,Andrea Hubbard,2022-06-24,expatriate,India,CA,Operations_Staff,4508,non_exempt,True,Finance,False
EMP-00253,Sergio Murphy,2022-03-07,contractor,UK,UK_national,Software_Engineer,8290,exempt,False,Finance,False
EMP-00254,April Garrison,2022-03-02,part_time,India,NY,Finance_Analyst,7896,exempt,False,HR,False
EMP-00255,David Thompson,2024-09-30,contractor,Australia,TX,HR_Manager,7309,exempt,False,Engineering,False
EMP-00256,Adrian Tyler,2022-08-19,expatriate,India,TX,HR_Manager,7386,exempt,False,Legal,False
EMP-00257,Christopher Williams,2025-02-24,expatriate,India,CA,Software_Engineer,8371,exempt,False,Finance,False
EMP-00258,Nichole Alvarez,2025-05-01,part_time,India,DE_national,Data_Analyst,6196,non_exempt,True,HR,False
EMP-00259,Ashley Gordon,2026-03-03,part_time,UK,WA,Data_Analyst,6864,non_exempt,True,Engineering,False
EMP-00260,Richard Camacho,2024-01-19,full_time,India,TX,Finance_Analyst,7911,exempt,False,Operations,False
EMP-00261,Victor Brown,2023-11-02,part_time,Germany,TX,Data_Analyst,6738,non_exempt,True,Operations,False
EMP-00262,Michael Henry,2025-12-28,expatriate,India,FL,Software_Engineer,8992,exempt,False,Operations,False
EMP-00263,Bobby Franklin,2021-10-08,contractor,Singapore,FL,Finance_Analyst,7846,exempt,False,HR,False
EMP-00264,Mark Kelley,2023-01-25,expatriate,France,federal,HR_Manager,7394,exempt,False,Legal,False
EMP-00265,Kerry Chavez DDS,2021-12-09,expatriate,Canada,UK_national,Operations_Staff,4214,non_exempt,True,Legal,False
EMP-00266,Sarah Curtis,2025-04-15,part_time,France,TX,Operations_Staff,4593,non_exempt,True,Finance,False
EMP-00267,Cindy Hayes,2022-08-02,expatriate,India,NY,Software_Engineer,8728,exempt,False,Legal,False
EMP-00268,Jesse Perry,2021-12-01,contractor,UK,TX,Software_Engineer,8279,exempt,False,Operations,False
EMP-00269,Maurice Brooks,2022-03-16,part_time,Australia,NY,Finance_Analyst,8269,exempt,False,HR,False
EMP-00270,Andrea Decker,2021-11-28,contractor,US,UK_national,Operations_Staff,3754,non_exempt,True,Operations,False
EMP-00271,Parker Cain,2024-03-22,contractor,France,UK_national,Finance_Analyst,7383,exempt,False,Finance,False
EMP-00272,Kristina Rivera,2022-01-20,full_time,India,NY,Data_Analyst,6859,non_exempt,True,Finance,False
EMP-00273,Maurice Christensen,2025-10-13,part_time,US,WA,Data_Analyst,6939,non_exempt,True,Operations,False
EMP-00274,Tracy Burke,2023-03-15,expatriate,Singapore,CA,Data_Analyst,6927,non_exempt,True,Engineering,False
EMP-00275,Christy Douglas,2022-07-25,contractor,France,TX,Software_Engineer,8561,exempt,False,Legal,False
EMP-00276,Ryan Richardson,2025-04-03,expatriate,UK,WA,Finance_Analyst,7543,exempt,False,Finance,False
EMP-00277,Renee Bruce,2026-04-25,full_time,France,UK_national,Software_Engineer,8654,exempt,False,Legal,False
EMP-00278,Lisa Day,2021-07-28,full_time,UK,DE_national,Operations_Staff,4311,non_exempt,True,Legal,False
EMP-00279,Sandra Adams,2022-05-06,part_time,Germany,WA,Software_Engineer,8439,exempt,False,Engineering,False
EMP-00280,Ellen Morgan,2021-06-22,contractor,France,UK_national,Finance_Analyst,7491,exempt,False,Engineering,False
EMP-00281,Kylie Morales,2022-02-25,contractor,UK,CA,Finance_Analyst,7699,exempt,False,Operations,False
EMP-00282,Amanda Reese,2022-07-08,expatriate,India,WA,Software_Engineer,8765,exempt,False,Engineering,False
EMP-00283,Glen Wood,2025-01-18,full_time,India,FL,HR_Manager,7450,exempt,False,Engineering,False
EMP-00284,Latoya Miller,2021-09-15,contractor,Germany,CA,Finance_Analyst,7660,exempt,False,Legal,False
EMP-00285,Luke Craig,2022-10-20,part_time,Singapore,DE_national,HR_Manager,7346,exempt,False,HR,False
EMP-00286,Karla Ramos,2022-10-22,full_time,Singapore,CA,Data_Analyst,6300,non_exempt,True,HR,False
EMP-00287,Ashley Jordan,2022-11-10,part_time,US,federal,Software_Engineer,8955,exempt,False,Finance,False
EMP-00288,Katelyn Estrada,2021-09-01,expatriate,Singapore,WA,Finance_Analyst,7337,exempt,False,HR,False
EMP-00289,Kyle Smith,2022-12-13,contractor,US,federal,HR_Manager,6979,exempt,False,Engineering,False
EMP-00290,Chad Scott,2023-01-31,expatriate,Australia,DE_national,HR_Manager,7616,exempt,False,Operations,False
EMP-00291,Paul Thompson,2023-05-06,part_time,Singapore,DE_national,HR_Manager,7076,exempt,False,Legal,False
EMP-00292,Kathryn Whitaker,2025-06-22,full_time,Australia,NY,HR_Manager,7140,exempt,False,Legal,False
EMP-00293,Scott Williams,2021-07-15,contractor,India,NY,Data_Analyst,6081,non_exempt,True,Finance,False
EMP-00294,Shannon Johnston,2024-04-23,contractor,Singapore,UK_national,HR_Manager,6870,exempt,False,Operations,False
EMP-00295,Jennifer Wilson,2021-07-19,expatriate,US,federal,HR_Manager,7329,exempt,False,Operations,False
EMP-00296,Robert Montgomery,2025-08-08,full_time,UK,UK_national,HR_Manager,7072,exempt,False,Legal,False
EMP-00297,Anita Richard,2022-08-29,full_time,Germany,DE_national,Data_Analyst,6035,non_exempt,True,HR,False
EMP-00298,Kelly Foster,2022-12-29,part_time,India,federal,Software_Engineer,8392,exempt,False,Legal,False
EMP-00299,Gary Jackson,2023-12-30,part_time,Singapore,federal,Software_Engineer,8380,exempt,False,Operations,False
EMP-00300,Jordan Bullock,2023-03-10,part_time,India,UK_national,Software_Engineer,8321,exempt,False,Finance,False
EMP-00301,Sabrina Briggs,2022-08-16,full_time,US,TX,Data_Analyst,6511,non_exempt,True,Legal,False
EMP-00302,Craig Morrison,2025-03-30,full_time,Canada,WA,Operations_Staff,4420,non_exempt,True,Operations,False
EMP-00303,Cassandra Mejia,2023-11-30,contractor,Singapore,FL,Data_Analyst,6125,non_exempt,True,HR,False
EMP-00304,Olivia Cole,2026-01-23,expatriate,Germany,DE_national,Software_Engineer,8089,exempt,False,Finance,False
EMP-00305,Madison Weber,2025-10-06,full_time,Canada,WA,HR_Manager,7571,exempt,False,HR,False
EMP-00306,Brittany Jones,2023-08-27,contractor,France,NY,Data_Analyst,6205,non_exempt,True,HR,False
EMP-00307,Donald Brown,2023-12-24,expatriate,US,federal,Data_Analyst,6567,non_exempt,True,Legal,False
EMP-00308,Jesse Brown,2025-08-07,expatriate,Germany,NY,HR_Manager,6767,exempt,False,Finance,False
EMP-00309,Sean Wyatt,2024-07-08,expatriate,Australia,UK_national,Operations_Staff,4543,non_exempt,True,Legal,False
EMP-00310,Julie Spencer,2025-05-26,part_time,India,NY,Software_Engineer,8460,exempt,False,Operations,False
EMP-00311,Joanna Pacheco,2024-09-13,contractor,Germany,TX,Finance_Analyst,8086,exempt,False,HR,False
EMP-00312,John Hernandez,2021-10-01,full_time,UK,TX,Operations_Staff,4011,non_exempt,True,HR,False
EMP-00313,Steven Cooper,2025-01-05,contractor,France,federal,Data_Analyst,6970,non_exempt,True,Legal,False
EMP-00314,Carrie Wright,2023-08-19,full_time,Canada,FL,HR_Manager,7350,exempt,False,Legal,False
EMP-00315,Joseph Moore,2023-04-22,part_time,Canada,NY,HR_Manager,7214,exempt,False,HR,False
EMP-00316,Jason Morgan,2024-06-06,part_time,Germany,federal,Finance_Analyst,8162,exempt,False,Legal,False
EMP-00317,Maria Jones,2021-11-30,full_time,UK,CA,Software_Engineer,8971,exempt,False,Legal,False
EMP-00318,Diane Cummings,2024-09-21,part_time,Australia,CA,HR_Manager,7209,exempt,False,Legal,False
EMP-00319,Shelley Cook,2024-05-10,contractor,Singapore,FL,HR_Manager,7524,exempt,False,Operations,False
EMP-00320,Gregory Ponce,2024-12-07,expatriate,UK,CA,HR_Manager,6861,exempt,False,Operations,False
EMP-00321,Kurt Hurley,2022-12-28,expatriate,Singapore,FL,Operations_Staff,4048,non_exempt,True,Legal,False
EMP-00322,Rickey Li,2024-10-16,contractor,India,federal,Data_Analyst,6998,non_exempt,True,Operations,False
EMP-00323,Nancy Jennings,2024-01-28,contractor,UK,federal,Data_Analyst,6247,non_exempt,True,Operations,False
EMP-00324,Jessica Cox,2023-04-04,contractor,Singapore,FL,Software_Engineer,8144,exempt,False,Engineering,False
EMP-00325,Daniel Meza,2023-11-15,contractor,Australia,UK_national,Software_Engineer,8254,exempt,False,HR,False
EMP-00326,Chad Jones,2025-08-30,contractor,France,TX,HR_Manager,7210,exempt,False,Legal,False
EMP-00327,Randy Conley,2025-11-10,expatriate,Canada,DE_national,Operations_Staff,3723,non_exempt,True,Engineering,False
EMP-00328,George Miranda,2022-02-05,expatriate,France,FL,Operations_Staff,4297,non_exempt,True,Finance,False
EMP-00329,Christopher Guerra,2025-04-19,full_time,Canada,DE_national,Software_Engineer,8611,exempt,False,Operations,False
EMP-00330,Carol Kim,2023-07-01,full_time,UK,UK_national,HR_Manager,6837,exempt,False,Finance,False
EMP-00331,Cynthia Wallace,2022-11-13,expatriate,India,CA,HR_Manager,7110,exempt,False,Engineering,False
EMP-00332,Joann Ferguson,2022-12-28,part_time,India,WA,Finance_Analyst,7375,exempt,False,Operations,False
EMP-00333,Julie Conley,2023-04-13,expatriate,Canada,NY,Finance_Analyst,7431,exempt,False,Engineering,False
EMP-00334,Victoria Murray,2022-11-07,contractor,India,federal,Operations_Staff,4473,non_exempt,True,HR,False
EMP-00335,Joseph Burch,2025-07-11,expatriate,US,CA,Data_Analyst,6039,non_exempt,True,HR,False
EMP-00336,Brenda Wright,2024-08-24,expatriate,Singapore,TX,HR_Manager,7320,exempt,False,Legal,False
EMP-00337,Kristen Garcia,2025-09-02,contractor,India,TX,Data_Analyst,6402,non_exempt,True,Legal,False
EMP-00338,Dominique Hines,2022-10-22,contractor,Singapore,WA,HR_Manager,7186,exempt,False,Engineering,False
EMP-00339,Brittany Kim,2026-03-05,contractor,UK,UK_national,HR_Manager,7297,exempt,False,Finance,False
EMP-00340,Jerry Bailey,2021-07-29,expatriate,Canada,FL,Software_Engineer,8738,exempt,False,Engineering,False
EMP-00341,Jonathan Young,2026-06-01,expatriate,Germany,UK_national,Finance_Analyst,7451,exempt,False,HR,False
EMP-00342,Alfred Galvan,2025-08-21,full_time,France,CA,Software_Engineer,8451,exempt,False,Finance,False
EMP-00343,Raven Taylor,2022-11-16,part_time,Australia,FL,Operations_Staff,4120,non_exempt,True,Legal,False
EMP-00344,Melissa Taylor,2024-12-20,expatriate,US,TX,Finance_Analyst,7831,exempt,False,HR,False
EMP-00345,Aaron Miller,2022-09-21,contractor,Singapore,UK_national,Finance_Analyst,7621,exempt,False,HR,True
EMP-00346,Kimberly Acosta,2024-01-30,contractor,India,WA,Operations_Staff,4324,non_exempt,True,Operations,False
EMP-00347,Dwayne Turner,2021-09-06,part_time,Canada,WA,Data_Analyst,6230,non_exempt,True,Finance,False
EMP-00348,Riley Bryant,2021-12-30,part_time,Singapore,federal,HR_Manager,7191,exempt,False,Finance,False
EMP-00349,Linda Smith,2024-01-08,contractor,Canada,NY,Finance_Analyst,7887,exempt,False,Legal,False
EMP-00350,Charles Patterson,2024-07-07,expatriate,India,TX,Operations_Staff,3997,non_exempt,True,Engineering,False
EMP-00351,Jason Beck,2021-11-14,full_time,India,DE_national,HR_Manager,7371,exempt,False,Finance,False
EMP-00352,Andrea Fox,2023-12-24,part_time,France,WA,Operations_Staff,4655,non_exempt,True,Legal,False
EMP-00353,Kristen Myers DDS,2024-08-14,part_time,UK,FL,HR_Manager,6948,exempt,False,Engineering,False
EMP-00354,Mrs. Alexis Kramer,2023-03-02,part_time,France,CA,Finance_Analyst,7402,exempt,False,Operations,False
EMP-00355,Lori Ingram,2025-02-12,expatriate,UK,TX,HR_Manager,6705,exempt,False,Legal,False
EMP-00356,Andrew Payne,2025-07-05,expatriate,Singapore,DE_national,Data_Analyst,6666,non_exempt,True,HR,False
EMP-00357,Richard Marshall,2024-12-01,contractor,Canada,CA,HR_Manager,7629,exempt,False,Engineering,False
EMP-00358,Robin Brown,2025-04-28,part_time,US,TX,Finance_Analyst,7727,exempt,False,HR,False
EMP-00359,Edward Williams,2022-06-10,expatriate,Singapore,TX,Software_Engineer,8959,exempt,False,Finance,False
EMP-00360,Timothy Robertson,2026-05-22,full_time,Canada,NY,Software_Engineer,8950,exempt,False,Finance,False
EMP-00361,Dawn Mullins,2022-05-25,expatriate,Singapore,TX,HR_Manager,7571,exempt,False,Legal,False
EMP-00362,Richard Glenn,2023-02-07,contractor,France,NY,Operations_Staff,4038,non_exempt,True,HR,False
EMP-00363,Jacob Preston,2025-02-27,contractor,Germany,CA,Operations_Staff,4454,non_exempt,True,Finance,False
EMP-00364,Jasmine Beltran,2023-12-04,part_time,Germany,UK_national,HR_Manager,7546,exempt,False,Operations,False
EMP-00365,Tim Stone PhD,2025-01-28,contractor,UK,UK_national,Finance_Analyst,7985,exempt,False,Engineering,False
EMP-00366,Lance Short,2024-03-03,part_time,Singapore,federal,Data_Analyst,6958,non_exempt,True,HR,False
EMP-00367,Bobby Guerrero,2022-12-22,contractor,Australia,FL,Software_Engineer,8457,exempt,False,Finance,False
EMP-00368,Jessica Norris,2023-03-14,contractor,US,WA,HR_Manager,7369,exempt,False,Finance,False
EMP-00369,Sergio Gomez,2026-06-07,full_time,UK,DE_national,Data_Analyst,6314,non_exempt,True,HR,False
EMP-00370,William Gould,2021-10-26,contractor,UK,WA,Operations_Staff,4076,non_exempt,True,Legal,False
EMP-00371,Heidi Owen,2024-11-02,part_time,Germany,DE_national,Data_Analyst,6156,non_exempt,True,Operations,False
EMP-00372,Brenda Lawson,2025-05-07,contractor,Australia,DE_national,Finance_Analyst,8075,exempt,False,Legal,False
EMP-00373,Austin Osborne,2023-04-10,part_time,UK,DE_national,Data_Analyst,6540,non_exempt,True,Finance,False
EMP-00374,Keith Jacobs,2024-11-01,full_time,US,FL,Software_Engineer,8586,exempt,False,Legal,False
EMP-00375,Jacqueline Hines,2024-04-23,part_time,India,DE_national,Data_Analyst,6119,non_exempt,True,HR,False
EMP-00376,Jennifer Banks,2022-09-09,expatriate,UK,DE_national,Finance_Analyst,8128,exempt,False,Engineering,False
EMP-00377,Noah Porter,2023-05-18,part_time,Australia,DE_national,Operations_Staff,4277,non_exempt,True,Engineering,False
EMP-00378,Deborah Green,2023-09-03,expatriate,Canada,CA,Finance_Analyst,7705,exempt,False,Finance,False
EMP-00379,Donna Hendricks DDS,2022-01-20,part_time,UK,CA,Software_Engineer,8433,exempt,False,Finance,False
EMP-00380,Jodi Roach,2023-09-01,full_time,UK,DE_national,Software_Engineer,8032,exempt,False,Finance,False
EMP-00381,Michael Bruce,2023-01-15,part_time,Germany,UK_national,Operations_Staff,4083,non_exempt,True,Operations,False
EMP-00382,Austin Daniels,2025-11-24,expatriate,Australia,NY,Operations_Staff,4399,non_exempt,True,Legal,False
EMP-00383,Michelle Ho,2024-08-18,contractor,UK,TX,Data_Analyst,6550,non_exempt,True,Operations,False
EMP-00384,Katie Martinez,2022-06-12,part_time,France,CA,Finance_Analyst,8074,exempt,False,Engineering,False
EMP-00385,Richard Johnson,2024-03-18,expatriate,Australia,UK_national,HR_Manager,7543,exempt,False,HR,False
EMP-00386,Robert Arnold,2024-07-02,expatriate,India,TX,Data_Analyst,6282,non_exempt,True,HR,False
EMP-00387,Eric Key,2025-01-13,full_time,Australia,CA,Software_Engineer,8246,exempt,False,HR,False
EMP-00388,Patricia Morrow,2021-10-23,full_time,US,DE_national,Software_Engineer,8612,exempt,False,Engineering,True
EMP-00389,Maria Cole,2024-11-03,full_time,Australia,DE_national,Data_Analyst,6239,non_exempt,True,Legal,False
EMP-00390,Shawn Deleon,2024-08-22,full_time,Germany,WA,Data_Analyst,6239,non_exempt,True,Legal,False
EMP-00391,Vincent Reynolds,2025-12-29,contractor,France,WA,HR_Manager,7597,exempt,False,HR,False
EMP-00392,Caleb Hernandez,2022-04-07,part_time,Australia,WA,Finance_Analyst,7581,exempt,False,Engineering,False
EMP-00393,Michael Reed,2026-02-23,part_time,Australia,DE_national,Finance_Analyst,7348,exempt,False,Finance,False
EMP-00394,Sarah King,2024-08-13,contractor,Australia,UK_national,Operations_Staff,3852,non_exempt,True,Finance,False
EMP-00395,Beth Turner,2024-02-10,part_time,Singapore,FL,Operations_Staff,4569,non_exempt,True,HR,False
EMP-00396,Caroline David,2022-03-19,part_time,Singapore,CA,HR_Manager,7275,exempt,False,Operations,False
EMP-00397,Michelle Jacobs,2025-08-27,part_time,Australia,FL,Operations_Staff,3961,non_exempt,True,HR,False
EMP-00398,Samantha Johnson,2021-09-02,full_time,Singapore,federal,HR_Manager,6794,exempt,False,Legal,False
EMP-00399,Laura Curtis,2025-04-11,full_time,Canada,UK_national,Data_Analyst,6689,non_exempt,True,Legal,False
EMP-00400,Mark Jimenez,2024-07-30,full_time,UK,FL,Finance_Analyst,8123,exempt,False,Legal,False
EMP-00401,Tyler Webb,2025-06-19,part_time,Singapore,FL,Finance_Analyst,8190,exempt,False,Finance,False
EMP-00402,Elizabeth Jones,2021-09-28,full_time,France,FL,HR_Manager,7685,exempt,False,Engineering,False
EMP-00403,John Harris,2024-06-22,part_time,France,UK_national,Operations_Staff,4637,non_exempt,True,HR,False
EMP-00404,Nathan Gross,2025-09-29,contractor,Canada,UK_national,Finance_Analyst,7777,exempt,False,Legal,False
EMP-00405,Bianca Wood,2024-04-01,contractor,Canada,federal,HR_Manager,7225,exempt,False,Operations,False
EMP-00406,John Adams,2022-09-06,full_time,Singapore,federal,Operations_Staff,4636,non_exempt,True,HR,False
EMP-00407,Dylan Cruz,2024-07-08,contractor,Australia,CA,HR_Manager,7276,exempt,False,HR,False
EMP-00408,Sean Moore,2023-01-29,full_time,Canada,UK_national,Data_Analyst,6302,non_exempt,True,HR,False
EMP-00409,Emily Hines,2023-12-07,contractor,France,UK_national,Data_Analyst,6583,non_exempt,True,HR,False
EMP-00410,Kathleen Parker,2021-07-23,contractor,Canada,DE_national,Operations_Staff,4689,non_exempt,True,Operations,False
EMP-00411,Kathy Levy,2022-07-08,part_time,India,TX,Operations_Staff,3843,non_exempt,True,Legal,False
EMP-00412,Anthony Simpson,2025-11-08,part_time,US,CA,Operations_Staff,4559,non_exempt,True,Engineering,False
EMP-00413,Julie Herrera,2025-09-04,full_time,Australia,TX,Software_Engineer,8862,exempt,False,HR,False
EMP-00414,Stephen Luna,2025-04-05,part_time,US,FL,Software_Engineer,8517,exempt,False,Operations,False
EMP-00415,James Hudson,2022-06-01,full_time,Singapore,DE_national,HR_Manager,6716,exempt,False,Engineering,False
EMP-00416,Angel Gordon,2025-04-06,expatriate,US,CA,Finance_Analyst,7842,exempt,False,Finance,False
EMP-00417,William Becker,2022-01-13,contractor,US,UK_national,Finance_Analyst,8125,exempt,False,HR,False
EMP-00418,Jennifer Norton,2023-02-20,full_time,Germany,FL,Software_Engineer,8196,exempt,False,Legal,False
EMP-00419,Nicole Gonzalez,2023-12-27,contractor,India,WA,Finance_Analyst,8114,exempt,False,Operations,False
EMP-00420,Amber Taylor,2023-02-09,contractor,Australia,DE_national,Software_Engineer,8578,exempt,False,HR,False
EMP-00421,Jesus Obrien,2024-01-08,contractor,UK,CA,Data_Analyst,6095,non_exempt,True,Operations,False
EMP-00422,Louis Martin,2026-05-24,expatriate,Singapore,CA,Operations_Staff,4352,non_exempt,True,Engineering,False
EMP-00423,Elizabeth Rogers,2025-08-01,full_time,Singapore,UK_national,Data_Analyst,6660,non_exempt,True,Finance,False
EMP-00424,Michelle Evans,2025-07-09,full_time,US,FL,Finance_Analyst,7516,exempt,False,Legal,False
EMP-00425,Michael Whitney,2024-05-11,contractor,US,NY,Operations_Staff,4400,non_exempt,True,Finance,False
EMP-00426,Molly Watts,2021-07-29,full_time,Germany,federal,Finance_Analyst,7316,exempt,False,HR,False
EMP-00427,Walter Patton,2025-04-28,part_time,Australia,NY,Finance_Analyst,7606,exempt,False,HR,False
EMP-00428,Mikayla Silva,2022-04-18,part_time,Australia,federal,Finance_Analyst,7693,exempt,False,HR,False
EMP-00429,Lisa Randall,2022-03-07,contractor,US,NY,Software_Engineer,8447,exempt,False,HR,False
EMP-00430,Amanda Vaughan,2021-12-28,contractor,Australia,federal,Software_Engineer,8030,exempt,False,Finance,False
EMP-00431,Erik Hernandez,2024-11-22,expatriate,France,federal,Operations_Staff,4266,non_exempt,True,Operations,False
EMP-00432,Reginald Knapp,2025-10-21,part_time,Australia,NY,Operations_Staff,4490,non_exempt,True,Legal,False
EMP-00433,Amy Taylor,2022-06-24,part_time,UK,NY,HR_Manager,6974,exempt,False,HR,False
EMP-00434,Matthew Fox,2023-01-04,part_time,Australia,federal,Operations_Staff,4069,non_exempt,True,Engineering,False
EMP-00435,Thomas Peterson,2023-03-19,full_time,Canada,DE_national,Software_Engineer,8368,exempt,False,Finance,False
EMP-00436,Michelle Schneider,2024-11-27,part_time,UK,TX,Software_Engineer,8441,exempt,False,Operations,False
EMP-00437,Cheryl Wright,2024-03-26,expatriate,UK,CA,Finance_Analyst,7391,exempt,False,Finance,False
EMP-00438,William Evans,2022-11-20,full_time,India,UK_national,Finance_Analyst,7312,exempt,False,Finance,False
EMP-00439,Michael Stewart,2023-03-09,expatriate,UK,FL,Operations_Staff,4285,non_exempt,True,Legal,False
EMP-00440,Rebecca Hill,2022-01-19,expatriate,Germany,TX,Data_Analyst,6275,non_exempt,True,Finance,False
EMP-00441,Jamie Baird,2025-07-14,expatriate,Germany,NY,HR_Manager,6871,exempt,False,Operations,False
EMP-00442,Regina Roberts,2022-11-18,expatriate,Canada,DE_national,HR_Manager,7501,exempt,False,Engineering,False
EMP-00443,Hannah Ramos,2022-09-22,contractor,France,DE_national,HR_Manager,7308,exempt,False,Legal,False
EMP-00444,Dale Ryan,2026-02-08,expatriate,UK,TX,Data_Analyst,6311,non_exempt,True,Engineering,False
EMP-00445,Breanna Gilbert,2024-05-17,contractor,Australia,federal,Operations_Staff,4150,non_exempt,True,Finance,False
EMP-00446,Michael Schmidt,2024-08-18,part_time,Canada,federal,Operations_Staff,4317,non_exempt,True,HR,False
EMP-00447,Jason Love,2021-12-11,contractor,Germany,UK_national,Operations_Staff,4691,non_exempt,True,Finance,False
EMP-00448,Abigail Pierce,2026-02-01,expatriate,France,federal,HR_Manager,7085,exempt,False,Finance,False
EMP-00449,Timothy Johns,2023-10-30,contractor,UK,FL,Operations_Staff,4306,non_exempt,True,Legal,False
EMP-00450,Victor Morris,2024-09-02,full_time,Singapore,FL,Data_Analyst,6448,non_exempt,True,Finance,False
EMP-00451,Ann Andrews,2024-02-13,expatriate,Singapore,TX,Software_Engineer,8648,exempt,False,Finance,False
EMP-00452,Taylor Gentry,2022-04-26,contractor,Germany,UK_national,Data_Analyst,6808,non_exempt,True,Operations,False
EMP-00453,Casey Gillespie,2026-06-05,expatriate,Singapore,UK_national,Software_Engineer,8547,exempt,False,Legal,False
EMP-00454,Jon Zuniga,2026-04-02,full_time,India,NY,Operations_Staff,3811,non_exempt,True,HR,False
EMP-00455,Sherri Smith,2024-04-13,part_time,US,UK_national,HR_Manager,7690,exempt,False,Finance,False
EMP-00456,William Mitchell,2026-05-22,full_time,US,NY,Operations_Staff,3964,non_exempt,True,HR,False
EMP-00457,Kathleen Mays,2025-09-12,part_time,Singapore,federal,Finance_Analyst,7700,exempt,False,Operations,False
EMP-00458,Corey Rodriguez,2022-04-03,part_time,India,CA,Finance_Analyst,7794,exempt,False,Engineering,False
EMP-00459,David Lopez,2025-02-15,expatriate,UK,NY,HR_Manager,7551,exempt,False,HR,False
EMP-00460,Laura Todd,2022-04-27,contractor,India,DE_national,HR_Manager,7503,exempt,False,HR,False
EMP-00461,Stephanie Wilcox,2024-01-07,expatriate,India,DE_national,Finance_Analyst,7399,exempt,False,Operations,False
EMP-00462,Michael Lopez,2022-02-22,contractor,UK,WA,Operations_Staff,3745,non_exempt,True,Engineering,False
EMP-00463,David Green,2022-08-15,contractor,UK,TX,Software_Engineer,8952,exempt,False,HR,False
EMP-00464,Tiffany Turner,2025-01-20,part_time,Germany,federal,Finance_Analyst,7873,exempt,False,Operations,False
EMP-00465,Matthew Schwartz,2021-10-02,part_time,Australia,TX,Operations_Staff,3890,non_exempt,True,Operations,False
EMP-00466,Eric Sullivan,2023-12-15,full_time,France,DE_national,Operations_Staff,4306,non_exempt,True,Operations,False
EMP-00467,Michele Collins,2022-01-11,full_time,France,FL,Operations_Staff,3985,non_exempt,True,Engineering,False
EMP-00468,Elizabeth Mendez,2022-07-16,full_time,Germany,federal,Finance_Analyst,7633,exempt,False,HR,False
EMP-00469,Christian Adkins,2024-06-21,full_time,Canada,DE_national,Operations_Staff,4240,non_exempt,True,Finance,False
EMP-00470,Joshua Ruiz,2024-02-17,expatriate,Australia,NY,Finance_Analyst,7656,exempt,False,Finance,False
EMP-00471,Colleen Wright,2025-03-20,part_time,Canada,NY,Operations_Staff,4388,non_exempt,True,HR,False
EMP-00472,Angela Griffin,2024-12-17,full_time,France,WA,HR_Manager,6819,exempt,False,HR,False
EMP-00473,Justin Brown,2024-03-07,part_time,Australia,UK_national,HR_Manager,7310,exempt,False,HR,False
EMP-00474,Laura Hernandez,2023-01-31,expatriate,Australia,TX,Finance_Analyst,7798,exempt,False,Legal,False
EMP-00475,Audrey Harris,2024-05-10,part_time,Singapore,WA,Data_Analyst,6143,non_exempt,True,HR,False
EMP-00476,Jordan Stokes,2023-09-16,expatriate,US,federal,HR_Manager,7674,exempt,False,Engineering,False
EMP-00477,Joyce Brown,2023-10-03,part_time,France,UK_national,Operations_Staff,4686,non_exempt,True,Legal,False
EMP-00478,Miranda Foster,2025-07-10,expatriate,Australia,DE_national,Finance_Analyst,7725,exempt,False,Operations,False
EMP-00479,Laura Williams,2023-03-02,part_time,UK,CA,Operations_Staff,4514,non_exempt,True,HR,False
EMP-00480,Zachary Michael,2021-10-15,full_time,Canada,FL,HR_Manager,7250,exempt,False,Finance,False
EMP-00481,Amanda Ortiz,2025-04-15,expatriate,Singapore,NY,Data_Analyst,6586,non_exempt,True,Engineering,False
EMP-00482,Veronica Brewer,2023-07-18,contractor,US,DE_national,HR_Manager,7259,exempt,False,HR,False
EMP-00483,Janet Kane DVM,2023-04-27,full_time,France,WA,Operations_Staff,4595,non_exempt,True,Engineering,False
EMP-00484,Mary Ryan,2024-09-16,contractor,India,NY,Operations_Staff,4149,non_exempt,True,Engineering,False
EMP-00485,Christopher Medina,2024-02-01,part_time,India,UK_national,Data_Analyst,6169,non_exempt,True,Legal,False
EMP-00486,Courtney Smith,2021-07-22,part_time,France,CA,Data_Analyst,6583,non_exempt,True,Finance,False
EMP-00487,Michael Stephens,2024-02-07,contractor,Germany,federal,Finance_Analyst,8020,exempt,False,Finance,False
EMP-00488,Danielle Reed,2022-10-27,contractor,UK,TX,HR_Manager,7685,exempt,False,Operations,False
EMP-00489,Molly Rodriguez,2025-06-28,contractor,Germany,TX,Software_Engineer,8255,exempt,False,HR,False
EMP-00490,Ralph Stephenson,2021-07-09,part_time,Australia,DE_national,HR_Manager,6845,exempt,False,Legal,False
EMP-00491,Brian Johnson,2024-06-06,expatriate,Australia,DE_national,HR_Manager,6777,exempt,False,Engineering,False
EMP-00492,Amber Yang,2023-06-15,contractor,India,DE_national,Operations_Staff,4673,non_exempt,True,Operations,False
EMP-00493,Daniel Shields,2021-09-22,full_time,UK,DE_national,HR_Manager,7350,exempt,False,Finance,False
EMP-00494,Donna Cabrera,2025-02-05,expatriate,France,UK_national,Software_Engineer,8844,exempt,False,HR,False
EMP-00495,Kyle Chambers,2023-01-17,contractor,India,WA,Operations_Staff,4045,non_exempt,True,Legal,False
EMP-00496,Charles Keller,2022-07-19,part_time,Singapore,federal,Finance_Analyst,8215,exempt,False,Engineering,False
EMP-00497,Antonio Fry,2025-11-03,full_time,Singapore,CA,Software_Engineer,8127,exempt,False,HR,False
EMP-00498,Lori Simmons,2023-12-03,expatriate,US,UK_national,Operations_Staff,3907,non_exempt,True,HR,False
EMP-00499,Teresa Powers,2025-05-15,part_time,Canada,NY,HR_Manager,7370,exempt,False,Finance,False
EMP-00500,Jason Hernandez,2023-04-29,full_time,India,TX,HR_Manager,6753,exempt,False,Operations,False
EMP-00501,Kara Atkinson,2022-12-12,part_time,Australia,NY,HR_Manager,7420,exempt,False,Engineering,False
EMP-00502,Renee Melendez,2024-04-02,part_time,Singapore,NY,Software_Engineer,8135,exempt,False,Legal,False
EMP-00503,Kristin Anderson,2022-08-28,expatriate,US,CA,Data_Analyst,6712,non_exempt,True,Finance,False
EMP-00504,Matthew Nielsen,2025-09-04,expatriate,Germany,DE_national,Software_Engineer,8072,exempt,False,HR,False
EMP-00505,Nathaniel Lee,2022-10-14,full_time,UK,NY,Operations_Staff,4020,non_exempt,True,Finance,False
EMP-00506,Lindsey Russo,2022-05-20,part_time,Australia,TX,HR_Manager,7356,exempt,False,HR,False
EMP-00507,Misty Hansen,2023-11-03,full_time,Germany,DE_national,Software_Engineer,8359,exempt,False,HR,False
EMP-00508,Felicia Krueger,2021-07-08,expatriate,Singapore,FL,Data_Analyst,6088,non_exempt,True,Engineering,False
EMP-00509,Tonya Wilson,2026-06-10,full_time,Australia,federal,Data_Analyst,6986,non_exempt,True,Operations,False
EMP-00510,David Munoz,2022-06-19,part_time,France,WA,HR_Manager,7360,exempt,False,Engineering,False
EMP-00511,Kristen Rowe,2023-05-07,contractor,US,WA,Data_Analyst,6210,non_exempt,True,Legal,False
EMP-00512,Heather Green,2024-01-03,part_time,Australia,WA,Finance_Analyst,7961,exempt,False,Engineering,False
EMP-00513,Brett Zavala MD,2025-08-22,expatriate,Australia,NY,Data_Analyst,6246,non_exempt,True,Operations,False
EMP-00514,Jacqueline Gutierrez,2024-04-03,full_time,US,federal,Finance_Analyst,8256,exempt,False,Finance,False
EMP-00515,Charles Green,2026-02-11,expatriate,Australia,federal,Data_Analyst,6559,non_exempt,True,HR,False
EMP-00516,Jennifer Hernandez,2023-02-03,full_time,US,NY,Operations_Staff,3714,non_exempt,True,Finance,False
EMP-00517,Roy Porter,2024-09-18,full_time,US,UK_national,Data_Analyst,6518,non_exempt,True,Finance,False
EMP-00518,Dawn Underwood,2026-04-10,expatriate,Australia,UK_national,Finance_Analyst,7384,exempt,False,Legal,False
EMP-00519,Katherine Jackson,2025-06-01,part_time,Canada,NY,Finance_Analyst,7617,exempt,False,Engineering,False
EMP-00520,Nathan Freeman,2026-01-10,part_time,Germany,federal,Finance_Analyst,7700,exempt,False,Legal,False
EMP-00521,Maria Brown,2021-08-11,contractor,Australia,FL,Software_Engineer,8059,exempt,False,HR,False
EMP-00522,Theresa Barnett,2025-04-06,expatriate,UK,DE_national,Software_Engineer,8626,exempt,False,Legal,False
EMP-00523,Ryan Hall,2024-12-23,contractor,Germany,NY,Software_Engineer,8012,exempt,False,HR,False
EMP-00524,Jonathan Brooks,2024-07-13,part_time,Singapore,federal,Software_Engineer,8535,exempt,False,Legal,False
EMP-00525,Lisa Webb,2023-11-18,part_time,India,TX,HR_Manager,7467,exempt,False,Finance,False
EMP-00526,Juan Smith,2024-02-02,full_time,India,UK_national,Software_Engineer,8278,exempt,False,Legal,False
EMP-00527,William Smith,2025-07-04,contractor,UK,DE_national,Software_Engineer,8466,exempt,False,Legal,False
EMP-00528,Renee Browning,2021-12-23,full_time,Singapore,TX,HR_Manager,7076,exempt,False,HR,False
EMP-00529,Chase Lee,2024-01-28,full_time,UK,FL,HR_Manager,7458,exempt,False,Legal,False
EMP-00530,Debra Sanders,2023-04-23,full_time,US,FL,Software_Engineer,8047,exempt,False,Operations,False
EMP-00531,Karl Branch,2022-07-28,expatriate,Germany,TX,HR_Manager,7653,exempt,False,Engineering,False
EMP-00532,Sarah Valdez,2025-09-25,expatriate,France,federal,Finance_Analyst,7554,exempt,False,Operations,False
EMP-00533,Anna Gray,2024-03-16,contractor,UK,federal,HR_Manager,6822,exempt,False,Legal,False
EMP-00534,Adam Jackson,2023-12-10,part_time,France,CA,Software_Engineer,8976,exempt,False,Operations,False
EMP-00535,Richard Knight,2025-09-24,expatriate,Canada,WA,Software_Engineer,8335,exempt,False,Engineering,False
EMP-00536,Joseph Williams,2022-07-02,expatriate,US,federal,Finance_Analyst,7505,exempt,False,Finance,False
EMP-00537,Stacy Alvarez,2021-09-04,contractor,France,DE_national,Finance_Analyst,7677,exempt,False,Legal,False
EMP-00538,Timothy Lam,2024-04-04,part_time,France,TX,Operations_Staff,3706,non_exempt,True,Operations,False
EMP-00539,Timothy Edwards,2026-04-01,part_time,India,CA,Software_Engineer,8973,exempt,False,Finance,False
EMP-00540,Nicole Marquez,2023-06-08,expatriate,Canada,NY,Software_Engineer,8210,exempt,False,Legal,False
EMP-00541,Christopher Allen,2025-08-13,expatriate,Singapore,CA,Data_Analyst,6995,non_exempt,True,HR,False
EMP-00542,Steven Rivera,2025-03-21,full_time,US,FL,HR_Manager,7618,exempt,False,Legal,False
EMP-00543,William Ramsey,2023-12-12,contractor,Singapore,NY,Operations_Staff,4294,non_exempt,True,Engineering,False
EMP-00544,Amy Kim,2025-08-20,part_time,Australia,NY,Finance_Analyst,7906,exempt,False,Legal,False
EMP-00545,Randy Friedman,2023-06-05,expatriate,Germany,FL,Software_Engineer,8298,exempt,False,Finance,False
EMP-00546,Alyssa Nelson,2026-05-28,expatriate,India,federal,HR_Manager,7163,exempt,False,Finance,False
EMP-00547,Henry Pugh MD,2024-11-03,full_time,France,TX,Data_Analyst,6798,non_exempt,True,Legal,False
EMP-00548,Angelica Montgomery,2025-06-07,part_time,UK,TX,Software_Engineer,8460,exempt,False,Operations,False
EMP-00549,Angela Moore,2024-12-31,expatriate,UK,federal,HR_Manager,7687,exempt,False,HR,False
EMP-00550,Nancy Stewart,2021-12-22,contractor,Singapore,WA,Operations_Staff,4572,non_exempt,True,Engineering,False
EMP-00551,Eric Ward,2022-10-16,part_time,Canada,CA,Software_Engineer,8220,exempt,False,Finance,False
EMP-00552,Cody Cole,2024-03-19,full_time,France,federal,Data_Analyst,6405,non_exempt,True,Legal,False
EMP-00553,Alexander Gomez,2021-11-27,contractor,Canada,TX,Software_Engineer,8031,exempt,False,Operations,False
EMP-00554,Erika Cruz,2022-11-25,part_time,UK,DE_national,Operations_Staff,3804,non_exempt,True,HR,False
EMP-00555,Bradley Santana,2025-12-19,full_time,US,FL,Software_Engineer,8133,exempt,False,HR,False
EMP-00556,Laura Jackson,2023-05-07,contractor,UK,WA,Operations_Staff,4639,non_exempt,True,Engineering,False
EMP-00557,Eric Snyder,2021-10-04,full_time,France,DE_national,Software_Engineer,8828,exempt,False,HR,False
EMP-00558,Jason Washington,2021-10-29,contractor,UK,CA,Software_Engineer,8964,exempt,False,Operations,False
EMP-00559,David Weber,2024-05-30,part_time,Australia,UK_national,Software_Engineer,8508,exempt,False,Engineering,False
EMP-00560,Brian Torres,2026-03-09,expatriate,Germany,federal,Operations_Staff,3919,non_exempt,True,HR,False
EMP-00561,Manuel Brock,2023-02-02,contractor,Singapore,TX,HR_Manager,6735,exempt,False,Legal,True
EMP-00562,Robert Villarreal,2026-04-24,part_time,Canada,DE_national,Finance_Analyst,7721,exempt,False,Legal,False
EMP-00563,Frank Valentine,2022-06-12,full_time,UK,WA,Operations_Staff,4092,non_exempt,True,HR,False
EMP-00564,Vincent Novak,2022-11-25,part_time,France,CA,Operations_Staff,4091,non_exempt,True,Finance,False
EMP-00565,Katherine Johnston,2022-08-27,expatriate,India,federal,Operations_Staff,4097,non_exempt,True,Finance,False
EMP-00566,Robert Long,2022-01-04,full_time,India,FL,Data_Analyst,6030,non_exempt,True,Finance,False
EMP-00567,Leslie Gardner,2024-11-06,expatriate,India,FL,Software_Engineer,8997,exempt,False,HR,False
EMP-00568,Tiffany Murray,2024-12-25,part_time,France,WA,Software_Engineer,8546,exempt,False,Engineering,False
EMP-00569,Eddie Schwartz,2025-07-15,expatriate,India,TX,Data_Analyst,6180,non_exempt,True,HR,False
EMP-00570,Jennifer Porter,2024-08-10,contractor,India,CA,Finance_Analyst,8020,exempt,False,Finance,False
EMP-00571,Matthew Espinoza,2025-05-21,part_time,France,DE_national,Finance_Analyst,7855,exempt,False,Finance,False
EMP-00572,William Mendoza,2023-06-12,expatriate,US,NY,Data_Analyst,6057,non_exempt,True,HR,False
EMP-00573,Tami Holt,2024-02-28,part_time,US,DE_national,Finance_Analyst,7300,exempt,False,Finance,False
EMP-00574,Heather Woodard,2024-02-16,part_time,Germany,federal,Finance_Analyst,8034,exempt,False,HR,False
EMP-00575,Angela Mack,2024-09-23,full_time,US,TX,HR_Manager,7300,exempt,False,HR,False
EMP-00576,Matthew Williams,2026-05-12,contractor,UK,federal,Software_Engineer,8721,exempt,False,Operations,False
EMP-00577,Jennifer Goodwin,2026-04-09,full_time,India,WA,Finance_Analyst,7630,exempt,False,HR,False
EMP-00578,Adam Green,2023-12-30,expatriate,Singapore,federal,Data_Analyst,6178,non_exempt,True,Legal,False
EMP-00579,Lauren Johnston,2023-09-02,contractor,France,TX,Finance_Analyst,7687,exempt,False,Finance,False
EMP-00580,Raymond Chapman,2023-12-11,part_time,Germany,CA,HR_Manager,7671,exempt,False,Legal,False
EMP-00581,Alexander Garcia,2023-07-10,full_time,Germany,federal,Operations_Staff,4643,non_exempt,True,Legal,False
EMP-00582,Audrey Shepard,2022-02-24,full_time,Singapore,TX,Data_Analyst,6339,non_exempt,True,Engineering,False
EMP-00583,Jesse Clark,2023-11-09,contractor,India,TX,Data_Analyst,6651,non_exempt,True,Engineering,False
EMP-00584,Jeffrey Horton,2023-01-14,expatriate,US,WA,HR_Manager,6914,exempt,False,HR,False
EMP-00585,Robert Wilson,2025-09-08,contractor,Canada,NY,Software_Engineer,8737,exempt,False,Engineering,False
EMP-00586,Megan Martin,2026-05-12,expatriate,Singapore,UK_national,Software_Engineer,8992,exempt,False,HR,False
EMP-00587,Christopher Moore,2024-03-29,expatriate,Australia,federal,Operations_Staff,4259,non_exempt,True,Operations,False
EMP-00588,Crystal Sullivan,2022-05-13,expatriate,France,TX,Software_Engineer,8462,exempt,False,Engineering,False
EMP-00589,Jessica Johnson,2024-07-06,contractor,US,federal,Software_Engineer,8267,exempt,False,Engineering,False
EMP-00590,Kevin Price,2024-12-18,contractor,Germany,UK_national,Software_Engineer,8164,exempt,False,Engineering,False
EMP-00591,Paul Stokes,2021-10-03,full_time,India,DE_national,Finance_Analyst,8021,exempt,False,Engineering,False
EMP-00592,Shane Lopez,2023-01-27,part_time,Australia,TX,Operations_Staff,3754,non_exempt,True,Engineering,False
EMP-00593,Dennis Huffman,2024-01-30,part_time,France,UK_national,HR_Manager,7413,exempt,False,Legal,False
EMP-00594,Linda Carr,2024-05-17,contractor,Canada,WA,Finance_Analyst,7543,exempt,False,Engineering,False
EMP-00595,Ryan Williamson,2025-07-05,expatriate,Singapore,TX,Software_Engineer,8055,exempt,False,Finance,False
EMP-00596,Elizabeth Mendez,2021-11-12,expatriate,UK,WA,Software_Engineer,8843,exempt,False,Legal,False
EMP-00597,Bruce Torres,2022-05-11,part_time,UK,CA,Operations_Staff,3911,non_exempt,True,HR,False
EMP-00598,Kayla Barnes,2022-02-17,full_time,Singapore,NY,HR_Manager,7015,exempt,False,Operations,False
EMP-00599,Cody Reid,2024-11-28,expatriate,Canada,NY,Operations_Staff,4357,non_exempt,True,Legal,False
EMP-00600,Zoe Peters,2023-11-22,part_time,India,UK_national,Operations_Staff,4078,non_exempt,True,HR,False
EMP-00601,Ernest Hayes,2021-09-16,full_time,Canada,DE_national,Operations_Staff,4176,non_exempt,True,Finance,False
EMP-00602,Adam Taylor,2025-07-08,contractor,US,TX,Data_Analyst,6770,non_exempt,True,Engineering,False
EMP-00603,Kathy Simpson,2024-11-12,contractor,Australia,FL,Software_Engineer,8566,exempt,False,Engineering,False
EMP-00604,Ryan Burns,2021-11-08,expatriate,Singapore,FL,Operations_Staff,4187,non_exempt,True,Finance,False
EMP-00605,Philip Carter,2022-10-25,expatriate,US,TX,Software_Engineer,8123,exempt,False,Operations,False
EMP-00606,Carol Ellis,2025-02-25,part_time,France,FL,Data_Analyst,6129,non_exempt,True,Engineering,False
EMP-00607,Krista Wilson,2022-01-05,full_time,Australia,FL,Operations_Staff,4542,non_exempt,True,HR,False
EMP-00608,Samantha Richardson,2025-07-22,contractor,India,NY,Finance_Analyst,7389,exempt,False,Operations,False
EMP-00609,Nathan Payne,2026-05-23,expatriate,India,WA,Finance_Analyst,7832,exempt,False,Operations,False
EMP-00610,Ronald Potter,2022-12-06,expatriate,UK,UK_national,Software_Engineer,8153,exempt,False,HR,False
EMP-00611,Mrs. Hannah Montoya MD,2026-05-30,full_time,UK,NY,Finance_Analyst,8104,exempt,False,Finance,False
EMP-00612,Cynthia Cochran,2024-05-19,contractor,Australia,WA,Finance_Analyst,7692,exempt,False,Operations,False
EMP-00613,Michael Chen,2022-04-10,expatriate,US,TX,Finance_Analyst,7582,exempt,False,Operations,False
EMP-00614,Daniel Clark,2021-09-27,expatriate,US,UK_national,Data_Analyst,6910,non_exempt,True,Finance,False
EMP-00615,Douglas Ryan,2023-01-22,full_time,Singapore,WA,Data_Analyst,6918,non_exempt,True,Finance,False
EMP-00616,Donna Adams,2025-09-24,contractor,Canada,WA,Software_Engineer,8287,exempt,False,Operations,False
EMP-00617,Miss Anna Estes,2025-05-15,part_time,Germany,WA,Software_Engineer,8997,exempt,False,Operations,False
EMP-00618,Wendy Camacho,2022-01-28,contractor,Australia,NY,HR_Manager,6892,exempt,False,Operations,False
EMP-00619,Danielle Dawson,2025-08-01,expatriate,Singapore,federal,Data_Analyst,6840,non_exempt,True,Engineering,False
EMP-00620,Megan Burns,2024-04-30,part_time,UK,WA,Finance_Analyst,8026,exempt,False,Legal,False
EMP-00621,Jason Hayes,2024-08-11,part_time,US,TX,Operations_Staff,3897,non_exempt,True,HR,False
EMP-00622,Anna Robertson,2022-11-01,part_time,US,DE_national,Software_Engineer,8051,exempt,False,Finance,False
EMP-00623,Jackie Clements,2023-01-29,contractor,India,DE_national,Data_Analyst,6517,non_exempt,True,Operations,False
EMP-00624,Raymond Oconnor,2025-02-04,full_time,France,federal,Software_Engineer,8500,exempt,False,Legal,False
EMP-00625,Matthew Howard,2021-10-04,part_time,Singapore,federal,Operations_Staff,4052,non_exempt,True,HR,False
EMP-00626,Claudia Jordan,2022-07-02,full_time,Canada,CA,HR_Manager,7095,exempt,False,Engineering,False
EMP-00627,Ronald Morgan,2024-05-01,part_time,France,FL,Data_Analyst,6693,non_exempt,True,HR,False
EMP-00628,Karina Cooper,2024-11-08,expatriate,US,CA,HR_Manager,7185,exempt,False,HR,False
EMP-00629,Brett Bowers,2023-09-28,full_time,France,WA,Data_Analyst,6622,non_exempt,True,Finance,False
EMP-00630,Scott Alexander,2021-06-12,expatriate,Australia,federal,HR_Manager,7170,exempt,False,Finance,False
EMP-00631,Christina Barker,2022-02-06,expatriate,Canada,UK_national,Data_Analyst,6598,non_exempt,True,Engineering,False
EMP-00632,Caitlin Cantu,2022-10-24,contractor,Canada,WA,Software_Engineer,8700,exempt,False,Engineering,False
EMP-00633,Danielle Watson,2025-12-17,full_time,India,WA,Operations_Staff,4355,non_exempt,True,Finance,False
EMP-00634,James Torres,2024-12-09,contractor,Canada,FL,HR_Manager,6853,exempt,False,Legal,False
EMP-00635,Matthew Padilla,2021-06-12,full_time,Australia,federal,Data_Analyst,6697,non_exempt,True,HR,False
EMP-00636,Casey Perez,2024-11-03,expatriate,Canada,WA,Software_Engineer,8928,exempt,False,Operations,False
EMP-00637,Michael Montoya,2026-05-20,expatriate,US,FL,Operations_Staff,4051,non_exempt,True,HR,False
EMP-00638,Carlos Jones,2023-05-11,expatriate,India,WA,Finance_Analyst,8165,exempt,False,HR,False
EMP-00639,Ashley Edwards,2025-11-05,part_time,Canada,NY,Finance_Analyst,7782,exempt,False,HR,False
EMP-00640,Raymond Mullins,2022-02-09,part_time,India,NY,HR_Manager,6927,exempt,False,Finance,False
EMP-00641,Brenda Moreno MD,2024-09-09,contractor,Australia,federal,Data_Analyst,6380,non_exempt,True,Finance,False
EMP-00642,Nathan Fuller,2022-03-14,contractor,Singapore,NY,Finance_Analyst,7781,exempt,False,Engineering,False
EMP-00643,Michael Heath,2021-11-16,full_time,Singapore,FL,Finance_Analyst,7812,exempt,False,Engineering,False
EMP-00644,Paul Lawrence,2023-05-13,contractor,Australia,CA,Operations_Staff,4591,non_exempt,True,HR,False
EMP-00645,Emily Taylor,2022-10-29,part_time,India,UK_national,Data_Analyst,6583,non_exempt,True,Operations,False
EMP-00646,Juan Greene,2024-06-24,contractor,Germany,NY,Data_Analyst,6499,non_exempt,True,Finance,False
EMP-00647,Melissa Abbott,2024-09-25,contractor,US,CA,Data_Analyst,6462,non_exempt,True,Finance,False
EMP-00648,Joseph Hicks,2025-03-07,part_time,Germany,DE_national,Data_Analyst,6804,non_exempt,True,Engineering,False
EMP-00649,Anthony Hurst,2026-03-20,expatriate,Australia,UK_national,Data_Analyst,6439,non_exempt,True,Operations,False
EMP-00650,Brian Porter MD,2024-01-31,full_time,US,FL,Operations_Staff,4448,non_exempt,True,Finance,False
EMP-00651,Victoria Peck,2022-02-07,contractor,France,CA,Software_Engineer,8692,exempt,False,Engineering,False
EMP-00652,Laura Diaz,2024-11-09,part_time,India,WA,Data_Analyst,6132,non_exempt,True,Engineering,False
EMP-00653,Tiffany Townsend,2021-07-11,contractor,Germany,NY,Operations_Staff,4543,non_exempt,True,Engineering,False
EMP-00654,Dennis Williams,2021-09-29,contractor,Singapore,federal,HR_Manager,7144,exempt,False,HR,False
EMP-00655,Katie Fuller,2023-12-12,expatriate,India,FL,HR_Manager,6868,exempt,False,Operations,False
EMP-00656,Michael Miller,2024-02-15,part_time,France,TX,Software_Engineer,8216,exempt,False,Engineering,False
EMP-00657,Diamond Collins,2023-12-31,part_time,UK,federal,Finance_Analyst,8028,exempt,False,Engineering,False
EMP-00658,Robert Herrera,2023-05-25,contractor,US,CA,Operations_Staff,4377,non_exempt,True,Engineering,False
EMP-00659,Sandra Becker,2021-10-09,full_time,UK,UK_national,Software_Engineer,8454,exempt,False,Operations,False
EMP-00660,Monica Mathis,2021-09-24,contractor,Singapore,TX,Software_Engineer,8210,exempt,False,Engineering,False
EMP-00661,Jeffrey Chavez,2024-06-26,expatriate,UK,WA,HR_Manager,7337,exempt,False,Legal,False
EMP-00662,Patrick Yang,2022-01-15,expatriate,UK,NY,Data_Analyst,6289,non_exempt,True,Engineering,False
EMP-00663,Meredith Martin,2026-03-17,expatriate,France,FL,Software_Engineer,8796,exempt,False,Finance,False
EMP-00664,Rachel Le,2022-04-11,part_time,India,UK_national,Finance_Analyst,7602,exempt,False,HR,False
EMP-00665,Richard Adams,2025-11-15,expatriate,France,DE_national,Software_Engineer,8338,exempt,False,HR,False
EMP-00666,Alyssa Roman,2022-10-20,full_time,UK,NY,Software_Engineer,8855,exempt,False,Legal,False
EMP-00667,Michael Ray,2021-10-29,part_time,UK,NY,Operations_Staff,4440,non_exempt,True,Engineering,False
EMP-00668,Ian Porter,2024-04-11,part_time,Singapore,WA,HR_Manager,6970,exempt,False,Operations,False
EMP-00669,David Garcia,2024-04-23,full_time,Germany,CA,Software_Engineer,8872,exempt,False,Finance,False
EMP-00670,Crystal Hicks,2021-08-30,contractor,Australia,NY,HR_Manager,6797,exempt,False,Engineering,False
EMP-00671,Dana Ruiz,2023-05-11,part_time,Germany,federal,Software_Engineer,8366,exempt,False,Operations,False
EMP-00672,Timothy Mathews,2024-03-16,contractor,UK,federal,Finance_Analyst,8134,exempt,False,Finance,False
EMP-00673,Natalie Barnes,2023-01-19,full_time,Australia,UK_national,Data_Analyst,6985,non_exempt,True,Operations,False
EMP-00674,Nathan Nelson,2021-10-31,expatriate,Singapore,UK_national,HR_Manager,7364,exempt,False,HR,False
EMP-00675,Jonathan Winters,2022-05-04,part_time,US,TX,Software_Engineer,8106,exempt,False,Operations,False
EMP-00676,Vicki Finley,2021-10-14,expatriate,Singapore,TX,Finance_Analyst,7925,exempt,False,Operations,False
EMP-00677,Douglas Kirk,2023-01-29,full_time,Germany,DE_national,HR_Manager,7642,exempt,False,Operations,False
EMP-00678,Aimee Gonzalez,2024-04-05,expatriate,Singapore,CA,Software_Engineer,8064,exempt,False,Finance,False
EMP-00679,Marcus Marshall,2024-05-26,full_time,France,federal,HR_Manager,7231,exempt,False,Legal,False
EMP-00680,Raymond Gonzalez DVM,2025-03-30,full_time,Australia,FL,Finance_Analyst,7793,exempt,False,Finance,False
EMP-00681,Aaron Ortiz,2022-08-10,part_time,US,CA,Operations_Staff,4358,non_exempt,True,HR,False
EMP-00682,Ryan Wiley,2026-03-13,expatriate,Singapore,TX,Finance_Analyst,7376,exempt,False,Operations,False
EMP-00683,Matthew Sweeney,2025-01-28,part_time,India,WA,HR_Manager,6751,exempt,False,Legal,False
EMP-00684,Joseph Allen,2023-11-26,expatriate,Australia,FL,Data_Analyst,6080,non_exempt,True,Operations,False
EMP-00685,Zachary Dawson,2021-11-27,expatriate,UK,DE_national,Operations_Staff,4157,non_exempt,True,Finance,False
EMP-00686,Stephanie Meyer,2024-12-11,expatriate,US,NY,Software_Engineer,8413,exempt,False,Operations,False
EMP-00687,William Miller,2021-12-02,full_time,UK,WA,Software_Engineer,8911,exempt,False,Legal,False
EMP-00688,Robert Jones,2024-04-12,part_time,Singapore,federal,Finance_Analyst,7672,exempt,False,Engineering,False
EMP-00689,Victor Young,2022-09-30,expatriate,India,DE_national,Data_Analyst,6733,non_exempt,True,Finance,False
EMP-00690,Robert Haynes,2025-02-12,full_time,UK,FL,Operations_Staff,3702,non_exempt,True,Finance,False
EMP-00691,Dillon Jones,2022-06-16,contractor,India,NY,HR_Manager,6746,exempt,False,HR,False
EMP-00692,Lauren Moore,2022-04-07,part_time,Australia,NY,Operations_Staff,3960,non_exempt,True,Legal,False
EMP-00693,Jason Herrera,2026-04-07,part_time,UK,UK_national,Data_Analyst,6220,non_exempt,True,Operations,False
EMP-00694,Eric Baker,2022-01-15,contractor,UK,UK_national,Data_Analyst,6047,non_exempt,True,Legal,False
EMP-00695,Michael Mckenzie,2024-12-04,expatriate,Singapore,TX,Software_Engineer,8986,exempt,False,Operations,False
EMP-00696,Russell Murphy,2021-11-24,full_time,Australia,DE_national,Software_Engineer,8946,exempt,False,Legal,False
EMP-00697,Henry Palmer,2024-10-29,part_time,Germany,NY,Data_Analyst,6396,non_exempt,True,Legal,False
EMP-00698,William Johnson,2023-06-19,contractor,Australia,UK_national,Finance_Analyst,7923,exempt,False,HR,False
EMP-00699,Paul Wright,2023-10-02,expatriate,India,WA,HR_Manager,7163,exempt,False,HR,False
EMP-00700,Brenda Smith,2025-08-05,expatriate,Canada,federal,Data_Analyst,6728,non_exempt,True,Legal,False
EMP-00701,Mrs. Samantha Watson,2024-08-04,part_time,France,WA,Data_Analyst,6703,non_exempt,True,Finance,False
EMP-00702,Lauren Green,2025-07-04,part_time,India,NY,Data_Analyst,6779,non_exempt,True,Finance,False
EMP-00703,Austin Orr,2023-08-29,expatriate,Australia,WA,Finance_Analyst,8198,exempt,False,Operations,False
EMP-00704,Taylor Calderon,2023-02-06,full_time,US,UK_national,Software_Engineer,8148,exempt,False,Engineering,False
EMP-00705,Joel Jackson,2024-04-23,part_time,Canada,TX,Software_Engineer,8293,exempt,False,Finance,False
EMP-00706,Jennifer Johnson,2024-11-09,full_time,Canada,FL,Data_Analyst,6771,non_exempt,True,Legal,False
EMP-00707,Daniel Lopez,2022-11-04,contractor,Singapore,NY,Software_Engineer,8630,exempt,False,Legal,False
EMP-00708,Amanda Harvey,2022-09-02,expatriate,France,WA,Data_Analyst,6709,non_exempt,True,Engineering,False
EMP-00709,Jason Pierce,2021-09-30,expatriate,Australia,federal,Operations_Staff,4689,non_exempt,True,Legal,False
EMP-00710,Chad Gonzalez,2025-11-12,full_time,Canada,FL,Software_Engineer,8635,exempt,False,Operations,False
EMP-00711,Lydia Pham,2025-06-01,contractor,France,FL,Data_Analyst,6301,non_exempt,True,Operations,False
EMP-00712,Rachael Howard DDS,2023-11-13,full_time,Germany,TX,Data_Analyst,6752,non_exempt,True,Legal,False
EMP-00713,Kathryn Price,2022-05-05,expatriate,US,UK_national,Software_Engineer,8285,exempt,False,Legal,False
EMP-00714,Daniel Huang,2025-05-02,part_time,Germany,WA,HR_Manager,6705,exempt,False,Finance,False
EMP-00715,William Moreno,2025-04-11,part_time,US,TX,Operations_Staff,4650,non_exempt,True,Finance,False
EMP-00716,Dr. Ariel Sandoval MD,2025-07-10,full_time,Canada,DE_national,Finance_Analyst,8108,exempt,False,Legal,False
EMP-00717,Amy Davies,2022-07-16,contractor,UK,federal,Finance_Analyst,7838,exempt,False,HR,False
EMP-00718,Rebecca Kelly,2025-08-21,full_time,Germany,UK_national,Data_Analyst,6556,non_exempt,True,Legal,False
EMP-00719,Casey Watkins,2025-06-22,full_time,India,FL,Operations_Staff,4604,non_exempt,True,HR,False
EMP-00720,Suzanne Johnson,2024-12-11,contractor,India,WA,HR_Manager,6923,exempt,False,Legal,False
EMP-00721,Kristy Hart,2022-05-20,expatriate,US,NY,Finance_Analyst,7984,exempt,False,Finance,False
EMP-00722,Sierra Vasquez MD,2023-11-23,part_time,France,CA,Operations_Staff,4398,non_exempt,True,Finance,False
EMP-00723,David Robinson,2024-01-28,full_time,Australia,WA,Operations_Staff,4253,non_exempt,True,Finance,False
EMP-00724,Thomas Harris,2022-02-04,contractor,Singapore,DE_national,Software_Engineer,8044,exempt,False,Finance,False
EMP-00725,Tamara Richard,2023-01-22,contractor,UK,NY,Data_Analyst,6171,non_exempt,True,Legal,False
EMP-00726,Kevin Stark,2025-04-24,full_time,UK,FL,Finance_Analyst,7986,exempt,False,HR,False
EMP-00727,Shannon Yu,2023-04-24,full_time,France,UK_national,Operations_Staff,4362,non_exempt,True,Engineering,False
EMP-00728,Jennifer Garcia,2022-12-14,full_time,Singapore,federal,Data_Analyst,6038,non_exempt,True,Engineering,False
EMP-00729,Christopher Fry,2025-05-26,full_time,Germany,WA,Software_Engineer,8571,exempt,False,Engineering,False
EMP-00730,Marie Thompson,2026-04-14,part_time,Canada,UK_national,Finance_Analyst,7697,exempt,False,Operations,False
EMP-00731,Tanya Buchanan,2022-07-23,expatriate,India,CA,Operations_Staff,4098,non_exempt,True,Engineering,False
EMP-00732,Casey Parker,2024-11-19,full_time,UK,CA,Finance_Analyst,8017,exempt,False,Engineering,False
EMP-00733,Nicholas Rush,2026-03-09,full_time,Canada,WA,HR_Manager,7321,exempt,False,Engineering,False
EMP-00734,Zachary Sanford,2021-08-09,expatriate,Australia,UK_national,HR_Manager,7541,exempt,False,Engineering,False
EMP-00735,Tammy Ponce,2022-07-19,part_time,France,TX,Operations_Staff,4464,non_exempt,True,Operations,False
EMP-00736,Taylor Taylor,2025-03-02,contractor,Germany,WA,Finance_Analyst,7993,exempt,False,Finance,False
EMP-00737,William Jackson,2025-11-13,part_time,UK,CA,Software_Engineer,8005,exempt,False,Legal,False
EMP-00738,Michael Fowler,2025-11-16,expatriate,UK,WA,Finance_Analyst,7515,exempt,False,Finance,False
EMP-00739,Derek Wright,2021-10-12,expatriate,Germany,TX,Data_Analyst,6188,non_exempt,True,HR,False
EMP-00740,Brian Smith,2023-05-16,contractor,France,NY,Finance_Analyst,7485,exempt,False,Legal,False
EMP-00741,Tracy Wilkerson,2023-11-28,expatriate,UK,WA,Software_Engineer,8687,exempt,False,Engineering,False
EMP-00742,Joshua Garcia,2023-11-03,full_time,France,DE_national,HR_Manager,7674,exempt,False,Finance,False
EMP-00743,Marilyn Mcdaniel,2022-04-04,part_time,France,NY,HR_Manager,6991,exempt,False,Legal,False
EMP-00744,Ryan Phillips,2023-01-13,part_time,India,DE_national,Software_Engineer,8461,exempt,False,Finance,False
EMP-00745,Angela Jackson,2023-04-27,contractor,Germany,federal,Finance_Analyst,8127,exempt,False,Finance,False
EMP-00746,Kimberly Villanueva,2021-11-28,part_time,US,federal,Operations_Staff,3952,non_exempt,True,HR,False
EMP-00747,Lisa Webb,2021-08-06,contractor,India,TX,Operations_Staff,4395,non_exempt,True,Finance,False
EMP-00748,Carmen Preston,2022-03-24,expatriate,Singapore,federal,Operations_Staff,4493,non_exempt,True,Finance,False
EMP-00749,Daniel Lee,2024-12-05,full_time,Germany,NY,Operations_Staff,4561,non_exempt,True,Finance,False
EMP-00750,Monica Baker,2022-11-07,part_time,Canada,NY,Data_Analyst,6744,non_exempt,True,Engineering,False
EMP-00751,Anthony Armstrong,2025-08-22,full_time,Australia,FL,Software_Engineer,8928,exempt,False,Engineering,False
EMP-00752,Isaac Patterson,2022-11-30,contractor,Singapore,TX,Finance_Analyst,7674,exempt,False,Operations,False
EMP-00753,Lindsay Gonzalez,2021-07-27,contractor,Germany,DE_national,Data_Analyst,6513,non_exempt,True,Legal,False
EMP-00754,Edgar Miller,2025-08-29,expatriate,India,CA,Software_Engineer,8678,exempt,False,HR,False
EMP-00755,James Burns,2024-09-30,part_time,Germany,DE_national,Finance_Analyst,7463,exempt,False,HR,False
EMP-00756,Joshua Lopez,2025-11-13,part_time,Singapore,federal,Finance_Analyst,7341,exempt,False,HR,False
EMP-00757,Jeremy Baker,2023-10-08,part_time,UK,WA,Operations_Staff,4078,non_exempt,True,HR,True
EMP-00758,Derrick Brown,2025-03-15,part_time,India,UK_national,Software_Engineer,8480,exempt,False,Operations,False
EMP-00759,Angelica Cooper,2024-02-24,full_time,India,NY,Software_Engineer,8720,exempt,False,Legal,False
EMP-00760,Leah Spencer,2025-08-24,contractor,Germany,UK_national,HR_Manager,7369,exempt,False,Operations,False
EMP-00761,Jennifer Nichols,2025-10-10,full_time,Canada,UK_national,HR_Manager,7696,exempt,False,HR,False
EMP-00762,Stephen Alvarez,2021-11-02,expatriate,India,federal,Finance_Analyst,7798,exempt,False,Operations,False
EMP-00763,Michelle Shaw,2025-12-11,full_time,Germany,DE_national,Finance_Analyst,7469,exempt,False,HR,False
EMP-00764,Megan Oliver,2022-01-16,contractor,France,TX,Software_Engineer,8191,exempt,False,HR,False
EMP-00765,Carrie Joyce,2026-04-21,full_time,France,UK_national,HR_Manager,7530,exempt,False,Finance,False
EMP-00766,Beth Henderson,2026-05-20,expatriate,Singapore,DE_national,Software_Engineer,8215,exempt,False,Legal,False
EMP-00767,Zachary Burton,2025-08-12,expatriate,US,FL,Data_Analyst,6044,non_exempt,True,HR,False
EMP-00768,Thomas Sloan,2021-10-11,part_time,Germany,CA,Finance_Analyst,8212,exempt,False,Legal,False
EMP-00769,James Nguyen,2022-10-28,full_time,Germany,WA,Data_Analyst,6944,non_exempt,True,HR,False
EMP-00770,Shane Buchanan,2024-07-22,expatriate,US,WA,Finance_Analyst,8269,exempt,False,Engineering,False
EMP-00771,Jennifer Perry,2022-03-08,expatriate,Singapore,DE_national,Data_Analyst,6174,non_exempt,True,HR,False
EMP-00772,Olivia Ayers,2026-01-24,part_time,Germany,WA,Operations_Staff,3871,non_exempt,True,Finance,True
EMP-00773,Ashlee Mitchell,2024-02-14,full_time,France,UK_national,Operations_Staff,4094,non_exempt,True,HR,False
EMP-00774,Jason Reyes,2023-11-14,full_time,France,UK_national,Software_Engineer,8846,exempt,False,HR,False
EMP-00775,Amanda Hill,2022-02-28,full_time,Germany,DE_national,Finance_Analyst,8223,exempt,False,Legal,False
EMP-00776,Melissa Williams,2025-11-21,full_time,UK,NY,Finance_Analyst,7793,exempt,False,HR,False
EMP-00777,David Reese,2026-01-17,full_time,Australia,UK_national,Finance_Analyst,7679,exempt,False,Engineering,False
EMP-00778,Alicia Roth,2022-12-16,expatriate,France,DE_national,Finance_Analyst,8108,exempt,False,Operations,False
EMP-00779,John Horton,2021-12-07,full_time,Australia,TX,HR_Manager,6960,exempt,False,Operations,False
EMP-00780,Brandy Mccann,2023-08-29,full_time,Canada,UK_national,Data_Analyst,6263,non_exempt,True,HR,False
EMP-00781,Debra Butler,2024-09-01,full_time,UK,CA,Software_Engineer,8384,exempt,False,HR,False
EMP-00782,Daniel Holloway,2025-02-22,expatriate,India,NY,HR_Manager,6858,exempt,False,Operations,False
EMP-00783,Sharon Nicholson,2024-01-07,contractor,Canada,UK_national,Finance_Analyst,7878,exempt,False,Finance,False
EMP-00784,Eric Hunter,2022-02-13,contractor,Australia,FL,Finance_Analyst,7723,exempt,False,Legal,False
EMP-00785,Sherry Johnson,2022-05-28,expatriate,Germany,federal,Finance_Analyst,7872,exempt,False,Legal,False
EMP-00786,Sara Wright,2023-09-22,contractor,Canada,federal,Operations_Staff,4492,non_exempt,True,Operations,False
EMP-00787,Michele Hill,2025-07-23,full_time,France,DE_national,Data_Analyst,6801,non_exempt,True,HR,False
EMP-00788,Madison Martinez,2021-08-05,part_time,Australia,federal,Software_Engineer,8820,exempt,False,Legal,False
EMP-00789,Kirk Thompson,2025-10-17,full_time,Germany,UK_national,Finance_Analyst,8287,exempt,False,Engineering,False
EMP-00790,Hannah Martin,2025-11-30,part_time,Singapore,UK_national,Software_Engineer,8090,exempt,False,Engineering,False
EMP-00791,Melissa Mitchell,2023-05-17,part_time,India,NY,HR_Manager,7323,exempt,False,Engineering,False
EMP-00792,Kenneth Hanna,2025-09-23,expatriate,Canada,CA,Operations_Staff,4668,non_exempt,True,HR,False
EMP-00793,Megan Adams,2023-06-28,expatriate,US,FL,Operations_Staff,4570,non_exempt,True,Legal,False
EMP-00794,Richard Saunders,2021-06-27,part_time,US,FL,HR_Manager,7329,exempt,False,HR,False
EMP-00795,Maria Burke,2021-06-26,contractor,France,CA,Software_Engineer,8999,exempt,False,HR,False
EMP-00796,Robert Torres,2026-04-11,contractor,Australia,federal,Software_Engineer,8685,exempt,False,Operations,False
EMP-00797,Jessica Bennett,2023-03-09,part_time,US,NY,Operations_Staff,4641,non_exempt,True,Engineering,False
EMP-00798,John Byrd,2025-07-25,contractor,India,federal,Finance_Analyst,8286,exempt,False,Finance,False
EMP-00799,Brian Hunt,2024-10-02,part_time,Singapore,UK_national,Data_Analyst,6588,non_exempt,True,Engineering,False
EMP-00800,Jacqueline Holland,2024-06-27,part_time,Australia,NY,HR_Manager,7272,exempt,False,Engineering,False
EMP-00801,Brian Brown,2026-05-20,contractor,India,NY,Finance_Analyst,8122,exempt,False,Legal,False
EMP-00802,Shannon Green,2024-12-30,contractor,Singapore,UK_national,HR_Manager,7276,exempt,False,Operations,False
EMP-00803,Elizabeth Hernandez,2025-04-08,contractor,Singapore,DE_national,Data_Analyst,6918,non_exempt,True,Legal,False
EMP-00804,Renee Lang,2024-06-10,expatriate,UK,WA,Software_Engineer,8069,exempt,False,Operations,False
EMP-00805,Melanie Griffith,2024-09-19,part_time,India,UK_national,Data_Analyst,6978,non_exempt,True,Finance,False
EMP-00806,Deanna Barnes MD,2021-08-14,full_time,Canada,FL,Finance_Analyst,7594,exempt,False,Engineering,False
EMP-00807,Laura Lee,2025-01-27,contractor,UK,TX,Operations_Staff,4187,non_exempt,True,Finance,False
EMP-00808,Joseph Glover,2025-12-22,part_time,Canada,TX,HR_Manager,7669,exempt,False,HR,False
EMP-00809,Katie Bruce,2025-08-24,part_time,France,FL,Operations_Staff,4593,non_exempt,True,Finance,False
EMP-00810,Catherine Davis,2022-01-30,part_time,France,FL,Data_Analyst,6856,non_exempt,True,Legal,False
EMP-00811,Robert Hines,2022-05-11,part_time,UK,NY,HR_Manager,7642,exempt,False,Engineering,False
EMP-00812,Gabriela Davis,2023-03-21,full_time,US,DE_national,Operations_Staff,4080,non_exempt,True,Legal,False
EMP-00813,Elizabeth French,2023-02-05,expatriate,Canada,DE_national,HR_Manager,6887,exempt,False,Legal,False
EMP-00814,Edward York,2023-10-18,expatriate,France,TX,HR_Manager,6755,exempt,False,Legal,False
EMP-00815,Lauren Blackburn,2021-10-19,expatriate,US,federal,Operations_Staff,4103,non_exempt,True,HR,False
EMP-00816,Kathryn Dillon,2023-05-08,full_time,Singapore,federal,Operations_Staff,4405,non_exempt,True,Engineering,False
EMP-00817,Anthony Dickerson,2022-02-16,part_time,Australia,NY,Software_Engineer,8333,exempt,False,Finance,False
EMP-00818,Jason Hudson,2025-12-22,contractor,Germany,WA,Finance_Analyst,7542,exempt,False,Finance,False
EMP-00819,Eugene Baldwin,2025-05-03,contractor,India,TX,Operations_Staff,4210,non_exempt,True,Operations,False
EMP-00820,Mr. Christopher Walters,2021-06-19,expatriate,India,federal,Data_Analyst,6874,non_exempt,True,Operations,False
EMP-00821,Philip Jackson,2025-04-06,expatriate,Germany,TX,HR_Manager,7289,exempt,False,HR,False
EMP-00822,Phillip Miller DDS,2024-08-10,contractor,France,UK_national,Software_Engineer,8876,exempt,False,Operations,False
EMP-00823,Vincent Reyes,2021-08-18,part_time,Germany,DE_national,Data_Analyst,6825,non_exempt,True,Engineering,False
EMP-00824,Jake Smith,2023-01-20,expatriate,Singapore,TX,Data_Analyst,6914,non_exempt,True,Legal,False
EMP-00825,Cheryl Rhodes,2024-07-29,contractor,Singapore,WA,Finance_Analyst,7556,exempt,False,Legal,False
EMP-00826,Michael Cooper,2022-02-01,full_time,Australia,NY,Finance_Analyst,8007,exempt,False,HR,False
EMP-00827,Kevin Jackson,2025-07-24,part_time,Canada,DE_national,Software_Engineer,8859,exempt,False,Engineering,False
EMP-00828,Earl Luna,2024-06-03,contractor,Canada,federal,Operations_Staff,4068,non_exempt,True,Legal,False
EMP-00829,Stephen Cowan,2023-02-26,contractor,India,CA,Finance_Analyst,7721,exempt,False,Engineering,False
EMP-00830,Heather Lopez,2026-03-08,part_time,Germany,WA,HR_Manager,7063,exempt,False,Finance,False
EMP-00831,Jennifer Perez,2025-01-28,expatriate,Singapore,NY,Finance_Analyst,7690,exempt,False,Legal,False
EMP-00832,Nicholas Lawrence,2022-04-15,expatriate,Germany,TX,HR_Manager,7355,exempt,False,Finance,False
EMP-00833,Matthew Johnson,2025-10-28,expatriate,UK,NY,Operations_Staff,3865,non_exempt,True,Finance,False
EMP-00834,Joseph Williams,2026-06-01,contractor,India,WA,Data_Analyst,6727,non_exempt,True,Finance,False
EMP-00835,Martha Smith,2024-11-21,expatriate,Canada,DE_national,Finance_Analyst,8099,exempt,False,Finance,False
EMP-00836,James Kelley,2023-10-25,expatriate,Australia,TX,Finance_Analyst,7488,exempt,False,Engineering,False
EMP-00837,Michael Mccoy,2022-12-12,part_time,Canada,NY,Data_Analyst,6215,non_exempt,True,HR,False
EMP-00838,Mary Nelson,2024-06-20,full_time,UK,NY,Operations_Staff,4659,non_exempt,True,Operations,False
EMP-00839,Ronald Garcia,2025-01-13,full_time,US,UK_national,Finance_Analyst,7836,exempt,False,Engineering,False
EMP-00840,Brian Rodriguez,2022-06-08,contractor,Germany,NY,Software_Engineer,8670,exempt,False,Operations,False
EMP-00841,Dennis Mills,2022-06-14,part_time,France,WA,HR_Manager,7153,exempt,False,HR,False
EMP-00842,Elizabeth Williams,2023-12-04,part_time,US,CA,Data_Analyst,6679,non_exempt,True,Finance,False
EMP-00843,Timothy Rivera,2021-06-15,expatriate,Singapore,WA,HR_Manager,7261,exempt,False,Operations,False
EMP-00844,Susan Conley,2024-10-14,part_time,Singapore,UK_national,Data_Analyst,6536,non_exempt,True,Legal,False
EMP-00845,Brandon Hunt,2025-01-22,contractor,Singapore,FL,HR_Manager,7524,exempt,False,Engineering,False
EMP-00846,David Hall,2026-05-21,contractor,India,UK_national,Operations_Staff,3966,non_exempt,True,HR,False
EMP-00847,John Garcia,2022-04-26,full_time,US,TX,HR_Manager,7052,exempt,False,Finance,False
EMP-00848,Dylan Solis,2023-01-03,full_time,Singapore,DE_national,Operations_Staff,4006,non_exempt,True,Engineering,False
EMP-00849,Anna Chang,2021-09-02,contractor,France,CA,Operations_Staff,4261,non_exempt,True,Finance,False
EMP-00850,Mary Jackson,2023-03-25,expatriate,Australia,UK_national,Data_Analyst,6255,non_exempt,True,HR,False
EMP-00851,Marco Johns,2021-11-27,expatriate,France,WA,Operations_Staff,3781,non_exempt,True,Operations,False
EMP-00852,Catherine Morales,2026-04-03,contractor,Canada,WA,Data_Analyst,6422,non_exempt,True,HR,False
EMP-00853,James Jefferson,2025-06-10,part_time,Germany,WA,Software_Engineer,8113,exempt,False,Operations,False
EMP-00854,Rebecca Wilson,2024-12-03,expatriate,Canada,DE_national,Finance_Analyst,7492,exempt,False,Finance,False
EMP-00855,Tommy Moore,2023-07-10,part_time,US,CA,Software_Engineer,8190,exempt,False,Engineering,False
EMP-00856,Rebekah Gregory,2022-05-07,contractor,Germany,DE_national,HR_Manager,7444,exempt,False,Engineering,False
EMP-00857,Ian Johnson,2024-11-11,full_time,Germany,CA,Data_Analyst,6505,non_exempt,True,HR,False
EMP-00858,Valerie Anderson,2026-01-16,expatriate,Canada,DE_national,HR_Manager,7080,exempt,False,Operations,False
EMP-00859,Jason Williams,2022-10-01,contractor,UK,TX,Software_Engineer,8057,exempt,False,Finance,False
EMP-00860,Michael Gregory,2025-04-12,full_time,Singapore,TX,Operations_Staff,3896,non_exempt,True,Finance,False
EMP-00861,Krystal Levine,2024-10-16,full_time,UK,FL,Operations_Staff,4094,non_exempt,True,Operations,False
EMP-00862,Joseph Haynes,2021-12-01,full_time,France,DE_national,Data_Analyst,6752,non_exempt,True,Engineering,False
EMP-00863,Danielle Reed,2024-10-27,part_time,Singapore,UK_national,Finance_Analyst,7997,exempt,False,Finance,False
EMP-00864,Ryan Grant,2026-05-19,part_time,US,NY,HR_Manager,6959,exempt,False,Operations,False
EMP-00865,Mason Moore,2025-09-07,part_time,India,CA,HR_Manager,7584,exempt,False,HR,False
EMP-00866,Sheila Jones,2023-11-25,part_time,Australia,federal,Software_Engineer,8015,exempt,False,HR,False
EMP-00867,Wayne Williams,2022-07-22,full_time,Australia,FL,HR_Manager,6709,exempt,False,Engineering,False
EMP-00868,Jennifer Young,2023-09-27,expatriate,Germany,federal,Finance_Analyst,8089,exempt,False,Engineering,False
EMP-00869,Joan Gates,2023-09-05,part_time,Singapore,NY,Data_Analyst,6702,non_exempt,True,Legal,False
EMP-00870,Jonathan Valdez,2021-12-15,full_time,US,federal,HR_Manager,7360,exempt,False,HR,False
EMP-00871,Justin Smith,2021-11-23,full_time,Germany,DE_national,Finance_Analyst,7538,exempt,False,Finance,False
EMP-00872,Lisa Torres,2023-12-26,contractor,Singapore,FL,Finance_Analyst,7321,exempt,False,Operations,False
EMP-00873,Michael Clements,2023-04-05,part_time,Canada,CA,HR_Manager,7196,exempt,False,Operations,False
EMP-00874,Daniel Gibson,2024-03-29,contractor,Singapore,FL,Finance_Analyst,7880,exempt,False,HR,False
EMP-00875,Kara Sandoval,2025-01-08,contractor,India,DE_national,Finance_Analyst,7581,exempt,False,Legal,False
EMP-00876,Peter Walker,2023-02-24,part_time,UK,TX,Finance_Analyst,7760,exempt,False,Finance,False
EMP-00877,Tracey Carter,2024-01-20,contractor,Singapore,CA,HR_Manager,7494,exempt,False,Legal,False
EMP-00878,Amber Martin,2022-02-22,part_time,US,federal,Operations_Staff,4494,non_exempt,True,Legal,False
EMP-00879,Mikayla Rodriguez,2024-06-30,contractor,UK,UK_national,Data_Analyst,6194,non_exempt,True,Legal,False
EMP-00880,Timothy Long,2023-09-23,part_time,Canada,federal,Operations_Staff,4119,non_exempt,True,Finance,False
EMP-00881,Michelle Rodriguez,2023-07-07,full_time,UK,CA,Software_Engineer,8855,exempt,False,HR,False
EMP-00882,Sara Chapman,2025-04-20,full_time,France,NY,Data_Analyst,6497,non_exempt,True,HR,False
EMP-00883,Matthew Blanchard,2022-02-11,full_time,Australia,DE_national,Software_Engineer,8538,exempt,False,Legal,False
EMP-00884,Mr. Anthony Mcconnell PhD,2023-11-09,contractor,US,federal,Finance_Analyst,7526,exempt,False,Legal,False
EMP-00885,Tammy Thompson,2024-05-02,full_time,France,DE_national,Software_Engineer,8950,exempt,False,Engineering,False
EMP-00886,Betty Hughes,2024-06-11,full_time,India,UK_national,Operations_Staff,4541,non_exempt,True,Finance,False
EMP-00887,Kathy Cruz,2026-05-04,contractor,US,NY,Software_Engineer,8854,exempt,False,Finance,False
EMP-00888,Pamela Hill,2026-04-05,part_time,UK,NY,Software_Engineer,8742,exempt,False,HR,False
EMP-00889,Jodi Anderson,2023-07-04,expatriate,France,FL,Finance_Analyst,7838,exempt,False,HR,False
EMP-00890,Nicole Evans,2024-12-12,part_time,Australia,NY,Finance_Analyst,8084,exempt,False,Legal,False
EMP-00891,Michelle Walls,2024-08-09,expatriate,Australia,NY,HR_Manager,6870,exempt,False,HR,False
EMP-00892,Marcus Roberts,2023-03-03,expatriate,India,TX,Finance_Analyst,7846,exempt,False,Legal,False
EMP-00893,Vicki Santos,2026-03-26,contractor,India,federal,Operations_Staff,4565,non_exempt,True,Finance,False
EMP-00894,Melissa Morris,2022-01-07,expatriate,India,FL,Operations_Staff,4276,non_exempt,True,Legal,False
EMP-00895,John Duncan,2024-10-11,expatriate,Canada,federal,Data_Analyst,6984,non_exempt,True,Operations,False
EMP-00896,Paul Skinner,2022-11-15,expatriate,US,CA,Operations_Staff,3991,non_exempt,True,Legal,False
EMP-00897,Rhonda Mills,2021-07-27,part_time,Canada,CA,Software_Engineer,8307,exempt,False,HR,False
EMP-00898,Michael Gonzalez,2025-03-11,contractor,US,WA,Data_Analyst,6941,non_exempt,True,Legal,False
EMP-00899,Dustin King,2025-08-21,part_time,UK,CA,Finance_Analyst,7771,exempt,False,Finance,False
EMP-00900,Elizabeth Molina,2021-08-08,part_time,Canada,federal,Data_Analyst,6910,non_exempt,True,Legal,False
EMP-00901,Ashley Parrish,2025-02-20,part_time,Canada,WA,Data_Analyst,6094,non_exempt,True,Legal,False
EMP-00902,Natalie Hoffman,2022-08-18,part_time,UK,federal,Operations_Staff,4511,non_exempt,True,Operations,False
EMP-00903,Rebecca Roberts,2024-10-06,expatriate,UK,WA,Data_Analyst,6038,non_exempt,True,Legal,False
EMP-00904,Jasmine Frye,2026-04-27,full_time,US,federal,Operations_Staff,4056,non_exempt,True,Operations,False
EMP-00905,Juan Smith,2022-09-12,full_time,France,CA,Operations_Staff,4349,non_exempt,True,Operations,False
EMP-00906,Priscilla Berg,2025-08-04,contractor,US,federal,Software_Engineer,8552,exempt,False,Legal,False
EMP-00907,Michele Holland,2025-03-20,contractor,France,TX,Data_Analyst,6051,non_exempt,True,Operations,False
EMP-00908,Lindsey Parsons,2026-04-06,full_time,France,UK_national,Operations_Staff,3996,non_exempt,True,Operations,False
EMP-00909,Christopher Fleming,2022-05-18,part_time,India,NY,Data_Analyst,6487,non_exempt,True,Legal,False
EMP-00910,Jose Bennett,2023-08-02,expatriate,Canada,NY,Software_Engineer,8408,exempt,False,Legal,False
EMP-00911,Beverly Silva,2022-09-19,part_time,Germany,DE_national,Operations_Staff,4272,non_exempt,True,HR,False
EMP-00912,Michael Moore,2022-03-18,expatriate,France,FL,Operations_Staff,3948,non_exempt,True,Engineering,False
EMP-00913,Anthony Randolph,2024-07-09,expatriate,India,NY,HR_Manager,6815,exempt,False,Operations,False
EMP-00914,Katherine Armstrong,2023-03-26,contractor,India,FL,Operations_Staff,4028,non_exempt,True,Finance,False
EMP-00915,Emily Robinson,2022-05-12,full_time,Canada,TX,Finance_Analyst,7658,exempt,False,Legal,False
EMP-00916,Jonathan Perry,2024-02-16,part_time,Singapore,CA,Operations_Staff,4646,non_exempt,True,HR,False
EMP-00917,Daniel Lewis,2023-02-07,contractor,Germany,NY,Data_Analyst,6115,non_exempt,True,Engineering,False
EMP-00918,Daniel Goodwin,2024-02-04,part_time,Canada,CA,Data_Analyst,6351,non_exempt,True,Engineering,False
EMP-00919,Samantha Zavala MD,2024-10-14,expatriate,Singapore,CA,HR_Manager,7039,exempt,False,HR,False
EMP-00920,Tanner Austin,2024-07-19,part_time,France,WA,Finance_Analyst,7861,exempt,False,Operations,False
EMP-00921,Melanie Flores,2026-01-08,part_time,US,UK_national,Finance_Analyst,7896,exempt,False,Legal,False
EMP-00922,Janice Fernandez,2022-11-09,contractor,Germany,CA,Software_Engineer,8290,exempt,False,HR,False
EMP-00923,Samantha Brooks,2025-06-15,contractor,US,DE_national,Finance_Analyst,7970,exempt,False,Engineering,False
EMP-00924,Andrew Villanueva,2022-05-28,expatriate,Canada,federal,Software_Engineer,8885,exempt,False,Engineering,False
EMP-00925,Tiffany Jackson,2026-03-23,contractor,Australia,FL,Software_Engineer,8389,exempt,False,Legal,False
EMP-00926,Adrienne Jones,2024-10-17,contractor,Singapore,NY,Software_Engineer,8190,exempt,False,HR,False
EMP-00927,Sharon Coleman,2021-12-17,expatriate,US,CA,Finance_Analyst,7553,exempt,False,Legal,False
EMP-00928,Michele Cherry,2025-04-26,contractor,Singapore,UK_national,HR_Manager,7462,exempt,False,HR,False
EMP-00929,Teresa Burgess,2022-03-18,contractor,India,federal,Software_Engineer,8640,exempt,False,Finance,False
EMP-00930,Gary Miller,2021-09-18,contractor,US,WA,Data_Analyst,6899,non_exempt,True,Operations,False
EMP-00931,Kristin Andrews,2022-07-31,contractor,France,TX,Software_Engineer,8349,exempt,False,Operations,False
EMP-00932,James Mccoy,2023-08-10,full_time,Australia,FL,Data_Analyst,6427,non_exempt,True,HR,False
EMP-00933,Michael Nichols,2024-08-25,part_time,Australia,WA,Finance_Analyst,8231,exempt,False,Legal,False
EMP-00934,Nicole Richards,2024-12-11,expatriate,Germany,FL,HR_Manager,7368,exempt,False,HR,False
EMP-00935,Timothy Rodriguez,2025-05-17,part_time,Germany,WA,Finance_Analyst,8005,exempt,False,Legal,False
EMP-00936,Brandon Hubbard,2023-08-19,expatriate,Germany,TX,Data_Analyst,6325,non_exempt,True,Engineering,False
EMP-00937,Matthew Wells,2024-02-10,full_time,Germany,federal,Finance_Analyst,8159,exempt,False,HR,False
EMP-00938,James Salinas,2024-03-03,contractor,Australia,UK_national,Software_Engineer,8310,exempt,False,Operations,False
EMP-00939,Brianna Byrd,2026-01-05,part_time,France,NY,HR_Manager,6834,exempt,False,HR,False
EMP-00940,Monica Brooks,2026-03-10,contractor,France,FL,Software_Engineer,8236,exempt,False,Engineering,False
EMP-00941,Kristen Martinez,2021-06-20,full_time,Singapore,TX,HR_Manager,7214,exempt,False,Legal,False
EMP-00942,Kimberly Arroyo,2022-12-19,contractor,Germany,UK_national,Operations_Staff,4203,non_exempt,True,Operations,False
EMP-00943,Stephanie Cooper,2023-07-04,part_time,France,FL,Data_Analyst,6033,non_exempt,True,Operations,False
EMP-00944,Kayla Martin,2022-07-19,contractor,Australia,FL,Software_Engineer,8760,exempt,False,HR,False
EMP-00945,Cheyenne White,2025-06-10,full_time,Germany,DE_national,Data_Analyst,6887,non_exempt,True,Legal,False
EMP-00946,Sarah Randolph,2026-05-31,contractor,Singapore,FL,Operations_Staff,4137,non_exempt,True,Operations,False
EMP-00947,Joshua Roberts,2021-10-12,expatriate,India,UK_national,Software_Engineer,8626,exempt,False,Legal,False
EMP-00948,Nicholas Freeman,2023-02-05,full_time,UK,DE_national,Finance_Analyst,7767,exempt,False,Engineering,False
EMP-00949,Matthew Garcia,2024-07-16,expatriate,US,UK_national,Data_Analyst,6528,non_exempt,True,Engineering,False
EMP-00950,Emily Hayes,2024-07-10,contractor,Singapore,UK_national,Data_Analyst,6905,non_exempt,True,Finance,False
EMP-00951,Kevin Cunningham,2023-04-07,expatriate,Germany,UK_national,HR_Manager,7001,exempt,False,Legal,False
EMP-00952,Jeffrey Smith,2022-09-03,part_time,Singapore,DE_national,Software_Engineer,8092,exempt,False,Legal,False
EMP-00953,Patrick Graham,2025-08-23,part_time,Germany,UK_national,Software_Engineer,8423,exempt,False,Finance,False
EMP-00954,Nicholas Humphrey,2023-10-04,full_time,Germany,DE_national,Operations_Staff,4304,non_exempt,True,HR,False
EMP-00955,Eric Arnold,2022-04-27,full_time,Canada,federal,Operations_Staff,4408,non_exempt,True,HR,False
EMP-00956,Sarah Trevino,2022-02-21,full_time,UK,DE_national,Software_Engineer,8649,exempt,False,Finance,False
EMP-00957,Deborah Mercado,2021-10-28,expatriate,Germany,UK_national,Software_Engineer,8563,exempt,False,Operations,False
EMP-00958,Albert Hunter,2021-08-06,part_time,India,TX,Software_Engineer,8166,exempt,False,HR,False
EMP-00959,Jennifer Lawrence,2025-12-21,full_time,Australia,WA,Data_Analyst,6316,non_exempt,True,Operations,False
EMP-00960,Kimberly Lutz,2023-10-21,part_time,UK,TX,HR_Manager,7683,exempt,False,HR,False
EMP-00961,Holly Walker,2025-04-20,contractor,US,DE_national,Software_Engineer,8509,exempt,False,Operations,False
EMP-00962,Donna Marshall,2023-12-30,full_time,Singapore,FL,Finance_Analyst,7522,exempt,False,Legal,False
EMP-00963,Jonathan Bates,2025-09-06,expatriate,Australia,DE_national,Operations_Staff,3781,non_exempt,True,Legal,False
EMP-00964,Lisa Martin,2024-01-05,full_time,France,WA,Finance_Analyst,7934,exempt,False,Legal,False
EMP-00965,Christopher Fry,2024-09-27,full_time,Germany,TX,Data_Analyst,6056,non_exempt,True,Finance,False
EMP-00966,Nancy Webb,2023-03-28,part_time,US,WA,Software_Engineer,8339,exempt,False,Engineering,False
EMP-00967,John Brown,2023-04-16,full_time,Australia,TX,Software_Engineer,8165,exempt,False,Finance,False
EMP-00968,Daniel Velez,2023-04-01,part_time,Singapore,federal,Finance_Analyst,8253,exempt,False,Engineering,False
EMP-00969,Jesse Williams,2026-05-06,contractor,India,federal,Software_Engineer,8919,exempt,False,Operations,False
EMP-00970,Michael Boyd,2025-08-03,expatriate,UK,WA,Software_Engineer,8482,exempt,False,HR,False
EMP-00971,Deborah Stephens,2022-04-24,contractor,India,UK_national,Software_Engineer,8537,exempt,False,HR,True
EMP-00972,Holly Valdez,2025-08-14,full_time,UK,NY,Data_Analyst,6495,non_exempt,True,Legal,False
EMP-00973,Jamie Solomon,2024-01-09,expatriate,India,WA,HR_Manager,7238,exempt,False,Legal,False
EMP-00974,Sean Tucker,2023-11-08,contractor,Germany,DE_national,Finance_Analyst,7832,exempt,False,Operations,False
EMP-00975,Kathryn Taylor,2022-04-09,part_time,France,WA,Operations_Staff,3898,non_exempt,True,Engineering,False
EMP-00976,Mason Lewis,2022-05-18,full_time,Singapore,NY,Software_Engineer,8755,exempt,False,HR,False
EMP-00977,Mitchell Wilson,2022-08-05,expatriate,Australia,CA,Finance_Analyst,7641,exempt,False,Finance,False
EMP-00978,Michelle Olson,2023-11-02,part_time,US,FL,Finance_Analyst,8006,exempt,False,Finance,False
EMP-00979,Christopher Whitaker,2021-07-21,full_time,Canada,WA,HR_Manager,7218,exempt,False,Legal,False
EMP-00980,Kenneth Martin,2024-08-03,full_time,UK,federal,HR_Manager,7049,exempt,False,Operations,False
EMP-00981,Kenneth Brown,2022-09-25,full_time,Germany,FL,Finance_Analyst,7638,exempt,False,Finance,False
EMP-00982,Tyler Greene,2024-04-05,expatriate,US,TX,Operations_Staff,4193,non_exempt,True,HR,False
EMP-00983,Nathan Stanley,2022-11-10,contractor,Singapore,UK_national,Operations_Staff,4650,non_exempt,True,Engineering,False
EMP-00984,Jerry Haney,2025-10-11,contractor,India,CA,Finance_Analyst,7513,exempt,False,Legal,False
EMP-00985,Ronald Burke,2025-05-31,contractor,UK,TX,HR_Manager,6987,exempt,False,Engineering,False
EMP-00986,Catherine Keller,2022-10-07,expatriate,Germany,UK_national,HR_Manager,6891,exempt,False,Legal,False
EMP-00987,Grace Chavez,2024-05-24,contractor,India,CA,Software_Engineer,8278,exempt,False,Operations,False
EMP-00988,James Rodriguez,2022-06-15,expatriate,France,federal,Software_Engineer,8462,exempt,False,Finance,False
EMP-00989,Kathy Barnes,2022-03-11,contractor,Germany,NY,Data_Analyst,6383,non_exempt,True,Engineering,False
EMP-00990,John Mendez,2021-08-21,full_time,Singapore,CA,Data_Analyst,6818,non_exempt,True,Operations,False
EMP-00991,Kathy Wilson,2023-11-08,part_time,France,federal,Finance_Analyst,8245,exempt,False,Operations,False
EMP-00992,Larry Carey,2025-12-04,contractor,India,TX,Finance_Analyst,8087,exempt,False,Engineering,False
EMP-00993,Marie Boyd,2023-04-18,part_time,France,CA,Finance_Analyst,7770,exempt,False,Operations,False
EMP-00994,Joseph Perez,2025-06-15,full_time,US,WA,Finance_Analyst,8254,exempt,False,Engineering,False
EMP-00995,Jane Chapman,2025-02-23,full_time,India,DE_national,Finance_Analyst,8210,exempt,False,Engineering,False
EMP-00996,Melissa Davis,2022-02-10,contractor,US,WA,Software_Engineer,8654,exempt,False,HR,False
EMP-00997,David Trevino,2022-11-10,part_time,France,WA,HR_Manager,6983,exempt,False,Legal,False
EMP-00998,Jennifer Lopez,2024-12-26,expatriate,UK,WA,HR_Manager,6852,exempt,False,HR,False
EMP-00999,Laura Wilson,2021-06-24,full_time,US,NY,HR_Manager,6911,exempt,False,Legal,False
EMP-01000,Melissa Stewart,2023-04-03,contractor,Canada,TX,HR_Manager,7665,exempt,False,Finance,False
