event_id,emp_id,period_start,period_end,hours_regular,hours_overtime,gross_pay,deductions,net_pay,jurisdiction,is_anomaly,anomaly_type
PE-EMP-00001-01,EMP-00001,2025-01-01,2025-01-30,144.8,0.0,8228.0,1953.4,6274.6,FL,False,none
PE-EMP-00001-02,EMP-00001,2025-01-31,2025-03-01,165.0,0.0,8228.0,1737.24,6490.76,FL,False,none
PE-EMP-00001-03,EMP-00001,2025-03-02,2025-03-31,141.4,0.0,8228.0,1925.83,6302.17,FL,False,none
PE-EMP-00001-04,EMP-00001,2025-04-01,2025-04-30,165.3,0.0,8228.0,1504.9,6723.1,FL,False,none
PE-EMP-00001-05,EMP-00001,2025-05-01,2025-05-30,150.7,0.0,8228.0,1522.56,6705.44,FL,False,none
PE-EMP-00001-06,EMP-00001,2025-05-31,2025-06-29,151.0,0.0,8228.0,1551.9,6676.1,FL,False,none
PE-EMP-00002-01,EMP-00002,2025-01-01,2025-01-30,165.0,0.0,8030.0,2011.26,6018.74,CA,False,none
PE-EMP-00002-02,EMP-00002,2025-01-31,2025-03-01,159.3,0.0,8030.0,1950.86,6079.14,CA,False,none
PE-EMP-00002-03,EMP-00002,2025-03-02,2025-03-31,150.0,0.0,8030.0,1803.41,6226.59,CA,False,none
PE-EMP-00002-04,EMP-00002,2025-04-01,2025-04-30,145.5,0.0,8030.0,1712.26,6317.74,CA,False,none
PE-EMP-00002-05,EMP-00002,2025-05-01,2025-05-30,162.7,0.0,8030.0,2054.4,5975.6,CA,False,none
PE-EMP-00002-06,EMP-00002,2025-05-31,2025-06-29,165.8,0.0,8030.0,1508.47,6521.53,CA,False,none
PE-EMP-00003-01,EMP-00003,2025-01-01,2025-01-30,142.6,11.5,7456.78,1765.61,5691.17,FL,False,none
PE-EMP-00003-02,EMP-00003,2025-01-31,2025-03-01,142.7,12.0,7492.69,1872.12,5620.57,FL,False,none
PE-EMP-00003-03,EMP-00003,2025-03-02,2025-03-31,161.5,4.7,7026.89,1717.67,5309.22,FL,False,none
PE-EMP-00003-04,EMP-00003,2025-04-01,2025-04-30,144.0,7.1,7178.53,1972.26,5206.27,FL,False,none
PE-EMP-00003-05,EMP-00003,2025-05-01,2025-05-30,150.2,13.4,7581.07,1560.22,6020.85,FL,False,none
PE-EMP-00003-06,EMP-00003,2025-05-31,2025-06-29,149.2,2.8,6906.6,1876.71,5029.89,FL,False,none
PE-EMP-00004-01,EMP-00004,2025-01-01,2025-01-30,153.7,12.9,5076.11,1078.55,3997.56,WA,False,none
PE-EMP-00004-02,EMP-00004,2025-01-31,2025-03-01,153.4,1.0,4569.62,874.12,3695.5,WA,False,none
PE-EMP-00004-03,EMP-00004,2025-03-02,2025-03-31,149.8,12.7,5066.54,1054.98,4011.56,WA,False,none
PE-EMP-00004-04,EMP-00004,2025-04-01,2025-04-30,151.4,8.6,4893.93,1129.49,3764.44,WA,False,none
PE-EMP-00004-05,EMP-00004,2025-05-01,2025-05-30,155.6,10.7,4982.81,950.21,4032.6,WA,False,none
PE-EMP-00004-06,EMP-00004,2025-05-31,2025-06-29,152.9,1.1,4573.16,961.33,3611.83,WA,False,none
PE-EMP-00005-01,EMP-00005,2025-01-01,2025-01-30,146.8,8.9,6670.47,1359.83,5310.64,WA,False,none
PE-EMP-00005-02,EMP-00005,2025-01-31,2025-03-01,141.8,2.4,6296.73,1437.15,4859.58,WA,False,none
PE-EMP-00005-03,EMP-00005,2025-03-02,2025-03-31,152.1,3.1,6339.36,1581.07,4758.29,WA,False,none
PE-EMP-00005-04,EMP-00005,2025-04-01,2025-04-30,149.6,14.7,7007.96,1658.93,5349.03,WA,False,none
PE-EMP-00005-05,EMP-00005,2025-05-01,2025-05-30,158.7,10.4,6760.2,1333.85,5426.35,WA,False,none
PE-EMP-00005-06,EMP-00005,2025-05-31,2025-06-29,163.4,11.1,6799.37,1707.94,5091.43,WA,False,none
PE-EMP-00006-01,EMP-00006,2025-01-01,2025-01-30,156.7,0.0,6799.0,1301.55,5497.45,UK_national,False,none
PE-EMP-00006-02,EMP-00006,2025-01-31,2025-03-01,142.7,0.0,6799.0,1445.04,5353.96,UK_national,True,ghost_employee
PE-EMP-00006-03,EMP-00006,2025-03-02,2025-03-31,148.6,0.0,6799.0,1526.52,5272.48,UK_national,False,none
PE-EMP-00006-04,EMP-00006,2025-04-01,2025-04-30,156.8,0.0,6799.0,1499.72,5299.28,UK_national,False,none
PE-EMP-00006-05,EMP-00006,2025-05-01,2025-05-30,156.7,0.0,6799.0,1689.9,5109.1,UK_national,False,none
PE-EMP-00006-06,EMP-00006,2025-05-31,2025-06-29,149.2,0.0,6799.0,1781.25,5017.75,UK_national,False,none
PE-EMP-00007-01,EMP-00007,2025-01-01,2025-01-30,141.7,0.0,7249.0,1772.37,5476.63,DE_national,False,none
PE-EMP-00007-02,EMP-00007,2025-01-31,2025-03-01,143.9,0.0,7249.0,1462.57,5786.43,DE_national,False,none
PE-EMP-00007-03,EMP-00007,2025-03-02,2025-03-31,161.1,0.0,7249.0,1725.82,5523.18,DE_national,False,none
PE-EMP-00007-04,EMP-00007,2025-04-01,2025-04-30,161.2,0.0,7249.0,1891.87,5357.13,DE_national,False,none
PE-EMP-00007-05,EMP-00007,2025-05-01,2025-05-30,152.7,0.0,7249.0,1783.89,5465.11,DE_national,False,none
PE-EMP-00007-06,EMP-00007,2025-05-31,2025-06-29,157.2,0.0,7249.0,1516.13,5732.87,DE_national,False,none
PE-EMP-00008-01,EMP-00008,2025-01-01,2025-01-30,164.6,6.7,4560.83,914.75,3646.08,federal,False,none
PE-EMP-00008-02,EMP-00008,2025-01-31,2025-03-01,159.0,4.5,4471.87,1160.16,3311.71,federal,False,none
PE-EMP-00008-03,EMP-00008,2025-03-02,2025-03-31,160.1,13.8,4845.24,1325.99,3519.25,federal,False,none
PE-EMP-00008-04,EMP-00008,2025-04-01,2025-04-30,156.3,13.7,4843.2,1351.39,3491.81,federal,False,none
PE-EMP-00008-05,EMP-00008,2025-05-01,2025-05-30,163.7,9.2,4659.99,1076.66,3583.33,federal,False,none
PE-EMP-00008-06,EMP-00008,2025-05-31,2025-06-29,165.2,12.8,4805.42,894.97,3910.45,federal,False,none
PE-EMP-00009-01,EMP-00009,2025-01-01,2025-01-30,140.0,0.0,8081.0,2236.74,5844.26,WA,False,none
PE-EMP-00009-02,EMP-00009,2025-01-31,2025-03-01,167.4,0.0,8081.0,1907.14,6173.86,WA,False,none
PE-EMP-00009-03,EMP-00009,2025-03-02,2025-03-31,147.9,0.0,8081.0,1543.23,6537.77,WA,False,none
PE-EMP-00009-04,EMP-00009,2025-04-01,2025-04-30,152.1,0.0,8081.0,1479.78,6601.22,WA,False,none
PE-EMP-00009-05,EMP-00009,2025-05-01,2025-05-30,157.5,0.0,8081.0,1931.49,6149.51,WA,False,none
PE-EMP-00009-06,EMP-00009,2025-05-31,2025-06-29,151.4,0.0,8081.0,2029.76,6051.24,WA,False,none
PE-EMP-00010-01,EMP-00010,2025-01-01,2025-01-30,145.9,0.0,8650.0,1933.44,6716.56,DE_national,False,none
PE-EMP-00010-02,EMP-00010,2025-01-31,2025-03-01,143.9,0.0,8650.0,1707.0,6943.0,DE_national,False,none
PE-EMP-00010-03,EMP-00010,2025-03-02,2025-03-31,163.6,0.0,11715.79,2037.44,6612.56,DE_national,True,rate_violation
PE-EMP-00010-04,EMP-00010,2025-04-01,2025-04-30,151.7,0.0,8650.0,1868.65,6781.35,DE_national,False,none
PE-EMP-00010-05,EMP-00010,2025-05-01,2025-05-30,164.4,0.0,8650.0,1806.53,6843.47,DE_national,False,none
PE-EMP-00010-06,EMP-00010,2025-05-31,2025-06-29,140.3,0.0,8650.0,1665.6,6984.4,DE_national,False,none
PE-EMP-00011-01,EMP-00011,2025-01-01,2025-01-30,164.8,9.7,7295.63,1418.27,5877.36,FL,False,none
PE-EMP-00011-02,EMP-00011,2025-01-31,2025-03-01,143.8,9.9,7304.6,2027.01,5277.59,FL,False,none
PE-EMP-00011-03,EMP-00011,2025-03-02,2025-03-31,164.1,2.1,6815.02,1775.95,5039.07,FL,False,none
PE-EMP-00011-04,EMP-00011,2025-04-01,2025-04-30,166.0,13.4,7526.16,1878.07,5648.09,FL,False,none
PE-EMP-00011-05,EMP-00011,2025-05-01,2025-05-30,151.9,9.3,7271.99,1639.39,5632.6,FL,False,none
PE-EMP-00011-06,EMP-00011,2025-05-31,2025-06-29,146.3,12.3,7457.05,1629.15,5827.9,FL,False,none
PE-EMP-00012-01,EMP-00012,2025-01-01,2025-01-30,140.2,0.0,8473.0,1885.05,6587.95,TX,False,none
PE-EMP-00012-02,EMP-00012,2025-01-31,2025-03-01,160.5,0.0,8473.0,1947.23,6525.77,TX,False,none
PE-EMP-00012-03,EMP-00012,2025-03-02,2025-03-31,147.5,0.0,8473.0,2128.53,6344.47,TX,False,none
PE-EMP-00012-04,EMP-00012,2025-04-01,2025-04-30,156.1,0.0,8473.0,2310.22,6162.78,TX,False,none
PE-EMP-00012-05,EMP-00012,2025-05-01,2025-05-30,141.1,0.0,8473.0,1553.49,6919.51,TX,False,none
PE-EMP-00012-06,EMP-00012,2025-05-31,2025-06-29,150.3,0.0,8473.0,1934.61,6538.39,TX,False,none
PE-EMP-00013-01,EMP-00013,2025-01-01,2025-01-30,166.9,0.0,6934.0,1650.48,5283.52,CA,False,none
PE-EMP-00013-02,EMP-00013,2025-01-31,2025-03-01,160.4,0.0,6934.0,1303.64,5630.36,CA,False,none
PE-EMP-00013-03,EMP-00013,2025-03-02,2025-03-31,164.1,0.0,6934.0,1613.13,5320.87,CA,False,none
PE-EMP-00013-04,EMP-00013,2025-04-01,2025-04-30,147.8,0.0,6934.0,1768.57,5165.43,CA,False,none
PE-EMP-00013-05,EMP-00013,2025-05-01,2025-05-30,154.7,0.0,6934.0,1606.57,5327.43,CA,False,none
PE-EMP-00013-06,EMP-00013,2025-05-31,2025-06-29,146.9,0.0,6934.0,1671.14,5262.86,CA,False,none
PE-EMP-00014-01,EMP-00014,2025-01-01,2025-01-30,158.6,0.0,6916.0,1681.05,5234.95,NY,False,none
PE-EMP-00014-02,EMP-00014,2025-01-31,2025-03-01,159.2,0.0,6916.0,1707.36,5208.64,NY,False,none
PE-EMP-00014-03,EMP-00014,2025-03-02,2025-03-31,156.2,0.0,6916.0,1617.79,5298.21,NY,False,none
PE-EMP-00014-04,EMP-00014,2025-04-01,2025-04-30,165.3,0.0,6916.0,1668.86,5247.14,NY,False,none
PE-EMP-00014-05,EMP-00014,2025-05-01,2025-05-30,140.3,0.0,6916.0,1614.91,5301.09,NY,False,none
PE-EMP-00014-06,EMP-00014,2025-05-31,2025-06-29,165.4,0.0,6916.0,1558.89,5357.11,NY,False,none
PE-EMP-00015-01,EMP-00015,2025-01-01,2025-01-30,149.3,0.0,7605.0,1805.4,5799.6,UK_national,False,none
PE-EMP-00015-02,EMP-00015,2025-01-31,2025-03-01,167.4,0.0,7605.0,1637.29,5967.71,UK_national,False,none
PE-EMP-00015-03,EMP-00015,2025-03-02,2025-03-31,144.7,0.0,7605.0,1592.96,6012.04,UK_national,False,none
PE-EMP-00015-04,EMP-00015,2025-04-01,2025-04-30,156.7,0.0,7605.0,1897.49,5707.51,UK_national,False,none
PE-EMP-00015-05,EMP-00015,2025-05-01,2025-05-30,162.0,0.0,7605.0,1600.15,6004.85,UK_national,False,none
PE-EMP-00015-06,EMP-00015,2025-05-31,2025-06-29,157.6,0.0,7605.0,1566.97,6038.03,UK_national,False,none
PE-EMP-00016-01,EMP-00016,2025-01-01,2025-01-30,158.4,8.7,7311.76,1734.98,5576.78,FL,False,none
PE-EMP-00016-02,EMP-00016,2025-01-31,2025-03-01,140.8,4.4,7039.43,1786.17,5253.26,FL,False,none
PE-EMP-00016-03,EMP-00016,2025-03-02,2025-03-31,142.2,7.3,7222.96,1391.74,5831.22,FL,False,none
PE-EMP-00016-04,EMP-00016,2025-04-01,2025-04-30,157.2,11.8,7507.28,1540.53,5966.75,FL,False,none
PE-EMP-00016-05,EMP-00016,2025-05-01,2025-05-30,160.8,4.1,12045.2,1444.75,5578.96,FL,True,rate_violation
PE-EMP-00016-06,EMP-00016,2025-05-31,2025-06-29,160.7,9.1,7336.18,1988.2,5347.98,FL,False,none
PE-EMP-00017-01,EMP-00017,2025-01-01,2025-01-30,150.4,0.0,7670.0,1886.17,5783.83,UK_national,False,none
PE-EMP-00017-02,EMP-00017,2025-01-31,2025-03-01,161.9,0.0,7670.0,1515.13,6154.87,UK_national,False,none
PE-EMP-00017-03,EMP-00017,2025-03-02,2025-03-31,145.1,0.0,7670.0,1561.76,6108.24,UK_national,False,none
PE-EMP-00017-04,EMP-00017,2025-04-01,2025-04-30,140.9,0.0,7670.0,1785.11,5884.89,UK_national,False,none
PE-EMP-00017-05,EMP-00017,2025-05-01,2025-05-30,167.1,0.0,7670.0,2135.38,5534.62,UK_national,False,none
PE-EMP-00017-06,EMP-00017,2025-05-31,2025-06-29,163.0,0.0,7670.0,1837.38,5832.62,UK_national,False,none
PE-EMP-00018-01,EMP-00018,2025-01-01,2025-01-30,151.6,12.6,7691.51,1963.46,5728.05,CA,False,none
PE-EMP-00018-02,EMP-00018,2025-01-31,2025-03-01,160.3,5.7,7251.77,1784.42,5467.35,CA,False,none
PE-EMP-00018-03,EMP-00018,2025-03-02,2025-03-31,163.6,2.5,7042.87,1674.62,5368.25,CA,False,none
PE-EMP-00018-04,EMP-00018,2025-04-01,2025-04-30,162.9,0.8,6933.57,1431.36,5502.21,CA,False,none
PE-EMP-00018-05,EMP-00018,2025-05-01,2025-05-30,153.3,0.8,6931.82,1569.37,5362.45,CA,False,none
PE-EMP-00018-06,EMP-00018,2025-05-31,2025-06-29,165.8,7.1,7341.85,2017.73,5324.12,CA,False,none
PE-EMP-00019-01,EMP-00019,2025-01-01,2025-01-30,150.9,3.5,6604.1,1640.13,4963.97,NY,False,none
PE-EMP-00019-02,EMP-00019,2025-01-31,2025-03-01,152.2,3.9,6630.14,1545.12,5085.02,NY,False,none
PE-EMP-00019-03,EMP-00019,2025-03-02,2025-03-31,150.7,4.3,6653.67,1728.16,4925.51,NY,False,none
PE-EMP-00019-04,EMP-00019,2025-04-01,2025-04-30,166.8,4.7,6677.85,1556.11,5121.74,NY,False,none
PE-EMP-00019-05,EMP-00019,2025-05-01,2025-05-30,149.9,1.5,6481.55,1511.04,4970.51,NY,False,none
PE-EMP-00019-06,EMP-00019,2025-05-31,2025-06-29,158.3,12.7,7153.1,1724.24,5428.86,NY,False,none
PE-EMP-00020-01,EMP-00020,2025-01-01,2025-01-30,147.6,0.0,7996.0,1657.24,6338.76,CA,False,none
PE-EMP-00020-02,EMP-00020,2025-01-31,2025-03-01,147.1,0.0,7996.0,2080.81,5915.19,CA,False,none
PE-EMP-00020-03,EMP-00020,2025-03-02,2025-03-31,152.9,0.0,7996.0,1906.39,6089.61,CA,False,none
PE-EMP-00020-04,EMP-00020,2025-04-01,2025-04-30,146.8,0.0,7996.0,1979.24,6016.76,CA,False,none
PE-EMP-00020-05,EMP-00020,2025-05-01,2025-05-30,161.6,0.0,7996.0,1976.52,6019.48,CA,False,none
PE-EMP-00020-06,EMP-00020,2025-05-31,2025-06-29,159.0,0.0,7996.0,1855.03,6140.97,CA,False,none
PE-EMP-00021-01,EMP-00021,2025-01-01,2025-01-30,148.8,0.0,7600.0,2122.84,5477.16,NY,False,none
PE-EMP-00021-02,EMP-00021,2025-01-31,2025-03-01,140.2,0.0,7600.0,1376.04,6223.96,NY,False,none
PE-EMP-00021-03,EMP-00021,2025-03-02,2025-03-31,151.5,0.0,7600.0,1419.64,6180.36,NY,False,none
PE-EMP-00021-04,EMP-00021,2025-04-01,2025-04-30,159.2,0.0,7600.0,1767.2,5832.8,NY,False,none
PE-EMP-00021-05,EMP-00021,2025-05-01,2025-05-30,160.3,0.0,7600.0,1635.15,5964.85,NY,False,none
PE-EMP-00021-06,EMP-00021,2025-05-31,2025-06-29,141.0,0.0,7600.0,1559.44,6040.56,NY,False,none
PE-EMP-00022-01,EMP-00022,2025-01-01,2025-01-30,156.6,9.3,7604.28,1412.02,6192.26,WA,False,none
PE-EMP-00022-02,EMP-00022,2025-01-31,2025-03-01,156.8,13.4,7874.37,1588.12,6286.25,WA,False,none
PE-EMP-00022-03,EMP-00022,2025-03-02,2025-03-31,142.4,1.8,7114.8,1962.12,5152.68,WA,False,none
PE-EMP-00022-04,EMP-00022,2025-04-01,2025-04-30,161.4,9.1,7589.81,1651.51,5938.3,WA,False,none
PE-EMP-00022-05,EMP-00022,2025-05-01,2025-05-30,145.2,9.7,7632.33,1986.85,5645.48,WA,False,none
PE-EMP-00022-06,EMP-00022,2025-05-31,2025-06-29,148.2,1.7,7104.04,1409.63,5694.41,WA,False,none
PE-EMP-00023-01,EMP-00023,2025-01-01,2025-01-30,152.7,9.9,6727.77,1261.94,5465.83,FL,False,none
PE-EMP-00023-02,EMP-00023,2025-01-31,2025-03-01,159.4,14.9,7017.57,1803.07,5214.5,FL,False,none
PE-EMP-00023-03,EMP-00023,2025-03-02,2025-03-31,147.2,10.0,6733.91,1730.7,5003.21,FL,False,none
PE-EMP-00023-04,EMP-00023,2025-04-01,2025-04-30,141.7,11.7,6831.87,1419.18,5412.69,FL,False,none
PE-EMP-00023-05,EMP-00023,2025-05-01,2025-05-30,147.2,5.8,6492.4,1815.25,4677.15,FL,False,none
PE-EMP-00023-06,EMP-00023,2025-05-31,2025-06-29,141.9,12.2,6859.63,1356.79,5502.84,FL,False,none
PE-EMP-00024-01,EMP-00024,2025-01-01,2025-01-30,151.0,14.7,6848.0,1370.06,5477.94,DE_national,False,none
PE-EMP-00024-02,EMP-00024,2025-01-31,2025-03-01,155.1,9.7,6565.35,1252.95,5312.4,DE_national,False,none
PE-EMP-00024-03,EMP-00024,2025-03-02,2025-03-31,143.0,6.5,6384.02,1541.08,4842.94,DE_national,False,none
PE-EMP-00024-04,EMP-00024,2025-04-01,2025-04-30,141.0,6.6,6392.76,1316.27,5076.49,DE_national,False,none
PE-EMP-00024-05,EMP-00024,2025-05-01,2025-05-30,161.8,1.1,6078.6,1536.39,4542.21,DE_national,False,none
PE-EMP-00024-06,EMP-00024,2025-05-31,2025-06-29,158.3,0.3,6034.88,1386.64,4648.24,DE_national,False,none
PE-EMP-00025-01,EMP-00025,2025-01-01,2025-01-30,141.1,0.0,6946.0,1250.88,5695.12,CA,False,none
PE-EMP-00025-02,EMP-00025,2025-01-31,2025-03-01,144.2,0.0,6946.0,1521.51,5424.49,CA,False,none
PE-EMP-00025-03,EMP-00025,2025-03-02,2025-03-31,151.0,0.0,6946.0,1479.38,5466.62,CA,False,none
PE-EMP-00025-04,EMP-00025,2025-04-01,2025-04-30,159.8,0.0,6946.0,1252.85,5693.15,CA,False,none
PE-EMP-00025-05,EMP-00025,2025-05-01,2025-05-30,153.4,0.0,6946.0,1785.81,5160.19,CA,False,none
PE-EMP-00025-06,EMP-00025,2025-05-31,2025-06-29,160.4,0.0,6946.0,1530.84,5415.16,CA,False,none
PE-EMP-00026-01,EMP-00026,2025-01-01,2025-01-30,142.0,0.0,8778.0,2293.06,6484.94,NY,False,none
PE-EMP-00026-02,EMP-00026,2025-01-31,2025-03-01,150.8,0.0,8778.0,1778.29,6999.71,NY,False,none
PE-EMP-00026-03,EMP-00026,2025-03-02,2025-03-31,161.8,0.0,8778.0,2185.07,6592.93,NY,False,none
PE-EMP-00026-04,EMP-00026,2025-04-01,2025-04-30,155.0,0.0,8778.0,1686.43,7091.57,NY,False,none
PE-EMP-00026-05,EMP-00026,2025-05-01,2025-05-30,149.3,0.0,8778.0,2450.47,6327.53,NY,False,none
PE-EMP-00026-06,EMP-00026,2025-05-31,2025-06-29,141.5,0.0,8778.0,1845.86,6932.14,NY,False,none
PE-EMP-00027-01,EMP-00027,2025-01-01,2025-01-30,150.2,15.0,7150.23,1749.71,5400.52,TX,False,none
PE-EMP-00027-02,EMP-00027,2025-01-31,2025-03-01,163.6,12.8,7023.53,1503.08,5520.45,TX,False,none
PE-EMP-00027-03,EMP-00027,2025-03-02,2025-03-31,145.7,11.4,6941.61,1450.77,5490.84,TX,False,none
PE-EMP-00027-04,EMP-00027,2025-04-01,2025-04-30,158.5,8.3,6759.97,1870.83,4889.14,TX,False,none
PE-EMP-00027-05,EMP-00027,2025-05-01,2025-05-30,143.0,4.5,6534.56,1431.14,5103.42,TX,False,none
PE-EMP-00027-06,EMP-00027,2025-05-31,2025-06-29,164.8,10.3,6878.46,1572.76,5305.7,TX,False,none
PE-EMP-00028-01,EMP-00028,2025-01-01,2025-01-30,145.3,0.0,8030.0,1797.1,6232.9,FL,False,none
PE-EMP-00028-02,EMP-00028,2025-01-31,2025-03-01,140.7,0.0,8030.0,1474.07,6555.93,FL,False,none
PE-EMP-00028-03,EMP-00028,2025-03-02,2025-03-31,146.7,0.0,8030.0,2245.5,5784.5,FL,False,none
PE-EMP-00028-04,EMP-00028,2025-04-01,2025-04-30,162.2,0.0,8030.0,1757.58,6272.42,FL,False,none
PE-EMP-00028-05,EMP-00028,2025-05-01,2025-05-30,154.0,0.0,8030.0,1962.06,6067.94,FL,False,none
PE-EMP-00028-06,EMP-00028,2025-05-31,2025-06-29,162.7,0.0,8030.0,2220.26,5809.74,FL,False,none
PE-EMP-00029-01,EMP-00029,2025-01-01,2025-01-30,149.5,14.5,4342.64,788.81,3553.83,DE_national,False,none
PE-EMP-00029-02,EMP-00029,2025-01-31,2025-03-01,151.4,5.1,4004.56,1009.55,2995.01,DE_national,False,none
PE-EMP-00029-03,EMP-00029,2025-03-02,2025-03-31,154.6,3.2,3936.8,966.03,2970.77,DE_national,False,none
PE-EMP-00029-04,EMP-00029,2025-04-01,2025-04-30,155.0,14.1,4328.4,1155.77,3172.63,DE_national,False,none
PE-EMP-00029-05,EMP-00029,2025-05-01,2025-05-30,142.0,11.1,4221.4,858.2,3363.2,DE_national,False,none
PE-EMP-00029-06,EMP-00029,2025-05-31,2025-06-29,140.5,11.0,4218.39,965.55,3252.84,DE_national,False,none
PE-EMP-00030-01,EMP-00030,2025-01-01,2025-01-30,146.8,13.6,7444.23,1800.29,5643.94,CA,False,none
PE-EMP-00030-02,EMP-00030,2025-01-31,2025-03-01,157.7,9.7,7204.34,1307.13,5897.21,CA,False,none
PE-EMP-00030-03,EMP-00030,2025-03-02,2025-03-31,142.7,13.6,7441.89,1950.33,5491.56,CA,False,none
PE-EMP-00030-04,EMP-00030,2025-04-01,2025-04-30,141.8,9.2,7169.47,1889.41,5280.06,CA,False,none
PE-EMP-00030-05,EMP-00030,2025-05-01,2025-05-30,156.7,12.3,7360.94,1409.02,5951.92,CA,False,none
PE-EMP-00030-06,EMP-00030,2025-05-31,2025-06-29,145.7,9.2,7173.55,1336.51,5837.04,CA,False,none
PE-EMP-00031-01,EMP-00031,2025-01-01,2025-01-30,160.7,5.1,7042.98,1856.46,5186.52,NY,False,none
PE-EMP-00031-02,EMP-00031,2025-01-31,2025-03-01,159.2,6.0,7104.12,1364.56,5739.56,NY,False,none
PE-EMP-00031-03,EMP-00031,2025-03-02,2025-03-31,167.0,8.2,7240.17,1536.07,5704.1,NY,False,none
PE-EMP-00031-04,EMP-00031,2025-04-01,2025-04-30,144.9,3.2,6925.62,1278.18,5647.44,NY,False,none
PE-EMP-00031-05,EMP-00031,2025-05-01,2025-05-30,161.2,0.9,6783.78,1406.88,5376.9,NY,False,none
PE-EMP-00031-06,EMP-00031,2025-05-31,2025-06-29,144.6,2.5,6882.9,1493.54,5389.36,NY,False,none
PE-EMP-00032-01,EMP-00032,2025-01-01,2025-01-30,143.7,3.7,6280.04,1495.9,4784.14,federal,False,none
PE-EMP-00032-02,EMP-00032,2025-01-31,2025-03-01,150.5,11.9,6747.46,1641.11,5106.35,federal,False,none
PE-EMP-00032-03,EMP-00032,2025-03-02,2025-03-31,142.3,2.4,6206.7,1663.16,4543.54,federal,False,none
PE-EMP-00032-04,EMP-00032,2025-04-01,2025-04-30,159.8,0.1,6078.17,1656.99,4421.18,federal,False,none
PE-EMP-00032-05,EMP-00032,2025-05-01,2025-05-30,159.4,8.9,6578.97,1370.88,5208.09,federal,False,none
PE-EMP-00032-06,EMP-00032,2025-05-31,2025-06-29,143.6,11.9,6748.47,1535.96,5212.51,federal,False,none
PE-EMP-00033-01,EMP-00033,2025-01-01,2025-01-30,152.6,2.1,6683.84,1384.19,5299.65,FL,False,none
PE-EMP-00033-02,EMP-00033,2025-01-31,2025-03-01,159.4,3.6,6772.44,1337.25,5435.19,FL,False,none
PE-EMP-00033-03,EMP-00033,2025-03-02,2025-03-31,157.1,8.9,7101.39,1787.56,5313.83,FL,False,none
PE-EMP-00033-04,EMP-00033,2025-04-01,2025-04-30,148.4,1.3,6633.1,1742.17,4890.93,FL,False,none
PE-EMP-00033-05,EMP-00033,2025-05-01,2025-05-30,145.4,6.3,6937.86,1635.75,5302.11,FL,False,none
PE-EMP-00033-06,EMP-00033,2025-05-31,2025-06-29,157.3,14.8,7461.03,2071.77,5389.26,FL,False,none
PE-EMP-00034-01,EMP-00034,2025-01-01,2025-01-30,167.6,0.0,8126.0,2163.74,5962.26,DE_national,False,none
PE-EMP-00034-02,EMP-00034,2025-01-31,2025-03-01,153.0,0.0,8126.0,1875.11,6250.89,DE_national,False,none
PE-EMP-00034-03,EMP-00034,2025-03-02,2025-03-31,145.8,0.0,8126.0,1971.74,6154.26,DE_national,False,none
PE-EMP-00034-04,EMP-00034,2025-04-01,2025-04-30,143.2,0.0,8126.0,1505.8,6620.2,DE_national,False,none
PE-EMP-00034-05,EMP-00034,2025-05-01,2025-05-30,163.6,0.0,8126.0,1583.93,6542.07,DE_national,False,none
PE-EMP-00034-06,EMP-00034,2025-05-31,2025-06-29,153.9,0.0,8126.0,2203.35,5922.65,DE_national,False,none
PE-EMP-00035-01,EMP-00035,2025-01-01,2025-01-30,141.5,2.4,6504.93,1771.08,4733.85,UK_national,False,none
PE-EMP-00035-02,EMP-00035,2025-01-31,2025-03-01,147.0,5.5,6687.83,1343.98,5343.85,UK_national,False,none
PE-EMP-00035-03,EMP-00035,2025-03-02,2025-03-31,152.7,9.3,6913.84,1859.88,5053.96,UK_national,True,ghost_employee
PE-EMP-00035-04,EMP-00035,2025-04-01,2025-04-30,155.0,1.6,6455.42,1195.84,5259.58,UK_national,False,none
PE-EMP-00035-05,EMP-00035,2025-05-01,2025-05-30,154.4,2.4,6503.4,1189.51,5313.89,UK_national,False,none
PE-EMP-00035-06,EMP-00035,2025-05-31,2025-06-29,152.5,1.1,6425.39,1307.76,5117.63,UK_national,False,none
PE-EMP-00036-01,EMP-00036,2025-01-01,2025-01-30,160.9,8.7,4068.71,902.87,3165.84,NY,False,none
PE-EMP-00036-02,EMP-00036,2025-01-31,2025-03-01,143.1,13.5,4237.27,860.19,3377.08,NY,False,none
PE-EMP-00036-03,EMP-00036,2025-03-02,2025-03-31,151.6,3.4,3882.5,790.91,3091.59,NY,False,none
PE-EMP-00036-04,EMP-00036,2025-04-01,2025-04-30,142.1,3.0,3867.78,1040.96,2826.82,NY,False,none
PE-EMP-00036-05,EMP-00036,2025-05-01,2025-05-30,152.2,8.8,4071.53,755.0,3316.53,NY,False,none
PE-EMP-00036-06,EMP-00036,2025-05-31,2025-06-29,145.0,3.2,3876.36,933.98,2942.38,NY,False,none
PE-EMP-00037-01,EMP-00037,2025-01-01,2025-01-30,152.8,0.0,6894.0,1498.4,5395.6,FL,False,none
PE-EMP-00037-02,EMP-00037,2025-01-31,2025-03-01,150.0,0.0,6894.0,1374.77,5519.23,FL,False,none
PE-EMP-00037-03,EMP-00037,2025-03-02,2025-03-31,149.4,0.0,6894.0,1426.85,5467.15,FL,False,none
PE-EMP-00037-04,EMP-00037,2025-04-01,2025-04-30,155.9,0.0,6894.0,1263.05,5630.95,FL,False,none
PE-EMP-00037-05,EMP-00037,2025-05-01,2025-05-30,143.1,0.0,6894.0,1434.37,5459.63,FL,False,none
PE-EMP-00037-06,EMP-00037,2025-05-31,2025-06-29,151.7,0.0,6894.0,1561.86,5332.14,FL,False,none
PE-EMP-00038-01,EMP-00038,2025-01-01,2025-01-30,148.3,11.4,4411.09,890.98,3520.11,TX,False,none
PE-EMP-00038-02,EMP-00038,2025-01-31,2025-03-01,166.7,2.4,4072.86,1056.73,3016.13,TX,False,none
PE-EMP-00038-03,EMP-00038,2025-03-02,2025-03-31,155.5,13.6,4492.48,1068.37,3424.11,TX,False,none
PE-EMP-00038-04,EMP-00038,2025-04-01,2025-04-30,154.6,3.4,4113.72,909.83,3203.89,TX,False,none
PE-EMP-00038-05,EMP-00038,2025-05-01,2025-05-30,153.3,12.9,4468.17,900.98,3567.19,TX,False,none
PE-EMP-00038-06,EMP-00038,2025-05-31,2025-06-29,152.0,6.9,4244.33,770.14,3474.19,TX,False,none
PE-EMP-00039-01,EMP-00039,2025-01-01,2025-01-30,152.2,13.1,6793.51,1391.2,5402.31,NY,False,none
PE-EMP-00039-02,EMP-00039,2025-01-31,2025-03-01,166.5,3.3,6240.25,1702.02,4538.23,NY,False,none
PE-EMP-00039-03,EMP-00039,2025-03-02,2025-03-31,151.7,13.7,6828.53,1842.51,4986.02,NY,False,none
PE-EMP-00039-04,EMP-00039,2025-04-01,2025-04-30,160.5,0.7,6088.63,1699.5,4389.13,NY,False,none
PE-EMP-00039-05,EMP-00039,2025-05-01,2025-05-30,151.0,7.6,6480.05,1442.26,5037.79,NY,False,none
PE-EMP-00039-06,EMP-00039,2025-05-31,2025-06-29,142.7,12.1,6740.01,1682.75,5057.26,NY,False,none
PE-EMP-00040-01,EMP-00040,2025-01-01,2025-01-30,142.3,0.0,8416.0,1931.71,6484.29,TX,False,none
PE-EMP-00040-02,EMP-00040,2025-01-31,2025-03-01,159.4,0.0,8416.0,2148.67,6267.33,TX,False,none
PE-EMP-00040-03,EMP-00040,2025-03-02,2025-03-31,146.1,0.0,8416.0,1857.09,6558.91,TX,False,none
PE-EMP-00040-04,EMP-00040,2025-04-01,2025-04-30,146.7,0.0,8416.0,1816.51,6599.49,TX,False,none
PE-EMP-00040-05,EMP-00040,2025-05-01,2025-05-30,140.4,0.0,8416.0,2355.6,6060.4,TX,False,none
PE-EMP-00040-06,EMP-00040,2025-05-31,2025-06-29,144.5,0.0,8416.0,2077.94,6338.06,TX,False,none
PE-EMP-00041-01,EMP-00041,2025-01-01,2025-01-30,156.3,6.9,4117.82,976.08,3141.74,CA,True,ghost_employee
PE-EMP-00041-02,EMP-00041,2025-01-31,2025-03-01,143.9,14.6,4399.11,995.85,3403.26,CA,False,none
PE-EMP-00041-03,EMP-00041,2025-03-02,2025-03-31,164.4,10.5,4250.46,843.69,3406.77,CA,True,rule_override
PE-EMP-00041-04,EMP-00041,2025-04-01,2025-04-30,140.0,9.4,4208.95,1053.88,3155.07,CA,False,none
PE-EMP-00041-05,EMP-00041,2025-05-01,2025-05-30,159.3,9.4,4209.21,919.66,3289.55,CA,False,none
PE-EMP-00041-06,EMP-00041,2025-05-31,2025-06-29,161.1,8.0,4156.79,871.51,3285.28,CA,False,none
PE-EMP-00042-01,EMP-00042,2025-01-01,2025-01-30,157.2,0.0,8292.0,2071.39,6220.61,DE_national,False,none
PE-EMP-00042-02,EMP-00042,2025-01-31,2025-03-01,145.8,0.0,8292.0,1969.54,6322.46,DE_national,False,none
PE-EMP-00042-03,EMP-00042,2025-03-02,2025-03-31,157.4,0.0,8292.0,2060.28,6231.72,DE_national,False,none
PE-EMP-00042-04,EMP-00042,2025-04-01,2025-04-30,166.1,0.0,8292.0,1770.92,6521.08,DE_national,False,none
PE-EMP-00042-05,EMP-00042,2025-05-01,2025-05-30,165.5,0.0,8292.0,1919.38,6372.62,DE_national,False,none
PE-EMP-00042-06,EMP-00042,2025-05-31,2025-06-29,141.4,0.0,8292.0,1794.38,6497.62,DE_national,False,none
PE-EMP-00043-01,EMP-00043,2025-01-01,2025-01-30,153.0,0.0,7603.0,1659.7,5943.3,FL,False,none
PE-EMP-00043-02,EMP-00043,2025-01-31,2025-03-01,150.3,0.0,7603.0,1399.62,6203.38,FL,False,none
PE-EMP-00043-03,EMP-00043,2025-03-02,2025-03-31,159.7,0.0,7603.0,1861.35,5741.65,FL,False,none
PE-EMP-00043-04,EMP-00043,2025-04-01,2025-04-30,161.7,0.0,7603.0,1794.88,5808.12,FL,False,none
PE-EMP-00043-05,EMP-00043,2025-05-01,2025-05-30,149.4,0.0,7603.0,1473.77,6129.23,FL,False,none
PE-EMP-00043-06,EMP-00043,2025-05-31,2025-06-29,158.2,0.0,7603.0,1778.82,5824.18,FL,False,none
PE-EMP-00044-01,EMP-00044,2025-01-01,2025-01-30,161.1,0.0,8051.0,2042.84,6008.16,CA,False,none
PE-EMP-00044-02,EMP-00044,2025-01-31,2025-03-01,159.7,0.0,8051.0,2150.53,5900.47,CA,False,none
PE-EMP-00044-03,EMP-00044,2025-03-02,2025-03-31,161.3,0.0,8051.0,2055.56,5995.44,CA,False,none
PE-EMP-00044-04,EMP-00044,2025-04-01,2025-04-30,165.1,0.0,8051.0,1707.19,6343.81,CA,False,none
PE-EMP-00044-05,EMP-00044,2025-05-01,2025-05-30,151.8,0.0,8051.0,1854.6,6196.4,CA,False,none
PE-EMP-00044-06,EMP-00044,2025-05-31,2025-06-29,150.4,0.0,8051.0,1493.03,6557.97,CA,False,none
PE-EMP-00045-01,EMP-00045,2025-01-01,2025-01-30,163.2,6.8,4861.81,1118.92,3742.89,NY,False,none
PE-EMP-00045-02,EMP-00045,2025-01-31,2025-03-01,163.1,7.1,4873.22,1136.39,3736.83,NY,False,none
PE-EMP-00045-03,EMP-00045,2025-03-02,2025-03-31,150.3,13.5,5149.16,1159.58,3989.58,NY,False,none
PE-EMP-00045-04,EMP-00045,2025-04-01,2025-04-30,167.4,10.1,5003.8,1247.56,3756.24,NY,False,none
PE-EMP-00045-05,EMP-00045,2025-05-01,2025-05-30,164.8,13.2,5138.67,1021.75,4116.92,NY,False,none
PE-EMP-00045-06,EMP-00045,2025-05-31,2025-06-29,145.0,1.3,4627.12,1013.66,3613.46,NY,False,none
PE-EMP-00046-01,EMP-00046,2025-01-01,2025-01-30,142.2,0.0,8122.0,2240.26,5881.74,UK_national,False,none
PE-EMP-00046-02,EMP-00046,2025-01-31,2025-03-01,143.1,0.0,8122.0,1595.78,6526.22,UK_national,False,none
PE-EMP-00046-03,EMP-00046,2025-03-02,2025-03-31,144.2,0.0,8122.0,1582.13,6539.87,UK_national,False,none
PE-EMP-00046-04,EMP-00046,2025-04-01,2025-04-30,166.7,0.0,8122.0,1627.86,6494.14,UK_national,False,none
PE-EMP-00046-05,EMP-00046,2025-05-01,2025-05-30,151.7,0.0,8122.0,1480.39,6641.61,UK_national,False,none
PE-EMP-00046-06,EMP-00046,2025-05-31,2025-06-29,166.1,0.0,8122.0,2016.21,6105.79,UK_national,False,none
PE-EMP-00047-01,EMP-00047,2025-01-01,2025-01-30,160.7,7.1,7117.71,1580.22,5537.49,UK_national,False,none
PE-EMP-00047-02,EMP-00047,2025-01-31,2025-03-01,140.6,0.3,6693.16,1331.31,5361.85,UK_national,False,none
PE-EMP-00047-03,EMP-00047,2025-03-02,2025-03-31,154.5,12.0,7425.58,1956.6,5468.98,UK_national,False,none
PE-EMP-00047-04,EMP-00047,2025-04-01,2025-04-30,158.4,5.0,6988.18,1662.28,5325.9,UK_national,False,none
PE-EMP-00047-05,EMP-00047,2025-05-01,2025-05-30,158.6,11.8,7411.35,1694.34,5717.01,UK_national,False,none
PE-EMP-00047-06,EMP-00047,2025-05-31,2025-06-29,152.8,8.0,7170.5,1683.97,5486.53,UK_national,False,none
PE-EMP-00048-01,EMP-00048,2025-01-01,2025-01-30,165.2,0.0,7985.0,1890.25,6094.75,FL,False,none
PE-EMP-00048-02,EMP-00048,2025-01-31,2025-03-01,162.1,0.0,7985.0,1682.04,6302.96,FL,False,none
PE-EMP-00048-03,EMP-00048,2025-03-02,2025-03-31,150.4,0.0,7985.0,1618.39,6366.61,FL,False,none
PE-EMP-00048-04,EMP-00048,2025-04-01,2025-04-30,163.7,0.0,7985.0,1667.38,6317.62,FL,False,none
PE-EMP-00048-05,EMP-00048,2025-05-01,2025-05-30,148.0,0.0,7985.0,1555.75,6429.25,FL,False,none
PE-EMP-00048-06,EMP-00048,2025-05-31,2025-06-29,157.3,0.0,7985.0,2200.84,5784.16,FL,False,none
PE-EMP-00049-01,EMP-00049,2025-01-01,2025-01-30,145.1,2.4,6838.2,1596.94,5241.26,TX,False,none
PE-EMP-00049-02,EMP-00049,2025-01-31,2025-03-01,165.3,2.6,6851.9,1718.53,5133.37,TX,False,none
PE-EMP-00049-03,EMP-00049,2025-03-02,2025-03-31,143.3,11.9,7434.08,1458.01,5976.07,TX,False,none
PE-EMP-00049-04,EMP-00049,2025-04-01,2025-04-30,152.3,14.9,7621.5,1809.74,5811.76,TX,False,none
PE-EMP-00049-05,EMP-00049,2025-05-01,2025-05-30,159.8,5.5,7034.62,1410.55,5624.07,TX,False,none
PE-EMP-00049-06,EMP-00049,2025-05-31,2025-06-29,144.1,10.0,7312.86,2031.53,5281.33,TX,False,none
PE-EMP-00050-01,EMP-00050,2025-01-01,2025-01-30,154.9,6.7,4431.9,1230.06,3201.84,CA,False,none
PE-EMP-00050-02,EMP-00050,2025-01-31,2025-03-01,166.1,1.8,4240.23,773.81,3466.42,CA,False,none
PE-EMP-00050-03,EMP-00050,2025-03-02,2025-03-31,166.0,11.5,4619.56,1269.36,3350.2,CA,False,none
PE-EMP-00050-04,EMP-00050,2025-04-01,2025-04-30,155.3,2.3,4260.49,1180.22,3080.27,CA,False,none
PE-EMP-00050-05,EMP-00050,2025-05-01,2025-05-30,148.3,7.6,4466.48,1093.06,3373.42,CA,False,none
PE-EMP-00050-06,EMP-00050,2025-05-31,2025-06-29,161.1,13.4,4694.28,1300.13,3394.15,CA,False,none
PE-EMP-00051-01,EMP-00051,2025-01-01,2025-01-30,158.7,0.0,7818.0,2184.4,5633.6,FL,False,none
PE-EMP-00051-02,EMP-00051,2025-01-31,2025-03-01,160.4,0.0,7818.0,2032.35,5785.65,FL,False,none
PE-EMP-00051-03,EMP-00051,2025-03-02,2025-03-31,149.5,0.0,7818.0,2128.29,5689.71,FL,False,none
PE-EMP-00051-04,EMP-00051,2025-04-01,2025-04-30,153.4,0.0,7818.0,1495.05,6322.95,FL,False,none
PE-EMP-00051-05,EMP-00051,2025-05-01,2025-05-30,159.0,0.0,7818.0,1438.58,6379.42,FL,False,none
PE-EMP-00051-06,EMP-00051,2025-05-31,2025-06-29,140.7,0.0,7818.0,1498.61,6319.39,FL,False,none
PE-EMP-00052-01,EMP-00052,2025-01-01,2025-01-30,150.0,9.3,6931.86,1400.49,5531.37,FL,False,none
PE-EMP-00052-02,EMP-00052,2025-01-31,2025-03-01,145.5,4.9,6670.72,1606.41,5064.31,FL,False,none
PE-EMP-00052-03,EMP-00052,2025-03-02,2025-03-31,161.5,7.9,6850.16,1768.22,5081.94,FL,False,none
PE-EMP-00052-04,EMP-00052,2025-04-01,2025-04-30,163.8,2.9,6553.54,1234.42,5319.12,FL,False,none
PE-EMP-00052-05,EMP-00052,2025-05-01,2025-05-30,167.3,10.2,6985.26,1926.27,5058.99,FL,False,none
PE-EMP-00052-06,EMP-00052,2025-05-31,2025-06-29,156.9,5.9,6731.76,1541.89,5189.87,FL,False,none
PE-EMP-00053-01,EMP-00053,2025-01-01,2025-01-30,158.7,7.7,7163.76,1329.63,5834.13,CA,False,none
PE-EMP-00053-02,EMP-00053,2025-01-31,2025-03-01,152.0,6.0,7056.62,1775.42,5281.2,CA,False,none
PE-EMP-00053-03,EMP-00053,2025-03-02,2025-03-31,149.7,5.8,7045.87,1276.85,5769.02,CA,False,none
PE-EMP-00053-04,EMP-00053,2025-04-01,2025-04-30,155.7,4.6,6972.54,1565.74,5406.8,CA,False,none
PE-EMP-00053-05,EMP-00053,2025-05-01,2025-05-30,160.8,3.2,6885.71,1850.74,5034.97,CA,False,none
PE-EMP-00053-06,EMP-00053,2025-05-31,2025-06-29,144.6,6.2,7073.59,1586.26,5487.33,CA,False,none
PE-EMP-00054-01,EMP-00054,2025-01-01,2025-01-30,165.1,0.0,6818.0,1723.59,5094.41,WA,False,none
PE-EMP-00054-02,EMP-00054,2025-01-31,2025-03-01,151.6,0.0,6818.0,1724.0,5094.0,WA,False,none
PE-EMP-00054-03,EMP-00054,2025-03-02,2025-03-31,156.7,0.0,6818.0,1796.89,5021.11,WA,False,none
PE-EMP-00054-04,EMP-00054,2025-04-01,2025-04-30,148.5,0.0,6818.0,1325.17,5492.83,WA,False,none
PE-EMP-00054-05,EMP-00054,2025-05-01,2025-05-30,154.7,0.0,6818.0,1901.12,4916.88,WA,False,none
PE-EMP-00054-06,EMP-00054,2025-05-31,2025-06-29,166.1,0.0,6818.0,1455.93,5362.07,WA,False,none
PE-EMP-00055-01,EMP-00055,2025-01-01,2025-01-30,150.5,0.0,7919.0,1893.18,6025.82,WA,False,none
PE-EMP-00055-02,EMP-00055,2025-01-31,2025-03-01,157.9,0.0,7919.0,1430.66,6488.34,WA,False,none
PE-EMP-00055-03,EMP-00055,2025-03-02,2025-03-31,144.9,0.0,7919.0,1641.87,6277.13,WA,False,none
PE-EMP-00055-04,EMP-00055,2025-04-01,2025-04-30,155.9,0.0,7919.0,1791.37,6127.63,WA,False,none
PE-EMP-00055-05,EMP-00055,2025-05-01,2025-05-30,145.6,0.0,7919.0,2149.91,5769.09,WA,False,none
PE-EMP-00055-06,EMP-00055,2025-05-31,2025-06-29,148.1,0.0,7919.0,2084.51,5834.49,WA,False,none
PE-EMP-00056-01,EMP-00056,2025-01-01,2025-01-30,163.0,0.0,6957.0,1593.56,5363.44,DE_national,False,none
PE-EMP-00056-02,EMP-00056,2025-01-31,2025-03-01,156.4,0.0,6957.0,1462.36,5494.64,DE_national,False,none
PE-EMP-00056-03,EMP-00056,2025-03-02,2025-03-31,160.7,0.0,6957.0,1596.01,5360.99,DE_national,False,none
PE-EMP-00056-04,EMP-00056,2025-04-01,2025-04-30,162.2,0.0,6957.0,1408.46,5548.54,DE_national,False,none
PE-EMP-00056-05,EMP-00056,2025-05-01,2025-05-30,148.4,0.0,6957.0,1359.41,5597.59,DE_national,False,none
PE-EMP-00056-06,EMP-00056,2025-05-31,2025-06-29,157.8,0.0,6957.0,1697.89,5259.11,DE_national,False,none
PE-EMP-00057-01,EMP-00057,2025-01-01,2025-01-30,158.6,0.0,8003.0,1539.92,6463.08,CA,False,none
PE-EMP-00057-02,EMP-00057,2025-01-31,2025-03-01,145.0,0.0,8003.0,1670.78,6332.22,CA,False,none
PE-EMP-00057-03,EMP-00057,2025-03-02,2025-03-31,158.1,0.0,8003.0,2166.25,5836.75,CA,False,none
PE-EMP-00057-04,EMP-00057,2025-04-01,2025-04-30,161.4,0.0,8003.0,1463.3,6539.7,CA,False,none
PE-EMP-00057-05,EMP-00057,2025-05-01,2025-05-30,167.2,0.0,8003.0,1835.13,6167.87,CA,False,none
PE-EMP-00057-06,EMP-00057,2025-05-31,2025-06-29,150.1,0.0,8003.0,1919.83,6083.17,CA,False,none
PE-EMP-00058-01,EMP-00058,2025-01-01,2025-01-30,147.2,7.2,7007.52,1566.93,5440.59,DE_national,False,none
PE-EMP-00058-02,EMP-00058,2025-01-31,2025-03-01,162.9,10.3,7197.14,1996.67,5200.47,DE_national,False,none
PE-EMP-00058-03,EMP-00058,2025-03-02,2025-03-31,140.5,5.6,6908.49,1749.89,5158.6,DE_national,False,none
PE-EMP-00058-04,EMP-00058,2025-04-01,2025-04-30,144.1,3.9,6803.57,1620.38,5183.19,DE_national,False,none
PE-EMP-00058-05,EMP-00058,2025-05-01,2025-05-30,150.0,6.9,6989.57,1742.7,5246.87,DE_national,False,none
PE-EMP-00058-06,EMP-00058,2025-05-31,2025-06-29,157.8,0.8,6612.82,1429.14,5183.68,DE_national,False,none
PE-EMP-00059-01,EMP-00059,2025-01-01,2025-01-30,141.4,0.0,8267.0,2277.69,5989.31,NY,False,none
PE-EMP-00059-02,EMP-00059,2025-01-31,2025-03-01,157.9,0.0,8267.0,1729.18,6537.82,NY,False,none
PE-EMP-00059-03,EMP-00059,2025-03-02,2025-03-31,145.4,0.0,8267.0,1551.57,6715.43,NY,False,none
PE-EMP-00059-04,EMP-00059,2025-04-01,2025-04-30,161.4,0.0,8267.0,2007.25,6259.75,NY,False,none
PE-EMP-00059-05,EMP-00059,2025-05-01,2025-05-30,144.7,0.0,8267.0,1983.06,6283.94,NY,False,none
PE-EMP-00059-06,EMP-00059,2025-05-31,2025-06-29,148.9,0.0,8267.0,1754.76,6512.24,NY,False,none
PE-EMP-00060-01,EMP-00060,2025-01-01,2025-01-30,162.4,0.0,7740.0,2047.23,5692.77,TX,False,none
PE-EMP-00060-02,EMP-00060,2025-01-31,2025-03-01,159.5,0.0,7740.0,1603.31,6136.69,TX,False,none
PE-EMP-00060-03,EMP-00060,2025-03-02,2025-03-31,155.0,0.0,7740.0,1673.79,6066.21,TX,False,none
PE-EMP-00060-04,EMP-00060,2025-04-01,2025-04-30,144.0,0.0,7740.0,1665.36,6074.64,TX,False,none
PE-EMP-00060-05,EMP-00060,2025-05-01,2025-05-30,147.9,0.0,7740.0,1499.2,6240.8,TX,False,none
PE-EMP-00060-06,EMP-00060,2025-05-31,2025-06-29,151.5,0.0,7740.0,1996.0,5744.0,TX,False,none
PE-EMP-00061-01,EMP-00061,2025-01-01,2025-01-30,144.6,0.0,8920.0,2427.05,6492.95,CA,False,none
PE-EMP-00061-02,EMP-00061,2025-01-31,2025-03-01,154.1,0.0,8920.0,1799.95,7120.05,CA,False,none
PE-EMP-00061-03,EMP-00061,2025-03-02,2025-03-31,162.3,0.0,8920.0,2347.36,6572.64,CA,False,none
PE-EMP-00061-04,EMP-00061,2025-04-01,2025-04-30,159.3,0.0,8920.0,2103.92,6816.08,CA,False,none
PE-EMP-00061-05,EMP-00061,2025-05-01,2025-05-30,163.7,0.0,8920.0,2455.23,6464.77,CA,False,none
PE-EMP-00061-06,EMP-00061,2025-05-31,2025-06-29,159.7,0.0,8920.0,2241.19,6678.81,CA,False,none
PE-EMP-00062-01,EMP-00062,2025-01-01,2025-01-30,165.6,12.0,7565.24,1677.48,5887.76,federal,False,none
PE-EMP-00062-02,EMP-00062,2025-01-31,2025-03-01,140.5,1.7,6909.43,1334.37,5575.06,federal,False,none
PE-EMP-00062-03,EMP-00062,2025-03-02,2025-03-31,143.9,5.2,7130.88,1776.34,5354.54,federal,False,none
PE-EMP-00062-04,EMP-00062,2025-04-01,2025-04-30,154.6,6.6,7220.48,2012.77,5207.71,federal,False,none
PE-EMP-00062-05,EMP-00062,2025-05-01,2025-05-30,148.5,14.6,7725.4,1523.61,6201.79,federal,False,none
PE-EMP-00062-06,EMP-00062,2025-05-31,2025-06-29,143.6,11.2,7509.68,1440.8,6068.88,federal,False,none
PE-EMP-00063-01,EMP-00063,2025-01-01,2025-01-30,148.6,10.4,5157.75,1283.27,3874.48,TX,False,none
PE-EMP-00063-02,EMP-00063,2025-01-31,2025-03-01,151.9,3.1,4837.66,1345.41,3492.25,TX,False,none
PE-EMP-00063-03,EMP-00063,2025-03-02,2025-03-31,140.5,11.4,5203.2,994.71,4208.49,TX,False,none
PE-EMP-00063-04,EMP-00063,2025-04-01,2025-04-30,145.5,7.3,5018.99,1119.86,3899.13,TX,False,none
PE-EMP-00063-05-DUP,EMP-00063,2025-05-01,2025-05-30,156.6,0.5,4720.67,1161.19,3559.48,TX,True,duplicate_payment
PE-EMP-00063-06,EMP-00063,2025-05-31,2025-06-29,141.2,7.0,5008.97,1356.69,3652.28,TX,False,none
PE-EMP-00064-01,EMP-00064,2025-01-01,2025-01-30,142.7,4.5,4691.93,849.37,3842.56,federal,False,none
PE-EMP-00064-02,EMP-00064,2025-01-31,2025-03-01,156.5,1.9,4579.36,1099.87,3479.49,federal,False,none
PE-EMP-00064-03,EMP-00064,2025-03-02,2025-03-31,140.8,3.0,4627.61,1143.3,3484.31,federal,False,none
PE-EMP-00064-04,EMP-00064,2025-04-01,2025-04-30,147.8,2.2,4593.13,1169.5,3423.63,federal,False,none
PE-EMP-00064-05,EMP-00064,2025-05-01,2025-05-30,163.9,8.7,4867.96,1047.68,3820.28,federal,False,none
PE-EMP-00064-06,EMP-00064,2025-05-31,2025-06-29,154.1,11.7,4995.21,1205.32,3789.89,federal,False,none
PE-EMP-00065-01,EMP-00065,2025-01-01,2025-01-30,161.4,1.0,6452.42,1690.27,4762.15,NY,False,none
PE-EMP-00065-02,EMP-00065,2025-01-31,2025-03-01,167.0,7.9,6866.29,1727.43,5138.86,NY,False,none
PE-EMP-00065-03,EMP-00065,2025-03-02,2025-03-31,140.1,2.6,6545.38,1671.7,4873.68,NY,False,none
PE-EMP-00065-04,EMP-00065,2025-04-01,2025-04-30,165.8,10.9,7042.9,1918.65,5124.25,NY,False,none
PE-EMP-00065-05,EMP-00065,2025-05-01,2025-05-30,159.5,12.8,7156.09,1627.81,5528.28,NY,False,none
PE-EMP-00065-06,EMP-00065,2025-05-31,2025-06-29,143.0,2.8,6557.38,1621.98,4935.4,NY,False,none
PE-EMP-00066-01,EMP-00066,2025-01-01,2025-01-30,151.9,12.5,4534.35,1261.14,3273.21,DE_national,False,none
PE-EMP-00066-02,EMP-00066,2025-01-31,2025-03-01,161.3,7.7,4351.46,960.62,3390.84,DE_national,False,none
PE-EMP-00066-03,EMP-00066,2025-03-02,2025-03-31,154.6,4.7,4237.35,960.14,3277.21,DE_national,False,none
PE-EMP-00066-04,EMP-00066,2025-04-01,2025-04-30,148.1,7.4,4340.94,938.19,3402.75,DE_national,False,none
PE-EMP-00066-05,EMP-00066,2025-05-01,2025-05-30,153.8,10.8,4470.09,841.38,3628.71,DE_national,False,none
PE-EMP-00066-06,EMP-00066,2025-05-31,2025-06-29,160.6,5.8,4277.58,965.43,3312.15,DE_national,False,none
PE-EMP-00067-01,EMP-00067,2025-01-01,2025-01-30,146.3,10.3,7027.11,1855.92,5171.19,FL,False,none
PE-EMP-00067-02,EMP-00067,2025-01-31,2025-03-01,152.0,6.1,6775.01,1886.81,4888.2,FL,False,none
PE-EMP-00067-03,EMP-00067,2025-03-02,2025-03-31,162.5,12.9,7180.06,1934.85,5245.21,FL,False,none
PE-EMP-00067-04,EMP-00067,2025-04-01,2025-04-30,140.4,14.1,7254.23,1572.31,5681.92,FL,False,none
PE-EMP-00067-05,EMP-00067,2025-05-01,2025-05-30,151.1,10.1,7015.5,1734.3,5281.2,FL,False,none
PE-EMP-00067-06,EMP-00067,2025-05-31,2025-06-29,143.3,7.8,6878.98,1703.59,5175.39,FL,False,none
PE-EMP-00068-01,EMP-00068,2025-01-01,2025-01-30,159.5,0.0,7356.0,1614.5,5741.5,federal,False,none
PE-EMP-00068-02,EMP-00068,2025-01-31,2025-03-01,160.8,0.0,7356.0,2043.18,5312.82,federal,False,none
PE-EMP-00068-03,EMP-00068,2025-03-02,2025-03-31,144.7,0.0,7356.0,1980.55,5375.45,federal,False,none
PE-EMP-00068-04,EMP-00068,2025-04-01,2025-04-30,145.6,0.0,7356.0,1591.63,5764.37,federal,False,none
PE-EMP-00068-05,EMP-00068,2025-05-01,2025-05-30,163.6,0.0,7356.0,1471.39,5884.61,federal,False,none
PE-EMP-00068-06,EMP-00068,2025-05-31,2025-06-29,146.5,0.0,7356.0,1621.48,5734.52,federal,False,none
PE-EMP-00069-01,EMP-00069,2025-01-01,2025-01-30,161.4,6.4,4872.61,1120.27,3752.34,NY,False,none
PE-EMP-00069-02,EMP-00069,2025-01-31,2025-03-01,161.2,11.5,5093.27,1219.15,3874.12,NY,False,none
PE-EMP-00069-03,EMP-00069,2025-03-02,2025-03-31,150.0,12.0,5115.91,1403.41,3712.5,NY,False,none
PE-EMP-00069-04,EMP-00069,2025-04-01,2025-04-30,167.7,10.0,5029.07,1383.06,3646.01,NY,False,none
PE-EMP-00069-05,EMP-00069,2025-05-01,2025-05-30,152.7,7.7,4928.68,959.8,3968.88,NY,False,none
PE-EMP-00069-06,EMP-00069,2025-05-31,2025-06-29,146.5,1.8,4677.01,1070.73,3606.28,NY,False,none
PE-EMP-00070-01,EMP-00070,2025-01-01,2025-01-30,160.7,14.1,7485.99,1369.73,6116.26,NY,False,none
PE-EMP-00070-02,EMP-00070,2025-01-31,2025-03-01,140.7,12.5,7381.8,1696.44,5685.36,NY,False,none
PE-EMP-00070-03,EMP-00070,2025-03-02,2025-03-31,149.2,2.7,6776.48,1629.46,5147.02,NY,False,none
PE-EMP-00070-04,EMP-00070,2025-04-01,2025-04-30,161.3,4.5,6891.42,1669.95,5221.47,NY,False,none
PE-EMP-00070-05,EMP-00070,2025-05-01,2025-05-30,153.8,9.9,7224.5,1676.05,5548.45,NY,False,none
PE-EMP-00070-06,EMP-00070,2025-05-31,2025-06-29,153.9,7.0,7043.18,1474.53,5568.65,NY,False,none
PE-EMP-00071-01,EMP-00071,2025-01-01,2025-01-30,155.2,0.0,7094.0,1635.02,5458.98,NY,False,none
PE-EMP-00071-02,EMP-00071,2025-01-31,2025-03-01,155.1,0.0,7094.0,1851.17,5242.83,NY,False,none
PE-EMP-00071-03,EMP-00071,2025-03-02,2025-03-31,161.4,0.0,7094.0,1289.46,5804.54,NY,False,none
PE-EMP-00071-04,EMP-00071,2025-04-01,2025-04-30,164.6,0.0,7094.0,1979.73,5114.27,NY,False,none
PE-EMP-00071-05,EMP-00071,2025-05-01,2025-05-30,152.6,0.0,7094.0,1361.43,5732.57,NY,False,none
PE-EMP-00071-06,EMP-00071,2025-05-31,2025-06-29,152.4,0.0,7094.0,1881.95,5212.05,NY,False,none
PE-EMP-00072-01,EMP-00072,2025-01-01,2025-01-30,158.5,0.5,6031.36,1192.32,4839.04,UK_national,False,none
PE-EMP-00072-02,EMP-00072,2025-01-31,2025-03-01,144.6,11.7,6658.71,1787.66,4871.05,UK_national,False,none
PE-EMP-00072-03,EMP-00072,2025-03-02,2025-03-31,150.9,6.5,6364.45,1344.46,5019.99,UK_national,False,none
PE-EMP-00072-04,EMP-00072,2025-04-01,2025-04-30,153.7,11.5,6645.74,1574.28,5071.46,UK_national,False,none
PE-EMP-00072-05,EMP-00072,2025-05-01,2025-05-30,153.2,8.3,6468.33,1513.2,4955.13,UK_national,False,none
PE-EMP-00072-06,EMP-00072,2025-05-31,2025-06-29,141.6,8.4,6475.48,1266.81,5208.67,UK_national,False,none
PE-EMP-00073-01,EMP-00073,2025-01-01,2025-01-30,156.5,0.0,7371.0,1520.93,5850.07,UK_national,False,none
PE-EMP-00073-02,EMP-00073,2025-01-31,2025-03-01,158.9,0.0,7371.0,1605.25,5765.75,UK_national,False,none
PE-EMP-00073-03,EMP-00073,2025-03-02,2025-03-31,148.0,0.0,7371.0,1891.75,5479.25,UK_national,False,none
PE-EMP-00073-04,EMP-00073,2025-04-01,2025-04-30,156.5,0.0,7371.0,1372.06,5998.94,UK_national,False,none
PE-EMP-00073-05,EMP-00073,2025-05-01,2025-05-30,150.3,0.0,7371.0,1421.27,5949.73,UK_national,False,none
PE-EMP-00073-06,EMP-00073,2025-05-31,2025-06-29,156.4,0.0,7371.0,1923.5,5447.5,UK_national,False,none
PE-EMP-00074-01,EMP-00074,2025-01-01,2025-01-30,157.5,0.0,7819.0,2005.73,5813.27,WA,False,none
PE-EMP-00074-02,EMP-00074,2025-01-31,2025-03-01,152.0,0.0,7819.0,1704.99,6114.01,WA,False,none
PE-EMP-00074-03,EMP-00074,2025-03-02,2025-03-31,151.5,0.0,7819.0,2183.02,5635.98,WA,False,none
PE-EMP-00074-04,EMP-00074,2025-04-01,2025-04-30,146.8,0.0,7819.0,1451.56,6367.44,WA,False,none
PE-EMP-00074-05,EMP-00074,2025-05-01,2025-05-30,148.7,0.0,7819.0,1590.87,6228.13,WA,False,none
PE-EMP-00074-06,EMP-00074,2025-05-31,2025-06-29,159.3,0.0,7819.0,1473.84,6345.16,WA,False,none
PE-EMP-00075-01,EMP-00075,2025-01-01,2025-01-30,144.8,13.0,4788.4,916.73,3871.67,WA,False,none
PE-EMP-00075-02,EMP-00075,2025-01-31,2025-03-01,158.4,8.1,4590.08,843.37,3746.71,WA,False,none
PE-EMP-00075-03,EMP-00075,2025-03-02,2025-03-31,151.8,6.3,4520.5,1046.39,3474.11,WA,False,none
PE-EMP-00075-04,EMP-00075,2025-04-01,2025-04-30,140.6,0.3,4279.24,971.26,3307.98,WA,False,none
PE-EMP-00075-05,EMP-00075,2025-05-01,2025-05-30,149.0,4.7,4456.92,1056.45,3400.47,WA,False,none
PE-EMP-00075-06,EMP-00075,2025-05-31,2025-06-29,159.3,1.5,4325.64,989.86,3335.78,WA,False,none
PE-EMP-00076-01,EMP-00076,2025-01-01,2025-01-30,162.7,3.1,6821.98,1566.83,5255.15,TX,False,none
PE-EMP-00076-02,EMP-00076,2025-01-31,2025-03-01,148.4,10.0,7252.23,1426.24,5825.99,TX,False,none
PE-EMP-00076-03,EMP-00076,2025-03-02,2025-03-31,157.8,14.5,7533.84,1508.09,6025.75,TX,False,none
PE-EMP-00076-04,EMP-00076,2025-04-01,2025-04-30,163.8,14.6,7538.2,1413.65,6124.55,TX,False,none
PE-EMP-00076-05,EMP-00076,2025-05-01,2025-05-30,148.3,3.2,6829.6,1410.42,5419.18,TX,False,none
PE-EMP-00076-06,EMP-00076,2025-05-31,2025-06-29,157.5,8.6,7164.72,1866.13,5298.59,TX,False,none
PE-EMP-00077-01,EMP-00077,2025-01-01,2025-01-30,160.1,0.0,6993.0,1928.63,5064.37,WA,False,none
PE-EMP-00077-02,EMP-00077,2025-01-31,2025-03-01,156.6,0.0,6993.0,1663.07,5329.93,WA,False,none
PE-EMP-00077-03,EMP-00077,2025-03-02,2025-03-31,155.9,0.0,6993.0,1449.9,5543.1,WA,False,none
PE-EMP-00077-04,EMP-00077,2025-04-01,2025-04-30,152.0,0.0,6993.0,1630.11,5362.89,WA,False,none
PE-EMP-00077-05,EMP-00077,2025-05-01,2025-05-30,142.1,0.0,6993.0,1501.62,5491.38,WA,False,none
PE-EMP-00077-06,EMP-00077,2025-05-31,2025-06-29,154.1,0.0,6993.0,1834.78,5158.22,WA,False,none
PE-EMP-00078-01,EMP-00078,2025-01-01,2025-01-30,148.8,4.5,4327.11,1065.96,3261.15,DE_national,False,none
PE-EMP-00078-02,EMP-00078,2025-01-31,2025-03-01,154.4,6.2,4393.91,901.31,3492.6,DE_national,False,none
PE-EMP-00078-03,EMP-00078,2025-03-02,2025-03-31,164.7,10.1,4544.11,1066.76,3477.35,DE_national,False,none
PE-EMP-00078-04,EMP-00078,2025-04-01,2025-04-30,145.2,9.4,4518.58,1046.6,3471.98,DE_national,False,none
PE-EMP-00078-05,EMP-00078,2025-05-01,2025-05-30,163.1,7.5,4443.47,1093.45,3350.02,DE_national,False,none
PE-EMP-00078-06,EMP-00078,2025-05-31,2025-06-29,157.9,14.1,4699.73,971.87,3727.86,DE_national,False,none
PE-EMP-00079-01,EMP-00079,2025-01-01,2025-01-30,163.9,0.0,7590.0,1980.18,5609.82,NY,False,none
PE-EMP-00079-02,EMP-00079,2025-01-31,2025-03-01,166.2,0.0,7590.0,2054.49,5535.51,NY,False,none
PE-EMP-00079-03,EMP-00079,2025-03-02,2025-03-31,141.7,0.0,7590.0,1917.7,5672.3,NY,False,none
PE-EMP-00079-04,EMP-00079,2025-04-01,2025-04-30,152.9,0.0,7590.0,1518.49,6071.51,NY,False,none
PE-EMP-00079-05,EMP-00079,2025-05-01,2025-05-30,160.9,0.0,7590.0,1548.64,6041.36,NY,False,none
PE-EMP-00079-06,EMP-00079,2025-05-31,2025-06-29,163.6,0.0,7590.0,1947.24,5642.76,NY,False,none
PE-EMP-00080-01,EMP-00080,2025-01-01,2025-01-30,164.1,0.0,7988.0,1765.56,6222.44,FL,False,none
PE-EMP-00080-02,EMP-00080,2025-01-31,2025-03-01,157.7,0.0,7988.0,2165.66,5822.34,FL,False,none
PE-EMP-00080-03,EMP-00080,2025-03-02,2025-03-31,147.5,0.0,7988.0,2113.6,5874.4,FL,False,none
PE-EMP-00080-04,EMP-00080,2025-04-01,2025-04-30,144.5,0.0,7988.0,1667.13,6320.87,FL,False,none
PE-EMP-00080-05,EMP-00080,2025-05-01,2025-05-30,146.6,0.0,7988.0,1986.5,6001.5,FL,False,none
PE-EMP-00080-06,EMP-00080,2025-05-31,2025-06-29,144.2,0.0,7988.0,1628.34,6359.66,FL,False,none
PE-EMP-00081-01,EMP-00081,2025-01-01,2025-01-30,148.7,0.4,6070.56,1576.55,4494.01,CA,False,none
PE-EMP-00081-02,EMP-00081,2025-01-31,2025-03-01,151.8,7.3,6459.75,1803.11,4656.64,CA,False,none
PE-EMP-00081-03,EMP-00081,2025-03-02,2025-03-31,147.6,13.6,6817.13,1364.78,5452.35,CA,False,none
PE-EMP-00081-04,EMP-00081,2025-04-01,2025-04-30,147.8,0.4,6071.78,1572.39,4499.39,CA,False,none
PE-EMP-00081-05,EMP-00081,2025-05-01,2025-05-30,141.2,8.3,6515.3,1592.53,4922.77,CA,False,none
PE-EMP-00081-06,EMP-00081,2025-05-31,2025-06-29,141.5,10.8,6661.36,1720.12,4941.24,CA,False,none
PE-EMP-00082-01,EMP-00082,2025-01-01,2025-01-30,148.3,13.4,5187.81,1096.65,4091.16,UK_national,False,none
PE-EMP-00082-02,EMP-00082,2025-01-31,2025-03-01,165.1,1.0,4648.19,1280.62,3367.57,UK_national,False,none
PE-EMP-00082-03,EMP-00082,2025-03-02,2025-03-31,151.1,10.1,5042.15,1354.18,3687.97,UK_national,False,none
PE-EMP-00082-04,EMP-00082,2025-04-01,2025-04-30,146.6,12.6,5151.08,1361.3,3789.78,UK_national,False,none
PE-EMP-00082-05,EMP-00082,2025-05-01,2025-05-30,143.4,8.6,4976.91,1144.81,3832.1,UK_national,False,none
PE-EMP-00082-06,EMP-00082,2025-05-31,2025-06-29,161.7,10.0,5037.32,1199.09,3838.23,UK_national,False,none
PE-EMP-00083-01,EMP-00083,2025-01-01,2025-01-30,142.5,7.9,6710.58,1541.05,5169.53,UK_national,False,none
PE-EMP-00083-02,EMP-00083,2025-01-31,2025-03-01,148.8,9.0,6776.1,1743.62,5032.48,UK_national,False,none
PE-EMP-00083-03,EMP-00083,2025-03-02,2025-03-31,162.6,12.5,6980.43,1771.1,5209.33,UK_national,False,none
PE-EMP-00083-04,EMP-00083,2025-04-01,2025-04-30,146.1,11.2,6902.77,1888.25,5014.52,UK_national,False,none
PE-EMP-00083-05,EMP-00083,2025-05-01,2025-05-30,147.7,1.6,6342.86,1277.52,5065.34,UK_national,False,none
PE-EMP-00083-06,EMP-00083,2025-05-31,2025-06-29,141.6,6.1,6607.87,1759.61,4848.26,UK_national,False,none
PE-EMP-00084-01,EMP-00084,2025-01-01,2025-01-30,159.6,0.0,8180.0,1908.78,6271.22,FL,False,none
PE-EMP-00084-02,EMP-00084,2025-01-31,2025-03-01,155.3,0.0,8180.0,1564.8,6615.2,FL,False,none
PE-EMP-00084-03,EMP-00084,2025-03-02,2025-03-31,146.9,0.0,8180.0,1860.83,6319.17,FL,False,none
PE-EMP-00084-04,EMP-00084,2025-04-01,2025-04-30,162.0,0.0,8180.0,1699.59,6480.41,FL,False,none
PE-EMP-00084-05,EMP-00084,2025-05-01,2025-05-30,153.3,0.0,8180.0,1590.94,6589.06,FL,False,none
PE-EMP-00084-06,EMP-00084,2025-05-31,2025-06-29,148.6,0.0,8180.0,1773.21,6406.79,FL,False,none
PE-EMP-00085-01,EMP-00085,2025-01-01,2025-01-30,141.0,9.7,4545.19,1229.58,3315.61,NY,False,none
PE-EMP-00085-02,EMP-00085,2025-01-31,2025-03-01,141.5,11.1,4600.31,1195.59,3404.72,NY,False,none
PE-EMP-00085-03,EMP-00085,2025-03-02,2025-03-31,147.1,13.8,4704.62,1162.79,3541.83,NY,False,none
PE-EMP-00085-04,EMP-00085,2025-04-01,2025-04-30,159.6,5.8,4392.42,1071.29,3321.13,NY,False,none
PE-EMP-00085-05,EMP-00085,2025-05-01,2025-05-30,155.0,13.5,4696.24,1167.13,3529.11,NY,False,none
PE-EMP-00085-06,EMP-00085,2025-05-31,2025-06-29,140.2,3.5,4305.52,965.47,3340.05,NY,False,none
PE-EMP-00086-01,EMP-00086,2025-01-01,2025-01-30,165.7,14.4,5164.73,1408.68,3756.05,UK_national,False,none
PE-EMP-00086-02,EMP-00086,2025-01-31,2025-03-01,161.2,4.5,4742.52,1297.71,3444.81,UK_national,False,none
PE-EMP-00086-03,EMP-00086,2025-03-02,2025-03-31,144.5,4.5,4740.3,1260.64,3479.66,UK_national,False,none
PE-EMP-00086-04,EMP-00086,2025-04-01,2025-04-30,162.7,6.6,4830.79,1022.77,3808.02,UK_national,False,none
PE-EMP-00086-05,EMP-00086,2025-05-01,2025-05-30,147.7,9.7,4962.33,1284.9,3677.43,UK_national,False,none
PE-EMP-00086-06,EMP-00086,2025-05-31,2025-06-29,153.8,1.2,4601.25,1186.87,3414.38,UK_national,False,none
PE-EMP-00087-01,EMP-00087,2025-01-01,2025-01-30,149.3,11.1,4375.9,1193.09,3182.81,DE_national,False,none
PE-EMP-00087-02,EMP-00087,2025-01-31,2025-03-01,142.8,6.3,4200.5,1141.93,3058.57,DE_national,False,none
PE-EMP-00087-03,EMP-00087,2025-03-02,2025-03-31,141.9,2.4,4054.4,835.6,3218.8,DE_national,False,none
PE-EMP-00087-04,EMP-00087,2025-04-01,2025-04-30,155.3,6.3,4199.67,1062.19,3137.48,DE_national,False,none
PE-EMP-00087-05,EMP-00087,2025-05-01,2025-05-30,161.3,4.9,4147.2,1034.81,3112.39,DE_national,False,none
PE-EMP-00087-06,EMP-00087,2025-05-31,2025-06-29,152.4,9.6,4322.62,857.5,3465.12,DE_national,False,none
PE-EMP-00088-01,EMP-00088,2025-01-01,2025-01-30,140.1,0.0,7150.0,1745.39,5404.61,WA,False,none
PE-EMP-00088-02,EMP-00088,2025-01-31,2025-03-01,148.6,0.0,7150.0,1430.05,5719.95,WA,False,none
PE-EMP-00088-03,EMP-00088,2025-03-02,2025-03-31,143.1,0.0,7150.0,1698.7,5451.3,WA,False,none
PE-EMP-00088-04,EMP-00088,2025-04-01,2025-04-30,160.0,0.0,7150.0,1465.47,5684.53,WA,False,none
PE-EMP-00088-05,EMP-00088,2025-05-01,2025-05-30,158.2,0.0,7150.0,1835.84,5314.16,WA,False,none
PE-EMP-00088-06,EMP-00088,2025-05-31,2025-06-29,156.6,0.0,7150.0,1380.02,5769.98,WA,False,none
PE-EMP-00089-01,EMP-00089,2025-01-01,2025-01-30,166.3,0.0,7027.0,1553.19,5473.81,federal,False,none
PE-EMP-00089-02,EMP-00089,2025-01-31,2025-03-01,164.5,0.0,7027.0,1582.12,5444.88,federal,False,none
PE-EMP-00089-03,EMP-00089,2025-03-02,2025-03-31,144.9,0.0,7027.0,1358.68,5668.32,federal,False,none
PE-EMP-00089-04,EMP-00089,2025-04-01,2025-04-30,149.2,0.0,7027.0,1681.58,5345.42,federal,False,none
PE-EMP-00089-05,EMP-00089,2025-05-01,2025-05-30,142.4,0.0,7027.0,1462.88,5564.12,federal,False,none
PE-EMP-00089-06,EMP-00089,2025-05-31,2025-06-29,151.0,0.0,7027.0,1523.17,5503.83,federal,False,none
PE-EMP-00090-01,EMP-00090,2025-01-01,2025-01-30,163.4,0.0,8392.0,1827.21,6564.79,FL,False,none
PE-EMP-00090-02,EMP-00090,2025-01-31,2025-03-01,140.6,0.0,8392.0,1989.23,6402.77,FL,False,none
PE-EMP-00090-03,EMP-00090,2025-03-02,2025-03-31,155.6,0.0,8392.0,1529.84,6862.16,FL,False,none
PE-EMP-00090-04,EMP-00090,2025-04-01,2025-04-30,146.4,0.0,8392.0,2024.15,6367.85,FL,False,none
PE-EMP-00090-05,EMP-00090,2025-05-01,2025-05-30,152.9,0.0,8392.0,1585.23,6806.77,FL,False,none
PE-EMP-00090-06,EMP-00090,2025-05-31,2025-06-29,163.9,0.0,8392.0,1730.25,6661.75,FL,False,none
PE-EMP-00091-01,EMP-00091,2025-01-01,2025-01-30,156.8,0.7,6382.37,1543.26,4839.11,UK_national,False,none
PE-EMP-00091-02,EMP-00091,2025-01-31,2025-03-01,144.8,2.2,6471.02,1784.73,4686.29,UK_national,False,none
PE-EMP-00091-03,EMP-00091,2025-03-02,2025-03-31,154.7,8.5,6843.57,1241.5,5602.07,UK_national,False,none
PE-EMP-00091-04,EMP-00091,2025-04-01,2025-04-30,163.2,11.6,7027.28,1917.24,5110.04,UK_national,False,none
PE-EMP-00091-05,EMP-00091,2025-05-01,2025-05-30,145.7,7.4,6778.43,1372.28,5406.15,UK_national,False,none
PE-EMP-00091-06,EMP-00091,2025-05-31,2025-06-29,147.5,14.2,7181.2,1876.74,5304.46,UK_national,False,none
PE-EMP-00092-01,EMP-00092,2025-01-01,2025-01-30,152.1,11.2,5029.82,1097.54,3932.28,FL,False,none
PE-EMP-00092-02,EMP-00092,2025-01-31,2025-03-01,163.1,3.1,4684.25,944.14,3740.11,FL,False,none
PE-EMP-00092-03,EMP-00092,2025-03-02,2025-03-31,145.1,10.9,5017.18,998.1,4019.08,FL,False,none
PE-EMP-00092-04,EMP-00092,2025-04-01,2025-04-30,167.3,11.9,5059.28,925.23,4134.05,FL,False,none
PE-EMP-00092-05,EMP-00092,2025-05-01,2025-05-30,147.0,3.5,4702.74,1058.58,3644.16,FL,False,none
PE-EMP-00092-06,EMP-00092,2025-05-31,2025-06-29,142.4,8.7,4925.13,1205.3,3719.83,FL,False,none
PE-EMP-00093-01,EMP-00093,2025-01-01,2025-01-30,167.3,7.0,3950.36,1055.32,2895.04,DE_national,False,none
PE-EMP-00093-02,EMP-00093,2025-01-31,2025-03-01,150.7,6.0,3913.19,787.42,3125.77,DE_national,False,none
PE-EMP-00093-03,EMP-00093,2025-03-02,2025-03-31,142.0,6.3,3926.6,941.28,2985.32,DE_national,False,none
PE-EMP-00093-04,EMP-00093,2025-04-01,2025-04-30,166.1,8.4,3996.28,740.16,3256.12,DE_national,False,none
PE-EMP-00093-05,EMP-00093,2025-05-01,2025-05-30,157.0,7.1,3951.43,851.26,3100.17,DE_national,False,none
PE-EMP-00093-06,EMP-00093,2025-05-31,2025-06-29,159.9,10.1,4055.59,1055.37,3000.22,DE_national,False,none
PE-EMP-00094-01,EMP-00094,2025-01-01,2025-01-30,140.2,0.0,7199.0,1878.83,5320.17,FL,False,none
PE-EMP-00094-02,EMP-00094,2025-01-31,2025-03-01,150.7,0.0,7199.0,1659.04,5539.96,FL,False,none
PE-EMP-00094-03,EMP-00094,2025-03-02,2025-03-31,158.8,0.0,7199.0,1999.54,5199.46,FL,False,none
PE-EMP-00094-04,EMP-00094,2025-04-01,2025-04-30,165.0,0.0,7199.0,1391.02,5807.98,FL,False,none
PE-EMP-00094-05,EMP-00094,2025-05-01,2025-05-30,145.0,0.0,7199.0,1325.43,5873.57,FL,True,ghost_employee
PE-EMP-00094-06,EMP-00094,2025-05-31,2025-06-29,153.8,0.0,7199.0,1418.11,5780.89,FL,False,none
PE-EMP-00095-01,EMP-00095,2025-01-01,2025-01-30,153.1,0.0,7098.0,1518.39,5579.61,CA,False,none
PE-EMP-00095-02,EMP-00095,2025-01-31,2025-03-01,159.9,0.0,7098.0,1341.27,5756.73,CA,False,none
PE-EMP-00095-03,EMP-00095,2025-03-02,2025-03-31,147.3,0.0,7098.0,1584.93,5513.07,CA,False,none
PE-EMP-00095-04,EMP-00095,2025-04-01,2025-04-30,167.4,0.0,7098.0,1500.0,5598.0,CA,False,none
PE-EMP-00095-05,EMP-00095,2025-05-01,2025-05-30,167.3,0.0,7098.0,1631.98,5466.02,CA,False,none
PE-EMP-00095-06,EMP-00095,2025-05-31,2025-06-29,150.1,0.0,7098.0,1477.09,5620.91,CA,False,none
PE-EMP-00096-01,EMP-00096,2025-01-01,2025-01-30,147.4,6.5,4599.31,1243.1,3356.21,TX,False,none
PE-EMP-00096-02,EMP-00096,2025-01-31,2025-03-01,154.5,12.4,4842.96,1320.54,3522.42,TX,False,none
PE-EMP-00096-03,EMP-00096,2025-03-02,2025-03-31,160.6,6.5,4602.78,904.44,3698.34,TX,False,none
PE-EMP-00096-04,EMP-00096,2025-04-01,2025-04-30,155.6,7.4,4636.62,1275.09,3361.53,TX,False,none
PE-EMP-00096-05,EMP-00096,2025-05-01,2025-05-30,152.3,13.8,4899.84,1193.92,3705.92,TX,False,none
PE-EMP-00096-06,EMP-00096,2025-05-31,2025-06-29,145.1,2.8,4452.22,825.69,3626.53,TX,False,none
PE-EMP-00097-01,EMP-00097,2025-01-01,2025-01-30,144.6,0.0,8658.0,1965.58,6692.42,NY,False,none
PE-EMP-00097-02,EMP-00097,2025-01-31,2025-03-01,143.2,0.0,8658.0,1962.88,6695.12,NY,False,none
PE-EMP-00097-03,EMP-00097,2025-03-02,2025-03-31,153.9,0.0,8658.0,2333.48,6324.52,NY,False,none
PE-EMP-00097-04,EMP-00097,2025-04-01,2025-04-30,167.7,0.0,8658.0,1940.71,6717.29,NY,False,none
PE-EMP-00097-05,EMP-00097,2025-05-01,2025-05-30,152.8,0.0,8658.0,2044.03,6613.97,NY,False,none
PE-EMP-00097-06,EMP-00097,2025-05-31,2025-06-29,160.2,0.0,8658.0,1655.83,7002.17,NY,False,none
PE-EMP-00098-01,EMP-00098,2025-01-01,2025-01-30,145.7,2.2,6396.46,1374.99,5021.47,CA,False,none
PE-EMP-00098-02,EMP-00098,2025-01-31,2025-03-01,161.0,4.3,6516.35,1717.03,4799.32,CA,False,none
PE-EMP-00098-03,EMP-00098,2025-03-02,2025-03-31,158.6,12.3,6990.81,1652.1,5338.71,CA,False,none
PE-EMP-00098-04,EMP-00098,2025-04-01,2025-04-30,140.1,3.2,6453.15,1805.59,4647.56,CA,False,none
PE-EMP-00098-05,EMP-00098,2025-05-01,2025-05-30,165.8,11.5,6941.71,1374.85,5566.86,CA,False,none
PE-EMP-00098-06,EMP-00098,2025-05-31,2025-06-29,142.6,3.7,6482.9,1489.84,4993.06,CA,False,none
PE-EMP-00099-01,EMP-00099,2025-01-01,2025-01-30,148.0,0.0,7045.0,1499.64,5545.36,federal,False,none
PE-EMP-00099-02,EMP-00099,2025-01-31,2025-03-01,143.4,0.0,7045.0,1959.45,5085.55,federal,False,none
PE-EMP-00099-03,EMP-00099,2025-03-02,2025-03-31,166.0,0.0,7045.0,1531.27,5513.73,federal,False,none
PE-EMP-00099-04,EMP-00099,2025-04-01,2025-04-30,149.1,0.0,7045.0,1342.83,5702.17,federal,False,none
PE-EMP-00099-05,EMP-00099,2025-05-01,2025-05-30,152.9,0.0,7045.0,1288.44,5756.56,federal,False,none
PE-EMP-00099-06,EMP-00099,2025-05-31,2025-06-29,153.4,0.0,7045.0,1766.68,5278.32,federal,False,none
PE-EMP-00100-01,EMP-00100,2025-01-01,2025-01-30,147.5,0.0,7181.0,1743.8,5437.2,NY,False,none
PE-EMP-00100-02,EMP-00100,2025-01-31,2025-03-01,149.2,0.0,7181.0,1765.09,5415.91,NY,False,none
PE-EMP-00100-03,EMP-00100,2025-03-02,2025-03-31,157.4,0.0,7181.0,1324.07,5856.93,NY,False,none
PE-EMP-00100-04,EMP-00100,2025-04-01,2025-04-30,166.5,0.0,7181.0,1617.95,5563.05,NY,False,none
PE-EMP-00100-05,EMP-00100,2025-05-01,2025-05-30,165.4,0.0,7181.0,2010.55,5170.45,NY,False,none
PE-EMP-00100-06,EMP-00100,2025-05-31,2025-06-29,143.6,0.0,7181.0,1864.93,5316.07,NY,False,none
PE-EMP-00101-01,EMP-00101,2025-01-01,2025-01-30,162.4,0.0,7965.0,2121.3,5843.7,FL,False,none
PE-EMP-00101-02,EMP-00101,2025-01-31,2025-03-01,162.3,0.0,7965.0,1659.07,6305.93,FL,False,none
PE-EMP-00101-03,EMP-00101,2025-03-02,2025-03-31,155.3,0.0,7965.0,2026.14,5938.86,FL,False,none
PE-EMP-00101-04,EMP-00101,2025-04-01,2025-04-30,142.6,0.0,7965.0,1913.43,6051.57,FL,False,none
PE-EMP-00101-05,EMP-00101,2025-05-01,2025-05-30,146.7,0.0,7965.0,1636.94,6328.06,FL,False,none
PE-EMP-00101-06,EMP-00101,2025-05-31,2025-06-29,151.2,0.0,7965.0,2047.7,5917.3,FL,False,none
PE-EMP-00102-01,EMP-00102,2025-01-01,2025-01-30,145.8,0.0,8859.0,1612.79,7246.21,FL,False,none
PE-EMP-00102-02,EMP-00102,2025-01-31,2025-03-01,151.3,0.0,8859.0,1938.79,6920.21,FL,False,none
PE-EMP-00102-03,EMP-00102,2025-03-02,2025-03-31,166.7,0.0,8859.0,2167.95,6691.05,FL,False,none
PE-EMP-00102-04,EMP-00102,2025-04-01,2025-04-30,148.4,0.0,8859.0,1731.17,7127.83,FL,False,none
PE-EMP-00102-05,EMP-00102,2025-05-01,2025-05-30,160.6,0.0,8859.0,2304.31,6554.69,FL,False,none
PE-EMP-00102-06,EMP-00102,2025-05-31,2025-06-29,165.3,0.0,8859.0,2411.15,6447.85,FL,False,none
PE-EMP-00103-01,EMP-00103,2025-01-01,2025-01-30,150.1,0.0,7784.0,1870.89,5913.11,TX,False,none
PE-EMP-00103-02,EMP-00103,2025-01-31,2025-03-01,150.3,0.0,7784.0,1475.93,6308.07,TX,False,none
PE-EMP-00103-03,EMP-00103,2025-03-02,2025-03-31,152.5,0.0,7784.0,1556.7,6227.3,TX,False,none
PE-EMP-00103-04,EMP-00103,2025-04-01,2025-04-30,147.5,0.0,7784.0,1703.21,6080.79,TX,False,none
PE-EMP-00103-05,EMP-00103,2025-05-01,2025-05-30,142.5,0.0,7784.0,1868.43,5915.57,TX,False,none
PE-EMP-00103-06,EMP-00103,2025-05-31,2025-06-29,150.3,0.0,7784.0,1730.02,6053.98,TX,False,none
PE-EMP-00104-01,EMP-00104,2025-01-01,2025-01-30,157.7,0.0,8085.0,1605.97,6479.03,WA,False,none
PE-EMP-00104-02,EMP-00104,2025-01-31,2025-03-01,154.4,0.0,8085.0,1530.45,6554.55,WA,False,none
PE-EMP-00104-03,EMP-00104,2025-03-02,2025-03-31,158.9,0.0,8085.0,2242.19,5842.81,WA,False,none
PE-EMP-00104-04,EMP-00104,2025-04-01,2025-04-30,160.0,0.0,8085.0,1978.89,6106.11,WA,False,none
PE-EMP-00104-05,EMP-00104,2025-05-01,2025-05-30,154.8,0.0,8085.0,2207.74,5877.26,WA,False,none
PE-EMP-00104-06,EMP-00104,2025-05-31,2025-06-29,142.4,0.0,8085.0,1978.58,6106.42,WA,False,none
PE-EMP-00105-01,EMP-00105,2025-01-01,2025-01-30,162.4,7.0,6512.3,1223.78,5288.52,WA,False,none
PE-EMP-00105-02,EMP-00105,2025-01-31,2025-03-01,159.2,4.5,6368.1,1773.0,4595.1,WA,False,none
PE-EMP-00105-03,EMP-00105,2025-03-02,2025-03-31,152.0,4.5,6368.12,1304.61,5063.51,WA,False,none
PE-EMP-00105-04,EMP-00105,2025-04-01,2025-04-30,165.7,8.5,6598.5,1551.3,5047.2,WA,True,ghost_employee
PE-EMP-00105-05,EMP-00105,2025-05-01,2025-05-30,151.6,7.7,6551.14,1513.74,5037.4,WA,False,none
PE-EMP-00105-06,EMP-00105,2025-05-31,2025-06-29,162.8,7.0,6509.24,1640.53,4868.71,WA,False,none
PE-EMP-00106-01,EMP-00106,2025-01-01,2025-01-30,156.4,0.0,8964.0,1932.15,7031.85,UK_national,False,none
PE-EMP-00106-02,EMP-00106,2025-01-31,2025-03-01,140.5,0.0,8964.0,2302.53,6661.47,UK_national,False,none
PE-EMP-00106-03,EMP-00106,2025-03-02,2025-03-31,153.0,0.0,8964.0,2277.32,6686.68,UK_national,False,none
PE-EMP-00106-04,EMP-00106,2025-04-01,2025-04-30,163.6,0.0,8964.0,2318.25,6645.75,UK_national,False,none
PE-EMP-00106-05,EMP-00106,2025-05-01,2025-05-30,151.7,0.0,8964.0,1654.09,7309.91,UK_national,False,none
PE-EMP-00106-06,EMP-00106,2025-05-31,2025-06-29,148.8,0.0,8964.0,2244.92,6719.08,UK_national,False,none
PE-EMP-00107-01,EMP-00107,2025-01-01,2025-01-30,161.2,0.0,8870.0,2238.87,6631.13,WA,False,none
PE-EMP-00107-02,EMP-00107,2025-01-31,2025-03-01,162.6,0.0,8870.0,1995.7,6874.3,WA,False,none
PE-EMP-00107-03,EMP-00107,2025-03-02,2025-03-31,165.7,0.0,8870.0,1899.36,6970.64,WA,False,none
PE-EMP-00107-04,EMP-00107,2025-04-01,2025-04-30,145.9,0.0,8870.0,2315.08,6554.92,WA,False,none
PE-EMP-00107-05,EMP-00107,2025-05-01,2025-05-30,167.5,0.0,8870.0,1665.98,7204.02,WA,False,none
PE-EMP-00107-06,EMP-00107,2025-05-31,2025-06-29,158.9,0.0,8870.0,1826.61,7043.39,WA,False,none
PE-EMP-00108-01,EMP-00108,2025-01-01,2025-01-30,140.5,0.0,8677.0,1938.27,6738.73,UK_national,False,none
PE-EMP-00108-02,EMP-00108,2025-01-31,2025-03-01,140.4,0.0,8677.0,1904.54,6772.46,UK_national,False,none
PE-EMP-00108-03,EMP-00108,2025-03-02,2025-03-31,152.9,0.0,8677.0,2130.9,6546.1,UK_national,False,none
PE-EMP-00108-04,EMP-00108,2025-04-01,2025-04-30,158.4,0.0,8677.0,1913.36,6763.64,UK_national,False,none
PE-EMP-00108-05,EMP-00108,2025-05-01,2025-05-30,160.3,0.0,8677.0,2207.64,6469.36,UK_national,False,none
PE-EMP-00108-06,EMP-00108,2025-05-31,2025-06-29,162.8,0.0,8677.0,1824.6,6852.4,UK_national,False,none
PE-EMP-00109-01,EMP-00109,2025-01-01,2025-01-30,159.3,0.0,8842.0,2136.89,6705.11,UK_national,False,none
PE-EMP-00109-02,EMP-00109,2025-01-31,2025-03-01,158.9,0.0,8842.0,2443.17,6398.83,UK_national,False,none
PE-EMP-00109-03,EMP-00109,2025-03-02,2025-03-31,142.5,0.0,8842.0,2303.02,6538.98,UK_national,False,none
PE-EMP-00109-04,EMP-00109,2025-04-01,2025-04-30,145.3,0.0,8842.0,1711.03,7130.97,UK_national,False,none
PE-EMP-00109-05,EMP-00109,2025-05-01,2025-05-30,159.5,0.0,8842.0,2313.04,6528.96,UK_national,False,none
PE-EMP-00109-06,EMP-00109,2025-05-31,2025-06-29,140.8,0.0,8842.0,1757.99,7084.01,UK_national,False,none
PE-EMP-00110-01,EMP-00110,2025-01-01,2025-01-30,144.1,0.0,8724.0,1990.05,6733.95,DE_national,False,none
PE-EMP-00110-02,EMP-00110,2025-01-31,2025-03-01,163.6,0.0,8724.0,1781.25,6942.75,DE_national,False,none
PE-EMP-00110-03,EMP-00110,2025-03-02,2025-03-31,155.1,0.0,8724.0,2319.0,6405.0,DE_national,False,none
PE-EMP-00110-04,EMP-00110,2025-04-01,2025-04-30,161.6,0.0,8724.0,1645.43,7078.57,DE_national,False,none
PE-EMP-00110-05,EMP-00110,2025-05-01,2025-05-30,151.8,0.0,8724.0,1699.58,7024.42,DE_national,False,none
PE-EMP-00110-06,EMP-00110,2025-05-31,2025-06-29,165.3,0.0,8724.0,1671.92,7052.08,DE_national,False,none
PE-EMP-00111-01,EMP-00111,2025-01-01,2025-01-30,153.6,11.1,4609.85,1035.03,3574.82,DE_national,False,none
PE-EMP-00111-02,EMP-00111,2025-01-31,2025-03-01,146.8,0.3,4187.53,941.99,3245.54,DE_national,False,none
PE-EMP-00111-03,EMP-00111,2025-03-02,2025-03-31,151.0,4.4,4349.14,1143.58,3205.56,DE_national,False,none
PE-EMP-00111-04,EMP-00111,2025-04-01,2025-04-30,163.7,5.0,4372.05,831.85,3540.2,DE_national,False,none
PE-EMP-00111-05,EMP-00111,2025-05-01,2025-05-30,153.9,6.5,4429.57,981.45,3448.12,DE_national,False,none
PE-EMP-00111-06,EMP-00111,2025-05-31,2025-06-29,168.0,8.7,4515.82,1142.99,3372.83,DE_national,False,none
PE-EMP-00112-01,EMP-00112,2025-01-01,2025-01-30,151.2,0.0,8150.0,1497.17,6652.83,FL,False,none
PE-EMP-00112-02,EMP-00112,2025-01-31,2025-03-01,160.3,0.0,8150.0,1885.38,6264.62,FL,False,none
PE-EMP-00112-03,EMP-00112,2025-03-02,2025-03-31,165.3,0.0,8150.0,2229.25,5920.75,FL,False,none
PE-EMP-00112-04,EMP-00112,2025-04-01,2025-04-30,146.5,0.0,8150.0,2174.12,5975.88,FL,False,none
PE-EMP-00112-05,EMP-00112,2025-05-01,2025-05-30,140.5,0.0,8150.0,1516.47,6633.53,FL,False,none
PE-EMP-00112-06,EMP-00112,2025-05-31,2025-06-29,155.5,0.0,8150.0,1936.77,6213.23,FL,False,none
PE-EMP-00113-01,EMP-00113,2025-01-01,2025-01-30,158.2,0.0,7283.0,1506.01,5776.99,DE_national,False,none
PE-EMP-00113-02,EMP-00113,2025-01-31,2025-03-01,143.3,0.0,7283.0,1958.5,5324.5,DE_national,False,none
PE-EMP-00113-03,EMP-00113,2025-03-02,2025-03-31,158.1,0.0,7283.0,1764.45,5518.55,DE_national,False,none
PE-EMP-00113-04,EMP-00113,2025-04-01,2025-04-30,152.2,0.0,7283.0,1637.46,5645.54,DE_national,False,none
PE-EMP-00113-05,EMP-00113,2025-05-01,2025-05-30,160.3,0.0,7283.0,1428.44,5854.56,DE_national,False,none
PE-EMP-00113-06,EMP-00113,2025-05-31,2025-06-29,152.3,0.0,7283.0,1652.69,5630.31,DE_national,False,none
PE-EMP-00114-01,EMP-00114,2025-01-01,2025-01-30,159.2,7.6,4897.31,1169.31,3728.0,DE_national,False,none
PE-EMP-00114-02,EMP-00114,2025-01-31,2025-03-01,160.0,13.8,5163.49,1370.11,3793.38,DE_national,False,none
PE-EMP-00114-03-DUP,EMP-00114,2025-03-02,2025-03-31,160.2,7.0,4872.13,1307.28,3564.85,DE_national,True,duplicate_payment
PE-EMP-00114-04,EMP-00114,2025-04-01,2025-04-30,166.4,5.9,4821.93,1068.95,3752.98,DE_national,False,none
PE-EMP-00114-05,EMP-00114,2025-05-01,2025-05-30,153.2,9.8,4990.43,1078.06,3912.37,DE_national,False,none
PE-EMP-00114-06,EMP-00114,2025-05-31,2025-06-29,145.8,14.6,5195.12,1019.3,4175.82,DE_national,False,none
PE-EMP-00115-01,EMP-00115,2025-01-01,2025-01-30,153.5,10.4,7478.03,1410.5,6067.53,federal,False,none
PE-EMP-00115-02,EMP-00115,2025-01-31,2025-03-01,153.8,2.6,6982.1,1365.92,5616.18,federal,False,none
PE-EMP-00115-03,EMP-00115,2025-03-02,2025-03-31,153.8,11.9,7576.55,2078.29,5498.26,federal,False,none
PE-EMP-00115-04,EMP-00115,2025-04-01,2025-04-30,168.0,3.5,7040.98,1659.44,5381.54,federal,False,none
PE-EMP-00115-05,EMP-00115,2025-05-01,2025-05-30,159.0,5.4,7159.9,1475.52,5684.38,federal,False,none
PE-EMP-00115-06,EMP-00115,2025-05-31,2025-06-29,154.1,2.6,6983.46,1857.22,5126.24,federal,False,none
PE-EMP-00116-01,EMP-00116,2025-01-01,2025-01-30,149.5,0.0,7229.0,1884.47,5344.53,CA,False,none
PE-EMP-00116-02,EMP-00116,2025-01-31,2025-03-01,146.3,0.0,7229.0,1383.61,5845.39,CA,False,none
PE-EMP-00116-03,EMP-00116,2025-03-02,2025-03-31,153.6,0.0,7229.0,1707.48,5521.52,CA,False,none
PE-EMP-00116-04,EMP-00116,2025-04-01,2025-04-30,162.0,0.0,7229.0,2019.54,5209.46,CA,False,none
PE-EMP-00116-05,EMP-00116,2025-05-01,2025-05-30,161.6,0.0,7229.0,1857.4,5371.6,CA,False,none
PE-EMP-00116-06,EMP-00116,2025-05-31,2025-06-29,165.1,0.0,7229.0,1703.89,5525.11,CA,False,none
PE-EMP-00117-01,EMP-00117,2025-01-01,2025-01-30,164.5,0.0,8568.0,2273.44,6294.56,DE_national,False,none
PE-EMP-00117-02,EMP-00117,2025-01-31,2025-03-01,142.9,0.0,8568.0,2060.0,6508.0,DE_national,False,none
PE-EMP-00117-03,EMP-00117,2025-03-02,2025-03-31,166.5,0.0,8568.0,1585.44,6982.56,DE_national,False,none
PE-EMP-00117-04,EMP-00117,2025-04-01,2025-04-30,167.0,0.0,8568.0,2226.81,6341.19,DE_national,False,none
PE-EMP-00117-05,EMP-00117,2025-05-01,2025-05-30,167.3,0.0,8568.0,2189.78,6378.22,DE_national,False,none
PE-EMP-00117-06,EMP-00117,2025-05-31,2025-06-29,157.1,0.0,8568.0,2211.96,6356.04,DE_national,False,none
PE-EMP-00118-01,EMP-00118,2025-01-01,2025-01-30,155.7,12.9,4253.1,808.88,3444.22,CA,False,none
PE-EMP-00118-02,EMP-00118,2025-01-31,2025-03-01,143.3,7.6,4065.73,799.75,3265.98,CA,False,none
PE-EMP-00118-03,EMP-00118,2025-03-02,2025-03-31,160.4,3.1,3904.61,844.04,3060.57,CA,False,none
PE-EMP-00118-04,EMP-00118,2025-04-01,2025-04-30,154.0,10.6,4172.93,1069.09,3103.84,CA,False,none
PE-EMP-00118-05,EMP-00118,2025-05-01,2025-05-30,150.2,13.1,4259.56,832.44,3427.12,CA,False,none
PE-EMP-00118-06,EMP-00118,2025-05-31,2025-06-29,145.7,12.3,4232.16,813.84,3418.32,CA,False,none
PE-EMP-00119-01,EMP-00119,2025-01-01,2025-01-30,140.2,14.5,7589.72,1949.97,5639.75,WA,False,none
PE-EMP-00119-02,EMP-00119,2025-01-31,2025-03-01,148.0,12.5,11351.35,1696.86,5766.23,WA,True,rate_violation
PE-EMP-00119-03,EMP-00119,2025-03-02,2025-03-31,160.0,2.6,6839.85,1413.12,5426.73,WA,False,none
PE-EMP-00119-04,EMP-00119,2025-04-01,2025-04-30,146.9,6.2,7068.79,1717.32,5351.47,WA,False,none
PE-EMP-00119-05,EMP-00119,2025-05-01,2025-05-30,162.0,11.3,7386.44,1720.78,5665.66,WA,False,none
PE-EMP-00119-06,EMP-00119,2025-05-31,2025-06-29,165.7,2.1,6808.61,1517.52,5291.09,WA,False,none
PE-EMP-00120-01,EMP-00120,2025-01-01,2025-01-30,166.7,0.0,7463.0,2013.57,5449.43,UK_national,False,none
PE-EMP-00120-02,EMP-00120,2025-01-31,2025-03-01,159.1,0.0,7463.0,1728.55,5734.45,UK_national,False,none
PE-EMP-00120-03,EMP-00120,2025-03-02,2025-03-31,152.4,0.0,7463.0,2047.65,5415.35,UK_national,False,none
PE-EMP-00120-04,EMP-00120,2025-04-01,2025-04-30,160.1,0.0,7463.0,1918.1,5544.9,UK_national,False,none
PE-EMP-00120-05,EMP-00120,2025-05-01,2025-05-30,141.9,0.0,7463.0,1729.44,5733.56,UK_national,False,none
PE-EMP-00120-06,EMP-00120,2025-05-31,2025-06-29,151.2,0.0,7463.0,1595.82,5867.18,UK_national,False,none
PE-EMP-00121-01,EMP-00121,2025-01-01,2025-01-30,152.2,0.0,7013.0,1804.0,5209.0,WA,False,none
PE-EMP-00121-02,EMP-00121,2025-01-31,2025-03-01,141.0,0.0,7013.0,1538.14,5474.86,WA,True,rule_override
PE-EMP-00121-03,EMP-00121,2025-03-02,2025-03-31,144.2,0.0,7013.0,1909.3,5103.7,WA,False,none
PE-EMP-00121-04,EMP-00121,2025-04-01,2025-04-30,167.4,0.0,7013.0,1665.28,5347.72,WA,False,none
PE-EMP-00121-05,EMP-00121,2025-05-01,2025-05-30,162.4,0.0,7013.0,1949.65,5063.35,WA,False,none
PE-EMP-00121-06,EMP-00121,2025-05-31,2025-06-29,167.2,0.0,7013.0,1876.55,5136.45,WA,False,none
PE-EMP-00122-01,EMP-00122,2025-01-01,2025-01-30,159.6,6.3,6482.98,1741.19,4741.79,federal,False,none
PE-EMP-00122-02,EMP-00122,2025-01-31,2025-03-01,148.8,13.1,6874.04,1733.32,5140.72,federal,False,none
PE-EMP-00122-03,EMP-00122,2025-03-02,2025-03-31,165.2,5.2,6418.29,1686.09,4732.2,federal,False,none
PE-EMP-00122-04,EMP-00122,2025-04-01,2025-04-30,151.3,9.2,6647.5,1294.18,5353.32,federal,False,none
PE-EMP-00122-05,EMP-00122,2025-05-01,2025-05-30,157.5,9.7,6676.32,1794.31,4882.01,federal,False,none
PE-EMP-00122-06,EMP-00122,2025-05-31,2025-06-29,149.7,9.3,6654.2,1491.97,5162.23,federal,False,none
PE-EMP-00123-01,EMP-00123,2025-01-01,2025-01-30,161.7,12.2,7000.29,1714.2,5286.09,DE_national,False,none
PE-EMP-00123-02,EMP-00123,2025-01-31,2025-03-01,155.0,13.2,11381.34,1330.56,5730.82,DE_national,True,rate_violation
PE-EMP-00123-03,EMP-00123,2025-03-02,2025-03-31,164.6,5.8,6627.58,1669.41,4958.17,DE_national,False,none
PE-EMP-00123-04,EMP-00123,2025-04-01,2025-04-30,146.0,7.8,6742.86,1578.36,5164.5,DE_national,True,ghost_employee
PE-EMP-00123-05,EMP-00123,2025-05-01,2025-05-30,149.5,7.7,6735.09,1422.62,5312.47,DE_national,False,none
PE-EMP-00123-06,EMP-00123,2025-05-31,2025-06-29,164.9,9.5,6844.66,1248.07,5596.59,DE_national,False,none
PE-EMP-00124-01,EMP-00124,2025-01-01,2025-01-30,147.2,0.0,7603.0,1779.05,5823.95,FL,False,none
PE-EMP-00124-02,EMP-00124,2025-01-31,2025-03-01,148.5,0.0,7603.0,2001.28,5601.72,FL,False,none
PE-EMP-00124-03,EMP-00124,2025-03-02,2025-03-31,154.1,0.0,7603.0,1689.95,5913.05,FL,False,none
PE-EMP-00124-04,EMP-00124,2025-04-01,2025-04-30,163.6,0.0,7603.0,1925.07,5677.93,FL,False,none
PE-EMP-00124-05,EMP-00124,2025-05-01,2025-05-30,154.2,0.0,7603.0,1566.03,6036.97,FL,False,none
PE-EMP-00124-06,EMP-00124,2025-05-31,2025-06-29,161.2,0.0,7603.0,1462.68,6140.32,FL,False,none
PE-EMP-00125-01,EMP-00125,2025-01-01,2025-01-30,152.6,0.0,7425.0,2035.45,5389.55,CA,False,none
PE-EMP-00125-02,EMP-00125,2025-01-31,2025-03-01,140.1,0.0,7425.0,1761.53,5663.47,CA,False,none
PE-EMP-00125-03,EMP-00125,2025-03-02,2025-03-31,146.6,0.0,7425.0,1588.19,5836.81,CA,False,none
PE-EMP-00125-04,EMP-00125,2025-04-01,2025-04-30,156.3,0.0,7425.0,1890.23,5534.77,CA,False,none
PE-EMP-00125-05,EMP-00125,2025-05-01,2025-05-30,166.3,0.0,7425.0,1867.13,5557.87,CA,False,none
PE-EMP-00125-06,EMP-00125,2025-05-31,2025-06-29,163.6,0.0,7425.0,1830.65,5594.35,CA,False,none
PE-EMP-00126-01,EMP-00126,2025-01-01,2025-01-30,158.7,3.5,6781.91,1423.66,5358.25,CA,False,none
PE-EMP-00126-02,EMP-00126,2025-01-31,2025-03-01,143.9,12.2,7318.6,1736.53,5582.07,CA,False,none
PE-EMP-00126-03,EMP-00126,2025-03-02,2025-03-31,142.9,5.7,6914.72,1754.62,5160.1,CA,False,none
PE-EMP-00126-04,EMP-00126,2025-04-01,2025-04-30,161.8,7.7,7042.86,1403.33,5639.53,CA,False,none
PE-EMP-00126-05,EMP-00126,2025-05-01,2025-05-30,151.9,6.8,6985.48,1359.76,5625.72,CA,False,none
PE-EMP-00126-06,EMP-00126,2025-05-31,2025-06-29,151.9,6.2,6946.47,1314.44,5632.03,CA,False,none
PE-EMP-00127-01,EMP-00127,2025-01-01,2025-01-30,142.2,2.0,6707.48,1351.41,5356.07,CA,False,none
PE-EMP-00127-02,EMP-00127,2025-01-31,2025-03-01,155.7,10.2,7213.94,1589.05,5624.89,CA,False,none
PE-EMP-00127-03,EMP-00127,2025-03-02,2025-03-31,156.4,11.7,7308.42,1952.82,5355.6,CA,False,none
PE-EMP-00127-04,EMP-00127,2025-04-01,2025-04-30,159.3,9.5,7176.55,2006.93,5169.62,CA,False,none
PE-EMP-00127-05,EMP-00127,2025-05-01,2025-05-30,151.7,14.2,7464.96,1889.92,5575.04,CA,False,none
PE-EMP-00127-06,EMP-00127,2025-05-31,2025-06-29,153.6,2.4,6737.84,1553.6,5184.24,CA,False,none
PE-EMP-00128-01,EMP-00128,2025-01-01,2025-01-30,154.4,6.9,4138.25,1145.48,2992.77,federal,False,none
PE-EMP-00128-02,EMP-00128,2025-01-31,2025-03-01,152.8,7.9,4177.31,1042.02,3135.29,federal,False,none
PE-EMP-00128-03,EMP-00128,2025-03-02,2025-03-31,155.7,0.5,3905.83,764.31,3141.52,federal,False,none
PE-EMP-00128-04,EMP-00128,2025-04-01,2025-04-30,163.9,13.8,4391.94,842.71,3549.23,federal,False,none
PE-EMP-00128-05,EMP-00128,2025-05-01,2025-05-30,148.1,1.7,3948.33,856.62,3091.71,federal,False,none
PE-EMP-00128-06,EMP-00128,2025-05-31,2025-06-29,148.5,7.8,4173.83,800.43,3373.4,federal,False,none
PE-EMP-00129-01,EMP-00129,2025-01-01,2025-01-30,148.2,0.0,7110.0,1546.04,5563.96,NY,False,none
PE-EMP-00129-02,EMP-00129,2025-01-31,2025-03-01,144.0,0.0,7110.0,1299.69,5810.31,NY,False,none
PE-EMP-00129-03,EMP-00129,2025-03-02,2025-03-31,151.8,0.0,7110.0,1837.08,5272.92,NY,False,none
PE-EMP-00129-04,EMP-00129,2025-04-01,2025-04-30,148.5,0.0,7110.0,1945.88,5164.12,NY,False,none
PE-EMP-00129-05,EMP-00129,2025-05-01,2025-05-30,145.1,0.0,7110.0,1481.36,5628.64,NY,False,none
PE-EMP-00129-06,EMP-00129,2025-05-31,2025-06-29,140.1,0.0,7110.0,1805.7,5304.3,NY,False,none
PE-EMP-00130-01,EMP-00130,2025-01-01,2025-01-30,141.9,0.0,8830.0,2072.88,6757.12,TX,False,none
PE-EMP-00130-02,EMP-00130,2025-01-31,2025-03-01,153.5,0.0,8830.0,1628.85,7201.15,TX,False,none
PE-EMP-00130-03,EMP-00130,2025-03-02,2025-03-31,152.7,0.0,8830.0,1862.87,6967.13,TX,False,none
PE-EMP-00130-04,EMP-00130,2025-04-01,2025-04-30,150.6,0.0,8830.0,1887.7,6942.3,TX,False,none
PE-EMP-00130-05,EMP-00130,2025-05-01,2025-05-30,163.3,0.0,8830.0,2326.23,6503.77,TX,False,none
PE-EMP-00130-06,EMP-00130,2025-05-31,2025-06-29,143.9,0.0,8830.0,1706.67,7123.33,TX,False,none
PE-EMP-00131-01,EMP-00131,2025-01-01,2025-01-30,161.3,0.0,7271.0,1771.55,5499.45,NY,False,none
PE-EMP-00131-02,EMP-00131,2025-01-31,2025-03-01,144.2,0.0,7271.0,1793.92,5477.08,NY,False,none
PE-EMP-00131-03,EMP-00131,2025-03-02,2025-03-31,142.5,0.0,7271.0,1838.01,5432.99,NY,False,none
PE-EMP-00131-04,EMP-00131,2025-04-01,2025-04-30,157.5,0.0,7271.0,1763.05,5507.95,NY,False,none
PE-EMP-00131-05,EMP-00131,2025-05-01,2025-05-30,165.2,0.0,7271.0,1590.34,5680.66,NY,False,none
PE-EMP-00131-06,EMP-00131,2025-05-31,2025-06-29,141.3,0.0,7271.0,1555.27,5715.73,NY,False,none
PE-EMP-00132-01,EMP-00132,2025-01-01,2025-01-30,152.4,0.0,8230.0,2033.18,6196.82,DE_national,False,none
PE-EMP-00132-02,EMP-00132,2025-01-31,2025-03-01,142.5,0.0,8230.0,1709.68,6520.32,DE_national,False,none
PE-EMP-00132-03,EMP-00132,2025-03-02,2025-03-31,140.7,0.0,8230.0,1617.7,6612.3,DE_national,False,none
PE-EMP-00132-04,EMP-00132,2025-04-01,2025-04-30,161.6,0.0,8230.0,1999.98,6230.02,DE_national,False,none
PE-EMP-00132-05,EMP-00132,2025-05-01,2025-05-30,158.1,0.0,8230.0,1735.58,6494.42,DE_national,False,none
PE-EMP-00132-06,EMP-00132,2025-05-31,2025-06-29,142.4,0.0,8230.0,2011.34,6218.66,DE_national,False,none
PE-EMP-00133-01,EMP-00133,2025-01-01,2025-01-30,155.2,0.0,7324.0,2017.89,5306.11,CA,False,none
PE-EMP-00133-02,EMP-00133,2025-01-31,2025-03-01,166.8,0.0,7324.0,1873.2,5450.8,CA,False,none
PE-EMP-00133-03,EMP-00133,2025-03-02,2025-03-31,161.0,0.0,7324.0,1700.45,5623.55,CA,False,none
PE-EMP-00133-04,EMP-00133,2025-04-01,2025-04-30,140.5,0.0,7324.0,1686.45,5637.55,CA,False,none
PE-EMP-00133-05,EMP-00133,2025-05-01,2025-05-30,154.9,0.0,7324.0,1800.43,5523.57,CA,False,none
PE-EMP-00133-06,EMP-00133,2025-05-31,2025-06-29,147.7,0.0,7324.0,2023.16,5300.84,CA,False,none
PE-EMP-00134-01,EMP-00134,2025-01-01,2025-01-30,163.5,3.1,6338.28,1666.77,4671.51,NY,False,none
PE-EMP-00134-02,EMP-00134,2025-01-31,2025-03-01,154.9,8.7,6662.04,1255.56,5406.48,NY,False,none
PE-EMP-00134-03,EMP-00134,2025-03-02,2025-03-31,153.8,4.8,6437.57,1537.87,4899.7,NY,False,none
PE-EMP-00134-04,EMP-00134,2025-04-01,2025-04-30,145.1,14.0,6968.95,1491.33,5477.62,NY,False,none
PE-EMP-00134-05,EMP-00134,2025-05-01,2025-05-30,150.7,0.4,6180.84,1438.84,4742.0,NY,False,none
PE-EMP-00134-06,EMP-00134,2025-05-31,2025-06-29,155.2,1.4,6238.85,1734.27,4504.58,NY,False,none
PE-EMP-00135-01,EMP-00135,2025-01-01,2025-01-30,161.5,4.3,6675.54,1323.54,5352.0,CA,False,none
PE-EMP-00135-02,EMP-00135,2025-01-31,2025-03-01,159.0,2.3,6557.2,1804.65,4752.55,CA,False,none
PE-EMP-00135-03,EMP-00135,2025-03-02,2025-03-31,145.1,0.9,6471.17,1786.77,4684.4,CA,False,none
PE-EMP-00135-04,EMP-00135,2025-04-01,2025-04-30,142.8,10.7,7061.78,1481.58,5580.2,CA,False,none
PE-EMP-00135-05,EMP-00135,2025-05-01,2025-05-30,147.2,2.1,6546.58,1763.0,4783.58,CA,False,none
PE-EMP-00135-06,EMP-00135,2025-05-31,2025-06-29,141.5,14.1,7267.8,1961.94,5305.86,CA,False,none
PE-EMP-00136-01,EMP-00136,2025-01-01,2025-01-30,156.7,0.0,7537.0,1537.26,5999.74,CA,False,none
PE-EMP-00136-02,EMP-00136,2025-01-31,2025-03-01,154.2,0.0,7537.0,1534.9,6002.1,CA,False,none
PE-EMP-00136-03,EMP-00136,2025-03-02,2025-03-31,166.6,0.0,7537.0,1736.84,5800.16,CA,False,none
PE-EMP-00136-04,EMP-00136,2025-04-01,2025-04-30,148.9,0.0,7537.0,1559.62,5977.38,CA,False,none
PE-EMP-00136-05,EMP-00136,2025-05-01,2025-05-30,141.8,0.0,7537.0,1773.55,5763.45,CA,False,none
PE-EMP-00136-06,EMP-00136,2025-05-31,2025-06-29,157.7,0.0,7537.0,1378.45,6158.55,CA,False,none
PE-EMP-00137-01,EMP-00137,2025-01-01,2025-01-30,140.5,0.0,7646.0,2074.92,5571.08,FL,False,none
PE-EMP-00137-02,EMP-00137,2025-01-31,2025-03-01,156.4,0.0,7646.0,1799.93,5846.07,FL,False,none
PE-EMP-00137-03,EMP-00137,2025-03-02,2025-03-31,161.4,0.0,7646.0,1453.89,6192.11,FL,False,none
PE-EMP-00137-04,EMP-00137,2025-04-01,2025-04-30,143.5,0.0,7646.0,1874.46,5771.54,FL,False,none
PE-EMP-00137-05,EMP-00137,2025-05-01,2025-05-30,152.5,0.0,7646.0,1810.76,5835.24,FL,False,none
PE-EMP-00137-06,EMP-00137,2025-05-31,2025-06-29,154.0,0.0,7646.0,2023.34,5622.66,FL,False,none
PE-EMP-00138-01,EMP-00138,2025-01-01,2025-01-30,144.0,0.0,7857.0,2029.37,5827.63,NY,False,none
PE-EMP-00138-02,EMP-00138,2025-01-31,2025-03-01,144.7,0.0,7857.0,1838.88,6018.12,NY,False,none
PE-EMP-00138-03,EMP-00138,2025-03-02,2025-03-31,166.7,0.0,7857.0,1606.88,6250.12,NY,False,none
PE-EMP-00138-04,EMP-00138,2025-04-01,2025-04-30,155.5,0.0,7857.0,2169.59,5687.41,NY,False,none
PE-EMP-00138-05,EMP-00138,2025-05-01,2025-05-30,162.8,0.0,7857.0,1447.1,6409.9,NY,False,none
PE-EMP-00138-06,EMP-00138,2025-05-31,2025-06-29,157.4,0.0,7857.0,2169.41,5687.59,NY,False,none
PE-EMP-00139-01,EMP-00139,2025-01-01,2025-01-30,141.7,9.8,6617.62,1301.94,5315.68,NY,False,none
PE-EMP-00139-02,EMP-00139,2025-01-31,2025-03-01,147.0,13.8,6846.69,1419.53,5427.16,NY,False,none
PE-EMP-00139-03,EMP-00139,2025-03-02,2025-03-31,163.6,10.2,6640.58,1858.86,4781.72,NY,False,none
PE-EMP-00139-04,EMP-00139,2025-04-01,2025-04-30,147.9,3.2,6242.34,1648.4,4593.94,NY,True,ghost_employee
PE-EMP-00139-05,EMP-00139,2025-05-01,2025-05-30,142.0,2.4,6198.58,1446.8,4751.78,NY,False,none
PE-EMP-00139-06,EMP-00139,2025-05-31,2025-06-29,163.3,1.3,6137.47,1533.4,4604.07,NY,False,none
PE-EMP-00140-01,EMP-00140,2025-01-01,2025-01-30,168.0,0.0,7179.0,1812.75,5366.25,NY,False,none
PE-EMP-00140-02,EMP-00140,2025-01-31,2025-03-01,145.9,0.0,7179.0,1922.74,5256.26,NY,False,none
PE-EMP-00140-03,EMP-00140,2025-03-02,2025-03-31,162.5,0.0,7179.0,1654.63,5524.37,NY,False,none
PE-EMP-00140-04,EMP-00140,2025-04-01,2025-04-30,166.5,0.0,7179.0,1926.79,5252.21,NY,False,none
PE-EMP-00140-05,EMP-00140,2025-05-01,2025-05-30,167.4,0.0,7179.0,1748.21,5430.79,NY,False,none
PE-EMP-00140-06,EMP-00140,2025-05-31,2025-06-29,147.6,0.0,7179.0,1800.32,5378.68,NY,False,none
PE-EMP-00141-01,EMP-00141,2025-01-01,2025-01-30,145.9,9.9,4134.23,877.13,3257.1,DE_national,False,none
PE-EMP-00141-02,EMP-00141,2025-01-31,2025-03-01,165.6,14.4,4292.03,913.54,3378.49,DE_national,False,none
PE-EMP-00141-03,EMP-00141,2025-03-02,2025-03-31,157.0,2.0,3853.12,1048.92,2804.2,DE_national,False,none
PE-EMP-00141-04,EMP-00141,2025-04-01,2025-04-30,144.9,0.1,3784.28,684.8,3099.48,DE_national,False,none
PE-EMP-00141-05,EMP-00141,2025-05-01,2025-05-30,153.7,8.3,4077.59,1017.97,3059.62,DE_national,False,none
PE-EMP-00141-06,EMP-00141,2025-05-31,2025-06-29,164.5,5.9,3990.9,750.75,3240.15,DE_national,False,none
PE-EMP-00142-01,EMP-00142,2025-01-01,2025-01-30,155.1,0.0,8026.0,1967.39,6058.61,WA,False,none
PE-EMP-00142-02,EMP-00142,2025-01-31,2025-03-01,162.8,0.0,8026.0,2161.06,5864.94,WA,False,none
PE-EMP-00142-03,EMP-00142,2025-03-02,2025-03-31,143.5,0.0,8026.0,1801.98,6224.02,WA,False,none
PE-EMP-00142-04,EMP-00142,2025-04-01,2025-04-30,150.5,0.0,8026.0,2224.84,5801.16,WA,False,none
PE-EMP-00142-05,EMP-00142,2025-05-01,2025-05-30,150.8,0.0,8026.0,1927.29,6098.71,WA,False,none
PE-EMP-00142-06,EMP-00142,2025-05-31,2025-06-29,162.7,0.0,8026.0,2118.18,5907.82,WA,False,none
PE-EMP-00143-01,EMP-00143,2025-01-01,2025-01-30,150.4,14.8,7719.13,1485.75,6233.38,CA,False,none
PE-EMP-00143-02,EMP-00143,2025-01-31,2025-03-01,160.8,2.9,6965.03,1260.23,5704.8,CA,False,none
PE-EMP-00143-03,EMP-00143,2025-03-02,2025-03-31,159.9,11.4,7504.21,1861.46,5642.75,CA,False,none
PE-EMP-00143-04,EMP-00143,2025-04-01,2025-04-30,157.5,2.9,6963.62,1821.88,5141.74,CA,False,none
PE-EMP-00143-05,EMP-00143,2025-05-01,2025-05-30,167.4,12.1,7551.89,1526.35,6025.54,CA,False,none
PE-EMP-00143-06,EMP-00143,2025-05-31,2025-06-29,153.8,14.5,7703.39,1414.96,6288.43,CA,False,none
PE-EMP-00144-01,EMP-00144,2025-01-01,2025-01-30,140.2,10.6,4724.63,1136.76,3587.87,TX,False,none
PE-EMP-00144-02,EMP-00144,2025-01-31,2025-03-01,143.1,14.8,4894.03,1193.38,3700.65,TX,False,none
PE-EMP-00144-03,EMP-00144,2025-03-02,2025-03-31,144.8,4.2,4466.67,1027.48,3439.19,TX,False,none
PE-EMP-00144-04,EMP-00144,2025-04-01,2025-04-30,158.8,2.9,4416.14,1121.18,3294.96,TX,False,none
PE-EMP-00144-05,EMP-00144,2025-05-01,2025-05-30,156.5,9.0,4663.53,921.29,3742.24,TX,False,none
PE-EMP-00144-06,EMP-00144,2025-05-31,2025-06-29,166.1,11.2,4749.98,915.53,3834.45,TX,False,none
PE-EMP-00145-01,EMP-00145,2025-01-01,2025-01-30,160.4,12.8,4613.4,1236.85,3376.55,federal,False,none
PE-EMP-00145-02,EMP-00145,2025-01-31,2025-03-01,140.6,4.1,4276.86,1132.37,3144.49,federal,False,none
PE-EMP-00145-03,EMP-00145,2025-03-02,2025-03-31,157.2,14.5,4679.61,1159.48,3520.13,federal,False,none
PE-EMP-00145-04,EMP-00145,2025-04-01,2025-04-30,140.1,10.2,4512.18,1210.66,3301.52,federal,False,none
PE-EMP-00145-05,EMP-00145,2025-05-01,2025-05-30,158.2,6.4,4365.34,1079.59,3285.75,federal,False,none
PE-EMP-00145-06,EMP-00145,2025-05-31,2025-06-29,163.6,12.8,4612.46,979.22,3633.24,federal,False,none
PE-EMP-00146-01,EMP-00146,2025-01-01,2025-01-30,143.4,0.0,7121.0,1571.52,5549.48,federal,False,none
PE-EMP-00146-02,EMP-00146,2025-01-31,2025-03-01,153.9,0.0,7121.0,1650.86,5470.14,federal,False,none
PE-EMP-00146-03,EMP-00146,2025-03-02,2025-03-31,141.2,0.0,7121.0,1650.12,5470.88,federal,False,none
PE-EMP-00146-04,EMP-00146,2025-04-01,2025-04-30,141.3,0.0,7121.0,1795.36,5325.64,federal,False,none
PE-EMP-00146-05,EMP-00146,2025-05-01,2025-05-30,154.9,0.0,7121.0,1935.77,5185.23,federal,False,none
PE-EMP-00146-06,EMP-00146,2025-05-31,2025-06-29,151.0,0.0,7121.0,1506.98,5614.02,federal,False,none
PE-EMP-00147-01,EMP-00147,2025-01-01,2025-01-30,164.6,0.0,6790.0,1449.47,5340.53,DE_national,False,none
PE-EMP-00147-02-DUP,EMP-00147,2025-01-31,2025-03-01,167.7,0.0,6790.0,1770.61,5019.39,DE_national,True,duplicate_payment
PE-EMP-00147-03,EMP-00147,2025-03-02,2025-03-31,159.3,0.0,6790.0,1375.4,5414.6,DE_national,False,none
PE-EMP-00147-04,EMP-00147,2025-04-01,2025-04-30,165.7,0.0,6790.0,1872.53,4917.47,DE_national,False,none
PE-EMP-00147-05,EMP-00147,2025-05-01,2025-05-30,149.2,0.0,6790.0,1355.88,5434.12,DE_national,False,none
PE-EMP-00147-06,EMP-00147,2025-05-31,2025-06-29,157.5,0.0,6790.0,1264.87,5525.13,DE_national,False,none
PE-EMP-00148-01,EMP-00148,2025-01-01,2025-01-30,152.1,0.0,7585.0,1386.44,6198.56,UK_national,False,none
PE-EMP-00148-02,EMP-00148,2025-01-31,2025-03-01,162.3,0.0,7585.0,1383.52,6201.48,UK_national,False,none
PE-EMP-00148-03,EMP-00148,2025-03-02,2025-03-31,163.5,0.0,7585.0,2074.54,5510.46,UK_national,False,none
PE-EMP-00148-04,EMP-00148,2025-04-01,2025-04-30,153.3,0.0,7585.0,1552.77,6032.23,UK_national,False,none
PE-EMP-00148-05,EMP-00148,2025-05-01,2025-05-30,163.3,0.0,7585.0,2092.55,5492.45,UK_national,False,none
PE-EMP-00148-06,EMP-00148,2025-05-31,2025-06-29,154.6,0.0,7585.0,1988.51,5596.49,UK_national,False,none
PE-EMP-00149-01,EMP-00149,2025-01-01,2025-01-30,142.0,0.0,8192.0,1668.5,6523.5,CA,False,none
PE-EMP-00149-02,EMP-00149,2025-01-31,2025-03-01,152.3,0.0,8192.0,1966.05,6225.95,CA,False,none
PE-EMP-00149-03,EMP-00149,2025-03-02,2025-03-31,152.5,0.0,8192.0,1552.93,6639.07,CA,False,none
PE-EMP-00149-04,EMP-00149,2025-04-01,2025-04-30,167.3,0.0,8192.0,1576.82,6615.18,CA,False,none
PE-EMP-00149-05,EMP-00149,2025-05-01,2025-05-30,150.6,0.0,8192.0,2225.53,5966.47,CA,False,none
PE-EMP-00149-06,EMP-00149,2025-05-31,2025-06-29,159.4,0.0,8192.0,2203.72,5988.28,CA,False,none
PE-EMP-00150-01,EMP-00150,2025-01-01,2025-01-30,141.7,0.0,6908.0,1784.09,5123.91,CA,False,none
PE-EMP-00150-02,EMP-00150,2025-01-31,2025-03-01,141.5,0.0,6908.0,1797.73,5110.27,CA,False,none
PE-EMP-00150-03,EMP-00150,2025-03-02,2025-03-31,152.1,0.0,6908.0,1665.34,5242.66,CA,False,none
PE-EMP-00150-04,EMP-00150,2025-04-01,2025-04-30,141.6,0.0,6908.0,1313.78,5594.22,CA,False,none
PE-EMP-00150-05,EMP-00150,2025-05-01,2025-05-30,163.8,0.0,6908.0,1279.5,5628.5,CA,False,none
PE-EMP-00150-06,EMP-00150,2025-05-31,2025-06-29,157.3,0.0,6908.0,1520.92,5387.08,CA,False,none
PE-EMP-00151-01,EMP-00151,2025-01-01,2025-01-30,164.2,0.0,8201.0,1813.33,6387.67,DE_national,False,none
PE-EMP-00151-02,EMP-00151,2025-01-31,2025-03-01,157.5,0.0,8201.0,2121.99,6079.01,DE_national,False,none
PE-EMP-00151-03,EMP-00151,2025-03-02,2025-03-31,153.0,0.0,8201.0,1848.02,6352.98,DE_national,False,none
PE-EMP-00151-04,EMP-00151,2025-04-01,2025-04-30,157.4,0.0,8201.0,1827.27,6373.73,DE_national,False,none
PE-EMP-00151-05,EMP-00151,2025-05-01,2025-05-30,158.2,0.0,8201.0,1559.24,6641.76,DE_national,False,none
PE-EMP-00151-06,EMP-00151,2025-05-31,2025-06-29,140.7,0.0,8201.0,2030.38,6170.62,DE_national,False,none
PE-EMP-00152-01,EMP-00152,2025-01-01,2025-01-30,156.5,0.0,8318.0,1927.46,6390.54,TX,False,none
PE-EMP-00152-02,EMP-00152,2025-01-31,2025-03-01,140.3,0.0,8318.0,1587.08,6730.92,TX,False,none
PE-EMP-00152-03,EMP-00152,2025-03-02,2025-03-31,156.6,0.0,8318.0,2090.56,6227.44,TX,False,none
PE-EMP-00152-04,EMP-00152,2025-04-01,2025-04-30,165.3,0.0,8318.0,2196.6,6121.4,TX,False,none
PE-EMP-00152-05,EMP-00152,2025-05-01,2025-05-30,154.2,0.0,8318.0,1602.03,6715.97,TX,False,none
PE-EMP-00152-06,EMP-00152,2025-05-31,2025-06-29,153.5,0.0,8318.0,1792.85,6525.15,TX,False,none
PE-EMP-00153-01,EMP-00153,2025-01-01,2025-01-30,145.2,0.0,8861.0,2145.12,6715.88,FL,False,none
PE-EMP-00153-02,EMP-00153,2025-01-31,2025-03-01,141.2,0.0,8861.0,1716.97,7144.03,FL,False,none
PE-EMP-00153-03,EMP-00153,2025-03-02,2025-03-31,156.4,0.0,8861.0,1708.12,7152.88,FL,False,none
PE-EMP-00153-04,EMP-00153,2025-04-01,2025-04-30,158.2,0.0,8861.0,2049.66,6811.34,FL,False,none
PE-EMP-00153-05,EMP-00153,2025-05-01,2025-05-30,156.3,0.0,8861.0,1911.98,6949.02,FL,False,none
PE-EMP-00153-06,EMP-00153,2025-05-31,2025-06-29,144.1,0.0,8861.0,2074.49,6786.51,FL,False,none
PE-EMP-00154-01,EMP-00154,2025-01-01,2025-01-30,148.1,7.0,4962.35,1192.62,3769.73,DE_national,False,none
PE-EMP-00154-02,EMP-00154,2025-01-31,2025-03-01,158.4,14.6,5290.15,1226.09,4064.06,DE_national,False,none
PE-EMP-00154-03,EMP-00154,2025-03-02,2025-03-31,162.9,2.2,4749.66,967.69,3781.97,DE_national,False,none
PE-EMP-00154-04,EMP-00154,2025-04-01,2025-04-30,149.6,8.4,5021.22,931.24,4089.98,DE_national,False,none
PE-EMP-00154-05,EMP-00154,2025-05-01,2025-05-30,145.6,14.6,5294.23,1292.09,4002.14,DE_national,False,none
PE-EMP-00154-06,EMP-00154,2025-05-31,2025-06-29,153.3,1.0,4699.78,934.95,3764.83,DE_national,False,none
PE-EMP-00155-01,EMP-00155,2025-01-01,2025-01-30,153.1,0.0,7783.0,1939.4,5843.6,DE_national,False,none
PE-EMP-00155-02,EMP-00155,2025-01-31,2025-03-01,163.9,0.0,7783.0,1939.85,5843.15,DE_national,False,none
PE-EMP-00155-03,EMP-00155,2025-03-02,2025-03-31,149.4,0.0,7783.0,1841.53,5941.47,DE_national,False,none
PE-EMP-00155-04,EMP-00155,2025-04-01,2025-04-30,149.2,0.0,7783.0,1634.14,6148.86,DE_national,False,none
PE-EMP-00155-05,EMP-00155,2025-05-01,2025-05-30,164.5,0.0,7783.0,1482.54,6300.46,DE_national,False,none
PE-EMP-00155-06,EMP-00155,2025-05-31,2025-06-29,153.9,0.0,7783.0,2109.62,5673.38,DE_national,False,none
PE-EMP-00156-01,EMP-00156,2025-01-01,2025-01-30,159.4,13.8,5243.66,1278.81,3964.85,FL,False,none
PE-EMP-00156-02,EMP-00156,2025-01-31,2025-03-01,153.5,7.0,4947.61,996.02,3951.59,FL,False,none
PE-EMP-00156-03,EMP-00156,2025-03-02,2025-03-31,162.6,11.5,5144.67,1345.15,3799.52,FL,False,none
PE-EMP-00156-04,EMP-00156,2025-04-01,2025-04-30,163.1,5.6,4888.44,1075.61,3812.83,FL,False,none
PE-EMP-00156-05,EMP-00156,2025-05-01,2025-05-30,150.0,0.1,4647.39,841.13,3806.26,FL,False,none
PE-EMP-00156-06,EMP-00156,2025-05-31,2025-06-29,152.3,8.3,5005.17,972.21,4032.96,FL,False,none
PE-EMP-00157-01,EMP-00157,2025-01-01,2025-01-30,165.6,0.0,8091.0,1967.19,6123.81,WA,False,none
PE-EMP-00157-02,EMP-00157,2025-01-31,2025-03-01,167.3,0.0,8091.0,1747.58,6343.42,WA,False,none
PE-EMP-00157-03,EMP-00157,2025-03-02,2025-03-31,148.0,0.0,8091.0,1617.49,6473.51,WA,False,none
PE-EMP-00157-04,EMP-00157,2025-04-01,2025-04-30,147.3,0.0,8091.0,1633.53,6457.47,WA,False,none
PE-EMP-00157-05,EMP-00157,2025-05-01,2025-05-30,163.7,0.0,8091.0,1597.39,6493.61,WA,False,none
PE-EMP-00157-06,EMP-00157,2025-05-31,2025-06-29,145.5,0.0,8091.0,1655.39,6435.61,WA,False,none
PE-EMP-00158-01,EMP-00158,2025-01-01,2025-01-30,147.3,0.0,7443.0,1470.79,5972.21,WA,False,none
PE-EMP-00158-02,EMP-00158,2025-01-31,2025-03-01,163.3,0.0,7443.0,1415.06,6027.94,WA,False,none
PE-EMP-00158-03,EMP-00158,2025-03-02,2025-03-31,158.3,0.0,7443.0,1441.89,6001.11,WA,False,none
PE-EMP-00158-04,EMP-00158,2025-04-01,2025-04-30,149.5,0.0,7443.0,1998.45,5444.55,WA,False,none
PE-EMP-00158-05,EMP-00158,2025-05-01,2025-05-30,152.8,0.0,7443.0,1496.22,5946.78,WA,False,none
PE-EMP-00158-06,EMP-00158,2025-05-31,2025-06-29,150.4,0.0,7443.0,1614.86,5828.14,WA,False,none
PE-EMP-00159-01,EMP-00159,2025-01-01,2025-01-30,154.8,0.0,7851.0,1547.71,6303.29,DE_national,False,none
PE-EMP-00159-02,EMP-00159,2025-01-31,2025-03-01,157.4,0.0,7851.0,2040.49,5810.51,DE_national,False,none
PE-EMP-00159-03,EMP-00159,2025-03-02,2025-03-31,159.9,0.0,7851.0,1753.69,6097.31,DE_national,False,none
PE-EMP-00159-04,EMP-00159,2025-04-01,2025-04-30,164.7,0.0,7851.0,1506.21,6344.79,DE_national,False,none
PE-EMP-00159-05,EMP-00159,2025-05-01,2025-05-30,145.3,0.0,7851.0,1515.87,6335.13,DE_national,False,none
PE-EMP-00159-06,EMP-00159,2025-05-31,2025-06-29,159.4,0.0,7851.0,1831.29,6019.71,DE_national,False,none
PE-EMP-00160-01,EMP-00160,2025-01-01,2025-01-30,152.0,0.0,7655.0,1621.29,6033.71,DE_national,False,none
PE-EMP-00160-02,EMP-00160,2025-01-31,2025-03-01,165.8,0.0,7655.0,1864.87,5790.13,DE_national,False,none
PE-EMP-00160-03,EMP-00160,2025-03-02,2025-03-31,156.4,0.0,7655.0,1962.04,5692.96,DE_national,False,none
PE-EMP-00160-04,EMP-00160,2025-04-01,2025-04-30,148.2,0.0,7655.0,2031.97,5623.03,DE_national,False,none
PE-EMP-00160-05,EMP-00160,2025-05-01,2025-05-30,146.9,0.0,7655.0,1491.63,6163.37,DE_national,False,none
PE-EMP-00160-06,EMP-00160,2025-05-31,2025-06-29,147.8,0.0,7655.0,1859.75,5795.25,DE_national,False,none
PE-EMP-00161-01,EMP-00161,2025-01-01,2025-01-30,156.4,1.9,6998.28,1615.39,5382.89,FL,False,none
PE-EMP-00161-02,EMP-00161,2025-01-31,2025-03-01,162.0,7.3,7348.82,1857.27,5491.55,FL,False,none
PE-EMP-00161-03,EMP-00161,2025-03-02,2025-03-31,144.7,11.9,7640.84,1845.18,5795.66,FL,False,none
PE-EMP-00161-04,EMP-00161,2025-04-01,2025-04-30,161.0,5.8,7251.28,1945.1,5306.18,FL,False,none
PE-EMP-00161-05,EMP-00161,2025-05-01,2025-05-30,145.0,5.6,7237.89,1678.39,5559.5,FL,False,none
PE-EMP-00161-06,EMP-00161,2025-05-31,2025-06-29,153.5,10.7,7564.93,1759.21,5805.72,FL,False,none
PE-EMP-00162-01,EMP-00162,2025-01-01,2025-01-30,153.3,0.0,8395.0,2313.45,6081.55,UK_national,False,none
PE-EMP-00162-02,EMP-00162,2025-01-31,2025-03-01,157.9,0.0,8395.0,1999.01,6395.99,UK_national,False,none
PE-EMP-00162-03,EMP-00162,2025-03-02,2025-03-31,158.2,0.0,8395.0,2174.83,6220.17,UK_national,False,none
PE-EMP-00162-04,EMP-00162,2025-04-01,2025-04-30,165.1,0.0,8395.0,1685.04,6709.96,UK_national,False,none
PE-EMP-00162-05,EMP-00162,2025-05-01,2025-05-30,146.6,0.0,8395.0,1890.62,6504.38,UK_national,False,none
PE-EMP-00162-06,EMP-00162,2025-05-31,2025-06-29,151.9,0.0,8395.0,1694.61,6700.39,UK_national,False,none
PE-EMP-00163-01,EMP-00163,2025-01-01,2025-01-30,163.6,5.7,4833.4,946.0,3887.4,federal,False,none
PE-EMP-00163-02,EMP-00163,2025-01-31,2025-03-01,161.0,3.8,4754.29,896.07,3858.22,federal,False,none
PE-EMP-00163-03,EMP-00163,2025-03-02,2025-03-31,146.4,4.4,4780.44,1108.5,3671.94,federal,False,none
PE-EMP-00163-04,EMP-00163,2025-04-01,2025-04-30,149.4,0.6,4616.56,1067.47,3549.09,federal,False,none
PE-EMP-00163-05,EMP-00163,2025-05-01,2025-05-30,150.3,6.8,4881.2,1089.73,3791.47,federal,False,none
PE-EMP-00163-06,EMP-00163,2025-05-31,2025-06-29,140.7,7.5,4911.15,1018.09,3893.06,federal,False,none
PE-EMP-00164-01,EMP-00164,2025-01-01,2025-01-30,142.1,6.6,4714.72,973.88,3740.84,CA,False,none
PE-EMP-00164-02,EMP-00164,2025-01-31,2025-03-01,154.0,13.5,5001.73,1047.62,3954.11,CA,False,none
PE-EMP-00164-03,EMP-00164,2025-03-02,2025-03-31,147.7,8.2,4780.24,897.81,3882.43,CA,False,none
PE-EMP-00164-04,EMP-00164,2025-04-01,2025-04-30,150.1,3.4,4581.16,878.94,3702.22,CA,False,none
PE-EMP-00164-05,EMP-00164,2025-05-01,2025-05-30,158.9,8.2,4779.85,1019.9,3759.95,CA,False,none
PE-EMP-00164-06,EMP-00164,2025-05-31,2025-06-29,161.5,3.8,4595.07,1169.54,3425.53,CA,False,none
PE-EMP-00165-01,EMP-00165,2025-01-01,2025-01-30,156.9,12.7,5035.01,1002.29,4032.72,DE_national,False,none
PE-EMP-00165-02,EMP-00165,2025-01-31,2025-03-01,160.1,2.1,4587.24,1217.91,3369.33,DE_national,False,none
PE-EMP-00165-03,EMP-00165,2025-03-02,2025-03-31,161.6,8.1,4843.7,998.35,3845.35,DE_national,False,none
PE-EMP-00165-04,EMP-00165,2025-04-01,2025-04-30,167.9,4.2,4678.36,1004.27,3674.09,DE_national,False,none
PE-EMP-00165-05,EMP-00165,2025-05-01,2025-05-30,161.2,14.2,5098.52,1336.76,3761.76,DE_national,False,none
PE-EMP-00165-06,EMP-00165,2025-05-31,2025-06-29,167.7,0.2,4507.52,1106.19,3401.33,DE_national,False,none
PE-EMP-00166-01,EMP-00166,2025-01-01,2025-01-30,164.2,0.0,7572.0,2083.43,5488.57,federal,False,none
PE-EMP-00166-02,EMP-00166,2025-01-31,2025-03-01,160.3,0.0,7572.0,1535.28,6036.72,federal,False,none
PE-EMP-00166-03,EMP-00166,2025-03-02,2025-03-31,146.5,0.0,7572.0,1521.88,6050.12,federal,False,none
PE-EMP-00166-04,EMP-00166,2025-04-01,2025-04-30,155.5,0.0,7572.0,1807.44,5764.56,federal,False,none
PE-EMP-00166-05,EMP-00166,2025-05-01,2025-05-30,162.8,0.0,7572.0,1717.89,5854.11,federal,False,none
PE-EMP-00166-06,EMP-00166,2025-05-31,2025-06-29,142.4,0.0,7572.0,1620.91,5951.09,federal,False,none
PE-EMP-00167-01,EMP-00167,2025-01-01,2025-01-30,166.4,12.7,4847.25,1080.35,3766.9,CA,False,none
PE-EMP-00167-02,EMP-00167,2025-01-31,2025-03-01,163.9,6.3,4586.45,1026.76,3559.69,CA,False,none
PE-EMP-00167-03,EMP-00167,2025-03-02,2025-03-31,164.5,0.5,4350.34,843.51,3506.83,CA,False,none
PE-EMP-00167-04,EMP-00167,2025-04-01,2025-04-30,154.0,4.6,4518.15,1146.62,3371.53,CA,False,none
PE-EMP-00167-05,EMP-00167,2025-05-01,2025-05-30,146.3,9.9,4733.36,1019.88,3713.48,CA,False,none
PE-EMP-00167-06,EMP-00167,2025-05-31,2025-06-29,161.4,6.4,4591.34,1172.0,3419.34,CA,False,none
PE-EMP-00168-01,EMP-00168,2025-01-01,2025-01-30,156.4,10.4,7069.74,1484.39,5585.35,NY,False,none
PE-EMP-00168-02,EMP-00168,2025-01-31,2025-03-01,143.9,8.5,6958.33,1274.91,5683.42,NY,False,none
PE-EMP-00168-03,EMP-00168,2025-03-02,2025-03-31,155.9,14.7,7329.57,2048.07,5281.5,NY,False,none
PE-EMP-00168-04,EMP-00168,2025-04-01,2025-04-30,156.1,12.0,7168.18,1945.27,5222.91,NY,False,none
PE-EMP-00168-05,EMP-00168,2025-05-01,2025-05-30,166.6,5.9,6798.22,1482.91,5315.31,NY,False,none
PE-EMP-00168-06,EMP-00168,2025-05-31,2025-06-29,153.3,1.0,6501.73,1421.56,5080.17,NY,False,none
PE-EMP-00169-01,EMP-00169,2025-01-01,2025-01-30,166.9,0.0,8925.0,1899.99,7025.01,WA,False,none
PE-EMP-00169-02,EMP-00169,2025-01-31,2025-03-01,148.5,0.0,8925.0,2176.81,6748.19,WA,False,none
PE-EMP-00169-03,EMP-00169,2025-03-02,2025-03-31,158.9,0.0,8925.0,1759.5,7165.5,WA,False,none
PE-EMP-00169-04,EMP-00169,2025-04-01,2025-04-30,163.1,0.0,8925.0,1765.04,7159.96,WA,False,none
PE-EMP-00169-05,EMP-00169,2025-05-01,2025-05-30,140.8,0.0,8925.0,2145.0,6780.0,WA,False,none
PE-EMP-00169-06,EMP-00169,2025-05-31,2025-06-29,165.5,0.0,8925.0,1784.11,7140.89,WA,False,none
PE-EMP-00170-01,EMP-00170,2025-01-01,2025-01-30,145.8,0.0,8367.0,1828.94,6538.06,WA,False,none
PE-EMP-00170-02,EMP-00170,2025-01-31,2025-03-01,154.7,0.0,8367.0,1749.63,6617.37,WA,False,none
PE-EMP-00170-03,EMP-00170,2025-03-02,2025-03-31,150.3,0.0,8367.0,1886.48,6480.52,WA,False,none
PE-EMP-00170-04,EMP-00170,2025-04-01,2025-04-30,149.1,0.0,8367.0,1515.3,6851.7,WA,False,none
PE-EMP-00170-05,EMP-00170,2025-05-01,2025-05-30,151.0,0.0,8367.0,2267.3,6099.7,WA,False,none
PE-EMP-00170-06,EMP-00170,2025-05-31,2025-06-29,143.6,0.0,8367.0,2334.05,6032.95,WA,False,none
PE-EMP-00171-01,EMP-00171,2025-01-01,2025-01-30,150.9,6.3,4530.77,1152.24,3378.53,UK_national,False,none
PE-EMP-00171-02,EMP-00171,2025-01-31,2025-03-01,164.4,13.6,4822.72,967.67,3855.05,UK_national,False,none
PE-EMP-00171-03,EMP-00171,2025-03-02,2025-03-31,158.6,4.6,4465.39,1168.99,3296.4,UK_national,False,none
PE-EMP-00171-04,EMP-00171,2025-04-01,2025-04-30,148.7,2.4,4374.54,1038.99,3335.55,UK_national,False,none
PE-EMP-00171-05,EMP-00171,2025-05-01,2025-05-30,152.9,3.0,4401.14,1107.67,3293.47,UK_national,True,rule_override
PE-EMP-00171-06,EMP-00171,2025-05-31,2025-06-29,152.5,3.0,4400.37,1228.18,3172.19,UK_national,False,none
PE-EMP-00172-01,EMP-00172,2025-01-01,2025-01-30,146.9,12.4,7403.26,1780.37,5622.89,UK_national,False,none
PE-EMP-00172-02,EMP-00172,2025-01-31,2025-03-01,153.7,4.9,6940.82,1644.44,5296.38,UK_national,False,none
PE-EMP-00172-03,EMP-00172,2025-03-02,2025-03-31,142.6,6.9,7065.65,1299.43,5766.22,UK_national,False,none
PE-EMP-00172-04,EMP-00172,2025-04-01,2025-04-30,149.7,9.7,7236.94,1967.65,5269.29,UK_national,False,none
PE-EMP-00172-05,EMP-00172,2025-05-01,2025-05-30,151.0,12.6,7420.1,1923.55,5496.55,UK_national,False,none
PE-EMP-00172-06,EMP-00172,2025-05-31,2025-06-29,151.6,12.4,7402.18,1961.46,5440.72,UK_national,False,none
PE-EMP-00173-01,EMP-00173,2025-01-01,2025-01-30,152.1,2.7,4462.93,1079.02,3383.91,DE_national,False,none
PE-EMP-00173-02,EMP-00173,2025-01-31,2025-03-01,159.6,5.8,6504.83,1128.34,3460.13,DE_national,True,rate_violation
PE-EMP-00173-03,EMP-00173,2025-03-02,2025-03-31,141.2,1.4,4411.48,1102.27,3309.21,DE_national,False,none
PE-EMP-00173-04,EMP-00173,2025-04-01,2025-04-30,164.7,13.3,4895.08,958.42,3936.66,DE_national,False,none
PE-EMP-00173-05,EMP-00173,2025-05-01,2025-05-30,141.9,8.1,4682.17,1154.93,3527.24,DE_national,False,none
PE-EMP-00173-06,EMP-00173,2025-05-31,2025-06-29,165.4,10.9,4797.74,1296.46,3501.28,DE_national,False,none
PE-EMP-00174-01,EMP-00174,2025-01-01,2025-01-30,143.4,6.2,4889.32,1252.58,3636.74,DE_national,False,none
PE-EMP-00174-02,EMP-00174,2025-01-31,2025-03-01,154.1,5.5,4861.66,1242.35,3619.31,DE_national,False,none
PE-EMP-00174-03,EMP-00174,2025-03-02,2025-03-31,144.6,11.7,5128.66,1133.48,3995.18,DE_national,False,none
PE-EMP-00174-04,EMP-00174,2025-04-01,2025-04-30,140.7,3.1,4756.79,877.45,3879.34,DE_national,True,ghost_employee
PE-EMP-00174-05,EMP-00174,2025-05-01,2025-05-30,152.9,9.6,5037.24,1247.03,3790.21,DE_national,False,none
PE-EMP-00174-06,EMP-00174,2025-05-31,2025-06-29,145.4,5.2,4845.37,1065.66,3779.71,DE_national,False,none
PE-EMP-00175-01,EMP-00175,2025-01-01,2025-01-30,147.0,0.0,8267.0,1519.29,6747.71,DE_national,False,none
PE-EMP-00175-02,EMP-00175,2025-01-31,2025-03-01,143.8,0.0,8267.0,2074.27,6192.73,DE_national,False,none
PE-EMP-00175-03,EMP-00175,2025-03-02,2025-03-31,153.0,0.0,8267.0,2042.19,6224.81,DE_national,True,ghost_employee
PE-EMP-00175-04,EMP-00175,2025-04-01,2025-04-30,142.3,0.0,8267.0,1869.46,6397.54,DE_national,False,none
PE-EMP-00175-05,EMP-00175,2025-05-01,2025-05-30,160.0,0.0,8267.0,2031.22,6235.78,DE_national,False,none
PE-EMP-00175-06,EMP-00175,2025-05-31,2025-06-29,153.2,0.0,8267.0,1849.93,6417.07,DE_national,False,none
PE-EMP-00176-01,EMP-00176,2025-01-01,2025-01-30,144.5,0.0,7767.0,1614.87,6152.13,WA,False,none
PE-EMP-00176-02,EMP-00176,2025-01-31,2025-03-01,157.0,0.0,7767.0,2049.32,5717.68,WA,False,none
PE-EMP-00176-03,EMP-00176,2025-03-02,2025-03-31,143.5,0.0,7767.0,1535.72,6231.28,WA,False,none
PE-EMP-00176-04,EMP-00176,2025-04-01,2025-04-30,144.7,0.0,7767.0,1973.94,5793.06,WA,False,none
PE-EMP-00176-05,EMP-00176,2025-05-01,2025-05-30,140.3,0.0,7767.0,1919.53,5847.47,WA,False,none
PE-EMP-00176-06,EMP-00176,2025-05-31,2025-06-29,152.3,0.0,7767.0,1610.3,6156.7,WA,False,none
PE-EMP-00177-01,EMP-00177,2025-01-01,2025-01-30,165.0,2.7,6398.19,1608.77,4789.42,NY,False,none
PE-EMP-00177-02,EMP-00177,2025-01-31,2025-03-01,141.3,8.0,6709.24,1504.25,5204.99,NY,False,none
PE-EMP-00177-03,EMP-00177,2025-03-02,2025-03-31,158.6,9.5,6799.21,1579.37,5219.84,NY,False,none
PE-EMP-00177-04,EMP-00177,2025-04-01,2025-04-30,159.3,9.9,6821.37,1297.97,5523.4,NY,False,none
PE-EMP-00177-05,EMP-00177,2025-05-01,2025-05-30,141.4,6.7,6631.72,1590.42,5041.3,NY,False,none
PE-EMP-00177-06,EMP-00177,2025-05-31,2025-06-29,147.0,5.7,6573.27,1315.8,5257.47,NY,False,none
PE-EMP-00178-01,EMP-00178,2025-01-01,2025-01-30,145.6,0.0,7322.0,1983.35,5338.65,WA,False,none
PE-EMP-00178-02,EMP-00178,2025-01-31,2025-03-01,140.8,0.0,7322.0,1329.7,5992.3,WA,False,none
PE-EMP-00178-03,EMP-00178,2025-03-02,2025-03-31,163.0,0.0,7322.0,1328.62,5993.38,WA,False,none
PE-EMP-00178-04,EMP-00178,2025-04-01,2025-04-30,141.8,0.0,10643.4,1815.83,5506.17,WA,True,rate_violation
PE-EMP-00178-05,EMP-00178,2025-05-01,2025-05-30,142.7,0.0,7322.0,2019.95,5302.05,WA,False,none
PE-EMP-00178-06,EMP-00178,2025-05-31,2025-06-29,158.6,0.0,7322.0,1929.63,5392.37,WA,False,none
PE-EMP-00179-01,EMP-00179,2025-01-01,2025-01-30,141.2,0.0,7552.0,1906.13,5645.87,DE_national,False,none
PE-EMP-00179-02,EMP-00179,2025-01-31,2025-03-01,162.8,0.0,7552.0,1746.4,5805.6,DE_national,False,none
PE-EMP-00179-03,EMP-00179,2025-03-02,2025-03-31,157.6,0.0,7552.0,1603.05,5948.95,DE_national,False,none
PE-EMP-00179-04,EMP-00179,2025-04-01,2025-04-30,166.2,0.0,7552.0,1831.11,5720.89,DE_national,False,none
PE-EMP-00179-05,EMP-00179,2025-05-01,2025-05-30,152.0,0.0,7552.0,1657.71,5894.29,DE_national,False,none
PE-EMP-00179-06,EMP-00179,2025-05-31,2025-06-29,143.0,0.0,7552.0,1534.87,6017.13,DE_national,False,none
PE-EMP-00180-01,EMP-00180,2025-01-01,2025-01-30,158.3,4.9,6936.72,1259.01,5677.71,FL,False,none
PE-EMP-00180-02,EMP-00180,2025-01-31,2025-03-01,146.2,0.2,6646.18,1337.72,5308.46,FL,False,none
PE-EMP-00180-03,EMP-00180,2025-03-02,2025-03-31,157.5,9.9,7248.91,1506.66,5742.25,FL,False,none
PE-EMP-00180-04,EMP-00180,2025-04-01,2025-04-30,151.5,0.7,6676.0,1792.81,4883.19,FL,False,none
PE-EMP-00180-05,EMP-00180,2025-05-01,2025-05-30,167.7,11.5,7351.16,1690.46,5660.7,FL,False,none
PE-EMP-00180-06,EMP-00180,2025-05-31,2025-06-29,165.8,10.7,7299.82,1891.57,5408.25,FL,False,none
PE-EMP-00181-01,EMP-00181,2025-01-01,2025-01-30,142.7,8.5,7351.86,1508.56,5843.3,WA,False,none
PE-EMP-00181-02,EMP-00181,2025-01-31,2025-03-01,150.9,4.9,7117.48,1730.17,5387.31,WA,False,none
PE-EMP-00181-03,EMP-00181,2025-03-02,2025-03-31,143.7,13.9,7692.01,1977.93,5714.08,WA,False,none
PE-EMP-00181-04,EMP-00181,2025-04-01,2025-04-30,159.3,2.6,6974.83,1786.75,5188.08,WA,False,none
PE-EMP-00181-05,EMP-00181,2025-05-01,2025-05-30,141.9,14.7,7743.2,1909.76,5833.44,WA,False,none
PE-EMP-00181-06,EMP-00181,2025-05-31,2025-06-29,152.6,0.3,6823.89,1850.71,4973.18,WA,False,none
PE-EMP-00182-01,EMP-00182,2025-01-01,2025-01-30,160.8,0.0,8931.0,2063.98,6867.02,NY,False,none
PE-EMP-00182-02,EMP-00182,2025-01-31,2025-03-01,159.7,0.0,8931.0,2057.18,6873.82,NY,False,none
PE-EMP-00182-03,EMP-00182,2025-03-02,2025-03-31,140.6,0.0,8931.0,1619.45,7311.55,NY,False,none
PE-EMP-00182-04,EMP-00182,2025-04-01,2025-04-30,143.5,0.0,8931.0,2285.39,6645.61,NY,False,none
PE-EMP-00182-05,EMP-00182,2025-05-01,2025-05-30,152.0,0.0,8931.0,1818.71,7112.29,NY,False,none
PE-EMP-00182-06,EMP-00182,2025-05-31,2025-06-29,142.2,0.0,8931.0,1825.09,7105.91,NY,False,none
PE-EMP-00183-01,EMP-00183,2025-01-01,2025-01-30,154.0,0.0,6835.0,1324.32,5510.68,FL,False,none
PE-EMP-00183-02,EMP-00183,2025-01-31,2025-03-01,150.5,0.0,6835.0,1368.38,5466.62,FL,False,none
PE-EMP-00183-03,EMP-00183,2025-03-02,2025-03-31,146.7,0.0,6835.0,1669.13,5165.87,FL,False,none
PE-EMP-00183-04,EMP-00183,2025-04-01,2025-04-30,167.7,0.0,6835.0,1726.05,5108.95,FL,False,none
PE-EMP-00183-05,EMP-00183,2025-05-01,2025-05-30,164.6,0.0,6835.0,1533.59,5301.41,FL,False,none
PE-EMP-00183-06,EMP-00183,2025-05-31,2025-06-29,148.9,0.0,6835.0,1322.07,5512.93,FL,False,none
PE-EMP-00184-01,EMP-00184,2025-01-01,2025-01-30,141.1,0.0,7635.0,1975.15,5659.85,WA,False,none
PE-EMP-00184-02,EMP-00184,2025-01-31,2025-03-01,151.6,0.0,7635.0,1978.82,5656.18,WA,False,none
PE-EMP-00184-03,EMP-00184,2025-03-02,2025-03-31,161.0,0.0,7635.0,1994.8,5640.2,WA,False,none
PE-EMP-00184-04,EMP-00184,2025-04-01,2025-04-30,160.5,0.0,7635.0,1549.15,6085.85,WA,False,none
PE-EMP-00184-05,EMP-00184,2025-05-01,2025-05-30,145.8,0.0,7635.0,1635.97,5999.03,WA,False,none
PE-EMP-00184-06,EMP-00184,2025-05-31,2025-06-29,165.7,0.0,7635.0,1415.59,6219.41,WA,False,none
PE-EMP-00185-01,EMP-00185,2025-01-01,2025-01-30,162.4,0.0,7686.0,2143.15,5542.85,DE_national,False,none
PE-EMP-00185-02,EMP-00185,2025-01-31,2025-03-01,146.2,0.0,7686.0,1918.64,5767.36,DE_national,False,none
PE-EMP-00185-03,EMP-00185,2025-03-02,2025-03-31,154.6,0.0,7686.0,2054.24,5631.76,DE_national,False,none
PE-EMP-00185-04,EMP-00185,2025-04-01,2025-04-30,157.6,0.0,7686.0,1524.55,6161.45,DE_national,False,none
PE-EMP-00185-05,EMP-00185,2025-05-01,2025-05-30,153.8,0.0,7686.0,1433.14,6252.86,DE_national,False,none
PE-EMP-00185-06,EMP-00185,2025-05-31,2025-06-29,141.5,0.0,7686.0,2116.46,5569.54,DE_national,False,none
PE-EMP-00186-01,EMP-00186,2025-01-01,2025-01-30,143.5,14.9,6941.84,1900.87,5040.97,federal,False,none
PE-EMP-00186-02,EMP-00186,2025-01-31,2025-03-01,162.3,2.6,6240.79,1465.87,4774.92,federal,False,none
PE-EMP-00186-03,EMP-00186,2025-03-02,2025-03-31,151.9,3.1,6267.08,1446.08,4821.0,federal,False,none
PE-EMP-00186-04,EMP-00186,2025-04-01,2025-04-30,145.5,7.0,6492.14,1275.16,5216.98,federal,False,none
PE-EMP-00186-05,EMP-00186,2025-05-01,2025-05-30,148.5,6.4,6455.25,1553.04,4902.21,federal,False,none
PE-EMP-00186-06,EMP-00186,2025-05-31,2025-06-29,145.6,8.6,6585.81,1822.77,4763.04,federal,False,none
PE-EMP-00187-01,EMP-00187,2025-01-01,2025-01-30,153.5,0.0,8377.0,2230.31,6146.69,DE_national,False,none
PE-EMP-00187-02,EMP-00187,2025-01-31,2025-03-01,150.1,0.0,8377.0,2304.52,6072.48,DE_national,False,none
PE-EMP-00187-03,EMP-00187,2025-03-02,2025-03-31,153.2,0.0,8377.0,1824.27,6552.73,DE_national,False,none
PE-EMP-00187-04,EMP-00187,2025-04-01,2025-04-30,157.1,0.0,8377.0,1861.95,6515.05,DE_national,False,none
PE-EMP-00187-05,EMP-00187,2025-05-01,2025-05-30,144.4,0.0,8377.0,1870.94,6506.06,DE_national,False,none
PE-EMP-00187-06,EMP-00187,2025-05-31,2025-06-29,153.5,0.0,8377.0,2306.82,6070.18,DE_national,False,none
PE-EMP-00188-01,EMP-00188,2025-01-01,2025-01-30,152.0,0.0,7991.0,2047.24,5943.76,NY,False,none
PE-EMP-00188-02,EMP-00188,2025-01-31,2025-03-01,165.4,0.0,7991.0,1504.89,6486.11,NY,False,none
PE-EMP-00188-03,EMP-00188,2025-03-02,2025-03-31,155.0,0.0,7991.0,1678.3,6312.7,NY,False,none
PE-EMP-00188-04,EMP-00188,2025-04-01,2025-04-30,144.9,0.0,7991.0,1880.16,6110.84,NY,False,none
PE-EMP-00188-05,EMP-00188,2025-05-01,2025-05-30,148.6,0.0,7991.0,1742.4,6248.6,NY,False,none
PE-EMP-00188-06,EMP-00188,2025-05-31,2025-06-29,155.7,0.0,7991.0,1664.71,6326.29,NY,False,none
PE-EMP-00189-01,EMP-00189,2025-01-01,2025-01-30,160.0,7.2,4658.02,993.66,3664.36,FL,False,none
PE-EMP-00189-02,EMP-00189,2025-01-31,2025-03-01,140.1,2.9,4483.08,1217.66,3265.42,FL,False,none
PE-EMP-00189-03,EMP-00189,2025-03-02,2025-03-31,150.5,12.9,4891.67,1237.77,3653.9,FL,False,none
PE-EMP-00189-04,EMP-00189,2025-04-01,2025-04-30,151.1,6.1,4611.21,1021.76,3589.45,FL,False,none
PE-EMP-00189-05,EMP-00189,2025-05-01,2025-05-30,148.6,11.1,4818.37,1052.35,3766.02,FL,False,none
PE-EMP-00189-06,EMP-00189,2025-05-31,2025-06-29,164.8,14.8,4968.89,929.8,4039.09,FL,False,none
PE-EMP-00190-01,EMP-00190,2025-01-01,2025-01-30,166.1,14.9,4379.35,842.8,3536.55,NY,False,none
PE-EMP-00190-02,EMP-00190,2025-01-31,2025-03-01,166.8,2.4,3930.74,1007.43,2923.31,NY,False,none
PE-EMP-00190-03,EMP-00190,2025-03-02,2025-03-31,149.8,11.6,4259.81,1086.92,3172.89,NY,False,none
PE-EMP-00190-04,EMP-00190,2025-04-01,2025-04-30,150.3,10.6,4226.23,1029.08,3197.15,NY,False,none
PE-EMP-00190-05,EMP-00190,2025-05-01,2025-05-30,151.9,0.9,3874.18,846.64,3027.54,NY,False,none
PE-EMP-00190-06,EMP-00190,2025-05-31,2025-06-29,165.8,3.7,3976.37,905.71,3070.66,NY,False,none
PE-EMP-00191-01,EMP-00191,2025-01-01,2025-01-30,159.8,0.0,8099.0,1750.53,6348.47,NY,False,none
PE-EMP-00191-02,EMP-00191,2025-01-31,2025-03-01,158.6,0.0,8099.0,1480.7,6618.3,NY,False,none
PE-EMP-00191-03,EMP-00191,2025-03-02,2025-03-31,157.0,0.0,8099.0,1577.59,6521.41,NY,False,none
PE-EMP-00191-04,EMP-00191,2025-04-01,2025-04-30,144.1,0.0,8099.0,2222.58,5876.42,NY,False,none
PE-EMP-00191-05,EMP-00191,2025-05-01,2025-05-30,156.2,0.0,8099.0,1658.2,6440.8,NY,False,none
PE-EMP-00191-06,EMP-00191,2025-05-31,2025-06-29,144.5,0.0,8099.0,1994.46,6104.54,NY,False,none
PE-EMP-00192-01,EMP-00192,2025-01-01,2025-01-30,142.6,0.0,7679.0,1471.86,6207.14,DE_national,False,none
PE-EMP-00192-02,EMP-00192,2025-01-31,2025-03-01,150.8,0.0,7679.0,1928.66,5750.34,DE_national,False,none
PE-EMP-00192-03,EMP-00192,2025-03-02,2025-03-31,167.3,0.0,7679.0,1924.41,5754.59,DE_national,False,none
PE-EMP-00192-04,EMP-00192,2025-04-01,2025-04-30,165.5,0.0,7679.0,1443.92,6235.08,DE_national,False,none
PE-EMP-00192-05,EMP-00192,2025-05-01,2025-05-30,144.6,0.0,7679.0,2054.91,5624.09,DE_national,False,none
PE-EMP-00192-06,EMP-00192,2025-05-31,2025-06-29,159.4,0.0,7679.0,1710.01,5968.99,DE_national,False,none
PE-EMP-00193-01,EMP-00193,2025-01-01,2025-01-30,164.8,7.5,4873.55,1137.1,3736.45,NY,False,none
PE-EMP-00193-02,EMP-00193,2025-01-31,2025-03-01,161.1,8.8,4928.25,1248.79,3679.46,NY,False,none
PE-EMP-00193-03,EMP-00193,2025-03-02,2025-03-31,143.1,13.9,5144.81,1373.36,3771.45,NY,False,none
PE-EMP-00193-04,EMP-00193,2025-04-01,2025-04-30,162.8,8.6,4919.62,1277.89,3641.73,NY,False,none
PE-EMP-00193-05,EMP-00193,2025-05-01,2025-05-30,161.0,4.0,4725.25,949.55,3775.7,NY,False,none
PE-EMP-00193-06,EMP-00193,2025-05-31,2025-06-29,144.7,10.5,5000.55,903.31,4097.24,NY,False,none
PE-EMP-00194-01,EMP-00194,2025-01-01,2025-01-30,142.7,0.0,8006.0,1834.75,6171.25,CA,False,none
PE-EMP-00194-02,EMP-00194,2025-01-31,2025-03-01,151.7,0.0,8006.0,2060.54,5945.46,CA,False,none
PE-EMP-00194-03,EMP-00194,2025-03-02,2025-03-31,148.1,0.0,8006.0,1774.8,6231.2,CA,False,none
PE-EMP-00194-04,EMP-00194,2025-04-01,2025-04-30,144.9,0.0,8006.0,1786.1,6219.9,CA,False,none
PE-EMP-00194-05,EMP-00194,2025-05-01,2025-05-30,143.8,0.0,8006.0,1590.31,6415.69,CA,False,none
PE-EMP-00194-06,EMP-00194,2025-05-31,2025-06-29,154.1,0.0,8006.0,1830.55,6175.45,CA,False,none
PE-EMP-00195-01,EMP-00195,2025-01-01,2025-01-30,146.0,1.7,6981.58,1652.6,5328.98,FL,False,none
PE-EMP-00195-02,EMP-00195,2025-01-31,2025-03-01,162.7,3.0,7069.27,1802.6,5266.67,FL,False,none
PE-EMP-00195-03,EMP-00195,2025-03-02,2025-03-31,164.4,2.9,7060.51,1964.9,5095.61,FL,False,none
PE-EMP-00195-04,EMP-00195,2025-04-01,2025-04-30,143.1,6.6,7301.1,1980.77,5320.33,FL,False,none
PE-EMP-00195-05,EMP-00195,2025-05-01,2025-05-30,142.4,9.5,7490.3,1408.03,6082.27,FL,False,none
PE-EMP-00195-06,EMP-00195,2025-05-31,2025-06-29,140.8,1.9,6995.54,1304.15,5691.39,FL,False,none
PE-EMP-00196-01,EMP-00196,2025-01-01,2025-01-30,153.6,0.0,8407.0,1710.64,6696.36,CA,False,none
PE-EMP-00196-02,EMP-00196,2025-01-31,2025-03-01,140.3,0.0,8407.0,2152.64,6254.36,CA,False,none
PE-EMP-00196-03,EMP-00196,2025-03-02,2025-03-31,166.7,0.0,8407.0,1736.95,6670.05,CA,False,none
PE-EMP-00196-04,EMP-00196,2025-04-01,2025-04-30,162.1,0.0,8407.0,2072.6,6334.4,CA,False,none
PE-EMP-00196-05,EMP-00196,2025-05-01,2025-05-30,145.9,0.0,8407.0,1548.45,6858.55,CA,True,ghost_employee
PE-EMP-00196-06,EMP-00196,2025-05-31,2025-06-29,150.5,0.0,8407.0,2178.91,6228.09,CA,False,none
PE-EMP-00197-01,EMP-00197,2025-01-01,2025-01-30,147.4,7.8,7166.4,1979.4,5187.0,NY,False,none
PE-EMP-00197-02,EMP-00197,2025-01-31,2025-03-01,156.9,7.3,7134.33,1824.19,5310.14,NY,False,none
PE-EMP-00197-03,EMP-00197,2025-03-02,2025-03-31,149.6,5.0,6994.05,1735.83,5258.22,NY,False,none
PE-EMP-00197-04,EMP-00197,2025-04-01,2025-04-30,150.1,4.7,6974.02,1422.42,5551.6,NY,False,none
PE-EMP-00197-05,EMP-00197,2025-05-01,2025-05-30,167.3,6.0,7052.2,1700.15,5352.05,NY,False,none
PE-EMP-00197-06,EMP-00197,2025-05-31,2025-06-29,140.1,13.1,7497.9,1954.16,5543.74,NY,False,none
PE-EMP-00198-01-DUP,EMP-00198,2025-01-01,2025-01-30,151.3,0.0,7549.0,2015.99,5533.01,federal,True,duplicate_payment
PE-EMP-00198-02,EMP-00198,2025-01-31,2025-03-01,165.9,0.0,7549.0,1989.48,5559.52,federal,False,none
PE-EMP-00198-03,EMP-00198,2025-03-02,2025-03-31,143.4,0.0,7549.0,1378.21,6170.79,federal,False,none
PE-EMP-00198-04,EMP-00198,2025-04-01,2025-04-30,166.6,0.0,7549.0,1759.39,5789.61,federal,False,none
PE-EMP-00198-05,EMP-00198,2025-05-01,2025-05-30,147.0,0.0,7549.0,1926.08,5622.92,federal,False,none
PE-EMP-00198-06,EMP-00198,2025-05-31,2025-06-29,159.2,0.0,7549.0,1699.97,5849.03,federal,False,none
PE-EMP-00199-01,EMP-00199,2025-01-01,2025-01-30,154.4,0.0,7900.0,2109.18,5790.82,FL,False,none
PE-EMP-00199-02,EMP-00199,2025-01-31,2025-03-01,140.1,0.0,7900.0,1943.58,5956.42,FL,False,none
PE-EMP-00199-03,EMP-00199,2025-03-02,2025-03-31,166.4,0.0,7900.0,1926.08,5973.92,FL,False,none
PE-EMP-00199-04,EMP-00199,2025-04-01,2025-04-30,157.7,0.0,7900.0,1676.53,6223.47,FL,False,none
PE-EMP-00199-05,EMP-00199,2025-05-01,2025-05-30,167.1,0.0,7900.0,2112.01,5787.99,FL,False,none
PE-EMP-00199-06,EMP-00199,2025-05-31,2025-06-29,159.0,0.0,7900.0,2003.29,5896.71,FL,False,none
PE-EMP-00200-01,EMP-00200,2025-01-01,2025-01-30,160.7,3.5,6489.36,1482.52,5006.84,CA,False,none
PE-EMP-00200-02,EMP-00200,2025-01-31,2025-03-01,166.3,11.9,6984.5,1500.5,5484.0,CA,False,none
PE-EMP-00200-03,EMP-00200,2025-03-02,2025-03-31,158.4,14.1,7114.84,1619.42,5495.42,CA,False,none
PE-EMP-00200-04,EMP-00200,2025-04-01,2025-04-30,150.8,10.5,6901.04,1311.51,5589.53,CA,False,none
PE-EMP-00200-05,EMP-00200,2025-05-01,2025-05-30,164.4,9.1,6819.47,1713.01,5106.46,CA,False,none
PE-EMP-00200-06,EMP-00200,2025-05-31,2025-06-29,160.1,13.1,7057.19,1824.19,5233.0,CA,False,none
PE-EMP-00201-01,EMP-00201,2025-01-01,2025-01-30,142.4,0.5,6705.8,1540.94,5164.86,NY,False,none
PE-EMP-00201-02,EMP-00201,2025-01-31,2025-03-01,167.6,12.5,7457.42,2085.32,5372.1,NY,False,none
PE-EMP-00201-03,EMP-00201,2025-03-02,2025-03-31,166.7,7.0,7114.24,1918.29,5195.95,NY,False,none
PE-EMP-00201-04,EMP-00201,2025-04-01,2025-04-30,146.8,7.2,7128.67,1668.58,5460.09,NY,False,none
PE-EMP-00201-05,EMP-00201,2025-05-01,2025-05-30,159.6,2.6,6836.0,1875.94,4960.06,NY,False,none
PE-EMP-00201-06,EMP-00201,2025-05-31,2025-06-29,140.8,1.6,6775.02,1892.51,4882.51,NY,False,none
PE-EMP-00202-01,EMP-00202,2025-01-01,2025-01-30,150.7,13.9,7464.49,1587.32,5877.17,FL,False,none
PE-EMP-00202-02,EMP-00202,2025-01-31,2025-03-01,158.6,4.2,6862.29,1728.73,5133.56,FL,False,none
PE-EMP-00202-03,EMP-00202,2025-03-02,2025-03-31,158.6,14.3,7485.38,1849.34,5636.04,FL,False,none
PE-EMP-00202-04,EMP-00202,2025-04-01,2025-04-30,153.8,13.8,7458.67,1815.1,5643.57,FL,False,none
PE-EMP-00202-05,EMP-00202,2025-05-01,2025-05-30,146.3,11.9,7340.58,1565.6,5774.98,FL,False,none
PE-EMP-00202-06,EMP-00202,2025-05-31,2025-06-29,141.8,8.6,7136.74,1943.94,5192.8,FL,False,none
PE-EMP-00203-01,EMP-00203,2025-01-01,2025-01-30,165.5,0.0,8129.0,1742.23,6386.77,CA,False,none
PE-EMP-00203-02,EMP-00203,2025-01-31,2025-03-01,160.3,0.0,8129.0,2067.18,6061.82,CA,False,none
PE-EMP-00203-03,EMP-00203,2025-03-02,2025-03-31,162.0,0.0,8129.0,1994.79,6134.21,CA,False,none
PE-EMP-00203-04,EMP-00203,2025-04-01,2025-04-30,152.2,0.0,8129.0,2248.68,5880.32,CA,False,none
PE-EMP-00203-05,EMP-00203,2025-05-01,2025-05-30,147.3,0.0,8129.0,1652.92,6476.08,CA,False,none
PE-EMP-00203-06,EMP-00203,2025-05-31,2025-06-29,143.1,0.0,8129.0,1699.75,6429.25,CA,False,none
PE-EMP-00204-01,EMP-00204,2025-01-01,2025-01-30,156.6,0.0,7759.0,1660.61,6098.39,DE_national,False,none
PE-EMP-00204-02,EMP-00204,2025-01-31,2025-03-01,166.4,0.0,7759.0,1542.61,6216.39,DE_national,True,rule_override
PE-EMP-00204-03,EMP-00204,2025-03-02,2025-03-31,143.6,0.0,7759.0,1841.09,5917.91,DE_national,False,none
PE-EMP-00204-04,EMP-00204,2025-04-01,2025-04-30,150.6,0.0,7759.0,1639.77,6119.23,DE_national,False,none
PE-EMP-00204-05,EMP-00204,2025-05-01,2025-05-30,148.7,0.0,7759.0,1968.39,5790.61,DE_national,False,none
PE-EMP-00204-06,EMP-00204,2025-05-31,2025-06-29,145.3,0.0,7759.0,1854.45,5904.55,DE_national,False,none
PE-EMP-00205-01,EMP-00205,2025-01-01,2025-01-30,151.9,0.0,8268.0,1809.16,6458.84,FL,False,none
PE-EMP-00205-02,EMP-00205,2025-01-31,2025-03-01,162.3,0.0,8268.0,2125.94,6142.06,FL,False,none
PE-EMP-00205-03,EMP-00205,2025-03-02,2025-03-31,143.5,0.0,8268.0,2260.41,6007.59,FL,False,none
PE-EMP-00205-04,EMP-00205,2025-04-01,2025-04-30,156.5,0.0,8268.0,2037.02,6230.98,FL,False,none
PE-EMP-00205-05,EMP-00205,2025-05-01,2025-05-30,140.3,0.0,8268.0,1576.37,6691.63,FL,False,none
PE-EMP-00205-06,EMP-00205,2025-05-31,2025-06-29,148.8,0.0,8268.0,2192.97,6075.03,FL,False,none
PE-EMP-00206-01,EMP-00206,2025-01-01,2025-01-30,148.3,0.0,8062.0,2109.14,5952.86,CA,False,none
PE-EMP-00206-02,EMP-00206,2025-01-31,2025-03-01,159.0,0.0,8062.0,1627.64,6434.36,CA,False,none
PE-EMP-00206-03,EMP-00206,2025-03-02,2025-03-31,147.9,0.0,8062.0,1570.01,6491.99,CA,False,none
PE-EMP-00206-04,EMP-00206,2025-04-01,2025-04-30,163.8,0.0,8062.0,2053.44,6008.56,CA,False,none
PE-EMP-00206-05,EMP-00206,2025-05-01,2025-05-30,141.0,0.0,8062.0,2118.49,5943.51,CA,False,none
PE-EMP-00206-06,EMP-00206,2025-05-31,2025-06-29,154.1,0.0,8062.0,1709.26,6352.74,CA,False,none
PE-EMP-00207-01,EMP-00207,2025-01-01,2025-01-30,163.7,10.3,4857.88,1007.26,3850.62,DE_national,False,none
PE-EMP-00207-02,EMP-00207,2025-01-31,2025-03-01,146.0,8.6,4786.49,1163.63,3622.86,DE_national,False,none
PE-EMP-00207-03,EMP-00207,2025-03-02,2025-03-31,141.6,4.4,4610.55,1275.51,3335.04,DE_national,False,none
PE-EMP-00207-04,EMP-00207,2025-04-01,2025-04-30,160.1,12.2,4933.62,963.39,3970.23,DE_national,False,none
PE-EMP-00207-05,EMP-00207,2025-05-01,2025-05-30,146.3,12.7,4957.2,1355.51,3601.69,DE_national,False,none
PE-EMP-00207-06,EMP-00207,2025-05-31,2025-06-29,161.7,11.0,4887.23,1330.87,3556.36,DE_national,False,none
PE-EMP-00208-01,EMP-00208,2025-01-01,2025-01-30,160.4,0.0,8067.0,2143.22,5923.78,TX,False,none
PE-EMP-00208-02,EMP-00208,2025-01-31,2025-03-01,162.8,0.0,8067.0,1693.35,6373.65,TX,False,none
PE-EMP-00208-03,EMP-00208,2025-03-02,2025-03-31,144.5,0.0,8067.0,2188.07,5878.93,TX,False,none
PE-EMP-00208-04,EMP-00208,2025-04-01,2025-04-30,151.0,0.0,8067.0,1469.46,6597.54,TX,False,none
PE-EMP-00208-05,EMP-00208,2025-05-01,2025-05-30,153.3,0.0,8067.0,1792.84,6274.16,TX,False,none
PE-EMP-00208-06,EMP-00208,2025-05-31,2025-06-29,151.0,0.0,8067.0,1733.04,6333.96,TX,False,none
PE-EMP-00209-01,EMP-00209,2025-01-01,2025-01-30,160.3,0.0,7164.0,1340.97,5823.03,WA,False,none
PE-EMP-00209-02,EMP-00209,2025-01-31,2025-03-01,165.8,0.0,7164.0,1491.81,5672.19,WA,False,none
PE-EMP-00209-03-DUP,EMP-00209,2025-03-02,2025-03-31,155.3,0.0,7164.0,1791.79,5372.21,WA,True,duplicate_payment
PE-EMP-00209-04,EMP-00209,2025-04-01,2025-04-30,149.1,0.0,7164.0,1359.24,5804.76,WA,False,none
PE-EMP-00209-05,EMP-00209,2025-05-01,2025-05-30,164.2,0.0,7164.0,1856.39,5307.61,WA,False,none
PE-EMP-00209-06,EMP-00209,2025-05-31,2025-06-29,166.2,0.0,7164.0,1328.29,5835.71,WA,False,none
PE-EMP-00210-01,EMP-00210,2025-01-01,2025-01-30,158.3,0.0,8173.0,1719.66,6453.34,NY,False,none
PE-EMP-00210-02,EMP-00210,2025-01-31,2025-03-01,152.4,0.0,8173.0,1942.85,6230.15,NY,False,none
PE-EMP-00210-03,EMP-00210,2025-03-02,2025-03-31,165.1,0.0,8173.0,1865.44,6307.56,NY,False,none
PE-EMP-00210-04,EMP-00210,2025-04-01,2025-04-30,162.5,0.0,8173.0,1642.58,6530.42,NY,False,none
PE-EMP-00210-05,EMP-00210,2025-05-01,2025-05-30,158.2,0.0,8173.0,1631.05,6541.95,NY,False,none
PE-EMP-00210-06,EMP-00210,2025-05-31,2025-06-29,164.0,0.0,8173.0,1767.19,6405.81,NY,False,none
PE-EMP-00211-01,EMP-00211,2025-01-01,2025-01-30,164.0,1.5,6515.08,1684.47,4830.61,FL,False,none
PE-EMP-00211-02,EMP-00211,2025-01-31,2025-03-01,159.0,5.6,6763.12,1881.97,4881.15,FL,False,none
PE-EMP-00211-03,EMP-00211,2025-03-02,2025-03-31,150.0,2.5,6574.94,1220.53,5354.41,FL,False,none
PE-EMP-00211-04,EMP-00211,2025-04-01,2025-04-30,143.3,7.1,6851.02,1880.65,4970.37,FL,False,none
PE-EMP-00211-05,EMP-00211,2025-05-01,2025-05-30,152.1,7.7,6888.56,1473.11,5415.45,FL,False,none
PE-EMP-00211-06,EMP-00211,2025-05-31,2025-06-29,146.9,2.2,6557.19,1654.08,4903.11,FL,False,none
PE-EMP-00212-01,EMP-00212,2025-01-01,2025-01-30,148.5,1.8,4087.16,897.8,3189.36,NY,False,none
PE-EMP-00212-02,EMP-00212,2025-01-31,2025-03-01,160.9,8.9,4357.01,859.41,3497.6,NY,False,none
PE-EMP-00212-03,EMP-00212,2025-03-02,2025-03-31,158.8,11.6,4458.6,1244.47,3214.13,NY,False,none
PE-EMP-00212-04,EMP-00212,2025-04-01,2025-04-30,162.9,1.3,4070.66,921.46,3149.2,NY,False,none
PE-EMP-00212-05,EMP-00212,2025-05-01,2025-05-30,152.5,5.7,4236.01,1030.34,3205.67,NY,False,none
PE-EMP-00212-06,EMP-00212,2025-05-31,2025-06-29,143.4,0.2,4026.56,771.74,3254.82,NY,False,none
PE-EMP-00213-01,EMP-00213,2025-01-01,2025-01-30,165.4,0.0,7403.0,1807.38,5595.62,TX,False,none
PE-EMP-00213-02,EMP-00213,2025-01-31,2025-03-01,156.4,0.0,7403.0,1499.06,5903.94,TX,False,none
PE-EMP-00213-03,EMP-00213,2025-03-02,2025-03-31,153.4,0.0,7403.0,2063.47,5339.53,TX,False,none
PE-EMP-00213-04,EMP-00213,2025-04-01,2025-04-30,142.6,0.0,7403.0,1846.11,5556.89,TX,False,none
PE-EMP-00213-05,EMP-00213,2025-05-01,2025-05-30,150.8,0.0,7403.0,1771.45,5631.55,TX,False,none
PE-EMP-00213-06,EMP-00213,2025-05-31,2025-06-29,159.7,0.0,7403.0,2072.81,5330.19,TX,False,none
PE-EMP-00214-01,EMP-00214,2025-01-01,2025-01-30,143.5,0.0,8442.0,1771.44,6670.56,NY,False,none
PE-EMP-00214-02,EMP-00214,2025-01-31,2025-03-01,160.0,0.0,8442.0,1794.12,6647.88,NY,False,none
PE-EMP-00214-03,EMP-00214,2025-03-02,2025-03-31,155.1,0.0,8442.0,2247.44,6194.56,NY,False,none
PE-EMP-00214-04,EMP-00214,2025-04-01,2025-04-30,159.6,0.0,8442.0,1861.74,6580.26,NY,False,none
PE-EMP-00214-05,EMP-00214,2025-05-01,2025-05-30,162.9,0.0,8442.0,1852.0,6590.0,NY,False,none
PE-EMP-00214-06,EMP-00214,2025-05-31,2025-06-29,154.8,0.0,8442.0,2180.97,6261.03,NY,False,none
PE-EMP-00215-01,EMP-00215,2025-01-01,2025-01-30,163.4,0.0,7386.0,1376.7,6009.3,federal,False,none
PE-EMP-00215-02,EMP-00215,2025-01-31,2025-03-01,162.9,0.0,7386.0,1727.57,5658.43,federal,False,none
PE-EMP-00215-03,EMP-00215,2025-03-02,2025-03-31,161.1,0.0,7386.0,1810.83,5575.17,federal,False,none
PE-EMP-00215-04,EMP-00215,2025-04-01,2025-04-30,158.4,0.0,7386.0,1482.71,5903.29,federal,False,none
PE-EMP-00215-05,EMP-00215,2025-05-01,2025-05-30,164.1,0.0,7386.0,1416.14,5969.86,federal,False,none
PE-EMP-00215-06,EMP-00215,2025-05-31,2025-06-29,140.1,0.0,7386.0,1842.97,5543.03,federal,False,none
PE-EMP-00216-01,EMP-00216,2025-01-01,2025-01-30,141.1,6.7,4986.03,1054.19,3931.84,CA,False,none
PE-EMP-00216-02,EMP-00216,2025-01-31,2025-03-01,142.5,8.6,5070.36,1243.58,3826.78,CA,False,none
PE-EMP-00216-03,EMP-00216,2025-03-02,2025-03-31,142.4,3.9,4860.38,1240.89,3619.49,CA,False,none
PE-EMP-00216-04,EMP-00216,2025-04-01,2025-04-30,167.1,1.9,4773.27,1001.71,3771.56,CA,False,none
PE-EMP-00216-05,EMP-00216,2025-05-01,2025-05-30,158.4,2.6,4804.2,1334.18,3470.02,CA,False,none
PE-EMP-00216-06,EMP-00216,2025-05-31,2025-06-29,166.5,3.7,4854.82,896.28,3958.54,CA,False,none
PE-EMP-00217-01,EMP-00217,2025-01-01,2025-01-30,148.2,0.0,7891.0,2134.22,5756.78,NY,False,none
PE-EMP-00217-02,EMP-00217,2025-01-31,2025-03-01,143.9,0.0,7891.0,1841.84,6049.16,NY,False,none
PE-EMP-00217-03,EMP-00217,2025-03-02,2025-03-31,148.8,0.0,7891.0,1807.39,6083.61,NY,False,none
PE-EMP-00217-04,EMP-00217,2025-04-01,2025-04-30,167.9,0.0,7891.0,2139.08,5751.92,NY,False,none
PE-EMP-00217-05,EMP-00217,2025-05-01,2025-05-30,154.3,0.0,7891.0,1898.71,5992.29,NY,False,none
PE-EMP-00217-06,EMP-00217,2025-05-31,2025-06-29,158.6,0.0,7891.0,1963.23,5927.77,NY,False,none
PE-EMP-00218-01,EMP-00218,2025-01-01,2025-01-30,144.0,0.7,6910.2,1269.22,5640.98,FL,False,none
PE-EMP-00218-02,EMP-00218,2025-01-31,2025-03-01,143.8,12.8,7693.7,1550.44,6143.26,FL,False,none
PE-EMP-00218-03,EMP-00218,2025-03-02,2025-03-31,147.8,8.3,7400.12,1769.95,5630.17,FL,False,none
PE-EMP-00218-04,EMP-00218,2025-04-01,2025-04-30,155.4,10.9,7571.08,1682.31,5888.77,FL,False,none
PE-EMP-00218-05,EMP-00218,2025-05-01,2025-05-30,144.6,3.9,7118.73,1743.92,5374.81,FL,False,none
PE-EMP-00218-06,EMP-00218,2025-05-31,2025-06-29,158.9,6.8,7307.41,2005.69,5301.72,FL,False,none
PE-EMP-00219-01,EMP-00219,2025-01-01,2025-01-30,144.0,0.0,7287.0,1996.78,5290.22,WA,False,none
PE-EMP-00219-02,EMP-00219,2025-01-31,2025-03-01,157.6,0.0,7287.0,1460.14,5826.86,WA,False,none
PE-EMP-00219-03,EMP-00219,2025-03-02,2025-03-31,157.7,0.0,7287.0,1507.97,5779.03,WA,False,none
PE-EMP-00219-04,EMP-00219,2025-04-01,2025-04-30,160.0,0.0,7287.0,1782.09,5504.91,WA,False,none
PE-EMP-00219-05,EMP-00219,2025-05-01,2025-05-30,158.1,0.0,7287.0,1722.39,5564.61,WA,False,none
PE-EMP-00219-06,EMP-00219,2025-05-31,2025-06-29,144.6,0.0,7287.0,1684.34,5602.66,WA,False,none
PE-EMP-00220-01,EMP-00220,2025-01-01,2025-01-30,162.1,12.3,4332.73,916.96,3415.77,CA,False,none
PE-EMP-00220-02,EMP-00220,2025-01-31,2025-03-01,146.9,5.7,4090.97,1130.75,2960.22,CA,False,none
PE-EMP-00220-03,EMP-00220,2025-03-02,2025-03-31,159.2,4.1,4031.54,939.94,3091.6,CA,False,none
PE-EMP-00220-04,EMP-00220,2025-04-01,2025-04-30,142.5,6.1,4106.18,874.35,3231.83,CA,False,none
PE-EMP-00220-05,EMP-00220,2025-05-01,2025-05-30,144.1,13.6,4380.62,1129.35,3251.27,CA,False,none
PE-EMP-00220-06,EMP-00220,2025-05-31,2025-06-29,142.7,12.0,4319.91,895.8,3424.11,CA,False,none
PE-EMP-00221-01,EMP-00221,2025-01-01,2025-01-30,146.2,0.0,6885.0,1913.68,4971.32,CA,False,none
PE-EMP-00221-02,EMP-00221,2025-01-31,2025-03-01,161.9,0.0,6885.0,1894.6,4990.4,CA,False,none
PE-EMP-00221-03,EMP-00221,2025-03-02,2025-03-31,154.7,0.0,6885.0,1324.33,5560.67,CA,False,none
PE-EMP-00221-04,EMP-00221,2025-04-01,2025-04-30,156.5,0.0,6885.0,1842.09,5042.91,CA,False,none
PE-EMP-00221-05,EMP-00221,2025-05-01,2025-05-30,142.7,0.0,6885.0,1794.78,5090.22,CA,False,none
PE-EMP-00221-06,EMP-00221,2025-05-31,2025-06-29,156.0,0.0,6885.0,1479.52,5405.48,CA,False,none
PE-EMP-00222-01,EMP-00222,2025-01-01,2025-01-30,147.6,0.0,8058.0,1677.67,6380.33,TX,False,none
PE-EMP-00222-02,EMP-00222,2025-01-31,2025-03-01,141.3,0.0,8058.0,1530.27,6527.73,TX,False,none
PE-EMP-00222-03,EMP-00222,2025-03-02,2025-03-31,161.1,0.0,8058.0,1706.68,6351.32,TX,False,none
PE-EMP-00222-04,EMP-00222,2025-04-01,2025-04-30,162.6,0.0,8058.0,1596.03,6461.97,TX,False,none
PE-EMP-00222-05,EMP-00222,2025-05-01,2025-05-30,162.1,0.0,8058.0,1996.62,6061.38,TX,False,none
PE-EMP-00222-06,EMP-00222,2025-05-31,2025-06-29,164.7,0.0,8058.0,1894.98,6163.02,TX,False,none
PE-EMP-00223-01,EMP-00223,2025-01-01,2025-01-30,156.6,0.0,8464.0,1864.32,6599.68,UK_national,False,none
PE-EMP-00223-02,EMP-00223,2025-01-31,2025-03-01,159.2,0.0,8464.0,1742.79,6721.21,UK_national,False,none
PE-EMP-00223-03,EMP-00223,2025-03-02,2025-03-31,158.4,0.0,8464.0,2127.19,6336.81,UK_national,False,none
PE-EMP-00223-04,EMP-00223,2025-04-01,2025-04-30,155.9,0.0,8464.0,1644.28,6819.72,UK_national,False,none
PE-EMP-00223-05,EMP-00223,2025-05-01,2025-05-30,165.7,0.0,11619.27,1749.82,6714.18,UK_national,True,rate_violation
PE-EMP-00223-06,EMP-00223,2025-05-31,2025-06-29,150.4,0.0,8464.0,2064.53,6399.47,UK_national,False,none
PE-EMP-00224-01,EMP-00224,2025-01-01,2025-01-30,151.7,11.7,7537.96,1868.07,5669.89,federal,False,none
PE-EMP-00224-02,EMP-00224,2025-01-31,2025-03-01,149.9,6.9,7232.44,1619.31,5613.13,federal,False,none
PE-EMP-00224-03,EMP-00224,2025-03-02,2025-03-31,166.7,7.0,7242.83,1511.45,5731.38,federal,False,none
PE-EMP-00224-04,EMP-00224,2025-04-01,2025-04-30,165.9,7.8,7292.45,1836.58,5455.87,federal,False,none
PE-EMP-00224-05,EMP-00224,2025-05-01,2025-05-30,142.4,3.4,7013.59,1708.25,5305.34,federal,False,none
PE-EMP-00224-06,EMP-00224,2025-05-31,2025-06-29,163.7,4.6,7087.07,1821.79,5265.28,federal,False,none
PE-EMP-00225-01,EMP-00225,2025-01-01,2025-01-30,142.1,0.0,7461.0,1816.51,5644.49,TX,False,none
PE-EMP-00225-02,EMP-00225,2025-01-31,2025-03-01,142.6,0.0,7461.0,1522.07,5938.93,TX,False,none
PE-EMP-00225-03,EMP-00225,2025-03-02,2025-03-31,142.4,0.0,7461.0,1772.22,5688.78,TX,False,none
PE-EMP-00225-04,EMP-00225,2025-04-01,2025-04-30,166.0,0.0,7461.0,1556.25,5904.75,TX,False,none
PE-EMP-00225-05,EMP-00225,2025-05-01,2025-05-30,140.3,0.0,7461.0,1946.09,5514.91,TX,False,none
PE-EMP-00225-06,EMP-00225,2025-05-31,2025-06-29,159.0,0.0,7461.0,2050.58,5410.42,TX,False,none
PE-EMP-00226-01,EMP-00226,2025-01-01,2025-01-30,143.8,0.0,8677.0,2370.94,6306.06,DE_national,False,none
PE-EMP-00226-02,EMP-00226,2025-01-31,2025-03-01,159.2,0.0,8677.0,1993.81,6683.19,DE_national,False,none
PE-EMP-00226-03,EMP-00226,2025-03-02,2025-03-31,154.9,0.0,8677.0,2149.1,6527.9,DE_national,False,none
PE-EMP-00226-04,EMP-00226,2025-04-01,2025-04-30,140.4,0.0,8677.0,1670.05,7006.95,DE_national,False,none
PE-EMP-00226-05,EMP-00226,2025-05-01,2025-05-30,163.3,0.0,8677.0,1726.88,6950.12,DE_national,False,none
PE-EMP-00226-06,EMP-00226,2025-05-31,2025-06-29,151.9,0.0,8677.0,1568.19,7108.81,DE_national,False,none
PE-EMP-00227-01,EMP-00227,2025-01-01,2025-01-30,167.8,8.0,4214.55,904.05,3310.5,WA,False,none
PE-EMP-00227-02,EMP-00227,2025-01-31,2025-03-01,168.0,9.9,4284.47,1165.57,3118.9,WA,False,none
PE-EMP-00227-03,EMP-00227,2025-03-02,2025-03-31,141.2,14.2,4440.9,1103.15,3337.75,WA,False,none
PE-EMP-00227-04,EMP-00227,2025-04-01,2025-04-30,166.0,6.7,4167.32,820.35,3346.97,WA,False,none
PE-EMP-00227-05,EMP-00227,2025-05-01,2025-05-30,144.9,11.5,4341.0,1173.72,3167.28,WA,False,none
PE-EMP-00227-06,EMP-00227,2025-05-31,2025-06-29,149.9,5.5,4122.34,796.98,3325.36,WA,False,none
PE-EMP-00228-01,EMP-00228,2025-01-01,2025-01-30,153.9,0.0,8290.0,1534.4,6755.6,NY,False,none
PE-EMP-00228-02,EMP-00228,2025-01-31,2025-03-01,167.2,0.0,8290.0,1633.53,6656.47,NY,False,none
PE-EMP-00228-03,EMP-00228,2025-03-02,2025-03-31,159.0,0.0,8290.0,1772.37,6517.63,NY,False,none
PE-EMP-00228-04,EMP-00228,2025-04-01,2025-04-30,163.8,0.0,8290.0,2181.7,6108.3,NY,False,none
PE-EMP-00228-05,EMP-00228,2025-05-01,2025-05-30,148.1,0.0,8290.0,2203.32,6086.68,NY,False,none
PE-EMP-00228-06,EMP-00228,2025-05-31,2025-06-29,147.4,0.0,8290.0,1892.71,6397.29,NY,False,none
PE-EMP-00229-01,EMP-00229,2025-01-01,2025-01-30,151.0,0.0,4105.29,998.07,3107.22,FL,False,none
PE-EMP-00229-02,EMP-00229,2025-01-31,2025-03-01,166.9,13.8,4636.72,1265.41,3371.31,FL,False,none
PE-EMP-00229-03,EMP-00229,2025-03-02,2025-03-31,166.2,7.7,4401.52,1185.51,3216.01,FL,False,none
PE-EMP-00229-04,EMP-00229,2025-04-01,2025-04-30,141.6,13.4,4619.08,1223.29,3395.79,FL,False,none
PE-EMP-00229-05,EMP-00229,2025-05-01,2025-05-30,148.4,0.1,4107.4,928.42,3178.98,FL,False,none
PE-EMP-00229-06,EMP-00229,2025-05-31,2025-06-29,160.2,1.6,4165.85,895.54,3270.31,FL,False,none
PE-EMP-00230-01,EMP-00230,2025-01-01,2025-01-30,140.2,0.0,8968.0,1974.81,6993.19,WA,False,none
PE-EMP-00230-02,EMP-00230,2025-01-31,2025-03-01,145.5,0.0,8968.0,2000.58,6967.42,WA,False,none
PE-EMP-00230-03,EMP-00230,2025-03-02,2025-03-31,165.2,0.0,8968.0,2088.73,6879.27,WA,False,none
PE-EMP-00230-04,EMP-00230,2025-04-01,2025-04-30,165.6,0.0,8968.0,1982.57,6985.43,WA,False,none
PE-EMP-00230-05,EMP-00230,2025-05-01,2025-05-30,161.5,0.0,8968.0,1620.44,7347.56,WA,False,none
PE-EMP-00230-06,EMP-00230,2025-05-31,2025-06-29,153.2,0.0,8968.0,1838.56,7129.44,WA,False,none
PE-EMP-00231-01,EMP-00231,2025-01-01,2025-01-30,165.0,5.6,6444.25,1394.86,5049.39,federal,False,none
PE-EMP-00231-02,EMP-00231,2025-01-31,2025-03-01,167.7,8.0,6583.81,1362.51,5221.3,federal,False,none
PE-EMP-00231-03,EMP-00231,2025-03-02,2025-03-31,143.9,9.8,6687.0,1497.46,5189.54,federal,False,none
PE-EMP-00231-04,EMP-00231,2025-04-01,2025-04-30,164.7,11.2,6765.18,1221.66,5543.52,federal,False,none
PE-EMP-00231-05,EMP-00231,2025-05-01,2025-05-30,148.0,10.6,6732.57,1286.37,5446.2,federal,False,none
PE-EMP-00231-06-DUP,EMP-00231,2025-05-31,2025-06-29,149.3,2.0,6237.09,1385.29,4851.8,federal,True,duplicate_payment
PE-EMP-00232-01,EMP-00232,2025-01-01,2025-01-30,166.6,0.5,4107.17,1012.91,3094.26,TX,False,none
PE-EMP-00232-02,EMP-00232,2025-01-31,2025-03-01,143.3,14.4,4640.84,1291.51,3349.33,TX,False,none
PE-EMP-00232-03,EMP-00232,2025-03-02,2025-03-31,159.1,7.3,4370.22,1003.21,3367.01,TX,False,none
PE-EMP-00232-04,EMP-00232,2025-04-01,2025-04-30,161.8,1.9,4162.28,1061.84,3100.44,TX,False,none
PE-EMP-00232-05,EMP-00232,2025-05-01,2025-05-30,160.8,6.0,4318.93,1090.96,3227.97,TX,False,none
PE-EMP-00232-06,EMP-00232,2025-05-31,2025-06-29,166.8,12.4,4563.76,881.45,3682.31,TX,False,none
PE-EMP-00233-01,EMP-00233,2025-01-01,2025-01-30,149.6,11.9,7649.17,1473.32,6175.85,UK_national,False,none
PE-EMP-00233-02,EMP-00233,2025-01-31,2025-03-01,141.5,0.2,6895.21,1713.07,5182.14,UK_national,False,none
PE-EMP-00233-03,EMP-00233,2025-03-02,2025-03-31,156.7,12.4,7685.1,1713.52,5971.58,UK_national,False,none
PE-EMP-00233-04,EMP-00233,2025-04-01,2025-04-30,147.9,0.1,6889.77,1571.0,5318.77,UK_national,False,none
PE-EMP-00233-05,EMP-00233,2025-05-01,2025-05-30,157.3,1.2,6961.95,1551.79,5410.16,UK_national,False,none
PE-EMP-00233-06,EMP-00233,2025-05-31,2025-06-29,147.9,10.9,7587.75,1507.58,6080.17,UK_national,False,none
PE-EMP-00234-01,EMP-00234,2025-01-01,2025-01-30,159.6,1.7,4656.11,960.8,3695.31,NY,False,none
PE-EMP-00234-02,EMP-00234,2025-01-31,2025-03-01,153.3,10.0,5011.35,1117.11,3894.24,NY,False,none
PE-EMP-00234-03,EMP-00234,2025-03-02,2025-03-31,160.5,11.7,5086.34,967.96,4118.38,NY,False,none
PE-EMP-00234-04,EMP-00234,2025-04-01,2025-04-30,163.9,9.2,4975.76,989.51,3986.25,NY,False,none
PE-EMP-00234-05,EMP-00234,2025-05-01,2025-05-30,143.4,9.4,4987.23,971.87,4015.36,NY,False,none
PE-EMP-00234-06,EMP-00234,2025-05-31,2025-06-29,145.4,6.0,4840.56,1003.87,3836.69,NY,False,none
PE-EMP-00235-01,EMP-00235,2025-01-01,2025-01-30,140.5,0.0,7596.0,1478.34,6117.66,UK_national,False,none
PE-EMP-00235-02,EMP-00235,2025-01-31,2025-03-01,164.2,0.0,7596.0,1518.93,6077.07,UK_national,False,none
PE-EMP-00235-03,EMP-00235,2025-03-02,2025-03-31,154.7,0.0,7596.0,1656.2,5939.8,UK_national,False,none
PE-EMP-00235-04,EMP-00235,2025-04-01,2025-04-30,167.4,0.0,7596.0,1899.12,5696.88,UK_national,False,none
PE-EMP-00235-05,EMP-00235,2025-05-01,2025-05-30,151.9,0.0,7596.0,1535.74,6060.26,UK_national,False,none
PE-EMP-00235-06,EMP-00235,2025-05-31,2025-06-29,152.0,0.0,7596.0,1413.88,6182.12,UK_national,False,none
PE-EMP-00236-01,EMP-00236,2025-01-01,2025-01-30,150.2,0.8,4552.83,869.62,3683.21,TX,False,none
PE-EMP-00236-02,EMP-00236,2025-01-31,2025-03-01,146.9,14.1,5119.39,1285.78,3833.61,TX,False,none
PE-EMP-00236-03,EMP-00236,2025-03-02,2025-03-31,140.0,13.4,5088.95,1008.5,4080.45,TX,False,none
PE-EMP-00236-04,EMP-00236,2025-04-01,2025-04-30,148.0,9.9,4939.79,1048.05,3891.74,TX,False,none
PE-EMP-00236-05,EMP-00236,2025-05-01,2025-05-30,152.1,4.2,4698.08,1130.6,3567.48,TX,False,none
PE-EMP-00236-06,EMP-00236,2025-05-31,2025-06-29,149.4,3.8,4680.34,1072.4,3607.94,TX,False,none
PE-EMP-00237-01,EMP-00237,2025-01-01,2025-01-30,159.1,1.7,4635.58,1144.5,3491.08,UK_national,False,none
PE-EMP-00237-02,EMP-00237,2025-01-31,2025-03-01,150.1,11.6,5058.49,976.44,4082.05,UK_national,False,none
PE-EMP-00237-03,EMP-00237,2025-03-02,2025-03-31,156.5,12.2,5083.89,1292.8,3791.09,UK_national,False,none
PE-EMP-00237-04,EMP-00237,2025-04-01,2025-04-30,147.7,9.1,4952.11,1009.36,3942.75,UK_national,False,none
PE-EMP-00237-05,EMP-00237,2025-05-01,2025-05-30,143.0,8.8,4939.03,932.11,4006.92,UK_national,False,none
PE-EMP-00237-06,EMP-00237,2025-05-31,2025-06-29,141.1,9.4,4968.06,1193.25,3774.81,UK_national,False,none
PE-EMP-00238-01,EMP-00238,2025-01-01,2025-01-30,162.9,14.5,7277.18,1953.23,5323.95,NY,False,none
PE-EMP-00238-02,EMP-00238,2025-01-31,2025-03-01,142.8,2.9,6578.77,1477.44,5101.33,NY,False,none
PE-EMP-00238-03,EMP-00238,2025-03-02,2025-03-31,148.4,14.1,7253.3,1754.58,5498.72,NY,False,none
PE-EMP-00238-04,EMP-00238,2025-04-01,2025-04-30,154.9,7.1,6832.11,1749.7,5082.41,NY,False,none
PE-EMP-00238-05,EMP-00238,2025-05-01,2025-05-30,151.7,2.3,6543.41,1261.46,5281.95,NY,False,none
PE-EMP-00238-06,EMP-00238,2025-05-31,2025-06-29,161.3,10.7,7045.94,1896.48,5149.46,NY,False,none
PE-EMP-00239-01,EMP-00239,2025-01-01,2025-01-30,155.7,0.0,6778.0,1793.52,4984.48,TX,False,none
PE-EMP-00239-02,EMP-00239,2025-01-31,2025-03-01,150.2,0.0,6778.0,1455.47,5322.53,TX,False,none
PE-EMP-00239-03,EMP-00239,2025-03-02,2025-03-31,143.3,0.0,6778.0,1646.96,5131.04,TX,False,none
PE-EMP-00239-04,EMP-00239,2025-04-01,2025-04-30,153.5,0.0,6778.0,1515.65,5262.35,TX,False,none
PE-EMP-00239-05,EMP-00239,2025-05-01,2025-05-30,166.7,0.0,6778.0,1575.05,5202.95,TX,False,none
PE-EMP-00239-06,EMP-00239,2025-05-31,2025-06-29,144.7,0.0,6778.0,1756.1,5021.9,TX,False,none
PE-EMP-00240-01,EMP-00240,2025-01-01,2025-01-30,167.1,0.0,8744.0,1813.64,6930.36,federal,False,none
PE-EMP-00240-02,EMP-00240,2025-01-31,2025-03-01,166.8,0.0,8744.0,1827.2,6916.8,federal,False,none
PE-EMP-00240-03,EMP-00240,2025-03-02,2025-03-31,167.2,0.0,8744.0,1627.08,7116.92,federal,False,none
PE-EMP-00240-04,EMP-00240,2025-04-01,2025-04-30,162.8,0.0,8744.0,1740.22,7003.78,federal,False,none
PE-EMP-00240-05,EMP-00240,2025-05-01,2025-05-30,154.9,0.0,8744.0,2006.77,6737.23,federal,False,none
PE-EMP-00240-06,EMP-00240,2025-05-31,2025-06-29,142.1,0.0,15110.77,2022.91,6721.09,federal,True,rate_violation
PE-EMP-00241-01,EMP-00241,2025-01-01,2025-01-30,155.7,6.6,6583.78,1520.38,5063.4,WA,False,none
PE-EMP-00241-02,EMP-00241,2025-01-31,2025-03-01,145.8,5.9,6542.36,1574.89,4967.47,WA,False,none
PE-EMP-00241-03,EMP-00241,2025-03-02,2025-03-31,156.6,0.1,6205.14,1471.8,4733.34,WA,False,none
PE-EMP-00241-04,EMP-00241,2025-04-01,2025-04-30,154.4,0.1,6209.73,1694.4,4515.33,WA,False,none
PE-EMP-00241-05,EMP-00241,2025-05-01,2025-05-30,147.2,7.6,6641.41,1674.02,4967.39,WA,False,none
PE-EMP-00241-06,EMP-00241,2025-05-31,2025-06-29,147.5,12.8,6945.49,1456.03,5489.46,WA,False,none
PE-EMP-00242-01,EMP-00242,2025-01-01,2025-01-30,146.3,0.0,8274.0,1587.87,6686.13,TX,False,none
PE-EMP-00242-02,EMP-00242,2025-01-31,2025-03-01,148.2,0.0,8274.0,1930.79,6343.21,TX,False,none
PE-EMP-00242-03,EMP-00242,2025-03-02,2025-03-31,166.4,0.0,8274.0,2018.54,6255.46,TX,False,none
PE-EMP-00242-04,EMP-00242,2025-04-01,2025-04-30,143.7,0.0,8274.0,1719.14,6554.86,TX,False,none
PE-EMP-00242-05,EMP-00242,2025-05-01,2025-05-30,141.4,0.0,8274.0,2211.96,6062.04,TX,False,none
PE-EMP-00242-06,EMP-00242,2025-05-31,2025-06-29,167.7,0.0,8274.0,2300.19,5973.81,TX,False,none
PE-EMP-00243-01,EMP-00243,2025-01-01,2025-01-30,158.2,3.1,3967.8,760.3,3207.5,federal,False,none
PE-EMP-00243-02,EMP-00243,2025-01-31,2025-03-01,149.1,9.5,4196.89,1163.47,3033.42,federal,False,none
PE-EMP-00243-03,EMP-00243,2025-03-02,2025-03-31,147.4,14.2,4366.93,1172.08,3194.85,federal,False,none
PE-EMP-00243-04,EMP-00243,2025-04-01,2025-04-30,148.3,2.0,3926.41,1059.48,2866.93,federal,True,ghost_employee
PE-EMP-00243-05,EMP-00243,2025-05-01,2025-05-30,140.3,14.8,4387.98,1064.5,3323.48,federal,False,none
PE-EMP-00243-06,EMP-00243,2025-05-31,2025-06-29,147.8,5.3,4046.66,1024.0,3022.66,federal,False,none
PE-EMP-00244-01,EMP-00244,2025-01-01,2025-01-30,140.4,0.0,8815.0,1812.35,7002.65,WA,False,none
PE-EMP-00244-02,EMP-00244,2025-01-31,2025-03-01,164.3,0.0,8815.0,2166.13,6648.87,WA,False,none
PE-EMP-00244-03,EMP-00244,2025-03-02,2025-03-31,156.3,0.0,8815.0,2414.44,6400.56,WA,False,none
PE-EMP-00244-04,EMP-00244,2025-04-01,2025-04-30,159.3,0.0,8815.0,2223.67,6591.33,WA,False,none
PE-EMP-00244-05,EMP-00244,2025-05-01,2025-05-30,147.2,0.0,8815.0,2420.3,6394.7,WA,False,none
PE-EMP-00244-06,EMP-00244,2025-05-31,2025-06-29,156.9,0.0,8815.0,2138.72,6676.28,WA,False,none
PE-EMP-00245-01,EMP-00245,2025-01-01,2025-01-30,152.4,0.0,7617.0,1528.09,6088.91,NY,False,none
PE-EMP-00245-02,EMP-00245,2025-01-31,2025-03-01,145.7,0.0,7617.0,1618.05,5998.95,NY,False,none
PE-EMP-00245-03,EMP-00245,2025-03-02,2025-03-31,164.0,0.0,7617.0,1850.78,5766.22,NY,False,none
PE-EMP-00245-04,EMP-00245,2025-04-01,2025-04-30,152.5,0.0,7617.0,1672.28,5944.72,NY,False,none
PE-EMP-00245-05,EMP-00245,2025-05-01,2025-05-30,152.1,0.0,7617.0,1926.96,5690.04,NY,False,none
PE-EMP-00245-06,EMP-00245,2025-05-31,2025-06-29,153.4,0.0,7617.0,1484.05,6132.95,NY,False,none
PE-EMP-00246-01,EMP-00246,2025-01-01,2025-01-30,162.8,7.4,4868.41,1099.96,3768.45,federal,False,none
PE-EMP-00246-02,EMP-00246,2025-01-31,2025-03-01,166.4,2.6,4663.71,1105.14,3558.57,federal,False,none
PE-EMP-00246-03,EMP-00246,2025-03-02,2025-03-31,148.7,2.7,4666.46,971.58,3694.88,federal,False,none
PE-EMP-00246-04,EMP-00246,2025-04-01,2025-04-30,159.2,13.3,5117.55,1339.52,3778.03,federal,False,none
PE-EMP-00246-05,EMP-00246,2025-05-01,2025-05-30,151.9,2.8,4671.22,907.86,3763.36,federal,False,none
PE-EMP-00246-06,EMP-00246,2025-05-31,2025-06-29,151.3,6.8,4842.21,1183.98,3658.23,federal,False,none
PE-EMP-00247-01,EMP-00247,2025-01-01,2025-01-30,143.8,0.0,8594.0,2169.39,6424.61,DE_national,False,none
PE-EMP-00247-02,EMP-00247,2025-01-31,2025-03-01,140.3,0.0,8594.0,2191.85,6402.15,DE_national,False,none
PE-EMP-00247-03,EMP-00247,2025-03-02,2025-03-31,150.8,0.0,8594.0,1632.63,6961.37,DE_national,False,none
PE-EMP-00247-04,EMP-00247,2025-04-01,2025-04-30,140.4,0.0,8594.0,1641.48,6952.52,DE_national,False,none
PE-EMP-00247-05,EMP-00247,2025-05-01,2025-05-30,166.2,0.0,8594.0,2260.67,6333.33,DE_national,False,none
PE-EMP-00247-06,EMP-00247,2025-05-31,2025-06-29,161.6,0.0,8594.0,1660.51,6933.49,DE_national,False,none
PE-EMP-00248-01,EMP-00248,2025-01-01,2025-01-30,166.3,0.0,8619.0,1782.11,6836.89,federal,False,none
PE-EMP-00248-02,EMP-00248,2025-01-31,2025-03-01,162.2,0.0,8619.0,2068.25,6550.75,federal,False,none
PE-EMP-00248-03,EMP-00248,2025-03-02,2025-03-31,162.2,0.0,8619.0,1559.52,7059.48,federal,False,none
PE-EMP-00248-04,EMP-00248,2025-04-01,2025-04-30,162.9,0.0,8619.0,2018.89,6600.11,federal,False,none
PE-EMP-00248-05,EMP-00248,2025-05-01,2025-05-30,142.4,0.0,8619.0,2286.38,6332.62,federal,False,none
PE-EMP-00248-06,EMP-00248,2025-05-31,2025-06-29,161.3,0.0,8619.0,1671.42,6947.58,federal,False,none
PE-EMP-00249-01,EMP-00249,2025-01-01,2025-01-30,162.8,0.0,7405.0,1993.72,5411.28,DE_national,False,none
PE-EMP-00249-02,EMP-00249,2025-01-31,2025-03-01,153.4,0.0,7405.0,1560.52,5844.48,DE_national,False,none
PE-EMP-00249-03,EMP-00249,2025-03-02,2025-03-31,155.2,0.0,7405.0,1513.44,5891.56,DE_national,False,none
PE-EMP-00249-04,EMP-00249,2025-04-01,2025-04-30,155.2,0.0,7405.0,1530.95,5874.05,DE_national,False,none
PE-EMP-00249-05,EMP-00249,2025-05-01,2025-05-30,141.2,0.0,7405.0,1348.6,6056.4,DE_national,False,none
PE-EMP-00249-06,EMP-00249,2025-05-31,2025-06-29,142.9,0.0,7405.0,1736.21,5668.79,DE_national,False,none
PE-EMP-00250-01,EMP-00250,2025-01-01,2025-01-30,151.6,0.0,8724.0,2343.66,6380.34,FL,False,none
PE-EMP-00250-02,EMP-00250,2025-01-31,2025-03-01,146.3,0.0,8724.0,1571.38,7152.62,FL,False,none
PE-EMP-00250-03,EMP-00250,2025-03-02,2025-03-31,150.8,0.0,8724.0,1768.07,6955.93,FL,False,none
PE-EMP-00250-04,EMP-00250,2025-04-01,2025-04-30,148.0,0.0,8724.0,1878.55,6845.45,FL,False,none
PE-EMP-00250-05,EMP-00250,2025-05-01,2025-05-30,159.2,0.0,8724.0,2374.4,6349.6,FL,False,none
PE-EMP-00250-06,EMP-00250,2025-05-31,2025-06-29,160.0,0.0,8724.0,2169.45,6554.55,FL,False,none
PE-EMP-00251-01,EMP-00251,2025-01-01,2025-01-30,167.7,13.5,5227.18,1197.98,4029.2,federal,False,none
PE-EMP-00251-02-DUP,EMP-00251,2025-01-31,2025-03-01,147.9,3.4,4785.47,1319.1,3466.37,federal,True,duplicate_payment
PE-EMP-00251-03,EMP-00251,2025-03-02,2025-03-31,150.1,1.1,4688.77,1000.45,3688.32,federal,False,none
PE-EMP-00251-04,EMP-00251,2025-04-01,2025-04-30,141.2,13.9,5242.24,988.06,4254.18,federal,False,none
PE-EMP-00251-05,EMP-00251,2025-05-01,2025-05-30,149.4,2.3,4737.57,1055.83,3681.74,federal,False,none
PE-EMP-00251-06,EMP-00251,2025-05-31,2025-06-29,165.0,2.7,4757.32,1058.62,3698.7,federal,False,none
PE-EMP-00252-01,EMP-00252,2025-01-01,2025-01-30,148.0,10.3,4943.62,1198.71,3744.91,CA,False,none
PE-EMP-00252-02,EMP-00252,2025-01-31,2025-03-01,154.0,13.1,5062.95,1048.58,4014.37,CA,False,none
PE-EMP-00252-03,EMP-00252,2025-03-02,2025-03-31,165.4,5.5,4741.99,979.41,3762.58,CA,False,none
PE-EMP-00252-04,EMP-00252,2025-04-01,2025-04-30,164.1,12.0,5014.32,1298.14,3716.18,CA,False,none
PE-EMP-00252-05,EMP-00252,2025-05-01,2025-05-30,144.1,14.7,5128.02,1321.89,3806.13,CA,False,none
PE-EMP-00252-06,EMP-00252,2025-05-31,2025-06-29,162.3,2.2,4601.68,1033.86,3567.82,CA,False,none
PE-EMP-00253-01,EMP-00253,2025-01-01,2025-01-30,162.8,0.0,8290.0,2301.59,5988.41,UK_national,False,none
PE-EMP-00253-02,EMP-00253,2025-01-31,2025-03-01,152.0,0.0,8290.0,1586.01,6703.99,UK_national,False,none
PE-EMP-00253-03,EMP-00253,2025-03-02,2025-03-31,144.1,0.0,8290.0,2094.64,6195.36,UK_national,False,none
PE-EMP-00253-04,EMP-00253,2025-04-01,2025-04-30,143.6,0.0,8290.0,1760.01,6529.99,UK_national,False,none
PE-EMP-00253-05,EMP-00253,2025-05-01,2025-05-30,149.9,0.0,8290.0,2128.49,6161.51,UK_national,False,none
PE-EMP-00253-06,EMP-00253,2025-05-31,2025-06-29,153.5,0.0,8290.0,1901.9,6388.1,UK_national,False,none
PE-EMP-00254-01,EMP-00254,2025-01-01,2025-01-30,156.8,0.0,7896.0,2189.44,5706.56,NY,False,none
PE-EMP-00254-02,EMP-00254,2025-01-31,2025-03-01,143.9,0.0,7896.0,1923.94,5972.06,NY,False,none
PE-EMP-00254-03,EMP-00254,2025-03-02,2025-03-31,165.8,0.0,7896.0,2166.69,5729.31,NY,False,none
PE-EMP-00254-04,EMP-00254,2025-04-01,2025-04-30,155.4,0.0,7896.0,1723.84,6172.16,NY,False,none
PE-EMP-00254-05,EMP-00254,2025-05-01,2025-05-30,153.8,0.0,7896.0,1846.67,6049.33,NY,False,none
PE-EMP-00254-06,EMP-00254,2025-05-31,2025-06-29,146.4,0.0,7896.0,1844.67,6051.33,NY,False,none
PE-EMP-00255-01,EMP-00255,2025-01-01,2025-01-30,160.0,0.0,7309.0,1376.74,5932.26,TX,False,none
PE-EMP-00255-02,EMP-00255,2025-01-31,2025-03-01,161.7,0.0,7309.0,1700.76,5608.24,TX,False,none
PE-EMP-00255-03,EMP-00255,2025-03-02,2025-03-31,146.1,0.0,7309.0,1908.59,5400.41,TX,False,none
PE-EMP-00255-04,EMP-00255,2025-04-01,2025-04-30,150.1,0.0,7309.0,1379.39,5929.61,TX,False,none
PE-EMP-00255-05,EMP-00255,2025-05-01,2025-05-30,163.8,0.0,7309.0,1464.2,5844.8,TX,False,none
PE-EMP-00255-06,EMP-00255,2025-05-31,2025-06-29,153.3,0.0,7309.0,1580.5,5728.5,TX,False,none
PE-EMP-00256-01,EMP-00256,2025-01-01,2025-01-30,143.1,0.0,7386.0,1428.15,5957.85,TX,False,none
PE-EMP-00256-02,EMP-00256,2025-01-31,2025-03-01,150.1,0.0,7386.0,2002.61,5383.39,TX,False,none
PE-EMP-00256-03,EMP-00256,2025-03-02,2025-03-31,161.8,0.0,7386.0,1956.79,5429.21,TX,False,none
PE-EMP-00256-04,EMP-00256,2025-04-01,2025-04-30,152.9,0.0,7386.0,1432.4,5953.6,TX,False,none
PE-EMP-00256-05,EMP-00256,2025-05-01,2025-05-30,155.4,0.0,7386.0,1946.4,5439.6,TX,False,none
PE-EMP-00256-06,EMP-00256,2025-05-31,2025-06-29,151.8,0.0,7386.0,2017.37,5368.63,TX,False,none
PE-EMP-00257-01,EMP-00257,2025-01-01,2025-01-30,146.3,0.0,8371.0,1683.19,6687.81,CA,False,none
PE-EMP-00257-02,EMP-00257,2025-01-31,2025-03-01,143.3,0.0,8371.0,2132.09,6238.91,CA,False,none
PE-EMP-00257-03,EMP-00257,2025-03-02,2025-03-31,144.0,0.0,8371.0,2089.22,6281.78,CA,False,none
PE-EMP-00257-04,EMP-00257,2025-04-01,2025-04-30,159.5,0.0,8371.0,2120.44,6250.56,CA,False,none
PE-EMP-00257-05,EMP-00257,2025-05-01,2025-05-30,141.5,0.0,8371.0,1862.3,6508.7,CA,False,none
PE-EMP-00257-06,EMP-00257,2025-05-31,2025-06-29,156.3,0.0,8371.0,1595.52,6775.48,CA,False,none
PE-EMP-00258-01,EMP-00258,2025-01-01,2025-01-30,144.4,7.2,6611.46,1582.73,5028.73,DE_national,False,none
PE-EMP-00258-02,EMP-00258,2025-01-31,2025-03-01,146.9,2.2,6323.98,1227.66,5096.32,DE_national,False,none
PE-EMP-00258-03,EMP-00258,2025-03-02,2025-03-31,151.7,0.2,6206.87,1633.07,4573.8,DE_national,False,none
PE-EMP-00258-04,EMP-00258,2025-04-01,2025-04-30,143.9,11.5,6862.92,1557.72,5305.2,DE_national,False,none
PE-EMP-00258-05,EMP-00258,2025-05-01,2025-05-30,153.2,7.9,6655.57,1829.46,4826.11,DE_national,False,none
PE-EMP-00258-06,EMP-00258,2025-05-31,2025-06-29,158.1,10.8,6825.57,1531.64,5293.93,DE_national,False,none
PE-EMP-00259-01,EMP-00259,2025-01-01,2025-01-30,141.7,0.2,6876.75,1314.33,5562.42,WA,False,none
PE-EMP-00259-02,EMP-00259,2025-01-31,2025-03-01,144.9,9.6,7484.13,1799.31,5684.82,WA,False,none
PE-EMP-00259-03,EMP-00259,2025-03-02,2025-03-31,151.9,2.4,7018.78,1541.6,5477.18,WA,False,none
PE-EMP-00259-04,EMP-00259,2025-04-01,2025-04-30,159.9,14.2,7779.29,1753.68,6025.61,WA,False,none
PE-EMP-00259-05,EMP-00259,2025-05-01,2025-05-30,148.6,3.9,7113.09,1687.27,5425.82,WA,False,none
PE-EMP-00259-06,EMP-00259,2025-05-31,2025-06-29,147.6,3.4,7083.42,1934.8,5148.62,WA,False,none
PE-EMP-00260-01,EMP-00260,2025-01-01,2025-01-30,150.6,0.0,7911.0,1496.71,6414.29,TX,False,none
PE-EMP-00260-02,EMP-00260,2025-01-31,2025-03-01,160.8,0.0,7911.0,2176.37,5734.63,TX,False,none
PE-EMP-00260-03,EMP-00260,2025-03-02,2025-03-31,141.6,0.0,7911.0,1740.74,6170.26,TX,False,none
PE-EMP-00260-04,EMP-00260,2025-04-01,2025-04-30,163.0,0.0,7911.0,1734.32,6176.68,TX,False,none
PE-EMP-00260-05,EMP-00260,2025-05-01,2025-05-30,156.9,0.0,7911.0,2196.08,5714.92,TX,False,none
PE-EMP-00260-06,EMP-00260,2025-05-31,2025-06-29,159.4,0.0,7911.0,1485.06,6425.94,TX,False,none
PE-EMP-00261-01,EMP-00261,2025-01-01,2025-01-30,151.3,7.2,7190.37,1763.58,5426.79,TX,False,none
PE-EMP-00261-02,EMP-00261,2025-01-31,2025-03-01,150.4,5.7,7098.51,1316.54,5781.97,TX,False,none
PE-EMP-00261-03,EMP-00261,2025-03-02,2025-03-31,142.9,6.4,7139.96,1477.91,5662.05,TX,False,none
PE-EMP-00261-04,EMP-00261,2025-04-01,2025-04-30,149.4,5.4,7081.67,1826.22,5255.45,TX,False,none
PE-EMP-00261-05,EMP-00261,2025-05-01,2025-05-30,143.0,3.6,6964.96,1367.05,5597.91,TX,False,none
PE-EMP-00261-06,EMP-00261,2025-05-31,2025-06-29,165.5,3.2,6938.79,1256.6,5682.19,TX,False,none
PE-EMP-00262-01,EMP-00262,2025-01-01,2025-01-30,145.6,0.0,8992.0,1787.38,7204.62,FL,False,none
PE-EMP-00262-02,EMP-00262,2025-01-31,2025-03-01,146.7,0.0,8992.0,2454.1,6537.9,FL,False,none
PE-EMP-00262-03,EMP-00262,2025-03-02,2025-03-31,156.0,0.0,8992.0,1695.03,7296.97,FL,False,none
PE-EMP-00262-04,EMP-00262,2025-04-01,2025-04-30,167.6,0.0,8992.0,1658.91,7333.09,FL,False,none
PE-EMP-00262-05,EMP-00262,2025-05-01,2025-05-30,141.3,0.0,8992.0,2053.6,6938.4,FL,False,none
PE-EMP-00262-06,EMP-00262,2025-05-31,2025-06-29,148.6,0.0,8992.0,1702.38,7289.62,FL,False,none
PE-EMP-00263-01,EMP-00263,2025-01-01,2025-01-30,161.0,0.0,7846.0,2181.61,5664.39,FL,False,none
PE-EMP-00263-02,EMP-00263,2025-01-31,2025-03-01,154.0,0.0,7846.0,2164.51,5681.49,FL,False,none
PE-EMP-00263-03,EMP-00263,2025-03-02,2025-03-31,150.9,0.0,7846.0,1659.02,6186.98,FL,False,none
PE-EMP-00263-04,EMP-00263,2025-04-01,2025-04-30,143.6,0.0,7846.0,1691.47,6154.53,FL,False,none
PE-EMP-00263-05,EMP-00263,2025-05-01,2025-05-30,149.3,0.0,7846.0,1941.64,5904.36,FL,False,none
PE-EMP-00263-06,EMP-00263,2025-05-31,2025-06-29,154.1,0.0,7846.0,2115.68,5730.32,FL,False,none
PE-EMP-00264-01,EMP-00264,2025-01-01,2025-01-30,161.7,0.0,7394.0,1702.23,5691.77,federal,False,none
PE-EMP-00264-02,EMP-00264,2025-01-31,2025-03-01,162.3,0.0,7394.0,1348.43,6045.57,federal,False,none
PE-EMP-00264-03,EMP-00264,2025-03-02,2025-03-31,164.3,0.0,7394.0,1683.58,5710.42,federal,False,none
PE-EMP-00264-04,EMP-00264,2025-04-01,2025-04-30,144.5,0.0,7394.0,1358.58,6035.42,federal,False,none
PE-EMP-00264-05,EMP-00264,2025-05-01,2025-05-30,142.2,0.0,7394.0,1835.47,5558.53,federal,False,none
PE-EMP-00264-06,EMP-00264,2025-05-31,2025-06-29,166.7,0.0,7394.0,1793.75,5600.25,federal,False,none
PE-EMP-00265-01,EMP-00265,2025-01-01,2025-01-30,159.1,3.5,4351.23,877.05,3474.18,UK_national,False,none
PE-EMP-00265-02,EMP-00265,2025-01-31,2025-03-01,167.8,2.1,4297.47,1082.34,3215.13,UK_national,False,none
PE-EMP-00265-03,EMP-00265,2025-03-02,2025-03-31,157.0,7.5,4511.26,1259.67,3251.59,UK_national,False,none
PE-EMP-00265-04,EMP-00265,2025-04-01,2025-04-30,152.5,7.8,4524.1,1162.08,3362.02,UK_national,False,none
PE-EMP-00265-05,EMP-00265,2025-05-01,2025-05-30,157.5,2.0,4291.75,897.34,3394.41,UK_national,False,none
PE-EMP-00265-06,EMP-00265,2025-05-31,2025-06-29,160.0,14.1,4771.12,877.89,3893.23,UK_national,False,none
PE-EMP-00266-01,EMP-00266,2025-01-01,2025-01-30,167.9,10.2,5034.06,1026.5,4007.56,TX,False,none
PE-EMP-00266-02,EMP-00266,2025-01-31,2025-03-01,155.9,9.1,4984.98,1374.87,3610.11,TX,False,none
PE-EMP-00266-03,EMP-00266,2025-03-02,2025-03-31,140.4,14.9,5235.28,993.35,4241.93,TX,False,none
PE-EMP-00266-04,EMP-00266,2025-04-01,2025-04-30,164.3,11.5,5087.96,1073.33,4014.63,TX,False,none
PE-EMP-00266-05,EMP-00266,2025-05-01,2025-05-30,154.0,12.0,5108.02,1376.68,3731.34,TX,False,none
PE-EMP-00266-06,EMP-00266,2025-05-31,2025-06-29,148.3,6.8,4886.76,962.55,3924.21,TX,False,none
PE-EMP-00267-01,EMP-00267,2025-01-01,2025-01-30,156.1,0.0,8728.0,1630.53,7097.47,NY,False,none
PE-EMP-00267-02,EMP-00267,2025-01-31,2025-03-01,142.0,0.0,8728.0,1879.46,6848.54,NY,False,none
PE-EMP-00267-03,EMP-00267,2025-03-02,2025-03-31,152.9,0.0,8728.0,2191.3,6536.7,NY,False,none
PE-EMP-00267-04,EMP-00267,2025-04-01,2025-04-30,167.4,0.0,8728.0,2431.75,6296.25,NY,False,none
PE-EMP-00267-05,EMP-00267,2025-05-01,2025-05-30,152.4,0.0,8728.0,2237.11,6490.89,NY,False,none
PE-EMP-00267-06,EMP-00267,2025-05-31,2025-06-29,166.3,0.0,8728.0,2377.65,6350.35,NY,False,none
PE-EMP-00268-01,EMP-00268,2025-01-01,2025-01-30,153.7,0.0,8279.0,2294.67,5984.33,TX,False,none
PE-EMP-00268-02,EMP-00268,2025-01-31,2025-03-01,148.0,0.0,8279.0,1791.14,6487.86,TX,False,none
PE-EMP-00268-03,EMP-00268,2025-03-02,2025-03-31,157.4,0.0,8279.0,1828.86,6450.14,TX,False,none
PE-EMP-00268-04,EMP-00268,2025-04-01,2025-04-30,152.3,0.0,8279.0,2053.68,6225.32,TX,False,none
PE-EMP-00268-05,EMP-00268,2025-05-01,2025-05-30,157.5,0.0,8279.0,1914.5,6364.5,TX,False,none
PE-EMP-00268-06,EMP-00268,2025-05-31,2025-06-29,142.3,0.0,8279.0,1749.89,6529.11,TX,False,none
PE-EMP-00269-01,EMP-00269,2025-01-01,2025-01-30,152.6,0.0,8269.0,1830.09,6438.91,NY,False,none
PE-EMP-00269-02,EMP-00269,2025-01-31,2025-03-01,167.8,0.0,8269.0,2213.95,6055.05,NY,False,none
PE-EMP-00269-03,EMP-00269,2025-03-02,2025-03-31,167.4,0.0,8269.0,1523.71,6745.29,NY,False,none
PE-EMP-00269-04,EMP-00269,2025-04-01,2025-04-30,162.1,0.0,8269.0,1535.6,6733.4,NY,False,none
PE-EMP-00269-05,EMP-00269,2025-05-01,2025-05-30,155.7,0.0,8269.0,2067.04,6201.96,NY,False,none
PE-EMP-00269-06,EMP-00269,2025-05-31,2025-06-29,142.9,0.0,8269.0,1616.23,6652.77,NY,False,none
PE-EMP-00270-01,EMP-00270,2025-01-01,2025-01-30,163.9,5.6,3952.4,936.77,3015.63,UK_national,False,none
PE-EMP-00270-02,EMP-00270,2025-01-31,2025-03-01,158.7,3.3,3871.75,1035.37,2836.38,UK_national,False,none
PE-EMP-00270-03,EMP-00270,2025-03-02,2025-03-31,155.0,5.2,3938.21,893.38,3044.83,UK_national,False,none
PE-EMP-00270-04,EMP-00270,2025-04-01,2025-04-30,145.0,12.3,4185.98,799.15,3386.83,UK_national,False,none
PE-EMP-00270-05,EMP-00270,2025-05-01,2025-05-30,151.1,1.6,3811.2,1051.72,2759.48,UK_national,False,none
PE-EMP-00270-06,EMP-00270,2025-05-31,2025-06-29,141.8,6.5,3982.64,876.79,3105.85,UK_national,False,none
PE-EMP-00271-01,EMP-00271,2025-01-01,2025-01-30,156.9,0.0,7383.0,1581.75,5801.25,UK_national,False,none
PE-EMP-00271-02,EMP-00271,2025-01-31,2025-03-01,160.8,0.0,7383.0,1485.93,5897.07,UK_national,False,none
PE-EMP-00271-03,EMP-00271,2025-03-02,2025-03-31,152.7,0.0,7383.0,1413.35,5969.65,UK_national,False,none
PE-EMP-00271-04,EMP-00271,2025-04-01,2025-04-30,166.6,0.0,7383.0,1731.37,5651.63,UK_national,False,none
PE-EMP-00271-05,EMP-00271,2025-05-01,2025-05-30,146.0,0.0,7383.0,1436.37,5946.63,UK_national,False,none
PE-EMP-00271-06,EMP-00271,2025-05-31,2025-06-29,167.7,0.0,7383.0,1748.45,5634.55,UK_national,False,none
PE-EMP-00272-01,EMP-00272,2025-01-01,2025-01-30,162.6,11.6,7605.76,1416.5,6189.26,NY,False,none
PE-EMP-00272-02,EMP-00272,2025-01-31,2025-03-01,146.0,11.8,7620.57,2117.42,5503.15,NY,False,none
PE-EMP-00272-03,EMP-00272,2025-03-02,2025-03-31,161.2,3.2,7062.99,1287.54,5775.45,NY,False,none
PE-EMP-00272-04,EMP-00272,2025-04-01,2025-04-30,144.9,6.3,7266.93,1491.23,5775.7,NY,False,none
PE-EMP-00272-05,EMP-00272,2025-05-01,2025-05-30,142.3,2.1,6995.71,1450.84,5544.87,NY,False,none
PE-EMP-00272-06,EMP-00272,2025-05-31,2025-06-29,151.8,13.1,7701.8,1734.0,5967.8,NY,False,none
PE-EMP-00273-01,EMP-00273,2025-01-01,2025-01-30,145.2,3.2,7147.92,1924.99,5222.93,WA,False,none
PE-EMP-00273-02,EMP-00273,2025-01-31,2025-03-01,152.0,0.8,6991.44,1884.16,5107.28,WA,False,none
PE-EMP-00273-03,EMP-00273,2025-03-02,2025-03-31,145.6,14.5,7879.05,1652.16,6226.89,WA,False,none
PE-EMP-00273-04,EMP-00273,2025-04-01,2025-04-30,155.0,14.1,7858.14,1792.93,6065.21,WA,False,none
PE-EMP-00273-05,EMP-00273,2025-05-01,2025-05-30,152.2,11.8,7703.89,2130.58,5573.31,WA,False,none
PE-EMP-00273-06,EMP-00273,2025-05-31,2025-06-29,163.0,13.7,7829.51,1855.84,5973.67,WA,False,none
PE-EMP-00274-01,EMP-00274,2025-01-01,2025-01-30,145.6,8.4,7473.39,2013.17,5460.22,CA,False,none
PE-EMP-00274-02,EMP-00274,2025-01-31,2025-03-01,144.0,10.8,7631.01,1815.03,5815.98,CA,False,none
PE-EMP-00274-03,EMP-00274,2025-03-02,2025-03-31,160.6,10.0,7573.87,1987.01,5586.86,CA,False,none
PE-EMP-00274-04,EMP-00274,2025-04-01,2025-04-30,140.4,12.4,7730.87,1958.33,5772.54,CA,False,none
PE-EMP-00274-05,EMP-00274,2025-05-01,2025-05-30,154.0,13.4,7800.29,2132.46,5667.83,CA,True,rule_override
PE-EMP-00274-06,EMP-00274,2025-05-31,2025-06-29,158.9,4.7,7235.22,1875.38,5359.84,CA,False,none
PE-EMP-00275-01,EMP-00275,2025-01-01,2025-01-30,160.2,0.0,8561.0,1765.97,6795.03,TX,False,none
PE-EMP-00275-02,EMP-00275,2025-01-31,2025-03-01,166.4,0.0,8561.0,2387.01,6173.99,TX,False,none
PE-EMP-00275-03,EMP-00275,2025-03-02,2025-03-31,157.8,0.0,8561.0,2274.89,6286.11,TX,False,none
PE-EMP-00275-04,EMP-00275,2025-04-01,2025-04-30,156.2,0.0,8561.0,2087.96,6473.04,TX,False,none
PE-EMP-00275-05,EMP-00275,2025-05-01,2025-05-30,160.9,0.0,8561.0,1572.22,6988.78,TX,False,none
PE-EMP-00275-06,EMP-00275,2025-05-31,2025-06-29,159.5,0.0,8561.0,1701.63,6859.37,TX,False,none
PE-EMP-00276-01,EMP-00276,2025-01-01,2025-01-30,156.8,0.0,7543.0,1941.86,5601.14,WA,False,none
PE-EMP-00276-02,EMP-00276,2025-01-31,2025-03-01,145.9,0.0,7543.0,1520.77,6022.23,WA,False,none
PE-EMP-00276-03,EMP-00276,2025-03-02,2025-03-31,159.0,0.0,7543.0,1501.93,6041.07,WA,False,none
PE-EMP-00276-04,EMP-00276,2025-04-01,2025-04-30,150.4,0.0,7543.0,2078.18,5464.82,WA,False,none
PE-EMP-00276-05,EMP-00276,2025-05-01,2025-05-30,148.5,0.0,7543.0,1632.15,5910.85,WA,False,none
PE-EMP-00276-06,EMP-00276,2025-05-31,2025-06-29,162.9,0.0,7543.0,1589.28,5953.72,WA,False,none
PE-EMP-00277-01,EMP-00277,2025-01-01,2025-01-30,154.0,0.0,8654.0,1665.67,6988.33,UK_national,False,none
PE-EMP-00277-02,EMP-00277,2025-01-31,2025-03-01,151.6,0.0,8654.0,2422.3,6231.7,UK_national,False,none
PE-EMP-00277-03,EMP-00277,2025-03-02,2025-03-31,163.2,0.0,8654.0,1862.11,6791.89,UK_national,False,none
PE-EMP-00277-04,EMP-00277,2025-04-01,2025-04-30,167.3,0.0,8654.0,1926.25,6727.75,UK_national,False,none
PE-EMP-00277-05,EMP-00277,2025-05-01,2025-05-30,165.9,0.0,8654.0,1848.34,6805.66,UK_national,False,none
PE-EMP-00277-06,EMP-00277,2025-05-31,2025-06-29,150.4,0.0,8654.0,1954.79,6699.21,UK_national,False,none
PE-EMP-00278-01,EMP-00278,2025-01-01,2025-01-30,152.2,8.3,4646.1,911.87,3734.23,DE_national,False,none
PE-EMP-00278-02,EMP-00278,2025-01-31,2025-03-01,159.0,4.3,4483.79,1102.84,3380.95,DE_national,False,none
PE-EMP-00278-03,EMP-00278,2025-03-02,2025-03-31,166.3,9.5,4695.42,1174.84,3520.58,DE_national,False,none
PE-EMP-00278-04,EMP-00278,2025-04-01,2025-04-30,142.5,13.6,4860.18,923.06,3937.12,DE_national,False,none
PE-EMP-00278-05,EMP-00278,2025-05-01,2025-05-30,140.5,12.6,4818.56,910.53,3908.03,DE_national,False,none
PE-EMP-00278-06,EMP-00278,2025-05-31,2025-06-29,161.0,14.0,4876.31,928.29,3948.02,DE_national,False,none
PE-EMP-00279-01,EMP-00279,2025-01-01,2025-01-30,155.3,0.0,8439.0,2045.47,6393.53,WA,False,none
PE-EMP-00279-02,EMP-00279,2025-01-31,2025-03-01,154.1,0.0,8439.0,2053.65,6385.35,WA,False,none
PE-EMP-00279-03,EMP-00279,2025-03-02,2025-03-31,158.7,0.0,8439.0,2199.09,6239.91,WA,False,none
PE-EMP-00279-04,EMP-00279,2025-04-01,2025-04-30,145.9,0.0,8439.0,2237.77,6201.23,WA,False,none
PE-EMP-00279-05,EMP-00279,2025-05-01,2025-05-30,155.4,0.0,8439.0,2174.63,6264.37,WA,False,none
PE-EMP-00279-06,EMP-00279,2025-05-31,2025-06-29,164.0,0.0,8439.0,1615.65,6823.35,WA,False,none
PE-EMP-00280-01,EMP-00280,2025-01-01,2025-01-30,149.8,0.0,7491.0,2060.44,5430.56,UK_national,False,none
PE-EMP-00280-02,EMP-00280,2025-01-31,2025-03-01,153.0,0.0,7491.0,1942.98,5548.02,UK_national,False,none
PE-EMP-00280-03,EMP-00280,2025-03-02,2025-03-31,158.1,0.0,7491.0,2028.56,5462.44,UK_national,False,none
PE-EMP-00280-04,EMP-00280,2025-04-01,2025-04-30,151.1,0.0,7491.0,1936.15,5554.85,UK_national,False,none
PE-EMP-00280-05,EMP-00280,2025-05-01,2025-05-30,161.9,0.0,7491.0,2052.25,5438.75,UK_national,False,none
PE-EMP-00280-06,EMP-00280,2025-05-31,2025-06-29,147.5,0.0,7491.0,1728.59,5762.41,UK_national,True,rule_override
PE-EMP-00281-01,EMP-00281,2025-01-01,2025-01-30,148.6,0.0,7699.0,1892.94,5806.06,CA,False,none
PE-EMP-00281-02,EMP-00281,2025-01-31,2025-03-01,165.5,0.0,7699.0,2080.79,5618.21,CA,False,none
PE-EMP-00281-03,EMP-00281,2025-03-02,2025-03-31,140.1,0.0,7699.0,1904.19,5794.81,CA,False,none
PE-EMP-00281-04,EMP-00281,2025-04-01,2025-04-30,140.9,0.0,7699.0,2085.7,5613.3,CA,False,none
PE-EMP-00281-05,EMP-00281,2025-05-01,2025-05-30,162.1,0.0,7699.0,1406.03,6292.97,CA,False,none
PE-EMP-00281-06,EMP-00281,2025-05-31,2025-06-29,154.5,0.0,7699.0,2033.13,5665.87,CA,False,none
PE-EMP-00282-01,EMP-00282,2025-01-01,2025-01-30,148.9,0.0,8765.0,2227.4,6537.6,WA,False,none
PE-EMP-00282-02,EMP-00282,2025-01-31,2025-03-01,156.0,0.0,8765.0,1727.07,7037.93,WA,False,none
PE-EMP-00282-03,EMP-00282,2025-03-02,2025-03-31,155.6,0.0,8765.0,1954.61,6810.39,WA,False,none
PE-EMP-00282-04,EMP-00282,2025-04-01,2025-04-30,157.3,0.0,8765.0,1920.73,6844.27,WA,False,none
PE-EMP-00282-05,EMP-00282,2025-05-01,2025-05-30,141.4,0.0,8765.0,1922.44,6842.56,WA,False,none
PE-EMP-00282-06,EMP-00282,2025-05-31,2025-06-29,152.0,0.0,8765.0,2394.55,6370.45,WA,False,none
PE-EMP-00283-01,EMP-00283,2025-01-01,2025-01-30,150.9,0.0,7450.0,2040.85,5409.15,FL,False,none
PE-EMP-00283-02,EMP-00283,2025-01-31,2025-03-01,151.3,0.0,7450.0,1883.44,5566.56,FL,False,none
PE-EMP-00283-03,EMP-00283,2025-03-02,2025-03-31,144.4,0.0,7450.0,1578.0,5872.0,FL,False,none
PE-EMP-00283-04,EMP-00283,2025-04-01,2025-04-30,159.9,0.0,7450.0,1513.07,5936.93,FL,False,none
PE-EMP-00283-05,EMP-00283,2025-05-01,2025-05-30,143.3,0.0,7450.0,1435.12,6014.88,FL,False,none
PE-EMP-00283-06,EMP-00283,2025-05-31,2025-06-29,151.0,0.0,7450.0,1770.82,5679.18,FL,False,none
PE-EMP-00284-01,EMP-00284,2025-01-01,2025-01-30,165.7,0.0,7660.0,1962.62,5697.38,CA,False,none
PE-EMP-00284-02,EMP-00284,2025-01-31,2025-03-01,144.5,0.0,7660.0,2020.2,5639.8,CA,False,none
PE-EMP-00284-03,EMP-00284,2025-03-02,2025-03-31,142.6,0.0,7660.0,1625.76,6034.24,CA,False,none
PE-EMP-00284-04,EMP-00284,2025-04-01,2025-04-30,140.3,0.0,7660.0,1398.44,6261.56,CA,False,none
PE-EMP-00284-05,EMP-00284,2025-05-01,2025-05-30,144.3,0.0,7660.0,1968.64,5691.36,CA,False,none
PE-EMP-00284-06,EMP-00284,2025-05-31,2025-06-29,155.2,0.0,7660.0,1852.26,5807.74,CA,False,none
PE-EMP-00285-01,EMP-00285,2025-01-01,2025-01-30,156.0,0.0,7346.0,2036.6,5309.4,DE_national,False,none
PE-EMP-00285-02,EMP-00285,2025-01-31,2025-03-01,160.6,0.0,7346.0,1340.86,6005.14,DE_national,False,none
PE-EMP-00285-03,EMP-00285,2025-03-02,2025-03-31,157.8,0.0,7346.0,2044.7,5301.3,DE_national,False,none
PE-EMP-00285-04,EMP-00285,2025-04-01,2025-04-30,145.2,0.0,7346.0,1893.5,5452.5,DE_national,False,none
PE-EMP-00285-05,EMP-00285,2025-05-01,2025-05-30,146.2,0.0,7346.0,1801.62,5544.38,DE_national,False,none
PE-EMP-00285-06,EMP-00285,2025-05-31,2025-06-29,163.5,0.0,7346.0,1464.67,5881.33,DE_national,False,none
PE-EMP-00286-01,EMP-00286,2025-01-01,2025-01-30,150.6,10.9,6943.47,1810.23,5133.24,CA,False,none
PE-EMP-00286-02,EMP-00286,2025-01-31,2025-03-01,142.3,3.9,6530.77,1209.33,5321.44,CA,False,none
PE-EMP-00286-03,EMP-00286,2025-03-02,2025-03-31,167.6,2.2,6427.37,1171.8,5255.57,CA,False,none
PE-EMP-00286-04,EMP-00286,2025-04-01,2025-04-30,166.0,13.0,7068.05,1350.66,5717.39,CA,False,none
PE-EMP-00286-05,EMP-00286,2025-05-01,2025-05-30,147.3,1.8,6408.69,1244.46,5164.23,CA,False,none
PE-EMP-00286-06,EMP-00286,2025-05-31,2025-06-29,163.6,2.7,6460.02,1212.79,5247.23,CA,False,none
PE-EMP-00287-01,EMP-00287,2025-01-01,2025-01-30,145.8,0.0,8955.0,2429.24,6525.76,federal,False,none
PE-EMP-00287-02,EMP-00287,2025-01-31,2025-03-01,162.3,0.0,8955.0,1702.05,7252.95,federal,False,none
PE-EMP-00287-03,EMP-00287,2025-03-02,2025-03-31,153.6,0.0,8955.0,1982.41,6972.59,federal,False,none
PE-EMP-00287-04,EMP-00287,2025-04-01,2025-04-30,145.9,0.0,8955.0,2172.2,6782.8,federal,False,none
PE-EMP-00287-05,EMP-00287,2025-05-01,2025-05-30,164.9,0.0,8955.0,1987.93,6967.07,federal,False,none
PE-EMP-00287-06,EMP-00287,2025-05-31,2025-06-29,152.6,0.0,8955.0,2179.25,6775.75,federal,False,none
PE-EMP-00288-01,EMP-00288,2025-01-01,2025-01-30,148.4,0.0,7337.0,1438.86,5898.14,WA,False,none
PE-EMP-00288-02,EMP-00288,2025-01-31,2025-03-01,158.5,0.0,7337.0,1983.66,5353.34,WA,False,none
PE-EMP-00288-03,EMP-00288,2025-03-02,2025-03-31,163.9,0.0,7337.0,1783.78,5553.22,WA,False,none
PE-EMP-00288-04,EMP-00288,2025-04-01,2025-04-30,149.6,0.0,7337.0,1406.65,5930.35,WA,False,none
PE-EMP-00288-05,EMP-00288,2025-05-01,2025-05-30,167.9,0.0,7337.0,1575.1,5761.9,WA,False,none
PE-EMP-00288-06,EMP-00288,2025-05-31,2025-06-29,140.1,0.0,7337.0,1760.87,5576.13,WA,False,none
PE-EMP-00289-01,EMP-00289,2025-01-01,2025-01-30,147.1,0.0,6979.0,1620.35,5358.65,federal,False,none
PE-EMP-00289-02,EMP-00289,2025-01-31,2025-03-01,157.0,0.0,6979.0,1341.08,5637.92,federal,False,none
PE-EMP-00289-03,EMP-00289,2025-03-02,2025-03-31,154.5,0.0,6979.0,1630.26,5348.74,federal,False,none
PE-EMP-00289-04,EMP-00289,2025-04-01,2025-04-30,146.1,0.0,6979.0,1787.29,5191.71,federal,False,none
PE-EMP-00289-05,EMP-00289,2025-05-01,2025-05-30,165.2,0.0,6979.0,1510.88,5468.12,federal,False,none
PE-EMP-00289-06,EMP-00289,2025-05-31,2025-06-29,143.9,0.0,6979.0,1276.81,5702.19,federal,False,none
PE-EMP-00290-01,EMP-00290,2025-01-01,2025-01-30,159.4,0.0,7616.0,1434.43,6181.57,DE_national,False,none
PE-EMP-00290-02,EMP-00290,2025-01-31,2025-03-01,147.7,0.0,7616.0,1467.28,6148.72,DE_national,False,none
PE-EMP-00290-03,EMP-00290,2025-03-02,2025-03-31,142.6,0.0,7616.0,1522.62,6093.38,DE_national,False,none
PE-EMP-00290-04,EMP-00290,2025-04-01,2025-04-30,158.3,0.0,7616.0,1910.16,5705.84,DE_national,False,none
PE-EMP-00290-05,EMP-00290,2025-05-01,2025-05-30,162.7,0.0,7616.0,1726.58,5889.42,DE_national,False,none
PE-EMP-00290-06,EMP-00290,2025-05-31,2025-06-29,166.5,0.0,7616.0,1702.98,5913.02,DE_national,False,none
PE-EMP-00291-01,EMP-00291,2025-01-01,2025-01-30,147.0,0.0,7076.0,1926.33,5149.67,DE_national,False,none
PE-EMP-00291-02,EMP-00291,2025-01-31,2025-03-01,163.7,0.0,7076.0,1413.7,5662.3,DE_national,False,none
PE-EMP-00291-03,EMP-00291,2025-03-02,2025-03-31,166.9,0.0,7076.0,1781.31,5294.69,DE_national,False,none
PE-EMP-00291-04,EMP-00291,2025-04-01,2025-04-30,162.2,0.0,7076.0,1346.49,5729.51,DE_national,False,none
PE-EMP-00291-05,EMP-00291,2025-05-01,2025-05-30,144.6,0.0,7076.0,1689.45,5386.55,DE_national,False,none
PE-EMP-00291-06,EMP-00291,2025-05-31,2025-06-29,160.2,0.0,7076.0,1419.33,5656.67,DE_national,False,none
PE-EMP-00292-01,EMP-00292,2025-01-01,2025-01-30,152.5,0.0,7140.0,1594.7,5545.3,NY,False,none
PE-EMP-00292-02,EMP-00292,2025-01-31,2025-03-01,147.6,0.0,7140.0,1710.98,5429.02,NY,False,none
PE-EMP-00292-03,EMP-00292,2025-03-02,2025-03-31,143.0,0.0,7140.0,1512.79,5627.21,NY,False,none
PE-EMP-00292-04,EMP-00292,2025-04-01,2025-04-30,145.6,0.0,7140.0,1558.69,5581.31,NY,False,none
PE-EMP-00292-05,EMP-00292,2025-05-01,2025-05-30,165.1,0.0,7140.0,1537.18,5602.82,NY,False,none
PE-EMP-00292-06,EMP-00292,2025-05-31,2025-06-29,152.6,0.0,7140.0,1870.21,5269.79,NY,False,none
PE-EMP-00293-01,EMP-00293,2025-01-01,2025-01-30,147.1,13.3,6841.6,1886.98,4954.62,NY,False,none
PE-EMP-00293-02,EMP-00293,2025-01-31,2025-03-01,164.6,6.1,6431.44,1546.04,4885.4,NY,False,none
PE-EMP-00293-03,EMP-00293,2025-03-02,2025-03-31,151.2,14.3,6893.71,1606.58,5287.13,NY,False,none
PE-EMP-00293-04,EMP-00293,2025-04-01,2025-04-30,152.0,1.7,6179.04,1612.14,4566.9,NY,False,none
PE-EMP-00293-05,EMP-00293,2025-05-01,2025-05-30,146.0,2.8,6239.98,1276.27,4963.71,NY,False,none
PE-EMP-00293-06,EMP-00293,2025-05-31,2025-06-29,148.8,5.6,6398.82,1244.6,5154.22,NY,False,none
PE-EMP-00294-01,EMP-00294,2025-01-01,2025-01-30,159.3,0.0,6870.0,1243.22,5626.78,UK_national,False,none
PE-EMP-00294-02,EMP-00294,2025-01-31,2025-03-01,146.0,0.0,6870.0,1729.04,5140.96,UK_national,False,none
PE-EMP-00294-03,EMP-00294,2025-03-02,2025-03-31,149.0,0.0,6870.0,1626.45,5243.55,UK_national,False,none
PE-EMP-00294-04,EMP-00294,2025-04-01,2025-04-30,141.9,0.0,6870.0,1396.43,5473.57,UK_national,False,none
PE-EMP-00294-05,EMP-00294,2025-05-01,2025-05-30,145.9,0.0,6870.0,1431.44,5438.56,UK_national,False,none
PE-EMP-00294-06,EMP-00294,2025-05-31,2025-06-29,155.7,0.0,6870.0,1386.0,5484.0,UK_national,False,none
PE-EMP-00295-01,EMP-00295,2025-01-01,2025-01-30,166.5,0.0,7329.0,1844.17,5484.83,federal,False,none
PE-EMP-00295-02,EMP-00295,2025-01-31,2025-03-01,158.8,0.0,7329.0,1910.98,5418.02,federal,False,none
PE-EMP-00295-03,EMP-00295,2025-03-02,2025-03-31,158.1,0.0,7329.0,1739.87,5589.13,federal,False,none
PE-EMP-00295-04,EMP-00295,2025-04-01,2025-04-30,152.2,0.0,7329.0,1819.15,5509.85,federal,False,none
PE-EMP-00295-05,EMP-00295,2025-05-01,2025-05-30,145.5,0.0,7329.0,1915.36,5413.64,federal,False,none
PE-EMP-00295-06,EMP-00295,2025-05-31,2025-06-29,153.8,0.0,7329.0,1355.62,5973.38,federal,False,none
PE-EMP-00296-01,EMP-00296,2025-01-01,2025-01-30,147.7,0.0,7072.0,1306.05,5765.95,UK_national,False,none
PE-EMP-00296-02,EMP-00296,2025-01-31,2025-03-01,152.7,0.0,7072.0,1357.3,5714.7,UK_national,False,none
PE-EMP-00296-03,EMP-00296,2025-03-02,2025-03-31,156.6,0.0,7072.0,1698.29,5373.71,UK_national,False,none
PE-EMP-00296-04,EMP-00296,2025-04-01,2025-04-30,140.6,0.0,7072.0,1440.16,5631.84,UK_national,False,none
PE-EMP-00296-05,EMP-00296,2025-05-01,2025-05-30,161.9,0.0,7072.0,1285.57,5786.43,UK_national,False,none
PE-EMP-00296-06,EMP-00296,2025-05-31,2025-06-29,140.1,0.0,7072.0,1680.14,5391.86,UK_national,False,none
PE-EMP-00297-01,EMP-00297,2025-01-01,2025-01-30,167.1,6.9,6426.89,1241.07,5185.82,DE_national,False,none
PE-EMP-00297-02,EMP-00297,2025-01-31,2025-03-01,154.8,0.6,6066.41,1415.58,4650.83,DE_national,False,none
PE-EMP-00297-03,EMP-00297,2025-03-02,2025-03-31,153.2,5.1,6321.33,1148.13,5173.2,DE_national,False,none
PE-EMP-00297-04,EMP-00297,2025-04-01,2025-04-30,148.4,12.4,6739.27,1492.8,5246.47,DE_national,False,none
PE-EMP-00297-05,EMP-00297,2025-05-01,2025-05-30,142.2,4.8,6304.19,1352.77,4951.42,DE_national,False,none
PE-EMP-00297-06,EMP-00297,2025-05-31,2025-06-29,141.3,11.6,6692.39,1535.11,5157.28,DE_national,False,none
PE-EMP-00298-01,EMP-00298,2025-01-01,2025-01-30,167.6,0.0,8392.0,1761.01,6630.99,federal,False,none
PE-EMP-00298-02,EMP-00298,2025-01-31,2025-03-01,158.0,0.0,8392.0,1924.57,6467.43,federal,False,none
PE-EMP-00298-03,EMP-00298,2025-03-02,2025-03-31,163.6,0.0,8392.0,2274.63,6117.37,federal,False,none
PE-EMP-00298-04,EMP-00298,2025-04-01,2025-04-30,142.9,0.0,8392.0,2297.48,6094.52,federal,False,none
PE-EMP-00298-05,EMP-00298,2025-05-01,2025-05-30,163.1,0.0,8392.0,1698.55,6693.45,federal,False,none
PE-EMP-00298-06,EMP-00298,2025-05-31,2025-06-29,167.8,0.0,8392.0,1626.99,6765.01,federal,False,none
PE-EMP-00299-01,EMP-00299,2025-01-01,2025-01-30,160.3,0.0,8380.0,2230.24,6149.76,federal,False,none
PE-EMP-00299-02,EMP-00299,2025-01-31,2025-03-01,142.5,0.0,8380.0,1698.07,6681.93,federal,False,none
PE-EMP-00299-03,EMP-00299,2025-03-02,2025-03-31,162.7,0.0,8380.0,2115.2,6264.8,federal,False,none
PE-EMP-00299-04,EMP-00299,2025-04-01,2025-04-30,155.1,0.0,8380.0,2192.33,6187.67,federal,False,none
PE-EMP-00299-05,EMP-00299,2025-05-01,2025-05-30,159.3,0.0,8380.0,1512.54,6867.46,federal,True,ghost_employee
PE-EMP-00299-06,EMP-00299,2025-05-31,2025-06-29,164.7,0.0,8380.0,1552.39,6827.61,federal,False,none
PE-EMP-00300-01,EMP-00300,2025-01-01,2025-01-30,141.3,0.0,8321.0,1533.62,6787.38,UK_national,False,none
PE-EMP-00300-02,EMP-00300,2025-01-31,2025-03-01,147.4,0.0,8321.0,1750.98,6570.02,UK_national,False,none
PE-EMP-00300-03,EMP-00300,2025-03-02,2025-03-31,162.2,0.0,8321.0,2070.2,6250.8,UK_national,False,none
PE-EMP-00300-04,EMP-00300,2025-04-01,2025-04-30,159.6,0.0,8321.0,1813.61,6507.39,UK_national,False,none
PE-EMP-00300-05,EMP-00300,2025-05-01,2025-05-30,156.3,0.0,8321.0,2267.35,6053.65,UK_national,False,none
PE-EMP-00300-06,EMP-00300,2025-05-31,2025-06-29,148.9,0.0,8321.0,1597.55,6723.45,UK_national,False,none
PE-EMP-00301-01,EMP-00301,2025-01-01,2025-01-30,163.8,2.2,6646.51,1584.61,5061.9,TX,False,none
PE-EMP-00301-02,EMP-00301,2025-01-31,2025-03-01,158.7,13.4,7330.91,1786.47,5544.44,TX,False,none
PE-EMP-00301-03,EMP-00301,2025-03-02,2025-03-31,153.4,7.8,6988.73,1426.07,5562.66,TX,False,none
PE-EMP-00301-04,EMP-00301,2025-04-01,2025-04-30,161.6,7.4,6959.74,1448.0,5511.74,TX,False,none
PE-EMP-00301-05,EMP-00301,2025-05-01,2025-05-30,161.5,7.2,6952.97,1315.36,5637.61,TX,False,none
PE-EMP-00301-06,EMP-00301,2025-05-31,2025-06-29,163.4,10.7,7162.35,1542.06,5620.29,TX,False,none
PE-EMP-00302-01,EMP-00302,2025-01-01,2025-01-30,164.0,3.6,4570.65,1118.5,3452.15,WA,False,none
PE-EMP-00302-02,EMP-00302,2025-01-31,2025-03-01,153.8,10.4,4851.96,909.81,3942.15,WA,False,none
PE-EMP-00302-03,EMP-00302,2025-03-02,2025-03-31,153.1,3.2,4552.07,1124.59,3427.48,WA,False,none
PE-EMP-00302-04,EMP-00302,2025-04-01,2025-04-30,149.5,5.8,4659.34,1065.89,3593.45,WA,False,none
PE-EMP-00302-05,EMP-00302,2025-05-01,2025-05-30,154.4,12.2,4925.95,1261.83,3664.12,WA,False,none
PE-EMP-00302-06,EMP-00302,2025-05-31,2025-06-29,159.8,4.7,4614.77,1266.47,3348.3,WA,False,none
PE-EMP-00303-01,EMP-00303,2025-01-01,2025-01-30,143.0,9.8,6689.42,1771.23,4918.19,FL,False,none
PE-EMP-00303-02,EMP-00303,2025-01-31,2025-03-01,150.8,2.0,6237.02,1694.41,4542.61,FL,False,none
PE-EMP-00303-03,EMP-00303,2025-03-02,2025-03-31,145.7,6.8,6514.69,1576.87,4937.82,FL,False,none
PE-EMP-00303-04,EMP-00303,2025-04-01,2025-04-30,151.8,6.0,6469.71,1208.96,5260.75,FL,False,none
PE-EMP-00303-05,EMP-00303,2025-05-01,2025-05-30,156.2,10.3,6716.1,1847.93,4868.17,FL,False,none
PE-EMP-00303-06,EMP-00303,2025-05-31,2025-06-29,143.0,1.5,6212.91,1404.71,4808.2,FL,False,none
PE-EMP-00304-01,EMP-00304,2025-01-01,2025-01-30,140.5,0.0,8089.0,1545.16,6543.84,DE_national,False,none
PE-EMP-00304-02,EMP-00304,2025-01-31,2025-03-01,147.5,0.0,8089.0,1828.8,6260.2,DE_national,False,none
PE-EMP-00304-03,EMP-00304,2025-03-02,2025-03-31,154.9,0.0,8089.0,1841.25,6247.75,DE_national,False,none
PE-EMP-00304-04,EMP-00304,2025-04-01,2025-04-30,143.3,0.0,8089.0,1740.72,6348.28,DE_national,False,none
PE-EMP-00304-05,EMP-00304,2025-05-01,2025-05-30,149.9,0.0,8089.0,1901.16,6187.84,DE_national,False,none
PE-EMP-00304-06,EMP-00304,2025-05-31,2025-06-29,151.1,0.0,8089.0,1627.56,6461.44,DE_national,False,none
PE-EMP-00305-01,EMP-00305,2025-01-01,2025-01-30,149.3,0.0,7571.0,1688.98,5882.02,WA,False,none
PE-EMP-00305-02,EMP-00305,2025-01-31,2025-03-01,150.4,0.0,7571.0,1696.92,5874.08,WA,False,none
PE-EMP-00305-03,EMP-00305,2025-03-02,2025-03-31,150.7,0.0,7571.0,1399.98,6171.02,WA,False,none
PE-EMP-00305-04,EMP-00305,2025-04-01,2025-04-30,145.4,0.0,7571.0,2065.38,5505.62,WA,False,none
PE-EMP-00305-05,EMP-00305,2025-05-01,2025-05-30,144.9,0.0,7571.0,1506.21,6064.79,WA,False,none
PE-EMP-00305-06,EMP-00305,2025-05-31,2025-06-29,157.0,0.0,7571.0,1571.68,5999.32,WA,False,none
PE-EMP-00306-01,EMP-00306,2025-01-01,2025-01-30,141.4,7.8,6657.54,1271.05,5386.49,NY,False,none
PE-EMP-00306-02,EMP-00306,2025-01-31,2025-03-01,143.2,3.7,6422.22,1227.34,5194.88,NY,False,none
PE-EMP-00306-03,EMP-00306,2025-03-02,2025-03-31,146.7,13.4,6986.01,1659.34,5326.67,NY,False,none
PE-EMP-00306-04,EMP-00306,2025-04-01,2025-04-30,164.7,8.0,6669.33,1384.19,5285.14,NY,False,none
PE-EMP-00306-05,EMP-00306,2025-05-01,2025-05-30,151.0,10.5,6815.38,1502.49,5312.89,NY,False,none
PE-EMP-00306-06,EMP-00306,2025-05-31,2025-06-29,159.4,3.3,6396.87,1678.58,4718.29,NY,False,none
PE-EMP-00307-01,EMP-00307,2025-01-01,2025-01-30,145.7,7.4,7024.28,1384.51,5639.77,federal,False,none
PE-EMP-00307-02,EMP-00307,2025-01-31,2025-03-01,148.1,9.6,7155.17,1792.98,5362.19,federal,False,none
PE-EMP-00307-03,EMP-00307,2025-03-02,2025-03-31,165.4,0.0,6569.87,1304.17,5265.7,federal,True,rule_override
PE-EMP-00307-04,EMP-00307,2025-04-01,2025-04-30,163.9,9.3,7141.52,1813.3,5328.22,federal,False,none
PE-EMP-00307-05,EMP-00307,2025-05-01,2025-05-30,159.1,10.3,7202.3,1419.02,5783.28,federal,False,none
PE-EMP-00307-06,EMP-00307,2025-05-31,2025-06-29,152.7,2.5,6720.89,1433.0,5287.89,federal,False,none
PE-EMP-00308-01,EMP-00308,2025-01-01,2025-01-30,158.6,0.0,6767.0,1869.21,4897.79,NY,False,none
PE-EMP-00308-02,EMP-00308,2025-01-31,2025-03-01,140.6,0.0,6767.0,1507.64,5259.36,NY,False,none
PE-EMP-00308-03,EMP-00308,2025-03-02,2025-03-31,164.7,0.0,6767.0,1877.42,4889.58,NY,False,none
PE-EMP-00308-04,EMP-00308,2025-04-01,2025-04-30,161.3,0.0,6767.0,1333.59,5433.41,NY,False,none
PE-EMP-00308-05,EMP-00308,2025-05-01,2025-05-30,149.9,0.0,6767.0,1224.65,5542.35,NY,False,none
PE-EMP-00308-06,EMP-00308,2025-05-31,2025-06-29,140.0,0.0,6767.0,1538.7,5228.3,NY,False,none
PE-EMP-00309-01,EMP-00309,2025-01-01,2025-01-30,141.3,13.1,5100.86,1159.21,3941.65,UK_national,False,none
PE-EMP-00309-02,EMP-00309,2025-01-31,2025-03-01,148.1,0.3,4554.11,1129.44,3424.67,UK_national,False,none
PE-EMP-00309-03,EMP-00309,2025-03-02,2025-03-31,161.1,3.4,4688.84,1079.91,3608.93,UK_national,False,none
PE-EMP-00309-04,EMP-00309,2025-04-01,2025-04-30,162.5,11.6,5038.28,957.27,4081.01,UK_national,False,none
PE-EMP-00309-05,EMP-00309,2025-05-01,2025-05-30,149.8,5.0,4757.45,1089.77,3667.68,UK_national,False,none
PE-EMP-00309-06,EMP-00309,2025-05-31,2025-06-29,147.1,8.2,4891.64,1205.01,3686.63,UK_national,False,none
PE-EMP-00310-01,EMP-00310,2025-01-01,2025-01-30,163.2,0.0,8460.0,1910.9,6549.1,NY,False,none
PE-EMP-00310-02,EMP-00310,2025-01-31,2025-03-01,149.3,0.0,8460.0,1777.56,6682.44,NY,False,none
PE-EMP-00310-03,EMP-00310,2025-03-02,2025-03-31,158.6,0.0,8460.0,1960.89,6499.11,NY,False,none
PE-EMP-00310-04,EMP-00310,2025-04-01,2025-04-30,163.6,0.0,8460.0,2254.7,6205.3,NY,False,none
PE-EMP-00310-05,EMP-00310,2025-05-01,2025-05-30,147.6,0.0,8460.0,1932.56,6527.44,NY,False,none
PE-EMP-00310-06,EMP-00310,2025-05-31,2025-06-29,157.9,0.0,8460.0,1962.14,6497.86,NY,False,none
PE-EMP-00311-01,EMP-00311,2025-01-01,2025-01-30,151.5,0.0,8086.0,1575.07,6510.93,TX,False,none
PE-EMP-00311-02,EMP-00311,2025-01-31,2025-03-01,167.8,0.0,8086.0,1633.58,6452.42,TX,False,none
PE-EMP-00311-03,EMP-00311,2025-03-02,2025-03-31,140.9,0.0,8086.0,1744.31,6341.69,TX,False,none
PE-EMP-00311-04,EMP-00311,2025-04-01,2025-04-30,159.5,0.0,8086.0,1922.51,6163.49,TX,False,none
PE-EMP-00311-05,EMP-00311,2025-05-01,2025-05-30,145.8,0.0,8086.0,1803.76,6282.24,TX,False,none
PE-EMP-00311-06,EMP-00311,2025-05-31,2025-06-29,165.8,0.0,8086.0,1527.67,6558.33,TX,False,none
PE-EMP-00312-01,EMP-00312,2025-01-01,2025-01-30,147.7,5.7,4224.08,805.93,3418.15,TX,False,none
PE-EMP-00312-02,EMP-00312,2025-01-31,2025-03-01,165.5,9.4,4364.6,1023.46,3341.14,TX,False,none
PE-EMP-00312-03,EMP-00312,2025-03-02,2025-03-31,144.9,14.8,4567.9,1222.41,3345.49,TX,False,none
PE-EMP-00312-04,EMP-00312,2025-04-01,2025-04-30,149.3,13.7,4524.47,972.24,3552.23,TX,False,none
PE-EMP-00312-05,EMP-00312,2025-05-01,2025-05-30,147.7,8.8,4343.31,1192.35,3150.96,TX,False,none
PE-EMP-00312-06,EMP-00312,2025-05-31,2025-06-29,159.7,2.9,4118.49,980.0,3138.49,TX,False,none
PE-EMP-00313-01,EMP-00313,2025-01-01,2025-01-30,162.3,12.5,7787.62,1497.53,6290.09,federal,False,none
PE-EMP-00313-02,EMP-00313,2025-01-31,2025-03-01,149.7,8.5,7525.42,1950.98,5574.44,federal,False,none
PE-EMP-00313-03,EMP-00313,2025-03-02,2025-03-31,166.0,1.7,7078.0,1279.94,5798.06,federal,False,none
PE-EMP-00313-04,EMP-00313,2025-04-01,2025-04-30,154.6,2.2,7114.21,1764.98,5349.23,federal,False,none
PE-EMP-00313-05,EMP-00313,2025-05-01,2025-05-30,144.6,4.3,7254.03,1710.6,5543.43,federal,False,none
PE-EMP-00313-06,EMP-00313,2025-05-31,2025-06-29,148.3,7.3,7447.16,1388.61,6058.55,federal,False,none
PE-EMP-00314-01,EMP-00314,2025-01-01,2025-01-30,146.1,0.0,7350.0,1656.59,5693.41,FL,False,none
PE-EMP-00314-02,EMP-00314,2025-01-31,2025-03-01,143.5,0.0,7350.0,1929.72,5420.28,FL,False,none
PE-EMP-00314-03,EMP-00314,2025-03-02,2025-03-31,140.1,0.0,7350.0,1681.95,5668.05,FL,False,none
PE-EMP-00314-04,EMP-00314,2025-04-01,2025-04-30,163.4,0.0,7350.0,1581.91,5768.09,FL,False,none
PE-EMP-00314-05,EMP-00314,2025-05-01,2025-05-30,143.9,0.0,7350.0,1359.68,5990.32,FL,False,none
PE-EMP-00314-06,EMP-00314,2025-05-31,2025-06-29,162.0,0.0,7350.0,1968.86,5381.14,FL,False,none
PE-EMP-00315-01,EMP-00315,2025-01-01,2025-01-30,166.8,0.0,7214.0,1660.66,5553.34,NY,False,none
PE-EMP-00315-02,EMP-00315,2025-01-31,2025-03-01,166.7,0.0,7214.0,1703.04,5510.96,NY,False,none
PE-EMP-00315-03,EMP-00315,2025-03-02,2025-03-31,144.0,0.0,7214.0,1813.02,5400.98,NY,False,none
PE-EMP-00315-04,EMP-00315,2025-04-01,2025-04-30,152.1,0.0,7214.0,1827.34,5386.66,NY,False,none
PE-EMP-00315-05,EMP-00315,2025-05-01,2025-05-30,148.1,0.0,7214.0,1960.95,5253.05,NY,False,none
PE-EMP-00315-06,EMP-00315,2025-05-31,2025-06-29,166.1,0.0,7214.0,1321.7,5892.3,NY,False,none
PE-EMP-00316-01,EMP-00316,2025-01-01,2025-01-30,159.0,0.0,8162.0,1672.17,6489.83,federal,False,none
PE-EMP-00316-02,EMP-00316,2025-01-31,2025-03-01,151.2,0.0,8162.0,1784.41,6377.59,federal,False,none
PE-EMP-00316-03,EMP-00316,2025-03-02,2025-03-31,165.0,0.0,8162.0,2207.14,5954.86,federal,False,none
PE-EMP-00316-04,EMP-00316,2025-04-01,2025-04-30,156.7,0.0,8162.0,2220.22,5941.78,federal,False,none
PE-EMP-00316-05,EMP-00316,2025-05-01,2025-05-30,152.2,0.0,8162.0,1610.61,6551.39,federal,False,none
PE-EMP-00316-06,EMP-00316,2025-05-31,2025-06-29,162.5,0.0,8162.0,2184.1,5977.9,federal,False,none
PE-EMP-00317-01,EMP-00317,2025-01-01,2025-01-30,161.5,0.0,8971.0,1739.64,7231.36,CA,False,none
PE-EMP-00317-02,EMP-00317,2025-01-31,2025-03-01,151.7,0.0,8971.0,1839.07,7131.93,CA,False,none
PE-EMP-00317-03,EMP-00317,2025-03-02,2025-03-31,148.5,0.0,8971.0,1793.77,7177.23,CA,False,none
PE-EMP-00317-04,EMP-00317,2025-04-01,2025-04-30,166.0,0.0,8971.0,1881.52,7089.48,CA,False,none
PE-EMP-00317-05,EMP-00317,2025-05-01,2025-05-30,145.1,0.0,8971.0,2028.48,6942.52,CA,False,none
PE-EMP-00317-06,EMP-00317,2025-05-31,2025-06-29,163.3,0.0,8971.0,2316.68,6654.32,CA,False,none
PE-EMP-00318-01,EMP-00318,2025-01-01,2025-01-30,154.7,0.0,7209.0,1366.86,5842.14,CA,False,none
PE-EMP-00318-02,EMP-00318,2025-01-31,2025-03-01,154.1,0.0,7209.0,1798.02,5410.98,CA,False,none
PE-EMP-00318-03,EMP-00318,2025-03-02,2025-03-31,150.0,0.0,7209.0,1791.55,5417.45,CA,False,none
PE-EMP-00318-04,EMP-00318,2025-04-01,2025-04-30,153.1,0.0,7209.0,1552.96,5656.04,CA,False,none
PE-EMP-00318-05,EMP-00318,2025-05-01,2025-05-30,152.9,0.0,7209.0,1990.73,5218.27,CA,False,none
PE-EMP-00318-06,EMP-00318,2025-05-31,2025-06-29,140.7,0.0,7209.0,1955.48,5253.52,CA,False,none
PE-EMP-00319-01,EMP-00319,2025-01-01,2025-01-30,142.5,0.0,7524.0,1931.24,5592.76,FL,False,none
PE-EMP-00319-02,EMP-00319,2025-01-31,2025-03-01,165.4,0.0,7524.0,1460.1,6063.9,FL,False,none
PE-EMP-00319-03,EMP-00319,2025-03-02,2025-03-31,156.2,0.0,7524.0,1946.18,5577.82,FL,False,none
PE-EMP-00319-04,EMP-00319,2025-04-01,2025-04-30,157.4,0.0,7524.0,1635.05,5888.95,FL,False,none
PE-EMP-00319-05,EMP-00319,2025-05-01,2025-05-30,164.6,0.0,7524.0,2031.41,5492.59,FL,False,none
PE-EMP-00319-06,EMP-00319,2025-05-31,2025-06-29,163.7,0.0,7524.0,1394.6,6129.4,FL,False,none
PE-EMP-00320-01,EMP-00320,2025-01-01,2025-01-30,158.8,0.0,6861.0,1321.38,5539.62,CA,False,none
PE-EMP-00320-02,EMP-00320,2025-01-31,2025-03-01,161.4,0.0,6861.0,1552.51,5308.49,CA,False,none
PE-EMP-00320-03,EMP-00320,2025-03-02,2025-03-31,163.5,0.0,6861.0,1590.39,5270.61,CA,False,none
PE-EMP-00320-04,EMP-00320,2025-04-01,2025-04-30,147.6,0.0,6861.0,1293.06,5567.94,CA,False,none
PE-EMP-00320-05,EMP-00320,2025-05-01,2025-05-30,143.0,0.0,6861.0,1911.59,4949.41,CA,False,none
PE-EMP-00320-06,EMP-00320,2025-05-31,2025-06-29,163.0,0.0,6861.0,1642.76,5218.24,CA,False,none
PE-EMP-00321-01,EMP-00321,2025-01-01,2025-01-30,164.2,8.5,4369.88,1088.36,3281.52,FL,False,none
PE-EMP-00321-02,EMP-00321,2025-01-31,2025-03-01,154.3,1.8,4117.13,981.78,3135.35,FL,False,none
PE-EMP-00321-03,EMP-00321,2025-03-02,2025-03-31,154.5,10.8,4456.12,1114.73,3341.39,FL,False,none
PE-EMP-00321-04,EMP-00321,2025-04-01,2025-04-30,143.8,8.4,4367.95,1208.73,3159.22,FL,False,none
PE-EMP-00321-05-DUP,EMP-00321,2025-05-01,2025-05-30,144.3,13.4,4557.51,1111.88,3445.63,FL,True,duplicate_payment
PE-EMP-00321-06,EMP-00321,2025-05-31,2025-06-29,166.2,9.4,4405.63,1109.84,3295.79,FL,False,none
PE-EMP-00322-01,EMP-00322,2025-01-01,2025-01-30,145.6,12.1,7790.8,1888.23,5902.57,federal,False,none
PE-EMP-00322-02,EMP-00322,2025-01-31,2025-03-01,164.6,1.0,7064.07,1379.63,5684.44,federal,False,none
PE-EMP-00322-03,EMP-00322,2025-03-02,2025-03-31,142.9,7.8,7509.55,1537.36,5972.19,federal,False,none
PE-EMP-00322-04,EMP-00322,2025-04-01,2025-04-30,150.9,0.4,7022.26,1619.2,5403.06,federal,False,none
PE-EMP-00322-05,EMP-00322,2025-05-01,2025-05-30,153.5,13.9,7909.31,1660.89,6248.42,federal,False,none
PE-EMP-00322-06,EMP-00322,2025-05-31,2025-06-29,163.7,2.8,7179.12,1460.9,5718.22,federal,False,none
PE-EMP-00323-01,EMP-00323,2025-01-01,2025-01-30,152.3,3.9,6475.64,1562.42,4913.22,federal,False,none
PE-EMP-00323-02,EMP-00323,2025-01-31,2025-03-01,144.1,9.9,6825.18,1312.62,5512.56,federal,False,none
PE-EMP-00323-03,EMP-00323,2025-03-02,2025-03-31,160.8,0.3,6266.03,1216.67,5049.36,federal,False,none
PE-EMP-00323-04,EMP-00323,2025-04-01,2025-04-30,159.6,3.6,6458.44,1492.88,4965.56,federal,False,none
PE-EMP-00323-05,EMP-00323,2025-05-01,2025-05-30,148.1,3.0,6423.01,1464.75,4958.26,federal,False,none
PE-EMP-00323-06,EMP-00323,2025-05-31,2025-06-29,150.3,1.5,6334.87,1513.25,4821.62,federal,False,none
PE-EMP-00324-01-DUP,EMP-00324,2025-01-01,2025-01-30,150.8,0.0,8144.0,1690.03,6453.97,FL,True,duplicate_payment
PE-EMP-00324-02,EMP-00324,2025-01-31,2025-03-01,153.0,0.0,8144.0,2117.32,6026.68,FL,False,none
PE-EMP-00324-03,EMP-00324,2025-03-02,2025-03-31,144.1,0.0,8144.0,2128.43,6015.57,FL,False,none
PE-EMP-00324-04,EMP-00324,2025-04-01,2025-04-30,143.4,0.0,8144.0,1696.74,6447.26,FL,False,none
PE-EMP-00324-05,EMP-00324,2025-05-01,2025-05-30,156.3,0.0,8144.0,1783.07,6360.93,FL,False,none
PE-EMP-00324-06,EMP-00324,2025-05-31,2025-06-29,158.2,0.0,8144.0,1493.68,6650.32,FL,False,none
PE-EMP-00325-01,EMP-00325,2025-01-01,2025-01-30,152.4,0.0,8254.0,2028.17,6225.83,UK_national,False,none
PE-EMP-00325-02,EMP-00325,2025-01-31,2025-03-01,149.9,0.0,8254.0,2235.27,6018.73,UK_national,False,none
PE-EMP-00325-03,EMP-00325,2025-03-02,2025-03-31,164.7,0.0,8254.0,1600.7,6653.3,UK_national,False,none
PE-EMP-00325-04,EMP-00325,2025-04-01,2025-04-30,140.3,0.0,8254.0,1864.04,6389.96,UK_national,False,none
PE-EMP-00325-05,EMP-00325,2025-05-01,2025-05-30,154.0,0.0,8254.0,1616.39,6637.61,UK_national,False,none
PE-EMP-00325-06,EMP-00325,2025-05-31,2025-06-29,145.9,0.0,8254.0,2196.41,6057.59,UK_national,False,none
PE-EMP-00326-01,EMP-00326,2025-01-01,2025-01-30,154.7,0.0,7210.0,1948.54,5261.46,TX,False,none
PE-EMP-00326-02,EMP-00326,2025-01-31,2025-03-01,144.9,0.0,7210.0,1667.71,5542.29,TX,False,none
PE-EMP-00326-03,EMP-00326,2025-03-02,2025-03-31,158.4,0.0,7210.0,1406.96,5803.04,TX,False,none
PE-EMP-00326-04,EMP-00326,2025-04-01,2025-04-30,152.9,0.0,7210.0,1703.83,5506.17,TX,False,none
PE-EMP-00326-05,EMP-00326,2025-05-01,2025-05-30,143.9,0.0,7210.0,1916.9,5293.1,TX,False,none
PE-EMP-00326-06,EMP-00326,2025-05-31,2025-06-29,158.4,0.0,7210.0,1863.76,5346.24,TX,False,none
PE-EMP-00327-01,EMP-00327,2025-01-01,2025-01-30,163.5,13.9,4206.48,785.86,3420.62,DE_national,False,none
PE-EMP-00327-02,EMP-00327,2025-01-31,2025-03-01,157.0,7.3,3976.26,1098.46,2877.8,DE_national,False,none
PE-EMP-00327-03,EMP-00327,2025-03-02,2025-03-31,154.2,2.7,3817.43,957.6,2859.83,DE_national,False,none
PE-EMP-00327-04,EMP-00327,2025-04-01,2025-04-30,159.5,9.9,4067.97,837.69,3230.28,DE_national,False,none
PE-EMP-00327-05,EMP-00327,2025-05-01,2025-05-30,156.4,8.8,4031.29,959.74,3071.55,DE_national,False,none
PE-EMP-00327-06,EMP-00327,2025-05-31,2025-06-29,140.8,12.4,4157.48,776.44,3381.04,DE_national,False,none
PE-EMP-00328-01,EMP-00328,2025-01-01,2025-01-30,158.6,11.0,4739.85,963.0,3776.85,FL,False,none
PE-EMP-00328-02,EMP-00328,2025-01-31,2025-03-01,149.1,7.5,4598.79,1140.19,3458.6,FL,False,none
PE-EMP-00328-03,EMP-00328,2025-03-02,2025-03-31,165.7,3.5,4436.91,1141.06,3295.85,FL,False,none
PE-EMP-00328-04,EMP-00328,2025-04-01,2025-04-30,164.7,11.9,4777.76,910.37,3867.39,FL,False,none
PE-EMP-00328-05,EMP-00328,2025-05-01,2025-05-30,167.3,10.9,4737.0,1034.6,3702.4,FL,False,none
PE-EMP-00328-06,EMP-00328,2025-05-31,2025-06-29,147.0,13.8,4854.36,903.85,3950.51,FL,False,none
PE-EMP-00329-01,EMP-00329,2025-01-01,2025-01-30,161.0,0.0,8611.0,1582.2,7028.8,DE_national,False,none
PE-EMP-00329-02,EMP-00329,2025-01-31,2025-03-01,150.5,0.0,8611.0,1930.18,6680.82,DE_national,False,none
PE-EMP-00329-03,EMP-00329,2025-03-02,2025-03-31,140.8,0.0,8611.0,2093.59,6517.41,DE_national,False,none
PE-EMP-00329-04,EMP-00329,2025-04-01,2025-04-30,143.0,0.0,8611.0,1699.87,6911.13,DE_national,False,none
PE-EMP-00329-05,EMP-00329,2025-05-01,2025-05-30,143.7,0.0,8611.0,1937.05,6673.95,DE_national,False,none
PE-EMP-00329-06,EMP-00329,2025-05-31,2025-06-29,155.6,0.0,8611.0,2098.84,6512.16,DE_national,False,none
PE-EMP-00330-01,EMP-00330,2025-01-01,2025-01-30,153.8,0.0,6837.0,1364.47,5472.53,UK_national,False,none
PE-EMP-00330-02,EMP-00330,2025-01-31,2025-03-01,146.3,0.0,6837.0,1694.79,5142.21,UK_national,False,none
PE-EMP-00330-03,EMP-00330,2025-03-02,2025-03-31,152.2,0.0,6837.0,1738.07,5098.93,UK_national,False,none
PE-EMP-00330-04,EMP-00330,2025-04-01,2025-04-30,162.1,0.0,6837.0,1592.02,5244.98,UK_national,False,none
PE-EMP-00330-05,EMP-00330,2025-05-01,2025-05-30,140.7,0.0,6837.0,1289.47,5547.53,UK_national,False,none
PE-EMP-00330-06,EMP-00330,2025-05-31,2025-06-29,142.7,0.0,6837.0,1886.9,4950.1,UK_national,False,none
PE-EMP-00331-01,EMP-00331,2025-01-01,2025-01-30,143.9,0.0,7110.0,1303.43,5806.57,CA,False,none
PE-EMP-00331-02,EMP-00331,2025-01-31,2025-03-01,161.7,0.0,7110.0,1283.52,5826.48,CA,False,none
PE-EMP-00331-03,EMP-00331,2025-03-02,2025-03-31,164.2,0.0,7110.0,1683.86,5426.14,CA,False,none
PE-EMP-00331-04,EMP-00331,2025-04-01,2025-04-30,159.1,0.0,7110.0,1522.05,5587.95,CA,False,none
PE-EMP-00331-05,EMP-00331,2025-05-01,2025-05-30,160.4,0.0,12272.93,1960.76,5149.24,CA,True,rate_violation
PE-EMP-00331-06,EMP-00331,2025-05-31,2025-06-29,145.3,0.0,7110.0,1655.32,5454.68,CA,False,none
PE-EMP-00332-01,EMP-00332,2025-01-01,2025-01-30,163.2,0.0,7375.0,1480.51,5894.49,WA,False,none
PE-EMP-00332-02,EMP-00332,2025-01-31,2025-03-01,150.0,0.0,7375.0,1696.88,5678.12,WA,False,none
PE-EMP-00332-03,EMP-00332,2025-03-02,2025-03-31,163.9,0.0,7375.0,1991.07,5383.93,WA,False,none
PE-EMP-00332-04,EMP-00332,2025-04-01,2025-04-30,152.3,0.0,7375.0,1918.68,5456.32,WA,False,none
PE-EMP-00332-05,EMP-00332,2025-05-01,2025-05-30,164.5,0.0,7375.0,1788.78,5586.22,WA,False,none
PE-EMP-00332-06,EMP-00332,2025-05-31,2025-06-29,143.6,0.0,7375.0,1747.25,5627.75,WA,False,none
PE-EMP-00333-01,EMP-00333,2025-01-01,2025-01-30,142.8,0.0,7431.0,1721.95,5709.05,NY,False,none
PE-EMP-00333-02,EMP-00333,2025-01-31,2025-03-01,141.4,0.0,7431.0,1708.17,5722.83,NY,False,none
PE-EMP-00333-03,EMP-00333,2025-03-02,2025-03-31,140.6,0.0,7431.0,1739.25,5691.75,NY,False,none
PE-EMP-00333-04,EMP-00333,2025-04-01,2025-04-30,148.1,0.0,7431.0,1947.91,5483.09,NY,False,none
PE-EMP-00333-05,EMP-00333,2025-05-01,2025-05-30,150.9,0.0,7431.0,1952.98,5478.02,NY,False,none
PE-EMP-00333-06,EMP-00333,2025-05-31,2025-06-29,164.4,0.0,7431.0,1603.54,5827.46,NY,False,none
PE-EMP-00334-01,EMP-00334,2025-01-01,2025-01-30,155.0,2.4,4572.3,954.73,3617.57,federal,False,none
PE-EMP-00334-02,EMP-00334,2025-01-31,2025-03-01,157.1,3.6,4624.84,1071.93,3552.91,federal,False,none
PE-EMP-00334-03,EMP-00334,2025-03-02,2025-03-31,155.3,4.7,4669.4,1129.36,3540.04,federal,False,none
PE-EMP-00334-04,EMP-00334,2025-04-01,2025-04-30,166.2,13.4,5033.96,1199.48,3834.48,federal,False,none
PE-EMP-00334-05,EMP-00334,2025-05-01,2025-05-30,140.9,14.8,5092.54,1249.32,3843.22,federal,False,none
PE-EMP-00334-06,EMP-00334,2025-05-31,2025-06-29,164.9,6.3,4738.07,947.86,3790.21,federal,False,none
PE-EMP-00335-01,EMP-00335,2025-01-01,2025-01-30,162.9,0.9,6089.44,1220.47,4868.97,CA,False,none
PE-EMP-00335-02,EMP-00335,2025-01-31,2025-03-01,165.5,4.9,6318.92,1615.97,4702.95,CA,False,none
PE-EMP-00335-03,EMP-00335,2025-03-02,2025-03-31,162.6,0.9,6091.93,1397.22,4694.71,CA,False,none
PE-EMP-00335-04,EMP-00335,2025-04-01,2025-04-30,163.4,8.5,6517.85,1570.8,4947.05,CA,False,none
PE-EMP-00335-05,EMP-00335,2025-05-01,2025-05-30,142.0,12.1,6724.75,1443.03,5281.72,CA,False,none
PE-EMP-00335-06,EMP-00335,2025-05-31,2025-06-29,166.0,6.2,6392.49,1623.24,4769.25,CA,False,none
PE-EMP-00336-01,EMP-00336,2025-01-01,2025-01-30,153.4,0.0,7320.0,1967.26,5352.74,TX,False,none
PE-EMP-00336-02,EMP-00336,2025-01-31,2025-03-01,160.3,0.0,7320.0,1412.37,5907.63,TX,False,none
PE-EMP-00336-03,EMP-00336,2025-03-02,2025-03-31,153.9,0.0,7320.0,1393.77,5926.23,TX,False,none
PE-EMP-00336-04,EMP-00336,2025-04-01,2025-04-30,149.8,0.0,7320.0,1482.48,5837.52,TX,False,none
PE-EMP-00336-05,EMP-00336,2025-05-01,2025-05-30,161.9,0.0,7320.0,1667.2,5652.8,TX,False,none
PE-EMP-00336-06,EMP-00336,2025-05-31,2025-06-29,146.4,0.0,7320.0,1959.16,5360.84,TX,False,none
PE-EMP-00337-01,EMP-00337,2025-01-01,2025-01-30,161.9,14.0,7240.38,1322.35,5918.03,TX,False,none
PE-EMP-00337-02,EMP-00337,2025-01-31,2025-03-01,150.6,2.9,6578.61,1584.22,4994.39,TX,False,none
PE-EMP-00337-03,EMP-00337,2025-03-02,2025-03-31,153.5,10.3,7017.43,1275.84,5741.59,TX,False,none
PE-EMP-00337-04,EMP-00337,2025-04-01,2025-04-30,143.5,5.8,6750.52,1469.74,5280.78,TX,False,none
PE-EMP-00337-05,EMP-00337,2025-05-01,2025-05-30,143.2,10.5,7033.4,1652.53,5380.87,TX,False,none
PE-EMP-00337-06,EMP-00337,2025-05-31,2025-06-29,165.3,1.8,6508.23,1572.16,4936.07,TX,False,none
PE-EMP-00338-01,EMP-00338,2025-01-01,2025-01-30,149.6,0.0,7186.0,1546.28,5639.72,WA,False,none
PE-EMP-00338-02,EMP-00338,2025-01-31,2025-03-01,146.7,0.0,7186.0,1953.2,5232.8,WA,False,none
PE-EMP-00338-03,EMP-00338,2025-03-02,2025-03-31,140.3,0.0,7186.0,1359.58,5826.42,WA,False,none
PE-EMP-00338-04,EMP-00338,2025-04-01,2025-04-30,161.1,0.0,7186.0,1590.31,5595.69,WA,False,none
PE-EMP-00338-05,EMP-00338,2025-05-01,2025-05-30,155.0,0.0,7186.0,1873.92,5312.08,WA,False,none
PE-EMP-00338-06,EMP-00338,2025-05-31,2025-06-29,162.4,0.0,7186.0,1326.38,5859.62,WA,False,none
PE-EMP-00339-01,EMP-00339,2025-01-01,2025-01-30,147.0,0.0,7297.0,1950.67,5346.33,UK_national,False,none
PE-EMP-00339-02,EMP-00339,2025-01-31,2025-03-01,141.6,0.0,7297.0,1354.97,5942.03,UK_national,False,none
PE-EMP-00339-03,EMP-00339,2025-03-02,2025-03-31,147.9,0.0,7297.0,1633.47,5663.53,UK_national,False,none
PE-EMP-00339-04,EMP-00339,2025-04-01,2025-04-30,156.9,0.0,7297.0,1542.68,5754.32,UK_national,False,none
PE-EMP-00339-05,EMP-00339,2025-05-01,2025-05-30,167.9,0.0,7297.0,1963.2,5333.8,UK_national,False,none
PE-EMP-00339-06,EMP-00339,2025-05-31,2025-06-29,151.1,0.0,7297.0,1408.11,5888.89,UK_national,False,none
PE-EMP-00340-01,EMP-00340,2025-01-01,2025-01-30,158.4,0.0,8738.0,2147.44,6590.56,FL,False,none
PE-EMP-00340-02,EMP-00340,2025-01-31,2025-03-01,166.3,0.0,8738.0,1639.58,7098.42,FL,False,none
PE-EMP-00340-03,EMP-00340,2025-03-02,2025-03-31,159.7,0.0,8738.0,1752.72,6985.28,FL,False,none
PE-EMP-00340-04,EMP-00340,2025-04-01,2025-04-30,165.1,0.0,8738.0,2283.61,6454.39,FL,False,none
PE-EMP-00340-05,EMP-00340,2025-05-01,2025-05-30,152.4,0.0,8738.0,2323.22,6414.78,FL,False,none
PE-EMP-00340-06,EMP-00340,2025-05-31,2025-06-29,150.3,0.0,8738.0,1837.36,6900.64,FL,False,none
PE-EMP-00341-01,EMP-00341,2025-01-01,2025-01-30,164.3,0.0,7451.0,1752.03,5698.97,UK_national,False,none
PE-EMP-00341-02,EMP-00341,2025-01-31,2025-03-01,165.0,0.0,7451.0,1523.14,5927.86,UK_national,False,none
PE-EMP-00341-03,EMP-00341,2025-03-02,2025-03-31,155.2,0.0,7451.0,1578.76,5872.24,UK_national,False,none
PE-EMP-00341-04,EMP-00341,2025-04-01,2025-04-30,149.7,0.0,7451.0,1418.95,6032.05,UK_national,False,none
PE-EMP-00341-05,EMP-00341,2025-05-01,2025-05-30,166.6,0.0,7451.0,1647.29,5803.71,UK_national,False,none
PE-EMP-00341-06,EMP-00341,2025-05-31,2025-06-29,142.2,0.0,7451.0,1703.45,5747.55,UK_national,False,none
PE-EMP-00342-01,EMP-00342,2025-01-01,2025-01-30,163.6,0.0,8451.0,2291.95,6159.05,CA,False,none
PE-EMP-00342-02,EMP-00342,2025-01-31,2025-03-01,148.5,0.0,8451.0,1961.47,6489.53,CA,False,none
PE-EMP-00342-03,EMP-00342,2025-03-02,2025-03-31,143.4,0.0,8451.0,1988.49,6462.51,CA,False,none
PE-EMP-00342-04,EMP-00342,2025-04-01,2025-04-30,162.1,0.0,8451.0,2133.8,6317.2,CA,False,none
PE-EMP-00342-05,EMP-00342,2025-05-01,2025-05-30,146.6,0.0,8451.0,1551.49,6899.51,CA,False,none
PE-EMP-00342-06,EMP-00342,2025-05-31,2025-06-29,161.4,0.0,8451.0,1893.26,6557.74,CA,False,none
PE-EMP-00343-01,EMP-00343,2025-01-01,2025-01-30,163.4,14.3,4672.17,850.94,3821.23,FL,False,none
PE-EMP-00343-02,EMP-00343,2025-01-31,2025-03-01,148.4,4.1,4276.6,1021.35,3255.25,FL,False,none
PE-EMP-00343-03,EMP-00343,2025-03-02,2025-03-31,163.9,14.5,4679.15,870.19,3808.96,FL,False,none
PE-EMP-00343-04,EMP-00343,2025-04-01,2025-04-30,150.7,5.8,4342.44,789.82,3552.62,FL,False,none
PE-EMP-00343-05,EMP-00343,2025-05-01,2025-05-30,150.6,6.7,4377.25,886.15,3491.1,FL,False,none
PE-EMP-00343-06,EMP-00343,2025-05-31,2025-06-29,158.5,9.9,4502.34,1050.17,3452.17,FL,False,none
PE-EMP-00344-01,EMP-00344,2025-01-01,2025-01-30,161.4,0.0,7831.0,1434.1,6396.9,TX,False,none
PE-EMP-00344-02,EMP-00344,2025-01-31,2025-03-01,165.5,0.0,7831.0,2143.52,5687.48,TX,False,none
PE-EMP-00344-03,EMP-00344,2025-03-02,2025-03-31,149.4,0.0,7831.0,2000.41,5830.59,TX,False,none
PE-EMP-00344-04,EMP-00344,2025-04-01,2025-04-30,147.4,0.0,7831.0,2058.11,5772.89,TX,False,none
PE-EMP-00344-05,EMP-00344,2025-05-01,2025-05-30,146.1,0.0,7831.0,1999.5,5831.5,TX,False,none
PE-EMP-00344-06,EMP-00344,2025-05-31,2025-06-29,160.3,0.0,7831.0,1430.99,6400.01,TX,False,none
PE-EMP-00345-01,EMP-00345,2025-01-01,2025-01-30,164.2,0.0,7621.0,1845.45,5775.55,UK_national,False,none
PE-EMP-00345-02,EMP-00345,2025-01-31,2025-03-01,166.0,0.0,7621.0,1968.21,5652.79,UK_national,False,none
PE-EMP-00345-03,EMP-00345,2025-03-02,2025-03-31,162.6,0.0,7621.0,1945.18,5675.82,UK_national,False,none
PE-EMP-00345-04,EMP-00345,2025-04-01,2025-04-30,166.7,0.0,7621.0,1793.45,5827.55,UK_national,False,none
PE-EMP-00345-05,EMP-00345,2025-05-01,2025-05-30,148.0,0.0,7621.0,2082.42,5538.58,UK_national,False,none
PE-EMP-00345-06,EMP-00345,2025-05-31,2025-06-29,155.0,0.0,7621.0,2126.94,5494.06,UK_national,False,none
PE-EMP-00346-01,EMP-00346,2025-01-01,2025-01-30,161.5,6.4,4581.72,1154.24,3427.48,WA,False,none
PE-EMP-00346-02,EMP-00346,2025-01-31,2025-03-01,153.1,3.9,4482.16,1237.21,3244.95,WA,False,none
PE-EMP-00346-03,EMP-00346,2025-03-02,2025-03-31,165.4,14.9,4927.57,1004.35,3923.22,WA,False,none
PE-EMP-00346-04,EMP-00346,2025-04-01,2025-04-30,147.7,4.2,4494.68,1115.85,3378.83,WA,False,none
PE-EMP-00346-05,EMP-00346,2025-05-01,2025-05-30,148.3,15.0,4931.34,1268.01,3663.33,WA,False,none
PE-EMP-00346-06,EMP-00346,2025-05-31,2025-06-29,147.7,8.6,4671.25,858.86,3812.39,WA,False,none
PE-EMP-00347-01,EMP-00347,2025-01-01,2025-01-30,158.3,4.0,6465.45,1325.75,5139.7,WA,False,none
PE-EMP-00347-02,EMP-00347,2025-01-31,2025-03-01,148.6,11.6,6905.96,1251.59,5654.37,WA,False,none
PE-EMP-00347-03,EMP-00347,2025-03-02,2025-03-31,163.7,9.9,6808.9,1794.83,5014.07,WA,False,none
PE-EMP-00347-04,EMP-00347,2025-04-01,2025-04-30,140.2,6.7,6618.82,1202.82,5416.0,WA,False,none
PE-EMP-00347-05,EMP-00347,2025-05-01,2025-05-30,157.9,0.6,6262.42,1351.88,4910.54,WA,False,none
PE-EMP-00347-06,EMP-00347,2025-05-31,2025-06-29,156.2,8.3,6717.64,1483.67,5233.97,WA,False,none
PE-EMP-00348-01,EMP-00348,2025-01-01,2025-01-30,165.1,0.0,7191.0,1351.58,5839.42,federal,False,none
PE-EMP-00348-02,EMP-00348,2025-01-31,2025-03-01,166.7,0.0,7191.0,1690.93,5500.07,federal,False,none
PE-EMP-00348-03,EMP-00348,2025-03-02,2025-03-31,147.2,0.0,7191.0,1611.1,5579.9,federal,False,none
PE-EMP-00348-04,EMP-00348,2025-04-01,2025-04-30,147.3,0.0,7191.0,1860.12,5330.88,federal,False,none
PE-EMP-00348-05,EMP-00348,2025-05-01,2025-05-30,146.4,0.0,7191.0,1650.28,5540.72,federal,False,none
PE-EMP-00348-06,EMP-00348,2025-05-31,2025-06-29,164.4,0.0,7191.0,1419.86,5771.14,federal,False,none
PE-EMP-00349-01,EMP-00349,2025-01-01,2025-01-30,146.5,0.0,7887.0,1937.03,5949.97,NY,False,none
PE-EMP-00349-02,EMP-00349,2025-01-31,2025-03-01,145.2,0.0,7887.0,1935.94,5951.06,NY,False,none
PE-EMP-00349-03,EMP-00349,2025-03-02,2025-03-31,152.3,0.0,7887.0,1819.31,6067.69,NY,False,none
PE-EMP-00349-04,EMP-00349,2025-04-01,2025-04-30,155.5,0.0,7887.0,1669.94,6217.06,NY,False,none
PE-EMP-00349-05,EMP-00349,2025-05-01,2025-05-30,166.6,0.0,7887.0,1599.45,6287.55,NY,False,none
PE-EMP-00349-06,EMP-00349,2025-05-31,2025-06-29,167.3,0.0,7887.0,2202.03,5684.97,NY,False,none
PE-EMP-00350-01,EMP-00350,2025-01-01,2025-01-30,163.8,0.2,4006.06,1059.58,2946.48,TX,False,none
PE-EMP-00350-02,EMP-00350,2025-01-31,2025-03-01,146.6,8.1,4300.77,793.38,3507.39,TX,False,none
PE-EMP-00350-03,EMP-00350,2025-03-02,2025-03-31,143.2,1.6,4058.36,936.24,3122.12,TX,False,none
PE-EMP-00350-04,EMP-00350,2025-04-01,2025-04-30,156.0,1.2,4040.53,809.74,3230.79,TX,False,none
PE-EMP-00350-05,EMP-00350,2025-05-01,2025-05-30,142.0,12.4,4463.04,1107.29,3355.75,TX,False,none
PE-EMP-00350-06,EMP-00350,2025-05-31,2025-06-29,140.7,6.4,4236.71,882.54,3354.17,TX,False,none
PE-EMP-00351-01,EMP-00351,2025-01-01,2025-01-30,150.1,0.0,7371.0,1774.18,5596.82,DE_national,False,none
PE-EMP-00351-02,EMP-00351,2025-01-31,2025-03-01,165.1,0.0,7371.0,2045.53,5325.47,DE_national,False,none
PE-EMP-00351-03,EMP-00351,2025-03-02,2025-03-31,166.4,0.0,7371.0,1602.98,5768.02,DE_national,False,none
PE-EMP-00351-04,EMP-00351,2025-04-01,2025-04-30,140.9,0.0,7371.0,1543.53,5827.47,DE_national,False,none
PE-EMP-00351-05,EMP-00351,2025-05-01,2025-05-30,148.1,0.0,7371.0,1598.26,5772.74,DE_national,False,none
PE-EMP-00351-06,EMP-00351,2025-05-31,2025-06-29,156.6,0.0,7371.0,1437.39,5933.61,DE_national,False,none
PE-EMP-00352-01,EMP-00352,2025-01-01,2025-01-30,148.8,1.6,4724.54,950.33,3774.21,WA,False,none
PE-EMP-00352-02,EMP-00352,2025-01-31,2025-03-01,161.9,10.7,5123.55,1302.43,3821.12,WA,False,none
PE-EMP-00352-03,EMP-00352,2025-03-02,2025-03-31,150.6,10.7,5121.63,1403.3,3718.33,WA,False,none
PE-EMP-00352-04,EMP-00352,2025-04-01,2025-04-30,144.2,8.7,5036.43,1237.48,3798.95,WA,False,none
PE-EMP-00352-05,EMP-00352,2025-05-01,2025-05-30,166.7,11.4,5154.21,1262.38,3891.83,WA,False,none
PE-EMP-00352-06,EMP-00352,2025-05-31,2025-06-29,155.8,14.4,5282.53,1475.05,3807.48,WA,False,none
PE-EMP-00353-01,EMP-00353,2025-01-01,2025-01-30,157.6,0.0,6948.0,1943.92,5004.08,FL,False,none
PE-EMP-00353-02,EMP-00353,2025-01-31,2025-03-01,155.1,0.0,6948.0,1760.59,5187.41,FL,False,none
PE-EMP-00353-03,EMP-00353,2025-03-02,2025-03-31,164.6,0.0,6948.0,1334.88,5613.12,FL,False,none
PE-EMP-00353-04,EMP-00353,2025-04-01,2025-04-30,157.0,0.0,6948.0,1805.23,5142.77,FL,False,none
PE-EMP-00353-05,EMP-00353,2025-05-01,2025-05-30,154.6,0.0,6948.0,1708.65,5239.35,FL,False,none
PE-EMP-00353-06,EMP-00353,2025-05-31,2025-06-29,145.5,0.0,6948.0,1470.85,5477.15,FL,False,none
PE-EMP-00354-01-DUP,EMP-00354,2025-01-01,2025-01-30,165.5,0.0,7402.0,1758.16,5643.84,CA,True,duplicate_payment
PE-EMP-00354-02,EMP-00354,2025-01-31,2025-03-01,162.4,0.0,7402.0,1575.65,5826.35,CA,False,none
PE-EMP-00354-03,EMP-00354,2025-03-02,2025-03-31,146.5,0.0,7402.0,2055.89,5346.11,CA,False,none
PE-EMP-00354-04,EMP-00354,2025-04-01,2025-04-30,167.2,0.0,7402.0,1565.39,5836.61,CA,False,none
PE-EMP-00354-05,EMP-00354,2025-05-01,2025-05-30,152.5,0.0,7402.0,1845.37,5556.63,CA,False,none
PE-EMP-00354-06,EMP-00354,2025-05-31,2025-06-29,151.5,0.0,7402.0,2041.18,5360.82,CA,False,none
PE-EMP-00355-01,EMP-00355,2025-01-01,2025-01-30,155.7,0.0,6705.0,1260.33,5444.67,TX,False,none
PE-EMP-00355-02,EMP-00355,2025-01-31,2025-03-01,150.1,0.0,6705.0,1258.16,5446.84,TX,True,ghost_employee
PE-EMP-00355-03,EMP-00355,2025-03-02,2025-03-31,146.4,0.0,6705.0,1531.53,5173.47,TX,False,none
PE-EMP-00355-04,EMP-00355,2025-04-01,2025-04-30,146.4,0.0,6705.0,1734.12,4970.88,TX,False,none
PE-EMP-00355-05,EMP-00355,2025-05-01,2025-05-30,167.6,0.0,6705.0,1761.95,4943.05,TX,False,none
PE-EMP-00355-06,EMP-00355,2025-05-31,2025-06-29,146.9,0.0,6705.0,1827.59,4877.41,TX,False,none
PE-EMP-00356-01,EMP-00356,2025-01-01,2025-01-30,158.6,13.6,7518.35,1860.12,5658.23,DE_national,False,none
PE-EMP-00356-02,EMP-00356,2025-01-31,2025-03-01,149.6,9.1,7233.64,1877.75,5355.89,DE_national,False,none
PE-EMP-00356-03,EMP-00356,2025-03-02,2025-03-31,154.1,1.8,6776.58,1496.61,5279.97,DE_national,False,none
PE-EMP-00356-04,EMP-00356,2025-04-01,2025-04-30,164.7,2.2,6805.11,1561.23,5243.88,DE_national,False,none
PE-EMP-00356-05,EMP-00356,2025-05-01,2025-05-30,152.7,3.0,6851.7,1356.58,5495.12,DE_national,False,none
PE-EMP-00356-06,EMP-00356,2025-05-31,2025-06-29,161.4,2.5,6822.33,1513.62,5308.71,DE_national,False,none
PE-EMP-00357-01,EMP-00357,2025-01-01,2025-01-30,153.2,0.0,7629.0,1915.93,5713.07,CA,False,none
PE-EMP-00357-02,EMP-00357,2025-01-31,2025-03-01,164.3,0.0,7629.0,1450.27,6178.73,CA,False,none
PE-EMP-00357-03,EMP-00357,2025-03-02,2025-03-31,140.7,0.0,7629.0,2009.37,5619.63,CA,False,none
PE-EMP-00357-04,EMP-00357,2025-04-01,2025-04-30,142.0,0.0,7629.0,1500.58,6128.42,CA,False,none
PE-EMP-00357-05,EMP-00357,2025-05-01,2025-05-30,154.8,0.0,7629.0,1766.03,5862.97,CA,False,none
PE-EMP-00357-06,EMP-00357,2025-05-31,2025-06-29,151.8,0.0,7629.0,1669.31,5959.69,CA,False,none
PE-EMP-00358-01,EMP-00358,2025-01-01,2025-01-30,159.5,0.0,7727.0,1489.34,6237.66,TX,False,none
PE-EMP-00358-02,EMP-00358,2025-01-31,2025-03-01,148.2,0.0,7727.0,1577.42,6149.58,TX,False,none
PE-EMP-00358-03,EMP-00358,2025-03-02,2025-03-31,163.1,0.0,7727.0,1651.11,6075.89,TX,False,none
PE-EMP-00358-04,EMP-00358,2025-04-01,2025-04-30,157.0,0.0,7727.0,1650.98,6076.02,TX,False,none
PE-EMP-00358-05,EMP-00358,2025-05-01,2025-05-30,160.2,0.0,7727.0,1474.14,6252.86,TX,False,none
PE-EMP-00358-06,EMP-00358,2025-05-31,2025-06-29,165.8,0.0,7727.0,1447.85,6279.15,TX,False,none
PE-EMP-00359-01,EMP-00359,2025-01-01,2025-01-30,165.5,0.0,8959.0,2463.65,6495.35,TX,False,none
PE-EMP-00359-02,EMP-00359,2025-01-31,2025-03-01,160.7,0.0,8959.0,2177.78,6781.22,TX,False,none
PE-EMP-00359-03,EMP-00359,2025-03-02,2025-03-31,161.2,0.0,8959.0,2002.95,6956.05,TX,False,none
PE-EMP-00359-04,EMP-00359,2025-04-01,2025-04-30,160.5,0.0,8959.0,2239.85,6719.15,TX,False,none
PE-EMP-00359-05,EMP-00359,2025-05-01,2025-05-30,156.5,0.0,8959.0,2260.99,6698.01,TX,False,none
PE-EMP-00359-06,EMP-00359,2025-05-31,2025-06-29,154.3,0.0,8959.0,2347.35,6611.65,TX,False,none
PE-EMP-00360-01,EMP-00360,2025-01-01,2025-01-30,140.2,0.0,8950.0,1747.27,7202.73,NY,False,none
PE-EMP-00360-02,EMP-00360,2025-01-31,2025-03-01,158.9,0.0,8950.0,2141.78,6808.22,NY,False,none
PE-EMP-00360-03,EMP-00360,2025-03-02,2025-03-31,149.0,0.0,8950.0,2016.91,6933.09,NY,False,none
PE-EMP-00360-04,EMP-00360,2025-04-01,2025-04-30,160.2,0.0,8950.0,1769.17,7180.83,NY,False,none
PE-EMP-00360-05,EMP-00360,2025-05-01,2025-05-30,161.6,0.0,8950.0,1860.97,7089.03,NY,False,none
PE-EMP-00360-06,EMP-00360,2025-05-31,2025-06-29,153.8,0.0,8950.0,1818.88,7131.12,NY,False,none
PE-EMP-00361-01,EMP-00361,2025-01-01,2025-01-30,154.5,0.0,7571.0,1399.34,6171.66,TX,False,none
PE-EMP-00361-02,EMP-00361,2025-01-31,2025-03-01,154.2,0.0,7571.0,1760.4,5810.6,TX,False,none
PE-EMP-00361-03,EMP-00361,2025-03-02,2025-03-31,148.0,0.0,7571.0,2065.4,5505.6,TX,False,none
PE-EMP-00361-04,EMP-00361,2025-04-01,2025-04-30,161.2,0.0,7571.0,1653.56,5917.44,TX,False,none
PE-EMP-00361-05,EMP-00361,2025-05-01,2025-05-30,141.2,0.0,7571.0,2084.69,5486.31,TX,False,none
PE-EMP-00361-06,EMP-00361,2025-05-31,2025-06-29,164.7,0.0,7571.0,2078.28,5492.72,TX,False,none
PE-EMP-00362-01,EMP-00362,2025-01-01,2025-01-30,147.8,11.0,6842.85,993.28,3459.81,NY,True,rate_violation
PE-EMP-00362-02,EMP-00362,2025-01-31,2025-03-01,149.7,13.2,4537.47,959.39,3578.08,NY,False,none
PE-EMP-00362-03,EMP-00362,2025-03-02,2025-03-31,153.6,2.5,4132.03,862.7,3269.33,NY,False,none
PE-EMP-00362-04,EMP-00362,2025-04-01,2025-04-30,166.3,3.4,4164.99,820.22,3344.77,NY,False,none
PE-EMP-00362-05,EMP-00362,2025-05-01,2025-05-30,143.0,3.9,4185.32,1007.06,3178.26,NY,False,none
PE-EMP-00362-06,EMP-00362,2025-05-31,2025-06-29,142.7,3.5,4169.55,866.69,3302.86,NY,False,none
PE-EMP-00363-01,EMP-00363,2025-01-01,2025-01-30,144.7,8.3,4799.84,1108.14,3691.7,CA,False,none
PE-EMP-00363-02,EMP-00363,2025-01-31,2025-03-01,164.9,9.0,4828.8,888.38,3940.42,CA,False,none
PE-EMP-00363-03,EMP-00363,2025-03-02,2025-03-31,153.7,8.1,4790.92,955.85,3835.07,CA,False,none
PE-EMP-00363-04,EMP-00363,2025-04-01,2025-04-30,147.9,12.3,4969.1,1078.07,3891.03,CA,False,none
PE-EMP-00363-05,EMP-00363,2025-05-01,2025-05-30,152.5,14.2,5047.7,1123.87,3923.83,CA,False,none
PE-EMP-00363-06,EMP-00363,2025-05-31,2025-06-29,165.7,1.9,4533.03,1021.68,3511.35,CA,False,none
PE-EMP-00364-01,EMP-00364,2025-01-01,2025-01-30,165.7,0.0,7546.0,1898.76,5647.24,UK_national,False,none
PE-EMP-00364-02,EMP-00364,2025-01-31,2025-03-01,164.9,0.0,7546.0,1448.79,6097.21,UK_national,False,none
PE-EMP-00364-03,EMP-00364,2025-03-02,2025-03-31,142.4,0.0,7546.0,1730.49,5815.51,UK_national,False,none
PE-EMP-00364-04,EMP-00364,2025-04-01,2025-04-30,147.8,0.0,7546.0,1461.52,6084.48,UK_national,False,none
PE-EMP-00364-05,EMP-00364,2025-05-01,2025-05-30,167.1,0.0,7546.0,1862.89,5683.11,UK_national,False,none
PE-EMP-00364-06,EMP-00364,2025-05-31,2025-06-29,160.8,0.0,7546.0,1964.71,5581.29,UK_national,False,none
PE-EMP-00365-01,EMP-00365,2025-01-01,2025-01-30,142.1,0.0,7985.0,1614.92,6370.08,UK_national,False,none
PE-EMP-00365-02,EMP-00365,2025-01-31,2025-03-01,149.4,0.0,7985.0,1562.45,6422.55,UK_national,False,none
PE-EMP-00365-03,EMP-00365,2025-03-02,2025-03-31,160.6,0.0,7985.0,1799.39,6185.61,UK_national,False,none
PE-EMP-00365-04,EMP-00365,2025-04-01,2025-04-30,142.1,0.0,7985.0,1973.96,6011.04,UK_national,False,none
PE-EMP-00365-05,EMP-00365,2025-05-01,2025-05-30,165.0,0.0,7985.0,1986.62,5998.38,UK_national,False,none
PE-EMP-00365-06,EMP-00365,2025-05-31,2025-06-29,142.8,0.0,7985.0,1467.93,6517.07,UK_national,False,none
PE-EMP-00366-01,EMP-00366,2025-01-01,2025-01-30,145.3,10.6,7647.92,1775.31,5872.61,federal,False,none
PE-EMP-00366-02,EMP-00366,2025-01-31,2025-03-01,157.5,8.4,7504.15,1979.32,5524.83,federal,False,none
PE-EMP-00366-03,EMP-00366,2025-03-02,2025-03-31,146.9,14.2,7886.75,1914.34,5972.41,federal,False,none
PE-EMP-00366-04,EMP-00366,2025-04-01,2025-04-30,146.2,8.8,7531.72,2012.56,5519.16,federal,False,none
PE-EMP-00366-05,EMP-00366,2025-05-01,2025-05-30,153.6,2.9,7149.47,1623.01,5526.46,federal,False,none
PE-EMP-00366-06,EMP-00366,2025-05-31,2025-06-29,143.7,2.8,7141.08,1640.11,5500.97,federal,False,none
PE-EMP-00367-01,EMP-00367,2025-01-01,2025-01-30,142.5,0.0,8457.0,2059.09,6397.91,FL,False,none
PE-EMP-00367-02,EMP-00367,2025-01-31,2025-03-01,160.3,0.0,8457.0,1958.9,6498.1,FL,False,none
PE-EMP-00367-03,EMP-00367,2025-03-02,2025-03-31,152.2,0.0,8457.0,1703.4,6753.6,FL,False,none
PE-EMP-00367-04,EMP-00367,2025-04-01,2025-04-30,157.1,0.0,8457.0,1937.24,6519.76,FL,False,none
PE-EMP-00367-05,EMP-00367,2025-05-01,2025-05-30,141.1,0.0,8457.0,2122.7,6334.3,FL,False,none
PE-EMP-00367-06,EMP-00367,2025-05-31,2025-06-29,157.2,0.0,8457.0,2104.09,6352.91,FL,False,none
PE-EMP-00368-01,EMP-00368,2025-01-01,2025-01-30,146.6,0.0,7369.0,1791.42,5577.58,WA,False,none
PE-EMP-00368-02,EMP-00368,2025-01-31,2025-03-01,154.9,0.0,7369.0,1583.38,5785.62,WA,False,none
PE-EMP-00368-03,EMP-00368,2025-03-02,2025-03-31,164.6,0.0,7369.0,2029.67,5339.33,WA,False,none
PE-EMP-00368-04,EMP-00368,2025-04-01,2025-04-30,164.5,0.0,7369.0,1945.93,5423.07,WA,False,none
PE-EMP-00368-05,EMP-00368,2025-05-01,2025-05-30,153.7,0.0,7369.0,1818.65,5550.35,WA,False,none
PE-EMP-00368-06,EMP-00368,2025-05-31,2025-06-29,156.7,0.0,7369.0,1790.69,5578.31,WA,False,none
PE-EMP-00369-01,EMP-00369,2025-01-01,2025-01-30,146.1,8.2,6796.5,1424.15,5372.35,DE_national,False,none
PE-EMP-00369-02,EMP-00369,2025-01-31,2025-03-01,161.4,14.4,7168.98,1933.34,5235.64,DE_national,False,none
PE-EMP-00369-03,EMP-00369,2025-03-02,2025-03-31,146.9,6.3,6686.56,1502.59,5183.97,DE_national,False,none
PE-EMP-00369-04,EMP-00369,2025-04-01,2025-04-30,166.8,6.4,6691.24,1322.32,5368.92,DE_national,False,none
PE-EMP-00369-05,EMP-00369,2025-05-01,2025-05-30,151.1,9.9,6900.56,1481.95,5418.61,DE_national,False,none
PE-EMP-00369-06,EMP-00369,2025-05-31,2025-06-29,163.5,1.9,6427.7,1724.02,4703.68,DE_national,False,none
PE-EMP-00370-01,EMP-00370,2025-01-01,2025-01-30,159.2,13.0,4571.24,1097.58,3473.66,WA,False,none
PE-EMP-00370-02,EMP-00370,2025-01-31,2025-03-01,146.0,0.4,4092.6,846.32,3246.28,WA,False,none
PE-EMP-00370-03,EMP-00370,2025-03-02,2025-03-31,155.7,12.8,4563.78,1008.14,3555.64,WA,False,none
PE-EMP-00370-04,EMP-00370,2025-04-01,2025-04-30,151.5,4.8,4261.25,1054.65,3206.6,WA,False,none
PE-EMP-00370-05,EMP-00370,2025-05-01,2025-05-30,147.3,12.1,4539.73,1010.18,3529.55,WA,False,none
PE-EMP-00370-06,EMP-00370,2025-05-31,2025-06-29,146.1,0.8,4107.32,938.73,3168.59,WA,False,none
PE-EMP-00371-01,EMP-00371,2025-01-01,2025-01-30,152.5,9.5,6706.81,1237.83,5468.98,DE_national,False,none
PE-EMP-00371-02,EMP-00371,2025-01-31,2025-03-01,155.0,3.3,6347.59,1698.38,4649.21,DE_national,False,none
PE-EMP-00371-03,EMP-00371,2025-03-02,2025-03-31,167.1,11.7,6830.85,1304.91,5525.94,DE_national,False,none
PE-EMP-00371-04,EMP-00371,2025-04-01,2025-04-30,155.1,9.2,6684.72,1289.63,5395.09,DE_national,False,none
PE-EMP-00371-05,EMP-00371,2025-05-01,2025-05-30,150.6,14.3,6978.64,1270.89,5707.75,DE_national,False,none
PE-EMP-00371-06,EMP-00371,2025-05-31,2025-06-29,149.9,11.7,6831.61,1457.38,5374.23,DE_national,False,none
PE-EMP-00372-01,EMP-00372,2025-01-01,2025-01-30,141.8,0.0,8075.0,2072.06,6002.94,DE_national,False,none
PE-EMP-00372-02,EMP-00372,2025-01-31,2025-03-01,145.9,0.0,8075.0,1493.24,6581.76,DE_national,False,none
PE-EMP-00372-03,EMP-00372,2025-03-02,2025-03-31,167.6,0.0,8075.0,1885.89,6189.11,DE_national,False,none
PE-EMP-00372-04,EMP-00372,2025-04-01,2025-04-30,151.1,0.0,8075.0,2130.31,5944.69,DE_national,False,none
PE-EMP-00372-05,EMP-00372,2025-05-01,2025-05-30,148.1,0.0,8075.0,2033.14,6041.86,DE_national,False,none
PE-EMP-00372-06,EMP-00372,2025-05-31,2025-06-29,150.5,0.0,8075.0,1583.83,6491.17,DE_national,False,none
PE-EMP-00373-01,EMP-00373,2025-01-01,2025-01-30,147.0,6.2,6920.19,1628.29,5291.9,DE_national,False,none
PE-EMP-00373-02,EMP-00373,2025-01-31,2025-03-01,161.1,0.2,6552.55,1733.47,4819.08,DE_national,False,none
PE-EMP-00373-03,EMP-00373,2025-03-02,2025-03-31,162.2,7.9,7024.27,1616.64,5407.63,DE_national,False,none
PE-EMP-00373-04,EMP-00373,2025-04-01,2025-04-30,140.7,0.6,6578.89,1370.44,5208.45,DE_national,False,none
PE-EMP-00373-05,EMP-00373,2025-05-01,2025-05-30,140.9,9.5,7120.83,1771.71,5349.12,DE_national,False,none
PE-EMP-00373-06,EMP-00373,2025-05-31,2025-06-29,150.6,11.2,7229.69,1889.11,5340.58,DE_national,False,none
PE-EMP-00374-01,EMP-00374,2025-01-01,2025-01-30,162.9,0.0,8586.0,1889.56,6696.44,FL,False,none
PE-EMP-00374-02,EMP-00374,2025-01-31,2025-03-01,164.1,0.0,8586.0,2298.15,6287.85,FL,False,none
PE-EMP-00374-03,EMP-00374,2025-03-02,2025-03-31,154.1,0.0,8586.0,1611.19,6974.81,FL,False,none
PE-EMP-00374-04,EMP-00374,2025-04-01,2025-04-30,160.5,0.0,8586.0,2149.5,6436.5,FL,False,none
PE-EMP-00374-05,EMP-00374,2025-05-01,2025-05-30,160.8,0.0,8586.0,1562.78,7023.22,FL,False,none
PE-EMP-00374-06,EMP-00374,2025-05-31,2025-06-29,165.7,0.0,8586.0,2010.58,6575.42,FL,False,none
PE-EMP-00375-01,EMP-00375,2025-01-01,2025-01-30,151.0,1.4,6201.23,1480.98,4720.25,DE_national,False,none
PE-EMP-00375-02,EMP-00375,2025-01-31,2025-03-01,162.0,12.5,6834.47,1817.49,5016.98,DE_national,False,none
PE-EMP-00375-03,EMP-00375,2025-03-02,2025-03-31,148.5,6.4,6484.84,1649.41,4835.43,DE_national,False,none
PE-EMP-00375-04,EMP-00375,2025-04-01,2025-04-30,167.1,6.9,6513.88,1237.43,5276.45,DE_national,False,none
PE-EMP-00375-05,EMP-00375,2025-05-01,2025-05-30,152.0,8.6,6614.81,1439.77,5175.04,DE_national,False,none
PE-EMP-00375-06,EMP-00375,2025-05-31,2025-06-29,147.8,3.3,6310.25,1392.25,4918.0,DE_national,False,none
PE-EMP-00376-01,EMP-00376,2025-01-01,2025-01-30,159.7,0.0,8128.0,1694.22,6433.78,DE_national,False,none
PE-EMP-00376-02,EMP-00376,2025-01-31,2025-03-01,150.7,0.0,8128.0,1874.8,6253.2,DE_national,False,none
PE-EMP-00376-03,EMP-00376,2025-03-02,2025-03-31,160.4,0.0,8128.0,2270.28,5857.72,DE_national,False,none
PE-EMP-00376-04,EMP-00376,2025-04-01,2025-04-30,161.4,0.0,8128.0,2236.38,5891.62,DE_national,False,none
PE-EMP-00376-05,EMP-00376,2025-05-01,2025-05-30,152.7,0.0,8128.0,2043.85,6084.15,DE_national,False,none
PE-EMP-00376-06,EMP-00376,2025-05-31,2025-06-29,140.7,0.0,8128.0,1932.74,6195.26,DE_national,False,none
PE-EMP-00377-01,EMP-00377,2025-01-01,2025-01-30,153.4,11.6,4740.84,1065.31,3675.53,DE_national,False,none
PE-EMP-00377-02,EMP-00377,2025-01-31,2025-03-01,144.0,1.6,4342.53,916.54,3425.99,DE_national,False,none
PE-EMP-00377-03,EMP-00377,2025-03-02,2025-03-31,155.7,9.4,4655.86,876.99,3778.87,DE_national,False,none
PE-EMP-00377-04,EMP-00377,2025-04-01,2025-04-30,156.6,3.1,4401.91,1207.04,3194.87,DE_national,False,none
PE-EMP-00377-05,EMP-00377,2025-05-01,2025-05-30,163.5,1.3,4327.46,953.42,3374.04,DE_national,False,none
PE-EMP-00377-06,EMP-00377,2025-05-31,2025-06-29,161.3,7.9,4591.8,1212.07,3379.73,DE_national,True,rule_override
PE-EMP-00378-01,EMP-00378,2025-01-01,2025-01-30,153.8,0.0,7705.0,1432.31,6272.69,CA,False,none
PE-EMP-00378-02,EMP-00378,2025-01-31,2025-03-01,160.7,0.0,7705.0,1704.24,6000.76,CA,False,none
PE-EMP-00378-03,EMP-00378,2025-03-02,2025-03-31,141.0,0.0,7705.0,2029.75,5675.25,CA,False,none
PE-EMP-00378-04,EMP-00378,2025-04-01,2025-04-30,156.8,0.0,7705.0,1917.77,5787.23,CA,False,none
PE-EMP-00378-05,EMP-00378,2025-05-01,2025-05-30,147.5,0.0,7705.0,2058.34,5646.66,CA,False,none
PE-EMP-00378-06,EMP-00378,2025-05-31,2025-06-29,155.7,0.0,7705.0,1548.11,6156.89,CA,False,none
PE-EMP-00379-01,EMP-00379,2025-01-01,2025-01-30,154.0,0.0,8433.0,1930.08,6502.92,CA,False,none
PE-EMP-00379-02,EMP-00379,2025-01-31,2025-03-01,146.6,0.0,8433.0,2327.07,6105.93,CA,False,none
PE-EMP-00379-03,EMP-00379,2025-03-02,2025-03-31,153.5,0.0,8433.0,1907.02,6525.98,CA,False,none
PE-EMP-00379-04,EMP-00379,2025-04-01,2025-04-30,160.7,0.0,8433.0,1985.81,6447.19,CA,False,none
PE-EMP-00379-05,EMP-00379,2025-05-01,2025-05-30,165.8,0.0,8433.0,2136.14,6296.86,CA,False,none
PE-EMP-00379-06,EMP-00379,2025-05-31,2025-06-29,142.2,0.0,8433.0,1876.93,6556.07,CA,False,none
PE-EMP-00380-01,EMP-00380,2025-01-01,2025-01-30,140.4,0.0,8032.0,1547.99,6484.01,DE_national,False,none
PE-EMP-00380-02,EMP-00380,2025-01-31,2025-03-01,143.4,0.0,8032.0,1863.38,6168.62,DE_national,False,none
PE-EMP-00380-03,EMP-00380,2025-03-02,2025-03-31,164.4,0.0,8032.0,1604.29,6427.71,DE_national,False,none
PE-EMP-00380-04,EMP-00380,2025-04-01,2025-04-30,164.8,0.0,8032.0,1537.06,6494.94,DE_national,False,none
PE-EMP-00380-05,EMP-00380,2025-05-01,2025-05-30,157.5,0.0,8032.0,1843.49,6188.51,DE_national,False,none
PE-EMP-00380-06,EMP-00380,2025-05-31,2025-06-29,143.9,0.0,8032.0,1867.11,6164.89,DE_national,False,none
PE-EMP-00381-01,EMP-00381,2025-01-01,2025-01-30,140.3,13.1,4584.95,1017.01,3567.94,UK_national,False,none
PE-EMP-00381-02,EMP-00381,2025-01-31,2025-03-01,160.2,1.8,4150.51,1160.38,2990.13,UK_national,False,none
PE-EMP-00381-03,EMP-00381,2025-03-02,2025-03-31,149.0,13.2,4588.4,950.31,3638.09,UK_national,False,none
PE-EMP-00381-04,EMP-00381,2025-04-01,2025-04-30,144.6,13.3,4593.75,1085.88,3507.87,UK_national,False,none
PE-EMP-00381-05,EMP-00381,2025-05-01,2025-05-30,162.5,4.4,4249.62,1056.04,3193.58,UK_national,False,none
PE-EMP-00381-06,EMP-00381,2025-05-31,2025-06-29,156.9,14.3,4629.61,1005.21,3624.4,UK_national,False,none
PE-EMP-00382-01,EMP-00382,2025-01-01,2025-01-30,149.2,7.1,4691.05,943.19,3747.86,NY,False,none
PE-EMP-00382-02,EMP-00382,2025-01-31,2025-03-01,166.0,11.2,4860.96,1359.22,3501.74,NY,False,none
PE-EMP-00382-03,EMP-00382,2025-03-02,2025-03-31,153.3,2.5,4500.6,1131.94,3368.66,NY,False,none
PE-EMP-00382-04,EMP-00382,2025-04-01,2025-04-30,153.2,4.8,4595.52,909.56,3685.96,NY,False,none
PE-EMP-00382-05,EMP-00382,2025-05-01,2025-05-30,159.6,14.9,5013.47,905.23,4108.24,NY,False,none
PE-EMP-00382-06,EMP-00382,2025-05-31,2025-06-29,152.8,3.0,4522.27,856.45,3665.82,NY,False,none
PE-EMP-00383-01,EMP-00383,2025-01-01,2025-01-30,156.6,1.4,6637.24,1609.51,5027.73,TX,False,none
PE-EMP-00383-02,EMP-00383,2025-01-31,2025-03-01,164.7,1.0,6611.5,1610.79,5000.71,TX,False,none
PE-EMP-00383-03,EMP-00383,2025-03-02,2025-03-31,145.4,5.2,6867.74,1245.9,5621.84,TX,False,none
PE-EMP-00383-04,EMP-00383,2025-04-01,2025-04-30,151.9,4.3,6811.76,1847.02,4964.74,TX,False,none
PE-EMP-00383-05,EMP-00383,2025-05-01,2025-05-30,161.5,10.9,7221.77,1565.16,5656.61,TX,False,none
PE-EMP-00383-06,EMP-00383,2025-05-31,2025-06-29,158.0,14.0,7410.59,1749.72,5660.87,TX,False,none
PE-EMP-00384-01,EMP-00384,2025-01-01,2025-01-30,156.6,0.0,8074.0,1616.89,6457.11,CA,False,none
PE-EMP-00384-02,EMP-00384,2025-01-31,2025-03-01,146.1,0.0,8074.0,1536.46,6537.54,CA,False,none
PE-EMP-00384-03,EMP-00384,2025-03-02,2025-03-31,155.8,0.0,8074.0,1597.3,6476.7,CA,False,none
PE-EMP-00384-04,EMP-00384,2025-04-01,2025-04-30,154.6,0.0,8074.0,1555.62,6518.38,CA,False,none
PE-EMP-00384-05,EMP-00384,2025-05-01,2025-05-30,150.7,0.0,8074.0,1973.96,6100.04,CA,False,none
PE-EMP-00384-06,EMP-00384,2025-05-31,2025-06-29,163.9,0.0,8074.0,1918.1,6155.9,CA,False,none
PE-EMP-00385-01,EMP-00385,2025-01-01,2025-01-30,167.1,0.0,7543.0,1813.92,5729.08,UK_national,False,none
PE-EMP-00385-02,EMP-00385,2025-01-31,2025-03-01,157.2,0.0,7543.0,1913.86,5629.14,UK_national,False,none
PE-EMP-00385-03,EMP-00385,2025-03-02,2025-03-31,145.9,0.0,7543.0,2043.57,5499.43,UK_national,False,none
PE-EMP-00385-04,EMP-00385,2025-04-01,2025-04-30,146.5,0.0,7543.0,1359.75,6183.25,UK_national,False,none
PE-EMP-00385-05,EMP-00385,2025-05-01,2025-05-30,166.0,0.0,7543.0,1521.0,6022.0,UK_national,False,none
PE-EMP-00385-06,EMP-00385,2025-05-31,2025-06-29,144.0,0.0,7543.0,1821.58,5721.42,UK_national,False,none
PE-EMP-00386-01,EMP-00386,2025-01-01,2025-01-30,142.2,7.1,6702.03,1206.53,5495.5,TX,False,none
PE-EMP-00386-02,EMP-00386,2025-01-31,2025-03-01,162.6,14.5,7138.76,1382.76,5756.0,TX,False,none
PE-EMP-00386-03,EMP-00386,2025-03-02,2025-03-31,148.5,6.4,6657.81,1512.45,5145.36,TX,False,none
PE-EMP-00386-04,EMP-00386,2025-04-01,2025-04-30,151.0,11.4,6953.4,1419.03,5534.37,TX,False,none
PE-EMP-00386-05,EMP-00386,2025-05-01,2025-05-30,149.9,11.6,6965.69,1745.77,5219.92,TX,False,none
PE-EMP-00386-06,EMP-00386,2025-05-31,2025-06-29,142.2,12.6,7022.87,1486.72,5536.15,TX,False,none
PE-EMP-00387-01,EMP-00387,2025-01-01,2025-01-30,146.0,0.0,8246.0,1983.48,6262.52,CA,False,none
PE-EMP-00387-02,EMP-00387,2025-01-31,2025-03-01,157.7,0.0,8246.0,1621.26,6624.74,CA,False,none
PE-EMP-00387-03,EMP-00387,2025-03-02,2025-03-31,144.0,0.0,8246.0,1713.3,6532.7,CA,False,none
PE-EMP-00387-04,EMP-00387,2025-04-01,2025-04-30,152.4,0.0,8246.0,1844.83,6401.17,CA,False,none
PE-EMP-00387-05,EMP-00387,2025-05-01,2025-05-30,147.0,0.0,8246.0,2057.46,6188.54,CA,False,none
PE-EMP-00387-06,EMP-00387,2025-05-31,2025-06-29,165.2,0.0,8246.0,1583.43,6662.57,CA,False,none
PE-EMP-00388-01,EMP-00388,2025-01-01,2025-01-30,145.0,0.0,8612.0,2111.74,6500.26,DE_national,False,none
PE-EMP-00388-02,EMP-00388,2025-01-31,2025-03-01,164.0,0.0,8612.0,2296.08,6315.92,DE_national,False,none
PE-EMP-00388-03,EMP-00388,2025-03-02,2025-03-31,149.7,0.0,8612.0,2213.93,6398.07,DE_national,False,none
PE-EMP-00388-04,EMP-00388,2025-04-01,2025-04-30,157.3,0.0,8612.0,1915.38,6696.62,DE_national,False,none
PE-EMP-00388-05,EMP-00388,2025-05-01,2025-05-30,165.8,0.0,8612.0,2304.83,6307.17,DE_national,False,none
PE-EMP-00388-06,EMP-00388,2025-05-31,2025-06-29,150.5,0.0,8612.0,1714.64,6897.36,DE_national,False,none
PE-EMP-00389-01,EMP-00389,2025-01-01,2025-01-30,145.5,14.0,7057.75,1972.95,5084.8,DE_national,False,none
PE-EMP-00389-02,EMP-00389,2025-01-31,2025-03-01,156.4,5.4,6555.72,1307.79,5247.93,DE_national,False,none
PE-EMP-00389-03,EMP-00389,2025-03-02,2025-03-31,165.6,4.9,6527.17,1769.54,4757.63,DE_national,False,none
PE-EMP-00389-04,EMP-00389,2025-04-01,2025-04-30,147.6,7.5,6680.13,1211.1,5469.03,DE_national,False,none
PE-EMP-00389-05,EMP-00389,2025-05-01,2025-05-30,151.2,9.7,6806.84,1662.01,5144.83,DE_national,False,none
PE-EMP-00389-06,EMP-00389,2025-05-31,2025-06-29,147.7,14.9,7112.62,1781.19,5331.43,DE_national,False,none
PE-EMP-00390-01,EMP-00390,2025-01-01,2025-01-30,140.9,0.9,6289.21,1491.91,4797.3,WA,False,none
PE-EMP-00390-02,EMP-00390,2025-01-31,2025-03-01,157.0,10.8,6868.97,1559.81,5309.16,WA,False,none
PE-EMP-00390-03,EMP-00390,2025-03-02,2025-03-31,161.0,6.8,6637.74,1310.14,5327.6,WA,False,none
PE-EMP-00390-04,EMP-00390,2025-04-01,2025-04-30,142.9,9.7,6807.13,1596.67,5210.46,WA,False,none
PE-EMP-00390-05,EMP-00390,2025-05-01,2025-05-30,160.0,5.5,6563.21,1583.65,4979.56,WA,False,none
PE-EMP-00390-06,EMP-00390,2025-05-31,2025-06-29,163.8,10.6,6858.1,1355.78,5502.32,WA,False,none
PE-EMP-00391-01,EMP-00391,2025-01-01,2025-01-30,163.4,0.0,7597.0,1430.38,6166.62,WA,False,none
PE-EMP-00391-02,EMP-00391,2025-01-31,2025-03-01,152.4,0.0,7597.0,1458.19,6138.81,WA,False,none
PE-EMP-00391-03,EMP-00391,2025-03-02,2025-03-31,148.8,0.0,7597.0,1907.3,5689.7,WA,False,none
PE-EMP-00391-04,EMP-00391,2025-04-01,2025-04-30,147.8,0.0,7597.0,2019.2,5577.8,WA,False,none
PE-EMP-00391-05,EMP-00391,2025-05-01,2025-05-30,158.3,0.0,7597.0,2015.16,5581.84,WA,False,none
PE-EMP-00391-06,EMP-00391,2025-05-31,2025-06-29,149.3,0.0,7597.0,1927.7,5669.3,WA,False,none
PE-EMP-00392-01,EMP-00392,2025-01-01,2025-01-30,165.2,0.0,7581.0,1874.02,5706.98,WA,False,none
PE-EMP-00392-02,EMP-00392,2025-01-31,2025-03-01,144.7,0.0,7581.0,2045.15,5535.85,WA,False,none
PE-EMP-00392-03,EMP-00392,2025-03-02,2025-03-31,160.2,0.0,7581.0,2112.27,5468.73,WA,False,none
PE-EMP-00392-04,EMP-00392,2025-04-01,2025-04-30,140.4,0.0,7581.0,1642.24,5938.76,WA,False,none
PE-EMP-00392-05,EMP-00392,2025-05-01,2025-05-30,151.7,0.0,7581.0,1868.33,5712.67,WA,False,none
PE-EMP-00392-06,EMP-00392,2025-05-31,2025-06-29,141.7,0.0,7581.0,1870.78,5710.22,WA,False,none
PE-EMP-00393-01,EMP-00393,2025-01-01,2025-01-30,161.3,0.0,7348.0,1464.41,5883.59,DE_national,False,none
PE-EMP-00393-02,EMP-00393,2025-01-31,2025-03-01,147.5,0.0,7348.0,1431.03,5916.97,DE_national,False,none
PE-EMP-00393-03,EMP-00393,2025-03-02,2025-03-31,141.2,0.0,7348.0,1449.46,5898.54,DE_national,False,none
PE-EMP-00393-04,EMP-00393,2025-04-01,2025-04-30,159.3,0.0,7348.0,1769.79,5578.21,DE_national,False,none
PE-EMP-00393-05,EMP-00393,2025-05-01,2025-05-30,157.8,0.0,7348.0,1623.36,5724.64,DE_national,False,none
PE-EMP-00393-06,EMP-00393,2025-05-31,2025-06-29,166.4,0.0,7348.0,1941.43,5406.57,DE_national,False,none
PE-EMP-00394-01,EMP-00394,2025-01-01,2025-01-30,143.3,4.7,4020.55,949.07,3071.48,UK_national,False,none
PE-EMP-00394-02,EMP-00394,2025-01-31,2025-03-01,142.4,7.0,4104.56,1082.01,3022.55,UK_national,False,none
PE-EMP-00394-03,EMP-00394,2025-03-02,2025-03-31,165.7,14.0,4355.92,822.47,3533.45,UK_national,False,none
PE-EMP-00394-04,EMP-00394,2025-04-01,2025-04-30,148.9,2.7,3950.86,745.3,3205.56,UK_national,False,none
PE-EMP-00394-05,EMP-00394,2025-05-01,2025-05-30,144.7,9.4,4191.43,762.89,3428.54,UK_national,False,none
PE-EMP-00394-06,EMP-00394,2025-05-31,2025-06-29,152.9,0.2,3857.65,940.47,2917.18,UK_national,False,none
PE-EMP-00395-01,EMP-00395,2025-01-01,2025-01-30,148.6,13.2,5132.61,1408.0,3724.61,FL,False,none
PE-EMP-00395-02,EMP-00395,2025-01-31,2025-03-01,164.2,10.2,5006.48,1373.11,3633.37,FL,False,none
PE-EMP-00395-03,EMP-00395,2025-03-02,2025-03-31,148.7,11.2,5049.22,1281.55,3767.67,FL,False,none
PE-EMP-00395-04,EMP-00395,2025-04-01,2025-04-30,147.8,5.7,4812.71,1004.45,3808.26,FL,False,none
PE-EMP-00395-05,EMP-00395,2025-05-01,2025-05-30,163.4,8.5,4932.05,1091.95,3840.1,FL,False,none
PE-EMP-00395-06,EMP-00395,2025-05-31,2025-06-29,167.4,4.1,4744.28,948.49,3795.79,FL,False,none
PE-EMP-00396-01,EMP-00396,2025-01-01,2025-01-30,152.3,0.0,7275.0,1498.18,5776.82,CA,False,none
PE-EMP-00396-02,EMP-00396,2025-01-31,2025-03-01,149.9,0.0,7275.0,1376.73,5898.27,CA,False,none
PE-EMP-00396-03,EMP-00396,2025-03-02,2025-03-31,161.6,0.0,7275.0,1574.03,5700.97,CA,False,none
PE-EMP-00396-04,EMP-00396,2025-04-01,2025-04-30,163.2,0.0,7275.0,1690.01,5584.99,CA,False,none
PE-EMP-00396-05,EMP-00396,2025-05-01,2025-05-30,144.8,0.0,7275.0,1809.32,5465.68,CA,False,none
PE-EMP-00396-06,EMP-00396,2025-05-31,2025-06-29,156.4,0.0,7275.0,2000.38,5274.62,CA,False,none
PE-EMP-00397-01,EMP-00397,2025-01-01,2025-01-30,167.8,2.3,4047.73,958.79,3088.94,FL,False,none
PE-EMP-00397-02,EMP-00397,2025-01-31,2025-03-01,159.1,6.5,4202.66,1027.97,3174.69,FL,False,none
PE-EMP-00397-03,EMP-00397,2025-03-02,2025-03-31,167.1,4.3,4121.8,882.96,3238.84,FL,False,none
PE-EMP-00397-04,EMP-00397,2025-04-01,2025-04-30,147.5,8.3,4268.26,1085.47,3182.79,FL,False,none
PE-EMP-00397-05,EMP-00397,2025-05-01,2025-05-30,146.1,7.7,4246.9,853.93,3392.97,FL,False,none
PE-EMP-00397-06,EMP-00397,2025-05-31,2025-06-29,154.5,3.9,4106.3,1117.7,2988.6,FL,False,none
PE-EMP-00398-01,EMP-00398,2025-01-01,2025-01-30,153.3,0.0,6794.0,1651.7,5142.3,federal,False,none
PE-EMP-00398-02,EMP-00398,2025-01-31,2025-03-01,149.0,0.0,6794.0,1540.37,5253.63,federal,False,none
PE-EMP-00398-03,EMP-00398,2025-03-02,2025-03-31,158.4,0.0,6794.0,1605.94,5188.06,federal,False,none
PE-EMP-00398-04,EMP-00398,2025-04-01,2025-04-30,149.0,0.0,6794.0,1835.25,4958.75,federal,False,none
PE-EMP-00398-05,EMP-00398,2025-05-01,2025-05-30,150.0,0.0,6794.0,1293.99,5500.01,federal,False,none
PE-EMP-00398-06,EMP-00398,2025-05-31,2025-06-29,144.4,0.0,6794.0,1835.08,4958.92,federal,False,none
PE-EMP-00399-01,EMP-00399,2025-01-01,2025-01-30,165.3,7.1,7136.27,1524.79,5611.48,UK_national,False,none
PE-EMP-00399-02,EMP-00399,2025-01-31,2025-03-01,144.6,2.8,6865.0,1481.47,5383.53,UK_national,False,none
PE-EMP-00399-03,EMP-00399,2025-03-02,2025-03-31,152.3,8.2,7203.32,1838.32,5365.0,UK_national,False,none
PE-EMP-00399-04,EMP-00399,2025-04-01,2025-04-30,159.4,9.2,7269.01,1739.89,5529.12,UK_national,False,none
PE-EMP-00399-05,EMP-00399,2025-05-01,2025-05-30,146.8,11.0,7376.57,1677.12,5699.45,UK_national,False,none
PE-EMP-00399-06,EMP-00399,2025-05-31,2025-06-29,153.5,10.9,7369.43,1769.36,5600.07,UK_national,False,none
PE-EMP-00400-01,EMP-00400,2025-01-01,2025-01-30,141.1,0.0,8123.0,1788.0,6335.0,FL,False,none
PE-EMP-00400-02,EMP-00400,2025-01-31,2025-03-01,146.6,0.0,8123.0,2216.76,5906.24,FL,False,none
PE-EMP-00400-03,EMP-00400,2025-03-02,2025-03-31,166.0,0.0,8123.0,2221.44,5901.56,FL,False,none
PE-EMP-00400-04,EMP-00400,2025-04-01,2025-04-30,151.9,0.0,8123.0,1549.75,6573.25,FL,False,none
PE-EMP-00400-05,EMP-00400,2025-05-01,2025-05-30,156.2,0.0,8123.0,1680.94,6442.06,FL,False,none
PE-EMP-00400-06,EMP-00400,2025-05-31,2025-06-29,144.6,0.0,8123.0,1943.9,6179.1,FL,False,none
PE-EMP-00401-01,EMP-00401,2025-01-01,2025-01-30,148.4,0.0,8190.0,1610.47,6579.53,FL,False,none
PE-EMP-00401-02,EMP-00401,2025-01-31,2025-03-01,159.5,0.0,8190.0,1963.02,6226.98,FL,False,none
PE-EMP-00401-03,EMP-00401,2025-03-02,2025-03-31,166.6,0.0,8190.0,1903.43,6286.57,FL,False,none
PE-EMP-00401-04,EMP-00401,2025-04-01,2025-04-30,143.9,0.0,8190.0,1939.38,6250.62,FL,False,none
PE-EMP-00401-05,EMP-00401,2025-05-01,2025-05-30,162.1,0.0,8190.0,2017.53,6172.47,FL,False,none
PE-EMP-00401-06,EMP-00401,2025-05-31,2025-06-29,142.5,0.0,8190.0,1518.26,6671.74,FL,False,none
PE-EMP-00402-01,EMP-00402,2025-01-01,2025-01-30,144.0,0.0,7685.0,1992.62,5692.38,FL,False,none
PE-EMP-00402-02,EMP-00402,2025-01-31,2025-03-01,151.1,0.0,7685.0,1649.28,6035.72,FL,False,none
PE-EMP-00402-03,EMP-00402,2025-03-02,2025-03-31,158.4,0.0,7685.0,1737.26,5947.74,FL,False,none
PE-EMP-00402-04,EMP-00402,2025-04-01,2025-04-30,144.8,0.0,7685.0,1537.31,6147.69,FL,False,none
PE-EMP-00402-05,EMP-00402,2025-05-01,2025-05-30,145.2,0.0,7685.0,1619.63,6065.37,FL,False,none
PE-EMP-00402-06,EMP-00402,2025-05-31,2025-06-29,152.2,0.0,7685.0,2042.49,5642.51,FL,False,none
PE-EMP-00403-01,EMP-00403,2025-01-01,2025-01-30,155.5,10.9,5109.19,998.41,4110.78,UK_national,False,none
PE-EMP-00403-02,EMP-00403,2025-01-31,2025-03-01,144.5,11.6,5142.76,928.24,4214.52,UK_national,False,none
PE-EMP-00403-03,EMP-00403,2025-03-02,2025-03-31,151.0,1.5,4702.15,1104.92,3597.23,UK_national,False,none
PE-EMP-00403-04,EMP-00403,2025-04-01,2025-04-30,150.5,3.2,4775.56,1085.15,3690.41,UK_national,False,none
PE-EMP-00403-05,EMP-00403,2025-05-01,2025-05-30,165.7,7.0,4939.23,1008.96,3930.27,UK_national,False,none
PE-EMP-00403-06,EMP-00403,2025-05-31,2025-06-29,166.2,5.8,4889.73,1035.82,3853.91,UK_national,False,none
PE-EMP-00404-01,EMP-00404,2025-01-01,2025-01-30,149.2,0.0,7777.0,1710.85,6066.15,UK_national,False,none
PE-EMP-00404-02,EMP-00404,2025-01-31,2025-03-01,158.9,0.0,7777.0,1620.1,6156.9,UK_national,False,none
PE-EMP-00404-03,EMP-00404,2025-03-02,2025-03-31,156.7,0.0,7777.0,2078.55,5698.45,UK_national,False,none
PE-EMP-00404-04,EMP-00404,2025-04-01,2025-04-30,149.7,0.0,7777.0,1815.24,5961.76,UK_national,False,none
PE-EMP-00404-05,EMP-00404,2025-05-01,2025-05-30,167.2,0.0,7777.0,1920.82,5856.18,UK_national,False,none
PE-EMP-00404-06,EMP-00404,2025-05-31,2025-06-29,164.8,0.0,7777.0,1420.78,6356.22,UK_national,False,none
PE-EMP-00405-01,EMP-00405,2025-01-01,2025-01-30,146.6,0.0,7225.0,1429.22,5795.78,federal,False,none
PE-EMP-00405-02,EMP-00405,2025-01-31,2025-03-01,154.0,0.0,7225.0,1562.25,5662.75,federal,False,none
PE-EMP-00405-03,EMP-00405,2025-03-02,2025-03-31,156.8,0.0,7225.0,1301.65,5923.35,federal,False,none
PE-EMP-00405-04,EMP-00405,2025-04-01,2025-04-30,142.2,0.0,7225.0,1588.19,5636.81,federal,False,none
PE-EMP-00405-05,EMP-00405,2025-05-01,2025-05-30,154.0,0.0,7225.0,1466.73,5758.27,federal,False,none
PE-EMP-00405-06,EMP-00405,2025-05-31,2025-06-29,148.5,0.0,7225.0,1332.47,5892.53,federal,False,none
PE-EMP-00406-01,EMP-00406,2025-01-01,2025-01-30,145.0,1.4,4696.53,1025.75,3670.78,federal,False,none
PE-EMP-00406-02,EMP-00406,2025-01-31,2025-03-01,158.9,2.3,4734.28,999.45,3734.83,federal,False,none
PE-EMP-00406-03,EMP-00406,2025-03-02,2025-03-31,166.7,7.2,4949.36,1020.07,3929.29,federal,False,none
PE-EMP-00406-04,EMP-00406,2025-04-01,2025-04-30,154.5,2.7,4753.03,1044.82,3708.21,federal,False,none
PE-EMP-00406-05,EMP-00406,2025-05-01,2025-05-30,149.7,1.6,4705.39,1226.33,3479.06,federal,False,none
PE-EMP-00406-06,EMP-00406,2025-05-31,2025-06-29,151.3,11.0,5113.66,1255.85,3857.81,federal,False,none
PE-EMP-00407-01,EMP-00407,2025-01-01,2025-01-30,144.5,0.0,7276.0,1896.79,5379.21,CA,False,none
PE-EMP-00407-02,EMP-00407,2025-01-31,2025-03-01,154.2,0.0,7276.0,1403.35,5872.65,CA,False,none
PE-EMP-00407-03,EMP-00407,2025-03-02,2025-03-31,140.3,0.0,7276.0,1809.03,5466.97,CA,False,none
PE-EMP-00407-04,EMP-00407,2025-04-01,2025-04-30,158.8,0.0,7276.0,1785.4,5490.6,CA,False,none
PE-EMP-00407-05,EMP-00407,2025-05-01,2025-05-30,141.5,0.0,7276.0,1617.06,5658.94,CA,False,none
PE-EMP-00407-06,EMP-00407,2025-05-31,2025-06-29,160.8,0.0,7276.0,1618.9,5657.1,CA,False,none
PE-EMP-00408-01,EMP-00408,2025-01-01,2025-01-30,165.4,1.7,6404.76,1669.8,4734.96,UK_national,False,none
PE-EMP-00408-02,EMP-00408,2025-01-31,2025-03-01,159.9,7.5,6746.94,1741.39,5005.55,UK_national,False,none
PE-EMP-00408-03,EMP-00408,2025-03-02,2025-03-31,143.1,12.7,7050.12,1954.13,5095.99,UK_national,False,none
PE-EMP-00408-04,EMP-00408,2025-04-01,2025-04-30,161.3,2.7,6460.49,1436.86,5023.63,UK_national,False,none
PE-EMP-00408-05,EMP-00408,2025-05-01,2025-05-30,140.2,13.1,7073.29,1329.78,5743.51,UK_national,False,none
PE-EMP-00408-06,EMP-00408,2025-05-31,2025-06-29,147.2,14.2,7142.31,1790.98,5351.33,UK_national,False,none
PE-EMP-00409-01,EMP-00409,2025-01-01,2025-01-30,164.4,7.7,7059.66,1704.57,5355.09,UK_national,False,none
PE-EMP-00409-02,EMP-00409,2025-01-31,2025-03-01,141.1,6.5,6985.59,1582.07,5403.52,UK_national,False,none
PE-EMP-00409-03,EMP-00409,2025-03-02,2025-03-31,141.4,13.0,7386.44,1669.52,5716.92,UK_national,False,none
PE-EMP-00409-04,EMP-00409,2025-04-01,2025-04-30,151.9,9.0,7137.82,1548.4,5589.42,UK_national,False,none
PE-EMP-00409-05,EMP-00409,2025-05-01,2025-05-30,140.7,10.1,7207.87,1850.14,5357.73,UK_national,False,none
PE-EMP-00409-06,EMP-00409,2025-05-31,2025-06-29,151.7,4.0,6830.39,1429.76,5400.63,UK_national,False,none
PE-EMP-00410-01,EMP-00410,2025-01-01,2025-01-30,141.0,6.7,4983.6,1045.4,3938.2,DE_national,False,none
PE-EMP-00410-02,EMP-00410,2025-01-31,2025-03-01,154.9,1.7,4762.64,1205.85,3556.79,DE_national,False,none
PE-EMP-00410-03,EMP-00410,2025-03-02,2025-03-31,155.0,5.9,6525.68,977.79,3972.47,DE_national,True,rate_violation
PE-EMP-00410-04,EMP-00410,2025-04-01,2025-04-30,153.8,1.9,4772.12,928.01,3844.11,DE_national,False,none
PE-EMP-00410-05,EMP-00410,2025-05-01,2025-05-30,152.8,13.4,5277.65,1132.26,4145.39,DE_national,False,none
PE-EMP-00410-06,EMP-00410,2025-05-31,2025-06-29,165.3,9.3,5096.0,1385.49,3710.51,DE_national,False,none
PE-EMP-00411-01,EMP-00411,2025-01-01,2025-01-30,155.9,14.0,4346.82,1139.08,3207.74,TX,False,none
PE-EMP-00411-02,EMP-00411,2025-01-31,2025-03-01,141.1,0.6,3864.96,821.92,3043.04,TX,False,none
PE-EMP-00411-03,EMP-00411,2025-03-02,2025-03-31,162.7,9.1,4172.31,1053.01,3119.3,TX,False,none
PE-EMP-00411-04,EMP-00411,2025-04-01,2025-04-30,160.3,1.5,3897.65,901.38,2996.27,TX,False,none
PE-EMP-00411-05,EMP-00411,2025-05-01,2025-05-30,148.5,5.1,4025.54,980.92,3044.62,TX,False,none
PE-EMP-00411-06,EMP-00411,2025-05-31,2025-06-29,160.9,6.0,4059.57,805.39,3254.18,TX,False,none
PE-EMP-00412-01,EMP-00412,2025-01-01,2025-01-30,142.2,10.8,5021.62,1276.84,3744.78,CA,False,none
PE-EMP-00412-02,EMP-00412,2025-01-31,2025-03-01,162.2,13.7,5143.91,1422.37,3721.54,CA,False,none
PE-EMP-00412-03,EMP-00412,2025-03-02,2025-03-31,157.2,8.6,4925.01,1376.5,3548.51,CA,False,none
PE-EMP-00412-04,EMP-00412,2025-04-01,2025-04-30,159.4,8.1,4904.66,1272.13,3632.53,CA,False,none
PE-EMP-00412-05,EMP-00412,2025-05-01,2025-05-30,146.0,0.7,4590.31,1089.43,3500.88,CA,False,none
PE-EMP-00412-06,EMP-00412,2025-05-31,2025-06-29,159.3,14.0,5158.74,1070.33,4088.41,CA,False,none
PE-EMP-00413-01,EMP-00413,2025-01-01,2025-01-30,154.0,0.0,8862.0,1759.74,7102.26,TX,False,none
PE-EMP-00413-02,EMP-00413,2025-01-31,2025-03-01,151.2,0.0,8862.0,1635.7,7226.3,TX,False,none
PE-EMP-00413-03,EMP-00413,2025-03-02,2025-03-31,148.0,0.0,8862.0,1755.79,7106.21,TX,False,none
PE-EMP-00413-04,EMP-00413,2025-04-01,2025-04-30,145.8,0.0,8862.0,1599.64,7262.36,TX,False,none
PE-EMP-00413-05,EMP-00413,2025-05-01,2025-05-30,158.4,0.0,8862.0,2288.21,6573.79,TX,False,none
PE-EMP-00413-06,EMP-00413,2025-05-31,2025-06-29,152.9,0.0,8862.0,1838.66,7023.34,TX,False,none
PE-EMP-00414-01,EMP-00414,2025-01-01,2025-01-30,157.8,0.0,8517.0,2206.12,6310.88,FL,False,none
PE-EMP-00414-02,EMP-00414,2025-01-31,2025-03-01,146.3,0.0,8517.0,1615.8,6901.2,FL,False,none
PE-EMP-00414-03,EMP-00414,2025-03-02,2025-03-31,146.2,0.0,8517.0,2136.92,6380.08,FL,False,none
PE-EMP-00414-04,EMP-00414,2025-04-01,2025-04-30,160.4,0.0,8517.0,2053.78,6463.22,FL,False,none
PE-EMP-00414-05,EMP-00414,2025-05-01,2025-05-30,152.9,0.0,8517.0,2052.01,6464.99,FL,False,none
PE-EMP-00414-06,EMP-00414,2025-05-31,2025-06-29,156.7,0.0,8517.0,1891.43,6625.57,FL,False,none
PE-EMP-00415-01,EMP-00415,2025-01-01,2025-01-30,153.3,0.0,6716.0,1572.52,5143.48,DE_national,False,none
PE-EMP-00415-02,EMP-00415,2025-01-31,2025-03-01,149.6,0.0,6716.0,1583.4,5132.6,DE_national,False,none
PE-EMP-00415-03,EMP-00415,2025-03-02,2025-03-31,163.0,0.0,6716.0,1423.55,5292.45,DE_national,False,none
PE-EMP-00415-04,EMP-00415,2025-04-01,2025-04-30,163.9,0.0,6716.0,1310.81,5405.19,DE_national,False,none
PE-EMP-00415-05,EMP-00415,2025-05-01,2025-05-30,154.9,0.0,6716.0,1543.99,5172.01,DE_national,False,none
PE-EMP-00415-06,EMP-00415,2025-05-31,2025-06-29,150.9,0.0,6716.0,1323.06,5392.94,DE_national,False,none
PE-EMP-00416-01,EMP-00416,2025-01-01,2025-01-30,158.5,0.0,7842.0,1727.54,6114.46,CA,False,none
PE-EMP-00416-02,EMP-00416,2025-01-31,2025-03-01,142.2,0.0,7842.0,1859.58,5982.42,CA,False,none
PE-EMP-00416-03,EMP-00416,2025-03-02,2025-03-31,167.6,0.0,7842.0,1793.1,6048.9,CA,False,none
PE-EMP-00416-04,EMP-00416,2025-04-01,2025-04-30,160.9,0.0,7842.0,1476.72,6365.28,CA,False,none
PE-EMP-00416-05,EMP-00416,2025-05-01,2025-05-30,148.5,0.0,7842.0,1826.87,6015.13,CA,False,none
PE-EMP-00416-06,EMP-00416,2025-05-31,2025-06-29,152.6,0.0,7842.0,2000.38,5841.62,CA,False,none
PE-EMP-00417-01,EMP-00417,2025-01-01,2025-01-30,144.4,0.0,8125.0,1842.25,6282.75,UK_national,False,none
PE-EMP-00417-02,EMP-00417,2025-01-31,2025-03-01,157.5,0.0,8125.0,1937.76,6187.24,UK_national,False,none
PE-EMP-00417-03,EMP-00417,2025-03-02,2025-03-31,151.6,0.0,8125.0,1921.48,6203.52,UK_national,False,none
PE-EMP-00417-04,EMP-00417,2025-04-01,2025-04-30,161.0,0.0,8125.0,2084.01,6040.99,UK_national,False,none
PE-EMP-00417-05,EMP-00417,2025-05-01,2025-05-30,160.8,0.0,8125.0,1693.16,6431.84,UK_national,False,none
PE-EMP-00417-06,EMP-00417,2025-05-31,2025-06-29,150.5,0.0,8125.0,2266.62,5858.38,UK_national,False,none
PE-EMP-00418-01,EMP-00418,2025-01-01,2025-01-30,150.6,0.0,13273.88,1915.89,6280.11,FL,True,rate_violation
PE-EMP-00418-02,EMP-00418,2025-01-31,2025-03-01,143.5,0.0,8196.0,2252.93,5943.07,FL,False,none
PE-EMP-00418-03,EMP-00418,2025-03-02,2025-03-31,145.9,0.0,8196.0,1799.64,6396.36,FL,False,none
PE-EMP-00418-04,EMP-00418,2025-04-01,2025-04-30,148.1,0.0,8196.0,1565.95,6630.05,FL,False,none
PE-EMP-00418-05,EMP-00418,2025-05-01,2025-05-30,161.5,0.0,8196.0,2184.15,6011.85,FL,False,none
PE-EMP-00418-06,EMP-00418,2025-05-31,2025-06-29,167.4,0.0,8196.0,2282.08,5913.92,FL,False,none
PE-EMP-00419-01,EMP-00419,2025-01-01,2025-01-30,149.9,0.0,8114.0,1906.85,6207.15,WA,False,none
PE-EMP-00419-02,EMP-00419,2025-01-31,2025-03-01,165.2,0.0,8114.0,1637.2,6476.8,WA,False,none
PE-EMP-00419-03,EMP-00419,2025-03-02,2025-03-31,161.6,0.0,8114.0,1686.8,6427.2,WA,False,none
PE-EMP-00419-04,EMP-00419,2025-04-01,2025-04-30,158.6,0.0,8114.0,1971.93,6142.07,WA,False,none
PE-EMP-00419-05,EMP-00419,2025-05-01,2025-05-30,157.7,0.0,8114.0,2017.83,6096.17,WA,False,none
PE-EMP-00419-06,EMP-00419,2025-05-31,2025-06-29,154.1,0.0,8114.0,1976.74,6137.26,WA,False,none
PE-EMP-00420-01,EMP-00420,2025-01-01,2025-01-30,146.3,0.0,8578.0,2000.83,6577.17,DE_national,False,none
PE-EMP-00420-02,EMP-00420,2025-01-31,2025-03-01,161.2,0.0,8578.0,1890.56,6687.44,DE_national,False,none
PE-EMP-00420-03,EMP-00420,2025-03-02,2025-03-31,165.9,0.0,8578.0,1789.61,6788.39,DE_national,False,none
PE-EMP-00420-04,EMP-00420,2025-04-01,2025-04-30,164.5,0.0,8578.0,1678.69,6899.31,DE_national,False,none
PE-EMP-00420-05,EMP-00420,2025-05-01,2025-05-30,140.1,0.0,8578.0,1887.21,6690.79,DE_national,False,none
PE-EMP-00420-06,EMP-00420,2025-05-31,2025-06-29,161.4,0.0,8578.0,2255.9,6322.1,DE_national,False,none
PE-EMP-00421-01,EMP-00421,2025-01-01,2025-01-30,142.8,9.8,6657.43,1653.27,5004.16,CA,False,none
PE-EMP-00421-02,EMP-00421,2025-01-31,2025-03-01,151.7,8.7,6592.26,1462.23,5130.03,CA,False,none
PE-EMP-00421-03,EMP-00421,2025-03-02,2025-03-31,146.3,2.8,6256.89,1144.41,5112.48,CA,False,none
PE-EMP-00421-04,EMP-00421,2025-04-01,2025-04-30,142.3,9.1,6617.58,1524.27,5093.31,CA,False,none
PE-EMP-00421-05,EMP-00421,2025-05-01,2025-05-30,140.6,8.6,6584.05,1454.27,5129.78,CA,False,none
PE-EMP-00421-06,EMP-00421,2025-05-31,2025-06-29,157.5,9.1,6617.68,1301.34,5316.34,CA,False,none
PE-EMP-00422-01,EMP-00422,2025-01-01,2025-01-30,140.6,10.3,4770.83,1312.86,3457.97,CA,False,none
PE-EMP-00422-02,EMP-00422,2025-01-31,2025-03-01,150.9,9.0,4720.02,1222.43,3497.59,CA,False,none
PE-EMP-00422-03,EMP-00422,2025-03-02,2025-03-31,165.6,7.7,4664.94,929.74,3735.2,CA,False,none
PE-EMP-00422-04,EMP-00422,2025-04-01,2025-04-30,146.7,6.9,4632.15,1168.72,3463.43,CA,False,none
PE-EMP-00422-05,EMP-00422,2025-05-01,2025-05-30,145.6,7.1,4640.97,1166.18,3474.79,CA,False,none
PE-EMP-00422-06,EMP-00422,2025-05-31,2025-06-29,140.9,2.0,4433.18,826.71,3606.47,CA,False,none
PE-EMP-00423-01-DUP,EMP-00423,2025-01-01,2025-01-30,159.1,8.7,7200.96,1626.84,5574.12,UK_national,True,duplicate_payment
PE-EMP-00423-02,EMP-00423,2025-01-31,2025-03-01,145.0,6.7,7075.51,1444.74,5630.77,UK_national,False,none
PE-EMP-00423-03,EMP-00423,2025-03-02,2025-03-31,162.5,6.9,7092.14,1731.46,5360.68,UK_national,False,none
PE-EMP-00423-04,EMP-00423,2025-04-01,2025-04-30,165.4,12.6,7444.72,1989.29,5455.43,UK_national,False,none
PE-EMP-00423-05,EMP-00423,2025-05-01,2025-05-30,142.0,3.7,6889.33,1737.52,5151.81,UK_national,False,none
PE-EMP-00423-06,EMP-00423,2025-05-31,2025-06-29,151.4,11.2,7361.12,1827.05,5534.07,UK_national,False,none
PE-EMP-00424-01,EMP-00424,2025-01-01,2025-01-30,153.2,0.0,7516.0,1743.54,5772.46,FL,False,none
PE-EMP-00424-02,EMP-00424,2025-01-31,2025-03-01,161.9,0.0,7516.0,1642.48,5873.52,FL,False,none
PE-EMP-00424-03,EMP-00424,2025-03-02,2025-03-31,164.7,0.0,7516.0,2072.59,5443.41,FL,False,none
PE-EMP-00424-04,EMP-00424,2025-04-01,2025-04-30,160.0,0.0,7516.0,1756.75,5759.25,FL,False,none
PE-EMP-00424-05,EMP-00424,2025-05-01,2025-05-30,167.7,0.0,7516.0,1809.08,5706.92,FL,False,none
PE-EMP-00424-06,EMP-00424,2025-05-31,2025-06-29,152.3,0.0,7516.0,1890.1,5625.9,FL,False,none
PE-EMP-00425-01,EMP-00425,2025-01-01,2025-01-30,162.7,12.4,4912.17,913.56,3998.61,NY,False,none
PE-EMP-00425-02,EMP-00425,2025-01-31,2025-03-01,141.1,12.4,4912.52,1240.49,3672.03,NY,False,none
PE-EMP-00425-03,EMP-00425,2025-03-02,2025-03-31,157.6,6.0,4647.15,1267.46,3379.69,NY,False,none
PE-EMP-00425-04,EMP-00425,2025-04-01,2025-04-30,142.9,6.6,4672.28,1208.92,3463.36,NY,False,none
PE-EMP-00425-05,EMP-00425,2025-05-01,2025-05-30,156.2,12.7,4924.12,1259.56,3664.56,NY,False,none
PE-EMP-00425-06,EMP-00425,2025-05-31,2025-06-29,150.3,11.9,4889.81,1233.21,3656.6,NY,False,none
PE-EMP-00426-01,EMP-00426,2025-01-01,2025-01-30,144.0,0.0,7316.0,1797.2,5518.8,federal,False,none
PE-EMP-00426-02,EMP-00426,2025-01-31,2025-03-01,153.5,0.0,7316.0,1494.71,5821.29,federal,False,none
PE-EMP-00426-03,EMP-00426,2025-03-02,2025-03-31,149.2,0.0,7316.0,1510.39,5805.61,federal,False,none
PE-EMP-00426-04,EMP-00426,2025-04-01,2025-04-30,152.8,0.0,7316.0,1824.4,5491.6,federal,False,none
PE-EMP-00426-05,EMP-00426,2025-05-01,2025-05-30,161.1,0.0,7316.0,1835.65,5480.35,federal,False,none
PE-EMP-00426-06,EMP-00426,2025-05-31,2025-06-29,149.6,0.0,7316.0,1870.69,5445.31,federal,False,none
PE-EMP-00427-01,EMP-00427,2025-01-01,2025-01-30,149.3,0.0,12086.62,1893.28,5712.72,NY,True,rate_violation
PE-EMP-00427-02,EMP-00427,2025-01-31,2025-03-01,147.2,0.0,7606.0,1711.64,5894.36,NY,False,none
PE-EMP-00427-03,EMP-00427,2025-03-02,2025-03-31,141.0,0.0,7606.0,1578.47,6027.53,NY,False,none
PE-EMP-00427-04,EMP-00427,2025-04-01,2025-04-30,154.6,0.0,7606.0,1475.58,6130.42,NY,False,none
PE-EMP-00427-05,EMP-00427,2025-05-01,2025-05-30,164.6,0.0,7606.0,1388.81,6217.19,NY,False,none
PE-EMP-00427-06,EMP-00427,2025-05-31,2025-06-29,160.0,0.0,7606.0,1797.71,5808.29,NY,False,none
PE-EMP-00428-01,EMP-00428,2025-01-01,2025-01-30,160.0,0.0,7693.0,1620.66,6072.34,federal,False,none
PE-EMP-00428-02,EMP-00428,2025-01-31,2025-03-01,148.5,0.0,7693.0,1821.43,5871.57,federal,False,none
PE-EMP-00428-03,EMP-00428,2025-03-02,2025-03-31,158.9,0.0,7693.0,1933.31,5759.69,federal,False,none
PE-EMP-00428-04,EMP-00428,2025-04-01,2025-04-30,162.5,0.0,7693.0,1503.55,6189.45,federal,False,none
PE-EMP-00428-05,EMP-00428,2025-05-01,2025-05-30,157.0,0.0,7693.0,1483.64,6209.36,federal,False,none
PE-EMP-00428-06,EMP-00428,2025-05-31,2025-06-29,147.2,0.0,7693.0,2045.68,5647.32,federal,False,none
PE-EMP-00429-01,EMP-00429,2025-01-01,2025-01-30,163.8,0.0,8447.0,1712.98,6734.02,NY,False,none
PE-EMP-00429-02,EMP-00429,2025-01-31,2025-03-01,144.2,0.0,8447.0,2013.11,6433.89,NY,False,none
PE-EMP-00429-03,EMP-00429,2025-03-02,2025-03-31,150.2,0.0,8447.0,1530.65,6916.35,NY,False,none
PE-EMP-00429-04,EMP-00429,2025-04-01,2025-04-30,164.4,0.0,8447.0,1950.07,6496.93,NY,False,none
PE-EMP-00429-05,EMP-00429,2025-05-01,2025-05-30,153.4,0.0,8447.0,1957.02,6489.98,NY,False,none
PE-EMP-00429-06,EMP-00429,2025-05-31,2025-06-29,167.2,0.0,8447.0,2280.69,6166.31,NY,False,none
PE-EMP-00430-01,EMP-00430,2025-01-01,2025-01-30,156.4,0.0,8030.0,1962.41,6067.59,federal,False,none
PE-EMP-00430-02,EMP-00430,2025-01-31,2025-03-01,154.7,0.0,8030.0,1847.78,6182.22,federal,False,none
PE-EMP-00430-03,EMP-00430,2025-03-02,2025-03-31,165.9,0.0,8030.0,1748.92,6281.08,federal,False,none
PE-EMP-00430-04,EMP-00430,2025-04-01,2025-04-30,164.4,0.0,8030.0,1966.05,6063.95,federal,False,none
PE-EMP-00430-05,EMP-00430,2025-05-01,2025-05-30,153.6,0.0,8030.0,1832.49,6197.51,federal,False,none
PE-EMP-00430-06,EMP-00430,2025-05-31,2025-06-29,158.7,0.0,8030.0,1750.44,6279.56,federal,False,none
PE-EMP-00431-01,EMP-00431,2025-01-01,2025-01-30,145.8,1.0,4304.85,871.66,3433.19,federal,False,none
PE-EMP-00431-02,EMP-00431,2025-01-31,2025-03-01,160.4,2.3,4356.04,1049.21,3306.83,federal,False,none
PE-EMP-00431-03,EMP-00431,2025-03-02,2025-03-31,154.0,1.8,4337.74,866.22,3471.52,federal,False,none
PE-EMP-00431-04,EMP-00431,2025-04-01,2025-04-30,140.3,8.5,4607.59,1123.62,3483.97,federal,False,none
PE-EMP-00431-05,EMP-00431,2025-05-01,2025-05-30,162.1,11.2,4713.68,1234.46,3479.22,federal,False,none
PE-EMP-00431-06,EMP-00431,2025-05-31,2025-06-29,150.2,13.5,4804.8,1221.08,3583.72,federal,False,none
PE-EMP-00432-01,EMP-00432,2025-01-01,2025-01-30,166.7,0.5,4510.74,1094.49,3416.25,NY,False,none
PE-EMP-00432-02,EMP-00432,2025-01-31,2025-03-01,166.9,7.6,4810.39,996.46,3813.93,NY,False,none
PE-EMP-00432-03,EMP-00432,2025-03-02,2025-03-31,142.2,12.7,5024.55,1174.6,3849.95,NY,False,none
PE-EMP-00432-04,EMP-00432,2025-04-01,2025-04-30,154.6,12.0,4993.81,1121.93,3871.88,NY,False,none
PE-EMP-00432-05,EMP-00432,2025-05-01,2025-05-30,145.1,3.7,4644.5,1206.3,3438.2,NY,False,none
PE-EMP-00432-06,EMP-00432,2025-05-31,2025-06-29,146.4,14.0,5081.21,1350.34,3730.87,NY,False,none
PE-EMP-00433-01,EMP-00433,2025-01-01,2025-01-30,145.0,0.0,6974.0,1755.62,5218.38,NY,False,none
PE-EMP-00433-02,EMP-00433,2025-01-31,2025-03-01,147.4,0.0,6974.0,1938.34,5035.66,NY,False,none
PE-EMP-00433-03,EMP-00433,2025-03-02,2025-03-31,160.8,0.0,6974.0,1448.83,5525.17,NY,False,none
PE-EMP-00433-04,EMP-00433,2025-04-01,2025-04-30,165.7,0.0,6974.0,1766.75,5207.25,NY,False,none
PE-EMP-00433-05,EMP-00433,2025-05-01,2025-05-30,143.7,0.0,6974.0,1887.26,5086.74,NY,False,none
PE-EMP-00433-06,EMP-00433,2025-05-31,2025-06-29,145.8,0.0,6974.0,1466.47,5507.53,NY,False,none
PE-EMP-00434-01,EMP-00434,2025-01-01,2025-01-30,153.4,3.7,4208.58,1078.1,3130.48,federal,False,none
PE-EMP-00434-02,EMP-00434,2025-01-31,2025-03-01,141.4,1.5,4125.23,1106.24,3018.99,federal,False,none
PE-EMP-00434-03,EMP-00434,2025-03-02,2025-03-31,153.4,11.9,4521.05,846.82,3674.23,federal,False,none
PE-EMP-00434-04,EMP-00434,2025-04-01,2025-04-30,142.8,6.6,4321.86,983.67,3338.19,federal,False,none
PE-EMP-00434-05,EMP-00434,2025-05-01,2025-05-30,148.4,8.8,4406.24,1056.75,3349.49,federal,False,none
PE-EMP-00434-06,EMP-00434,2025-05-31,2025-06-29,165.3,0.1,4074.49,908.51,3165.98,federal,True,rule_override
PE-EMP-00435-01,EMP-00435,2025-01-01,2025-01-30,152.4,0.0,8368.0,2108.72,6259.28,DE_national,False,none
PE-EMP-00435-02,EMP-00435,2025-01-31,2025-03-01,156.5,0.0,8368.0,2043.99,6324.01,DE_national,False,none
PE-EMP-00435-03,EMP-00435,2025-03-02,2025-03-31,161.2,0.0,8368.0,2037.55,6330.45,DE_national,False,none
PE-EMP-00435-04,EMP-00435,2025-04-01,2025-04-30,147.0,0.0,8368.0,2336.54,6031.46,DE_national,False,none
PE-EMP-00435-05,EMP-00435,2025-05-01,2025-05-30,147.6,0.0,8368.0,1846.96,6521.04,DE_national,False,none
PE-EMP-00435-06,EMP-00435,2025-05-31,2025-06-29,149.2,0.0,8368.0,2034.37,6333.63,DE_national,False,none
PE-EMP-00436-01,EMP-00436,2025-01-01,2025-01-30,147.9,0.0,8441.0,1927.32,6513.68,TX,False,none
PE-EMP-00436-02,EMP-00436,2025-01-31,2025-03-01,147.4,0.0,8441.0,2064.06,6376.94,TX,False,none
PE-EMP-00436-03,EMP-00436,2025-03-02,2025-03-31,149.6,0.0,8441.0,1968.6,6472.4,TX,False,none
PE-EMP-00436-04,EMP-00436,2025-04-01,2025-04-30,154.1,0.0,8441.0,2091.55,6349.45,TX,False,none
PE-EMP-00436-05,EMP-00436,2025-05-01,2025-05-30,143.1,0.0,8441.0,2047.72,6393.28,TX,False,none
PE-EMP-00436-06,EMP-00436,2025-05-31,2025-06-29,145.1,0.0,8441.0,2158.04,6282.96,TX,False,none
PE-EMP-00437-01,EMP-00437,2025-01-01,2025-01-30,165.0,0.0,7391.0,1335.2,6055.8,CA,False,none
PE-EMP-00437-02,EMP-00437,2025-01-31,2025-03-01,153.9,0.0,7391.0,1706.99,5684.01,CA,False,none
PE-EMP-00437-03,EMP-00437,2025-03-02,2025-03-31,161.3,0.0,7391.0,1462.53,5928.47,CA,False,none
PE-EMP-00437-04,EMP-00437,2025-04-01,2025-04-30,142.6,0.0,7391.0,1827.78,5563.22,CA,False,none
PE-EMP-00437-05,EMP-00437,2025-05-01,2025-05-30,149.6,0.0,7391.0,1967.51,5423.49,CA,False,none
PE-EMP-00437-06,EMP-00437,2025-05-31,2025-06-29,163.0,0.0,7391.0,1838.11,5552.89,CA,False,none
PE-EMP-00438-01,EMP-00438,2025-01-01,2025-01-30,143.0,0.0,7312.0,1457.72,5854.28,UK_national,False,none
PE-EMP-00438-02,EMP-00438,2025-01-31,2025-03-01,148.6,0.0,7312.0,1485.65,5826.35,UK_national,False,none
PE-EMP-00438-03,EMP-00438,2025-03-02,2025-03-31,161.5,0.0,7312.0,1539.46,5772.54,UK_national,False,none
PE-EMP-00438-04,EMP-00438,2025-04-01,2025-04-30,159.2,0.0,7312.0,1661.2,5650.8,UK_national,False,none
PE-EMP-00438-05,EMP-00438,2025-05-01,2025-05-30,145.9,0.0,7312.0,1994.39,5317.61,UK_national,False,none
PE-EMP-00438-06,EMP-00438,2025-05-31,2025-06-29,149.1,0.0,7312.0,1807.44,5504.56,UK_national,False,none
PE-EMP-00439-01,EMP-00439,2025-01-01,2025-01-30,144.8,2.9,4400.64,966.49,3434.15,FL,False,none
PE-EMP-00439-02,EMP-00439,2025-01-31,2025-03-01,149.1,2.4,4380.17,1078.66,3301.51,FL,False,none
PE-EMP-00439-03,EMP-00439,2025-03-02,2025-03-31,156.7,7.7,4596.21,1045.07,3551.14,FL,False,none
PE-EMP-00439-04,EMP-00439,2025-04-01,2025-04-30,146.4,6.3,4536.22,1146.06,3390.16,FL,False,none
PE-EMP-00439-05,EMP-00439,2025-05-01,2025-05-30,163.4,3.9,4443.39,1214.97,3228.42,FL,False,none
PE-EMP-00439-06,EMP-00439,2025-05-31,2025-06-29,160.3,5.6,4508.43,949.58,3558.85,FL,False,none
PE-EMP-00440-01,EMP-00440,2025-01-01,2025-01-30,148.6,12.4,7006.73,1482.17,5524.56,TX,False,none
PE-EMP-00440-02,EMP-00440,2025-01-31,2025-03-01,140.2,8.4,6772.06,1735.47,5036.59,TX,False,none
PE-EMP-00440-03,EMP-00440,2025-03-02,2025-03-31,151.4,14.1,7104.47,1318.1,5786.37,TX,False,none
PE-EMP-00440-04,EMP-00440,2025-04-01,2025-04-30,152.8,9.7,6844.86,1327.86,5517.0,TX,False,none
PE-EMP-00440-05,EMP-00440,2025-05-01,2025-05-30,145.7,4.1,6516.97,1706.49,4810.48,TX,False,none
PE-EMP-00440-06,EMP-00440,2025-05-31,2025-06-29,163.3,9.9,6859.21,1410.21,5449.0,TX,False,none
PE-EMP-00441-01,EMP-00441,2025-01-01,2025-01-30,152.0,0.0,6871.0,1253.05,5617.95,NY,False,none
PE-EMP-00441-02,EMP-00441,2025-01-31,2025-03-01,155.6,0.0,6871.0,1499.53,5371.47,NY,False,none
PE-EMP-00441-03,EMP-00441,2025-03-02,2025-03-31,162.3,0.0,6871.0,1744.56,5126.44,NY,False,none
PE-EMP-00441-04,EMP-00441,2025-04-01,2025-04-30,152.3,0.0,6871.0,1661.1,5209.9,NY,False,none
PE-EMP-00441-05,EMP-00441,2025-05-01,2025-05-30,142.1,0.0,6871.0,1425.02,5445.98,NY,False,none
PE-EMP-00441-06,EMP-00441,2025-05-31,2025-06-29,160.2,0.0,6871.0,1347.0,5524.0,NY,False,none
PE-EMP-00442-01,EMP-00442,2025-01-01,2025-01-30,156.6,0.0,7501.0,2056.39,5444.61,DE_national,False,none
PE-EMP-00442-02,EMP-00442,2025-01-31,2025-03-01,166.5,0.0,7501.0,2064.31,5436.69,DE_national,False,none
PE-EMP-00442-03,EMP-00442,2025-03-02,2025-03-31,150.9,0.0,7501.0,1936.18,5564.82,DE_national,False,none
PE-EMP-00442-04,EMP-00442,2025-04-01,2025-04-30,159.8,0.0,7501.0,2070.07,5430.93,DE_national,False,none
PE-EMP-00442-05,EMP-00442,2025-05-01,2025-05-30,167.6,0.0,7501.0,1537.59,5963.41,DE_national,False,none
PE-EMP-00442-06,EMP-00442,2025-05-31,2025-06-29,141.7,0.0,7501.0,1789.82,5711.18,DE_national,False,none
PE-EMP-00443-01,EMP-00443,2025-01-01,2025-01-30,149.6,0.0,7308.0,1356.45,5951.55,DE_national,False,none
PE-EMP-00443-02,EMP-00443,2025-01-31,2025-03-01,152.3,0.0,7308.0,1708.53,5599.47,DE_national,False,none
PE-EMP-00443-03,EMP-00443,2025-03-02,2025-03-31,153.2,0.0,7308.0,1523.16,5784.84,DE_national,False,none
PE-EMP-00443-04,EMP-00443,2025-04-01,2025-04-30,142.1,0.0,7308.0,1959.16,5348.84,DE_national,False,none
PE-EMP-00443-05,EMP-00443,2025-05-01,2025-05-30,160.5,0.0,7308.0,2029.56,5278.44,DE_national,False,none
PE-EMP-00443-06,EMP-00443,2025-05-31,2025-06-29,164.5,0.0,7308.0,1917.85,5390.15,DE_national,False,none
PE-EMP-00444-01,EMP-00444,2025-01-01,2025-01-30,155.7,8.8,6834.45,1622.56,5211.89,TX,False,none
PE-EMP-00444-02,EMP-00444,2025-01-31,2025-03-01,155.3,6.6,6699.95,1425.64,5274.31,TX,False,none
PE-EMP-00444-03,EMP-00444,2025-03-02,2025-03-31,162.9,9.9,6897.35,1625.48,5271.87,TX,False,none
PE-EMP-00444-04,EMP-00444,2025-04-01,2025-04-30,161.6,10.3,6922.98,1343.38,5579.6,TX,False,none
PE-EMP-00444-05,EMP-00444,2025-05-01,2025-05-30,160.7,13.1,7083.76,1770.41,5313.35,TX,False,none
PE-EMP-00444-06,EMP-00444,2025-05-31,2025-06-29,161.6,14.4,11680.18,1547.55,5612.95,TX,True,rate_violation
PE-EMP-00445-01,EMP-00445,2025-01-01,2025-01-30,149.0,11.2,4586.1,924.01,3662.09,federal,False,none
PE-EMP-00445-02,EMP-00445,2025-01-31,2025-03-01,145.6,3.4,4282.87,926.04,3356.83,federal,False,none
PE-EMP-00445-03,EMP-00445,2025-03-02,2025-03-31,156.9,14.6,4716.93,971.23,3745.7,federal,False,none
PE-EMP-00445-04,EMP-00445,2025-04-01,2025-04-30,158.0,14.0,4694.31,910.82,3783.49,federal,False,none
PE-EMP-00445-05,EMP-00445,2025-05-01,2025-05-30,162.3,6.4,4399.39,1146.51,3252.88,federal,False,none
PE-EMP-00445-06,EMP-00445,2025-05-31,2025-06-29,167.7,12.5,4635.36,862.31,3773.05,federal,False,none
PE-EMP-00446-01,EMP-00446,2025-01-01,2025-01-30,167.9,5.6,4543.73,1074.92,3468.81,federal,False,none
PE-EMP-00446-02,EMP-00446,2025-01-31,2025-03-01,149.2,14.4,4899.67,1309.72,3589.95,federal,False,none
PE-EMP-00446-03,EMP-00446,2025-03-02,2025-03-31,149.3,8.1,4644.1,967.2,3676.9,federal,False,none
PE-EMP-00446-04,EMP-00446,2025-04-01,2025-04-30,142.6,1.0,4357.74,817.32,3540.42,federal,False,none
PE-EMP-00446-05,EMP-00446,2025-05-01,2025-05-30,144.4,8.4,4655.93,890.37,3765.56,federal,False,none
PE-EMP-00446-06,EMP-00446,2025-05-31,2025-06-29,156.1,7.7,4628.73,1227.3,3401.43,federal,False,none
PE-EMP-00447-01,EMP-00447,2025-01-01,2025-01-30,145.3,7.0,5000.02,1225.09,3774.93,UK_national,False,none
PE-EMP-00447-02,EMP-00447,2025-01-31,2025-03-01,162.9,1.1,4739.21,1177.2,3562.01,UK_national,False,none
PE-EMP-00447-03,EMP-00447,2025-03-02,2025-03-31,167.8,7.0,4998.22,1344.2,3654.02,UK_national,False,none
PE-EMP-00447-04,EMP-00447,2025-04-01,2025-04-30,145.1,2.3,4791.41,1020.78,3770.63,UK_national,False,none
PE-EMP-00447-05,EMP-00447,2025-05-01,2025-05-30,161.9,8.6,5070.46,1142.91,3927.55,UK_national,False,none
PE-EMP-00447-06,EMP-00447,2025-05-31,2025-06-29,164.9,11.1,5178.8,1423.4,3755.4,UK_national,False,none
PE-EMP-00448-01,EMP-00448,2025-01-01,2025-01-30,148.2,0.0,7085.0,1559.74,5525.26,federal,False,none
PE-EMP-00448-02,EMP-00448,2025-01-31,2025-03-01,150.9,0.0,7085.0,1717.18,5367.82,federal,False,none
PE-EMP-00448-03,EMP-00448,2025-03-02,2025-03-31,149.0,0.0,7085.0,1281.35,5803.65,federal,False,none
PE-EMP-00448-04,EMP-00448,2025-04-01,2025-04-30,164.0,0.0,7085.0,1381.93,5703.07,federal,False,none
PE-EMP-00448-05,EMP-00448,2025-05-01,2025-05-30,161.5,0.0,7085.0,1689.33,5395.67,federal,False,none
PE-EMP-00448-06,EMP-00448,2025-05-31,2025-06-29,158.3,0.0,7085.0,1652.48,5432.52,federal,False,none
PE-EMP-00449-01,EMP-00449,2025-01-01,2025-01-30,165.9,3.0,4427.31,1160.63,3266.68,FL,False,none
PE-EMP-00449-02,EMP-00449,2025-01-31,2025-03-01,156.2,13.4,4846.89,1218.95,3627.94,FL,False,none
PE-EMP-00449-03,EMP-00449,2025-03-02,2025-03-31,148.6,2.8,4420.35,861.21,3559.14,FL,False,none
PE-EMP-00449-04,EMP-00449,2025-04-01,2025-04-30,166.4,1.5,4367.1,1019.03,3348.07,FL,False,none
PE-EMP-00449-05,EMP-00449,2025-05-01,2025-05-30,149.8,0.6,4329.89,834.51,3495.38,FL,False,none
PE-EMP-00449-06,EMP-00449,2025-05-31,2025-06-29,166.0,1.0,4347.94,1161.14,3186.8,FL,False,none
PE-EMP-00450-01,EMP-00450,2025-01-01,2025-01-30,144.6,9.9,7044.79,1410.16,5634.63,FL,False,none
PE-EMP-00450-02,EMP-00450,2025-01-31,2025-03-01,165.8,14.9,7346.59,1493.55,5853.04,FL,False,none
PE-EMP-00450-03,EMP-00450,2025-03-02,2025-03-31,164.6,11.6,7148.32,1306.21,5842.11,FL,False,none
PE-EMP-00450-04,EMP-00450,2025-04-01,2025-04-30,166.5,14.2,7304.32,1404.7,5899.62,FL,False,none
PE-EMP-00450-05,EMP-00450,2025-05-01,2025-05-30,163.9,0.4,6471.05,1726.17,4744.88,FL,False,none
PE-EMP-00450-06,EMP-00450,2025-05-31,2025-06-29,152.3,3.1,6637.13,1227.35,5409.78,FL,False,none
PE-EMP-00451-01,EMP-00451,2025-01-01,2025-01-30,161.6,0.0,8648.0,1728.42,6919.58,TX,False,none
PE-EMP-00451-02,EMP-00451,2025-01-31,2025-03-01,143.5,0.0,8648.0,2067.06,6580.94,TX,False,none
PE-EMP-00451-03,EMP-00451,2025-03-02,2025-03-31,154.2,0.0,8648.0,2394.84,6253.16,TX,False,none
PE-EMP-00451-04,EMP-00451,2025-04-01,2025-04-30,154.5,0.0,8648.0,2056.76,6591.24,TX,False,none
PE-EMP-00451-05,EMP-00451,2025-05-01,2025-05-30,145.9,0.0,8648.0,1697.5,6950.5,TX,False,none
PE-EMP-00451-06,EMP-00451,2025-05-31,2025-06-29,160.7,0.0,8648.0,2370.15,6277.85,TX,False,none
PE-EMP-00452-01,EMP-00452,2025-01-01,2025-01-30,151.6,5.4,7151.11,1998.99,5152.12,UK_national,False,none
PE-EMP-00452-02,EMP-00452,2025-01-31,2025-03-01,154.2,3.2,7009.36,1325.32,5684.04,UK_national,False,none
PE-EMP-00452-03,EMP-00452,2025-03-02,2025-03-31,166.5,7.2,7265.61,1677.44,5588.17,UK_national,False,none
PE-EMP-00452-04,EMP-00452,2025-04-01,2025-04-30,151.8,0.2,6823.46,1487.53,5335.93,UK_national,False,none
PE-EMP-00452-05,EMP-00452,2025-05-01,2025-05-30,150.1,14.4,7728.58,1468.48,6260.1,UK_national,False,none
PE-EMP-00452-06,EMP-00452,2025-05-31,2025-06-29,166.5,4.6,7104.77,1325.26,5779.51,UK_national,False,none
PE-EMP-00453-01,EMP-00453,2025-01-01,2025-01-30,146.4,0.0,8547.0,2095.73,6451.27,UK_national,False,none
PE-EMP-00453-02,EMP-00453,2025-01-31,2025-03-01,158.2,0.0,8547.0,2137.79,6409.21,UK_national,False,none
PE-EMP-00453-03,EMP-00453,2025-03-02,2025-03-31,164.5,0.0,8547.0,2230.91,6316.09,UK_national,False,none
PE-EMP-00453-04,EMP-00453,2025-04-01,2025-04-30,167.0,0.0,8547.0,1552.01,6994.99,UK_national,False,none
PE-EMP-00453-05,EMP-00453,2025-05-01,2025-05-30,165.1,0.0,8547.0,2162.07,6384.93,UK_national,False,none
PE-EMP-00453-06,EMP-00453,2025-05-31,2025-06-29,163.7,0.0,8547.0,1577.24,6969.76,UK_national,False,none
PE-EMP-00454-01,EMP-00454,2025-01-01,2025-01-30,154.5,2.7,3906.05,706.71,3199.34,NY,False,none
PE-EMP-00454-02,EMP-00454,2025-01-31,2025-03-01,141.1,2.1,3886.15,882.08,3004.07,NY,False,none
PE-EMP-00454-03,EMP-00454,2025-03-02,2025-03-31,160.7,8.9,4130.52,830.16,3300.36,NY,False,none
PE-EMP-00454-04,EMP-00454,2025-04-01,2025-04-30,163.1,4.4,3968.07,959.3,3008.77,NY,False,none
PE-EMP-00454-05,EMP-00454,2025-05-01,2025-05-30,154.5,6.3,4035.68,796.9,3238.78,NY,False,none
PE-EMP-00454-06,EMP-00454,2025-05-31,2025-06-29,158.7,2.3,3892.13,1015.62,2876.51,NY,False,none
PE-EMP-00455-01,EMP-00455,2025-01-01,2025-01-30,165.9,0.0,7690.0,1664.94,6025.06,UK_national,False,none
PE-EMP-00455-02,EMP-00455,2025-01-31,2025-03-01,140.8,0.0,7690.0,1989.06,5700.94,UK_national,False,none
PE-EMP-00455-03,EMP-00455,2025-03-02,2025-03-31,151.3,0.0,7690.0,1541.14,6148.86,UK_national,False,none
PE-EMP-00455-04,EMP-00455,2025-04-01,2025-04-30,163.6,0.0,7690.0,1671.18,6018.82,UK_national,True,ghost_employee
PE-EMP-00455-05,EMP-00455,2025-05-01,2025-05-30,140.8,0.0,7690.0,1862.45,5827.55,UK_national,False,none
PE-EMP-00455-06,EMP-00455,2025-05-31,2025-06-29,140.8,0.0,7690.0,1404.06,6285.94,UK_national,False,none
PE-EMP-00456-01,EMP-00456,2025-01-01,2025-01-30,144.0,7.1,4226.28,1071.34,3154.94,NY,False,none
PE-EMP-00456-02,EMP-00456,2025-01-31,2025-03-01,161.4,6.1,4191.24,980.53,3210.71,NY,False,none
PE-EMP-00456-03,EMP-00456,2025-03-02,2025-03-31,142.8,10.8,4366.76,860.14,3506.62,NY,False,none
PE-EMP-00456-04,EMP-00456,2025-04-01,2025-04-30,151.8,5.2,4158.36,841.11,3317.25,NY,False,none
PE-EMP-00456-05,EMP-00456,2025-05-01,2025-05-30,153.0,1.0,4000.97,1107.76,2893.21,NY,False,none
PE-EMP-00456-06,EMP-00456,2025-05-31,2025-06-29,152.3,6.2,4195.38,1131.97,3063.41,NY,False,none
PE-EMP-00457-01,EMP-00457,2025-01-01,2025-01-30,162.7,0.0,7700.0,2045.83,5654.17,federal,False,none
PE-EMP-00457-02,EMP-00457,2025-01-31,2025-03-01,153.3,0.0,7700.0,1386.56,6313.44,federal,False,none
PE-EMP-00457-03,EMP-00457,2025-03-02,2025-03-31,147.2,0.0,7700.0,2078.65,5621.35,federal,False,none
PE-EMP-00457-04,EMP-00457,2025-04-01,2025-04-30,155.1,0.0,7700.0,1634.61,6065.39,federal,False,none
PE-EMP-00457-05,EMP-00457,2025-05-01,2025-05-30,158.7,0.0,7700.0,2122.82,5577.18,federal,False,none
PE-EMP-00457-06,EMP-00457,2025-05-31,2025-06-29,153.8,0.0,7700.0,1460.23,6239.77,federal,False,none
PE-EMP-00458-01,EMP-00458,2025-01-01,2025-01-30,156.0,0.0,7794.0,2050.67,5743.33,CA,False,none
PE-EMP-00458-02,EMP-00458,2025-01-31,2025-03-01,154.4,0.0,7794.0,1500.99,6293.01,CA,False,none
PE-EMP-00458-03,EMP-00458,2025-03-02,2025-03-31,144.0,0.0,7794.0,2030.69,5763.31,CA,False,none
PE-EMP-00458-04,EMP-00458,2025-04-01,2025-04-30,160.8,0.0,7794.0,1916.71,5877.29,CA,False,none
PE-EMP-00458-05,EMP-00458,2025-05-01,2025-05-30,147.9,0.0,7794.0,1961.96,5832.04,CA,False,none
PE-EMP-00458-06,EMP-00458,2025-05-31,2025-06-29,147.0,0.0,7794.0,1882.26,5911.74,CA,False,none
PE-EMP-00459-01,EMP-00459,2025-01-01,2025-01-30,160.4,0.0,7551.0,1548.46,6002.54,NY,False,none
PE-EMP-00459-02,EMP-00459,2025-01-31,2025-03-01,159.9,0.0,7551.0,1586.55,5964.45,NY,False,none
PE-EMP-00459-03,EMP-00459,2025-03-02,2025-03-31,156.5,0.0,7551.0,1708.15,5842.85,NY,False,none
PE-EMP-00459-04,EMP-00459,2025-04-01,2025-04-30,167.7,0.0,7551.0,1749.49,5801.51,NY,False,none
PE-EMP-00459-05,EMP-00459,2025-05-01,2025-05-30,165.2,0.0,7551.0,1560.58,5990.42,NY,False,none
PE-EMP-00459-06,EMP-00459,2025-05-31,2025-06-29,150.5,0.0,7551.0,1606.81,5944.19,NY,False,none
PE-EMP-00460-01,EMP-00460,2025-01-01,2025-01-30,160.6,0.0,7503.0,1459.5,6043.5,DE_national,False,none
PE-EMP-00460-02,EMP-00460,2025-01-31,2025-03-01,160.9,0.0,7503.0,1988.86,5514.14,DE_national,False,none
PE-EMP-00460-03,EMP-00460,2025-03-02,2025-03-31,157.7,0.0,7503.0,1950.61,5552.39,DE_national,False,none
PE-EMP-00460-04,EMP-00460,2025-04-01,2025-04-30,167.4,0.0,7503.0,1946.42,5556.58,DE_national,False,none
PE-EMP-00460-05,EMP-00460,2025-05-01,2025-05-30,157.8,0.0,7503.0,1361.29,6141.71,DE_national,False,none
PE-EMP-00460-06,EMP-00460,2025-05-31,2025-06-29,146.7,0.0,7503.0,1977.32,5525.68,DE_national,False,none
PE-EMP-00461-01,EMP-00461,2025-01-01,2025-01-30,140.3,0.0,7399.0,1625.39,5773.61,DE_national,False,none
PE-EMP-00461-02,EMP-00461,2025-01-31,2025-03-01,164.0,0.0,7399.0,1687.55,5711.45,DE_national,False,none
PE-EMP-00461-03,EMP-00461,2025-03-02,2025-03-31,164.3,0.0,7399.0,1470.73,5928.27,DE_national,False,none
PE-EMP-00461-04,EMP-00461,2025-04-01,2025-04-30,151.4,0.0,7399.0,2050.1,5348.9,DE_national,False,none
PE-EMP-00461-05,EMP-00461,2025-05-01,2025-05-30,152.7,0.0,7399.0,2066.32,5332.68,DE_national,False,none
PE-EMP-00461-06,EMP-00461,2025-05-31,2025-06-29,152.3,0.0,7399.0,1526.27,5872.73,DE_national,False,none
PE-EMP-00462-01,EMP-00462,2025-01-01,2025-01-30,154.4,11.2,4137.33,1015.91,3121.42,WA,False,none
PE-EMP-00462-02,EMP-00462,2025-01-31,2025-03-01,145.2,5.1,3922.66,1097.04,2825.62,WA,False,none
PE-EMP-00462-03,EMP-00462,2025-03-02,2025-03-31,161.6,5.1,3924.58,1048.64,2875.94,WA,False,none
PE-EMP-00462-04,EMP-00462,2025-04-01,2025-04-30,164.0,6.8,3985.31,755.82,3229.49,WA,False,none
PE-EMP-00462-05,EMP-00462,2025-05-01,2025-05-30,161.9,11.4,4146.97,855.46,3291.51,WA,False,none
PE-EMP-00462-06,EMP-00462,2025-05-31,2025-06-29,155.2,6.4,3969.62,724.62,3245.0,WA,False,none
PE-EMP-00463-01,EMP-00463,2025-01-01,2025-01-30,167.3,0.0,8952.0,1696.03,7255.97,TX,False,none
PE-EMP-00463-02,EMP-00463,2025-01-31,2025-03-01,143.4,0.0,8952.0,2354.45,6597.55,TX,False,none
PE-EMP-00463-03,EMP-00463,2025-03-02,2025-03-31,143.5,0.0,8952.0,2249.36,6702.64,TX,False,none
PE-EMP-00463-04,EMP-00463,2025-04-01,2025-04-30,152.7,0.0,8952.0,1922.55,7029.45,TX,False,none
PE-EMP-00463-05,EMP-00463,2025-05-01,2025-05-30,166.3,0.0,8952.0,2106.67,6845.33,TX,False,none
PE-EMP-00463-06,EMP-00463,2025-05-31,2025-06-29,167.2,0.0,8952.0,2476.39,6475.61,TX,False,none
PE-EMP-00464-01,EMP-00464,2025-01-01,2025-01-30,163.0,0.0,7873.0,1560.91,6312.09,federal,False,none
PE-EMP-00464-02,EMP-00464,2025-01-31,2025-03-01,154.3,0.0,7873.0,2114.39,5758.61,federal,False,none
PE-EMP-00464-03,EMP-00464,2025-03-02,2025-03-31,159.1,0.0,7873.0,1528.71,6344.29,federal,False,none
PE-EMP-00464-04,EMP-00464,2025-04-01,2025-04-30,145.6,0.0,7873.0,2028.02,5844.98,federal,False,none
PE-EMP-00464-05,EMP-00464,2025-05-01,2025-05-30,154.7,0.0,7873.0,2003.36,5869.64,federal,False,none
PE-EMP-00464-06,EMP-00464,2025-05-31,2025-06-29,155.8,0.0,7873.0,2031.18,5841.82,federal,False,none
PE-EMP-00465-01,EMP-00465,2025-01-01,2025-01-30,154.9,8.0,4180.23,772.09,3408.14,TX,False,none
PE-EMP-00465-02,EMP-00465,2025-01-31,2025-03-01,167.9,8.1,4185.1,1043.64,3141.46,TX,False,none
PE-EMP-00465-03,EMP-00465,2025-03-02,2025-03-31,159.1,2.5,3981.22,779.82,3201.4,TX,False,none
PE-EMP-00465-04,EMP-00465,2025-04-01,2025-04-30,146.3,9.5,4237.31,1126.68,3110.63,TX,False,none
PE-EMP-00465-05,EMP-00465,2025-05-01,2025-05-30,155.1,14.0,4399.09,1106.85,3292.24,TX,False,none
PE-EMP-00465-06,EMP-00465,2025-05-31,2025-06-29,145.7,14.3,4412.49,981.34,3431.15,TX,False,none
PE-EMP-00466-01,EMP-00466,2025-01-01,2025-01-30,151.2,0.7,4335.62,1200.6,3135.02,DE_national,False,none
PE-EMP-00466-02,EMP-00466,2025-01-31,2025-03-01,151.8,5.8,4542.02,1054.54,3487.48,DE_national,False,none
PE-EMP-00466-03,EMP-00466,2025-03-02,2025-03-31,160.2,7.1,4594.56,974.93,3619.63,DE_national,False,none
PE-EMP-00466-04,EMP-00466,2025-04-01,2025-04-30,159.8,4.5,4487.66,841.38,3646.28,DE_national,False,none
PE-EMP-00466-05,EMP-00466,2025-05-01,2025-05-30,160.5,10.0,4710.57,946.24,3764.33,DE_national,False,none
PE-EMP-00466-06,EMP-00466,2025-05-31,2025-06-29,161.1,8.9,4665.68,871.0,3794.68,DE_national,False,none
PE-EMP-00467-01,EMP-00467,2025-01-01,2025-01-30,144.5,2.1,4063.62,926.88,3136.74,FL,False,none
PE-EMP-00467-02,EMP-00467,2025-01-31,2025-03-01,167.4,14.6,4529.75,1257.66,3272.09,FL,False,none
PE-EMP-00467-03,EMP-00467,2025-03-02,2025-03-31,151.7,5.9,4204.25,823.8,3380.45,FL,False,none
PE-EMP-00467-04,EMP-00467,2025-04-01,2025-04-30,149.8,8.9,4316.42,884.25,3432.17,FL,False,none
PE-EMP-00467-05,EMP-00467,2025-05-01,2025-05-30,143.9,3.4,4111.82,1130.36,2981.46,FL,False,none
PE-EMP-00467-06,EMP-00467,2025-05-31,2025-06-29,156.4,6.0,4209.96,1063.43,3146.53,FL,False,none
PE-EMP-00468-01,EMP-00468,2025-01-01,2025-01-30,145.8,0.0,7633.0,1887.12,5745.88,federal,False,none
PE-EMP-00468-02,EMP-00468,2025-01-31,2025-03-01,147.7,0.0,7633.0,1482.64,6150.36,federal,False,none
PE-EMP-00468-03,EMP-00468,2025-03-02,2025-03-31,157.8,0.0,7633.0,1623.9,6009.1,federal,False,none
PE-EMP-00468-04,EMP-00468,2025-04-01,2025-04-30,154.7,0.0,7633.0,1771.33,5861.67,federal,False,none
PE-EMP-00468-05,EMP-00468,2025-05-01,2025-05-30,156.8,0.0,7633.0,1962.95,5670.05,federal,False,none
PE-EMP-00468-06,EMP-00468,2025-05-31,2025-06-29,152.3,0.0,7633.0,1551.16,6081.84,federal,False,none
PE-EMP-00469-01,EMP-00469,2025-01-01,2025-01-30,157.1,12.3,4730.26,1107.48,3622.78,DE_national,False,none
PE-EMP-00469-02,EMP-00469,2025-01-31,2025-03-01,161.1,2.3,4331.63,1160.98,3170.65,DE_national,False,none
PE-EMP-00469-03,EMP-00469,2025-03-02,2025-03-31,166.6,10.8,4669.3,1249.15,3420.15,DE_national,False,none
PE-EMP-00469-04,EMP-00469,2025-04-01,2025-04-30,147.2,0.6,4264.43,1124.95,3139.48,DE_national,False,none
PE-EMP-00469-05,EMP-00469,2025-05-01,2025-05-30,144.7,9.4,4613.79,1026.99,3586.8,DE_national,False,none
PE-EMP-00469-06,EMP-00469,2025-05-31,2025-06-29,153.6,10.6,4663.19,1242.98,3420.21,DE_national,False,none
PE-EMP-00470-01,EMP-00470,2025-01-01,2025-01-30,154.6,0.0,7656.0,1600.95,6055.05,NY,False,none
PE-EMP-00470-02,EMP-00470,2025-01-31,2025-03-01,160.5,0.0,7656.0,1445.89,6210.11,NY,False,none
PE-EMP-00470-03,EMP-00470,2025-03-02,2025-03-31,164.2,0.0,7656.0,2112.85,5543.15,NY,False,none
PE-EMP-00470-04,EMP-00470,2025-04-01,2025-04-30,163.8,0.0,7656.0,1562.81,6093.19,NY,False,none
PE-EMP-00470-05,EMP-00470,2025-05-01,2025-05-30,159.6,0.0,7656.0,1756.69,5899.31,NY,False,none
PE-EMP-00470-06,EMP-00470,2025-05-31,2025-06-29,141.6,0.0,7656.0,1709.18,5946.82,NY,False,none
PE-EMP-00471-01,EMP-00471,2025-01-01,2025-01-30,163.6,1.6,4452.91,1144.37,3308.54,NY,False,none
PE-EMP-00471-02,EMP-00471,2025-01-31,2025-03-01,157.9,11.0,4839.96,1309.08,3530.88,NY,False,none
PE-EMP-00471-03,EMP-00471,2025-03-02,2025-03-31,147.0,4.9,4590.91,1132.57,3458.34,NY,False,none
PE-EMP-00471-04,EMP-00471,2025-04-01,2025-04-30,160.0,5.3,4608.08,835.41,3772.67,NY,False,none
PE-EMP-00471-05,EMP-00471,2025-05-01,2025-05-30,146.2,7.3,4687.61,1118.36,3569.25,NY,False,none
PE-EMP-00471-06,EMP-00471,2025-05-31,2025-06-29,167.9,6.5,4655.66,961.74,3693.92,NY,False,none
PE-EMP-00472-01,EMP-00472,2025-01-01,2025-01-30,153.7,0.0,6819.0,1790.85,5028.15,WA,False,none
PE-EMP-00472-02,EMP-00472,2025-01-31,2025-03-01,155.8,0.0,6819.0,1641.09,5177.91,WA,False,none
PE-EMP-00472-03,EMP-00472,2025-03-02,2025-03-31,164.4,0.0,6819.0,1641.08,5177.92,WA,False,none
PE-EMP-00472-04,EMP-00472,2025-04-01,2025-04-30,141.2,0.0,6819.0,1682.63,5136.37,WA,False,none
PE-EMP-00472-05,EMP-00472,2025-05-01,2025-05-30,163.5,0.0,6819.0,1300.93,5518.07,WA,False,none
PE-EMP-00472-06,EMP-00472,2025-05-31,2025-06-29,142.8,0.0,6819.0,1665.66,5153.34,WA,False,none
PE-EMP-00473-01,EMP-00473,2025-01-01,2025-01-30,167.1,0.0,7310.0,1385.18,5924.82,UK_national,False,none
PE-EMP-00473-02,EMP-00473,2025-01-31,2025-03-01,156.2,0.0,7310.0,1490.23,5819.77,UK_national,False,none
PE-EMP-00473-03,EMP-00473,2025-03-02,2025-03-31,156.9,0.0,7310.0,1834.3,5475.7,UK_national,False,none
PE-EMP-00473-04,EMP-00473,2025-04-01,2025-04-30,160.1,0.0,7310.0,1911.77,5398.23,UK_national,False,none
PE-EMP-00473-05,EMP-00473,2025-05-01,2025-05-30,158.1,0.0,7310.0,1344.94,5965.06,UK_national,False,none
PE-EMP-00473-06,EMP-00473,2025-05-31,2025-06-29,152.9,0.0,7310.0,1637.62,5672.38,UK_national,False,none
PE-EMP-00474-01,EMP-00474,2025-01-01,2025-01-30,141.0,0.0,7798.0,2076.93,5721.07,TX,False,none
PE-EMP-00474-02,EMP-00474,2025-01-31,2025-03-01,162.5,0.0,7798.0,1714.54,6083.46,TX,False,none
PE-EMP-00474-03,EMP-00474,2025-03-02,2025-03-31,152.1,0.0,7798.0,1984.11,5813.89,TX,False,none
PE-EMP-00474-04,EMP-00474,2025-04-01,2025-04-30,146.0,0.0,7798.0,2111.76,5686.24,TX,False,none
PE-EMP-00474-05,EMP-00474,2025-05-01,2025-05-30,157.7,0.0,7798.0,1544.58,6253.42,TX,False,none
PE-EMP-00474-06,EMP-00474,2025-05-31,2025-06-29,148.2,0.0,7798.0,1660.16,6137.84,TX,False,none
PE-EMP-00475-01,EMP-00475,2025-01-01,2025-01-30,152.8,6.2,6499.03,1188.27,5310.76,WA,False,none
PE-EMP-00475-02,EMP-00475,2025-01-31,2025-03-01,159.1,13.4,6912.65,1492.16,5420.49,WA,False,none
PE-EMP-00475-03,EMP-00475,2025-03-02,2025-03-31,147.7,5.3,6447.41,1783.09,4664.32,WA,False,none
PE-EMP-00475-04,EMP-00475,2025-04-01,2025-04-30,159.6,11.8,6820.02,1448.92,5371.1,WA,False,none
PE-EMP-00475-05,EMP-00475,2025-05-01,2025-05-30,144.5,9.5,6691.38,1718.76,4972.62,WA,False,none
PE-EMP-00475-06,EMP-00475,2025-05-31,2025-06-29,158.2,8.4,6625.45,1764.68,4860.77,WA,False,none
PE-EMP-00476-01,EMP-00476,2025-01-01,2025-01-30,161.1,0.0,7674.0,1949.74,5724.26,federal,False,none
PE-EMP-00476-02,EMP-00476,2025-01-31,2025-03-01,144.8,0.0,7674.0,1980.64,5693.36,federal,False,none
PE-EMP-00476-03,EMP-00476,2025-03-02,2025-03-31,142.5,0.0,7674.0,1764.89,5909.11,federal,False,none
PE-EMP-00476-04,EMP-00476,2025-04-01,2025-04-30,155.1,0.0,7674.0,1651.29,6022.71,federal,False,none
PE-EMP-00476-05,EMP-00476,2025-05-01,2025-05-30,167.0,0.0,7674.0,1999.2,5674.8,federal,False,none
PE-EMP-00476-06,EMP-00476,2025-05-31,2025-06-29,148.6,0.0,7674.0,1624.23,6049.77,federal,False,none
PE-EMP-00477-01,EMP-00477,2025-01-01,2025-01-30,151.4,13.7,5288.41,999.74,4288.67,UK_national,False,none
PE-EMP-00477-02,EMP-00477,2025-01-31,2025-03-01,161.2,9.3,5095.75,1243.1,3852.65,UK_national,False,none
PE-EMP-00477-03,EMP-00477,2025-03-02,2025-03-31,153.6,3.0,4819.21,1279.97,3539.24,UK_national,False,none
PE-EMP-00477-04,EMP-00477,2025-04-01,2025-04-30,150.1,5.1,4908.07,1098.31,3809.76,UK_national,False,none
PE-EMP-00477-05,EMP-00477,2025-05-01,2025-05-30,140.4,2.4,4790.92,943.11,3847.81,UK_national,False,none
PE-EMP-00477-06,EMP-00477,2025-05-31,2025-06-29,154.2,2.8,4811.07,1015.39,3795.68,UK_national,False,none
PE-EMP-00478-01,EMP-00478,2025-01-01,2025-01-30,148.3,0.0,7725.0,1886.68,5838.32,DE_national,False,none
PE-EMP-00478-02,EMP-00478,2025-01-31,2025-03-01,145.0,0.0,7725.0,1823.04,5901.96,DE_national,False,none
PE-EMP-00478-03,EMP-00478,2025-03-02,2025-03-31,142.1,0.0,11909.53,1868.27,5856.73,DE_national,True,rate_violation
PE-EMP-00478-04,EMP-00478,2025-04-01,2025-04-30,159.9,0.0,7725.0,1462.62,6262.38,DE_national,False,none
PE-EMP-00478-05,EMP-00478,2025-05-01,2025-05-30,158.6,0.0,7725.0,2097.1,5627.9,DE_national,False,none
PE-EMP-00478-06,EMP-00478,2025-05-31,2025-06-29,144.1,0.0,7725.0,2048.83,5676.17,DE_national,False,none
PE-EMP-00479-01,EMP-00479,2025-01-01,2025-01-30,143.7,5.1,4729.93,1018.73,3711.2,CA,False,none
PE-EMP-00479-02,EMP-00479,2025-01-31,2025-03-01,160.6,5.8,4758.54,1258.64,3499.9,CA,False,none
PE-EMP-00479-03,EMP-00479,2025-03-02,2025-03-31,157.2,13.1,5070.36,1317.53,3752.83,CA,False,none
PE-EMP-00479-04,EMP-00479,2025-04-01,2025-04-30,146.3,14.6,5130.21,1089.57,4040.64,CA,False,none
PE-EMP-00479-05,EMP-00479,2025-05-01,2025-05-30,144.3,12.4,5038.41,1030.81,4007.6,CA,False,none
PE-EMP-00479-06,EMP-00479,2025-05-31,2025-06-29,146.3,14.9,5144.13,939.5,4204.63,CA,False,none
PE-EMP-00480-01-DUP,EMP-00480,2025-01-01,2025-01-30,146.1,0.0,7250.0,1808.93,5441.07,FL,True,duplicate_payment
PE-EMP-00480-02,EMP-00480,2025-01-31,2025-03-01,152.3,0.0,7250.0,1939.47,5310.53,FL,False,none
PE-EMP-00480-03,EMP-00480,2025-03-02,2025-03-31,144.1,0.0,10540.05,1893.36,5356.64,FL,True,rate_violation
PE-EMP-00480-04,EMP-00480,2025-04-01,2025-04-30,167.0,0.0,7250.0,1520.18,5729.82,FL,False,none
PE-EMP-00480-05,EMP-00480,2025-05-01,2025-05-30,153.5,0.0,7250.0,1926.71,5323.29,FL,False,none
PE-EMP-00480-06,EMP-00480,2025-05-31,2025-06-29,155.6,0.0,7250.0,1623.24,5626.76,FL,False,none
PE-EMP-00481-01,EMP-00481,2025-01-01,2025-01-30,145.2,15.0,7510.65,1496.3,6014.35,NY,False,none
PE-EMP-00481-02,EMP-00481,2025-01-31,2025-03-01,156.1,7.8,7066.28,1554.31,5511.97,NY,False,none
PE-EMP-00481-03,EMP-00481,2025-03-02,2025-03-31,147.3,13.5,7421.71,1623.21,5798.5,NY,False,none
PE-EMP-00481-04,EMP-00481,2025-04-01,2025-04-30,162.4,12.0,7323.96,1584.88,5739.08,NY,False,none
PE-EMP-00481-05,EMP-00481,2025-05-01,2025-05-30,165.9,6.5,6985.46,1512.01,5473.45,NY,False,none
PE-EMP-00481-06,EMP-00481,2025-05-31,2025-06-29,142.2,3.5,6803.37,1592.24,5211.13,NY,False,none
PE-EMP-00482-01,EMP-00482,2025-01-01,2025-01-30,149.0,0.0,7259.0,1809.81,5449.19,DE_national,False,none
PE-EMP-00482-02,EMP-00482,2025-01-31,2025-03-01,159.7,0.0,7259.0,1907.26,5351.74,DE_national,False,none
PE-EMP-00482-03,EMP-00482,2025-03-02,2025-03-31,156.2,0.0,7259.0,1884.11,5374.89,DE_national,False,none
PE-EMP-00482-04,EMP-00482,2025-04-01,2025-04-30,165.7,0.0,7259.0,1376.76,5882.24,DE_national,False,none
PE-EMP-00482-05,EMP-00482,2025-05-01,2025-05-30,159.8,0.0,7259.0,2022.0,5237.0,DE_national,False,none
PE-EMP-00482-06,EMP-00482,2025-05-31,2025-06-29,142.9,0.0,7259.0,1695.24,5563.76,DE_national,False,none
PE-EMP-00483-01,EMP-00483,2025-01-01,2025-01-30,149.8,12.4,5128.93,1040.06,4088.87,WA,False,none
PE-EMP-00483-02,EMP-00483,2025-01-31,2025-03-01,163.0,10.5,5048.71,1401.77,3646.94,WA,False,none
PE-EMP-00483-03,EMP-00483,2025-03-02,2025-03-31,163.4,3.4,4739.72,980.71,3759.01,WA,False,none
PE-EMP-00483-04,EMP-00483,2025-04-01,2025-04-30,156.5,6.9,4892.39,1094.85,3797.54,WA,False,none
PE-EMP-00483-05,EMP-00483,2025-05-01,2025-05-30,140.6,1.0,4636.78,1296.35,3340.43,WA,False,none
PE-EMP-00483-06,EMP-00483,2025-05-31,2025-06-29,165.1,6.7,4884.79,1196.91,3687.88,WA,False,none
PE-EMP-00484-01,EMP-00484,2025-01-01,2025-01-30,141.8,7.1,4427.09,1109.57,3317.52,NY,False,none
PE-EMP-00484-02,EMP-00484,2025-01-31,2025-03-01,147.7,5.3,4355.78,1199.9,3155.88,NY,False,none
PE-EMP-00484-03,EMP-00484,2025-03-02,2025-03-31,140.8,3.8,4296.04,1158.44,3137.6,NY,False,none
PE-EMP-00484-04,EMP-00484,2025-04-01,2025-04-30,161.4,9.0,4497.75,1003.37,3494.38,NY,False,none
PE-EMP-00484-05,EMP-00484,2025-05-01,2025-05-30,158.5,2.0,4226.81,928.31,3298.5,NY,False,none
PE-EMP-00484-06,EMP-00484,2025-05-31,2025-06-29,148.5,4.6,4329.77,1081.23,3248.54,NY,False,none
PE-EMP-00485-01,EMP-00485,2025-01-01,2025-01-30,154.2,3.5,6370.75,1655.39,4715.36,UK_national,False,none
PE-EMP-00485-02,EMP-00485,2025-01-31,2025-03-01,167.4,6.1,6522.2,1673.79,4848.41,UK_national,False,none
PE-EMP-00485-03,EMP-00485,2025-03-02,2025-03-31,167.2,8.8,6678.12,1778.21,4899.91,UK_national,False,none
PE-EMP-00485-04,EMP-00485,2025-04-01,2025-04-30,156.4,0.8,6214.95,1587.59,4627.36,UK_national,False,none
PE-EMP-00485-05,EMP-00485,2025-05-01,2025-05-30,141.8,11.6,6841.0,1279.96,5561.04,UK_national,False,none
PE-EMP-00485-06,EMP-00485,2025-05-31,2025-06-29,145.4,6.2,6527.9,1280.26,5247.64,UK_national,False,none
PE-EMP-00486-01,EMP-00486,2025-01-01,2025-01-30,167.7,14.7,7490.02,1927.73,5562.29,CA,False,none
PE-EMP-00486-02,EMP-00486,2025-01-31,2025-03-01,166.0,12.5,7356.67,1345.89,6010.78,CA,False,none
PE-EMP-00486-03,EMP-00486,2025-03-02,2025-03-31,142.6,10.9,7257.55,1547.16,5710.39,CA,False,none
PE-EMP-00486-04,EMP-00486,2025-04-01,2025-04-30,159.2,6.1,6956.59,1739.79,5216.8,CA,False,none
PE-EMP-00486-05,EMP-00486,2025-05-01,2025-05-30,153.3,12.1,7328.14,1598.48,5729.66,CA,False,none
PE-EMP-00486-06,EMP-00486,2025-05-31,2025-06-29,148.7,12.7,7367.34,1460.94,5906.4,CA,False,none
PE-EMP-00487-01,EMP-00487,2025-01-01,2025-01-30,152.1,0.0,8020.0,1585.88,6434.12,federal,False,none
PE-EMP-00487-02,EMP-00487,2025-01-31,2025-03-01,142.5,0.0,8020.0,1645.72,6374.28,federal,False,none
PE-EMP-00487-03,EMP-00487,2025-03-02,2025-03-31,145.6,0.0,8020.0,1652.53,6367.47,federal,False,none
PE-EMP-00487-04,EMP-00487,2025-04-01,2025-04-30,158.1,0.0,8020.0,1725.26,6294.74,federal,False,none
PE-EMP-00487-05,EMP-00487,2025-05-01,2025-05-30,152.6,0.0,8020.0,1509.02,6510.98,federal,False,none
PE-EMP-00487-06,EMP-00487,2025-05-31,2025-06-29,147.2,0.0,8020.0,1519.01,6500.99,federal,False,none
PE-EMP-00488-01,EMP-00488,2025-01-01,2025-01-30,141.7,0.0,7685.0,2059.04,5625.96,TX,False,none
PE-EMP-00488-02,EMP-00488,2025-01-31,2025-03-01,159.1,0.0,7685.0,1811.45,5873.55,TX,False,none
PE-EMP-00488-03,EMP-00488,2025-03-02,2025-03-31,140.0,0.0,7685.0,1456.68,6228.32,TX,False,none
PE-EMP-00488-04,EMP-00488,2025-04-01,2025-04-30,140.4,0.0,7685.0,2140.37,5544.63,TX,False,none
PE-EMP-00488-05,EMP-00488,2025-05-01,2025-05-30,148.6,0.0,7685.0,1634.49,6050.51,TX,False,none
PE-EMP-00488-06,EMP-00488,2025-05-31,2025-06-29,155.9,0.0,7685.0,1998.13,5686.87,TX,False,none
PE-EMP-00489-01,EMP-00489,2025-01-01,2025-01-30,141.9,0.0,8255.0,1795.33,6459.67,TX,False,none
PE-EMP-00489-02,EMP-00489,2025-01-31,2025-03-01,157.8,0.0,8255.0,1628.21,6626.79,TX,False,none
PE-EMP-00489-03,EMP-00489,2025-03-02,2025-03-31,155.0,0.0,8255.0,1897.17,6357.83,TX,False,none
PE-EMP-00489-04,EMP-00489,2025-04-01,2025-04-30,142.7,0.0,8255.0,2291.4,5963.6,TX,False,none
PE-EMP-00489-05,EMP-00489,2025-05-01,2025-05-30,144.3,0.0,8255.0,2049.87,6205.13,TX,False,none
PE-EMP-00489-06,EMP-00489,2025-05-31,2025-06-29,145.0,0.0,8255.0,1794.78,6460.22,TX,False,none
PE-EMP-00490-01,EMP-00490,2025-01-01,2025-01-30,163.7,0.0,6845.0,1533.76,5311.24,DE_national,False,none
PE-EMP-00490-02,EMP-00490,2025-01-31,2025-03-01,154.2,0.0,6845.0,1760.52,5084.48,DE_national,False,none
PE-EMP-00490-03,EMP-00490,2025-03-02,2025-03-31,152.5,0.0,6845.0,1789.53,5055.47,DE_national,False,none
PE-EMP-00490-04,EMP-00490,2025-04-01,2025-04-30,166.2,0.0,6845.0,1657.92,5187.08,DE_national,False,none
PE-EMP-00490-05,EMP-00490,2025-05-01,2025-05-30,162.2,0.0,6845.0,1840.1,5004.9,DE_national,False,none
PE-EMP-00490-06,EMP-00490,2025-05-31,2025-06-29,166.2,0.0,6845.0,1314.43,5530.57,DE_national,False,none
PE-EMP-00491-01,EMP-00491,2025-01-01,2025-01-30,143.0,0.0,6777.0,1853.53,4923.47,DE_national,False,none
PE-EMP-00491-02,EMP-00491,2025-01-31,2025-03-01,156.5,0.0,6777.0,1682.75,5094.25,DE_national,False,none
PE-EMP-00491-03,EMP-00491,2025-03-02,2025-03-31,142.8,0.0,6777.0,1333.3,5443.7,DE_national,False,none
PE-EMP-00491-04,EMP-00491,2025-04-01,2025-04-30,144.3,0.0,6777.0,1350.76,5426.24,DE_national,False,none
PE-EMP-00491-05,EMP-00491,2025-05-01,2025-05-30,149.4,0.0,6777.0,1635.42,5141.58,DE_national,False,none
PE-EMP-00491-06,EMP-00491,2025-05-31,2025-06-29,158.4,0.0,6777.0,1527.99,5249.01,DE_national,False,none
PE-EMP-00492-01,EMP-00492,2025-01-01,2025-01-30,166.4,12.5,5219.59,1348.77,3870.82,DE_national,False,none
PE-EMP-00492-02,EMP-00492,2025-01-31,2025-03-01,146.9,10.0,5112.43,953.71,4158.72,DE_national,False,none
PE-EMP-00492-03,EMP-00492,2025-03-02,2025-03-31,153.7,2.1,4765.91,1315.58,3450.33,DE_national,False,none
PE-EMP-00492-04,EMP-00492,2025-04-01,2025-04-30,141.6,11.9,5194.81,956.67,4238.14,DE_national,False,none
PE-EMP-00492-05,EMP-00492,2025-05-01,2025-05-30,163.6,14.7,5318.54,1212.85,4105.69,DE_national,False,none
PE-EMP-00492-06,EMP-00492,2025-05-31,2025-06-29,156.6,9.9,5106.49,1304.51,3801.98,DE_national,False,none
PE-EMP-00493-01,EMP-00493,2025-01-01,2025-01-30,142.5,0.0,7350.0,1946.11,5403.89,DE_national,False,none
PE-EMP-00493-02,EMP-00493,2025-01-31,2025-03-01,165.5,0.0,7350.0,1804.28,5545.72,DE_national,False,none
PE-EMP-00493-03,EMP-00493,2025-03-02,2025-03-31,159.7,0.0,7350.0,1736.8,5613.2,DE_national,False,none
PE-EMP-00493-04,EMP-00493,2025-04-01,2025-04-30,161.2,0.0,7350.0,1706.43,5643.57,DE_national,False,none
PE-EMP-00493-05,EMP-00493,2025-05-01,2025-05-30,147.9,0.0,7350.0,1795.75,5554.25,DE_national,False,none
PE-EMP-00493-06,EMP-00493,2025-05-31,2025-06-29,161.4,0.0,7350.0,1422.57,5927.43,DE_national,False,none
PE-EMP-00494-01,EMP-00494,2025-01-01,2025-01-30,157.5,0.0,8844.0,1851.01,6992.99,UK_national,False,none
PE-EMP-00494-02,EMP-00494,2025-01-31,2025-03-01,150.6,0.0,8844.0,1949.43,6894.57,UK_national,False,none
PE-EMP-00494-03,EMP-00494,2025-03-02,2025-03-31,153.8,0.0,8844.0,2025.69,6818.31,UK_national,False,none
PE-EMP-00494-04,EMP-00494,2025-04-01,2025-04-30,153.6,0.0,8844.0,1876.27,6967.73,UK_national,False,none
PE-EMP-00494-05,EMP-00494,2025-05-01,2025-05-30,153.9,0.0,8844.0,1935.78,6908.22,UK_national,False,none
PE-EMP-00494-06,EMP-00494,2025-05-31,2025-06-29,148.0,0.0,8844.0,2287.38,6556.62,UK_national,False,none
PE-EMP-00495-01,EMP-00495,2025-01-01,2025-01-30,163.3,10.3,4434.11,822.58,3611.53,WA,False,none
PE-EMP-00495-02,EMP-00495,2025-01-31,2025-03-01,165.0,2.8,4151.98,784.39,3367.59,WA,False,none
PE-EMP-00495-03,EMP-00495,2025-03-02,2025-03-31,144.9,11.2,4470.4,1060.05,3410.35,WA,False,none
PE-EMP-00495-04,EMP-00495,2025-04-01,2025-04-30,140.8,4.7,4223.42,780.47,3442.95,WA,False,none
PE-EMP-00495-05,EMP-00495,2025-05-01,2025-05-30,149.8,14.5,4594.92,1003.94,3590.98,WA,False,none
PE-EMP-00495-06,EMP-00495,2025-05-31,2025-06-29,159.2,8.1,4350.9,1141.57,3209.33,WA,False,none
PE-EMP-00496-01,EMP-00496,2025-01-01,2025-01-30,154.2,0.0,8215.0,1835.07,6379.93,federal,False,none
PE-EMP-00496-02,EMP-00496,2025-01-31,2025-03-01,154.2,0.0,8215.0,2176.33,6038.67,federal,False,none
PE-EMP-00496-03,EMP-00496,2025-03-02,2025-03-31,141.3,0.0,8215.0,2038.25,6176.75,federal,False,none
PE-EMP-00496-04,EMP-00496,2025-04-01,2025-04-30,152.8,0.0,8215.0,1654.91,6560.09,federal,False,none
PE-EMP-00496-05,EMP-00496,2025-05-01,2025-05-30,146.2,0.0,8215.0,1631.26,6583.74,federal,False,none
PE-EMP-00496-06,EMP-00496,2025-05-31,2025-06-29,160.0,0.0,8215.0,1741.84,6473.16,federal,False,none
PE-EMP-00497-01,EMP-00497,2025-01-01,2025-01-30,156.0,0.0,8127.0,1865.37,6261.63,CA,False,none
PE-EMP-00497-02,EMP-00497,2025-01-31,2025-03-01,141.3,0.0,8127.0,1961.06,6165.94,CA,False,none
PE-EMP-00497-03,EMP-00497,2025-03-02,2025-03-31,165.2,0.0,8127.0,1772.9,6354.1,CA,False,none
PE-EMP-00497-04,EMP-00497,2025-04-01,2025-04-30,148.1,0.0,8127.0,1557.4,6569.6,CA,False,none
PE-EMP-00497-05,EMP-00497,2025-05-01,2025-05-30,158.5,0.0,8127.0,2197.86,5929.14,CA,False,none
PE-EMP-00497-06,EMP-00497,2025-05-31,2025-06-29,149.3,0.0,8127.0,2206.68,5920.32,CA,False,none
PE-EMP-00498-01,EMP-00498,2025-01-01,2025-01-30,146.4,2.7,4004.28,876.9,3127.38,UK_national,False,none
PE-EMP-00498-02,EMP-00498,2025-01-31,2025-03-01,144.4,13.8,4411.14,971.31,3439.83,UK_national,False,none
PE-EMP-00498-03,EMP-00498,2025-03-02,2025-03-31,147.2,9.0,4235.97,1025.85,3210.12,UK_national,False,none
PE-EMP-00498-04,EMP-00498,2025-04-01,2025-04-30,159.9,13.8,4413.66,1094.76,3318.9,UK_national,False,none
PE-EMP-00498-05,EMP-00498,2025-05-01,2025-05-30,166.3,13.5,4402.63,928.84,3473.79,UK_national,False,none
PE-EMP-00498-06,EMP-00498,2025-05-31,2025-06-29,151.5,9.8,4265.96,1157.67,3108.29,UK_national,False,none
PE-EMP-00499-01,EMP-00499,2025-01-01,2025-01-30,163.1,0.0,7370.0,1334.14,6035.86,NY,False,none
PE-EMP-00499-02,EMP-00499,2025-01-31,2025-03-01,163.6,0.0,7370.0,1604.55,5765.45,NY,False,none
PE-EMP-00499-03,EMP-00499,2025-03-02,2025-03-31,161.8,0.0,7370.0,1466.26,5903.74,NY,False,none
PE-EMP-00499-04,EMP-00499,2025-04-01,2025-04-30,140.3,0.0,7370.0,1513.37,5856.63,NY,False,none
PE-EMP-00499-05,EMP-00499,2025-05-01,2025-05-30,141.2,0.0,7370.0,1836.99,5533.01,NY,False,none
PE-EMP-00499-06,EMP-00499,2025-05-31,2025-06-29,143.6,0.0,7370.0,1891.97,5478.03,NY,False,none
PE-EMP-00500-01,EMP-00500,2025-01-01,2025-01-30,142.0,0.0,6753.0,1681.16,5071.84,TX,False,none
PE-EMP-00500-02,EMP-00500,2025-01-31,2025-03-01,144.4,0.0,6753.0,1292.78,5460.22,TX,False,none
PE-EMP-00500-03,EMP-00500,2025-03-02,2025-03-31,141.9,0.0,6753.0,1749.83,5003.17,TX,False,none
PE-EMP-00500-04,EMP-00500,2025-04-01,2025-04-30,144.7,0.0,6753.0,1578.14,5174.86,TX,True,rule_override
PE-EMP-00500-05,EMP-00500,2025-05-01,2025-05-30,166.7,0.0,6753.0,1715.32,5037.68,TX,False,none
PE-EMP-00500-06,EMP-00500,2025-05-31,2025-06-29,159.5,0.0,6753.0,1698.4,5054.6,TX,False,none
PE-EMP-00501-01,EMP-00501,2025-01-01,2025-01-30,148.0,0.0,7420.0,1546.93,5873.07,NY,False,none
PE-EMP-00501-02,EMP-00501,2025-01-31,2025-03-01,147.3,0.0,7420.0,1970.39,5449.61,NY,False,none
PE-EMP-00501-03,EMP-00501,2025-03-02,2025-03-31,151.1,0.0,7420.0,1900.25,5519.75,NY,False,none
PE-EMP-00501-04,EMP-00501,2025-04-01,2025-04-30,145.7,0.0,7420.0,1992.71,5427.29,NY,False,none
PE-EMP-00501-05,EMP-00501,2025-05-01,2025-05-30,163.7,0.0,7420.0,1399.79,6020.21,NY,False,none
PE-EMP-00501-06,EMP-00501,2025-05-31,2025-06-29,154.5,0.0,7420.0,1484.58,5935.42,NY,False,none
PE-EMP-00502-01,EMP-00502,2025-01-01,2025-01-30,153.4,0.0,8135.0,1493.34,6641.66,NY,False,none
PE-EMP-00502-02,EMP-00502,2025-01-31,2025-03-01,141.1,0.0,8135.0,1554.93,6580.07,NY,False,none
PE-EMP-00502-03,EMP-00502,2025-03-02,2025-03-31,142.3,0.0,8135.0,1779.99,6355.01,NY,False,none
PE-EMP-00502-04,EMP-00502,2025-04-01,2025-04-30,141.9,0.0,8135.0,2028.56,6106.44,NY,False,none
PE-EMP-00502-05,EMP-00502,2025-05-01,2025-05-30,150.4,0.0,8135.0,1818.94,6316.06,NY,False,none
PE-EMP-00502-06,EMP-00502,2025-05-31,2025-06-29,152.4,0.0,8135.0,2064.94,6070.06,NY,False,none
PE-EMP-00503-01,EMP-00503,2025-01-01,2025-01-30,154.1,11.5,7437.96,1831.88,5606.08,CA,False,none
PE-EMP-00503-02,EMP-00503,2025-01-31,2025-03-01,160.3,14.6,7631.81,1960.27,5671.54,CA,False,none
PE-EMP-00503-03,EMP-00503,2025-03-02,2025-03-31,144.3,0.7,6753.3,1225.19,5528.11,CA,False,none
PE-EMP-00503-04,EMP-00503,2025-04-01,2025-04-30,144.9,12.9,7523.25,1542.87,5980.38,CA,False,none
PE-EMP-00503-05,EMP-00503,2025-05-01,2025-05-30,141.6,6.9,7148.1,1931.1,5217.0,CA,False,none
PE-EMP-00503-06,EMP-00503,2025-05-31,2025-06-29,154.2,5.7,7070.7,1942.19,5128.51,CA,False,none
PE-EMP-00504-01,EMP-00504,2025-01-01,2025-01-30,157.6,0.0,8072.0,1634.77,6437.23,DE_national,False,none
PE-EMP-00504-02,EMP-00504,2025-01-31,2025-03-01,160.2,0.0,8072.0,1724.09,6347.91,DE_national,False,none
PE-EMP-00504-03,EMP-00504,2025-03-02,2025-03-31,152.3,0.0,8072.0,1473.39,6598.61,DE_national,False,none
PE-EMP-00504-04,EMP-00504,2025-04-01,2025-04-30,156.8,0.0,8072.0,2133.77,5938.23,DE_national,False,none
PE-EMP-00504-05,EMP-00504,2025-05-01,2025-05-30,144.5,0.0,8072.0,1685.28,6386.72,DE_national,False,none
PE-EMP-00504-06,EMP-00504,2025-05-31,2025-06-29,148.9,0.0,8072.0,1894.6,6177.4,DE_national,False,none
PE-EMP-00505-01,EMP-00505,2025-01-01,2025-01-30,154.5,1.7,4082.96,761.53,3321.43,NY,False,none
PE-EMP-00505-02,EMP-00505,2025-01-31,2025-03-01,160.3,0.3,4029.87,1015.72,3014.15,NY,False,none
PE-EMP-00505-03,EMP-00505,2025-03-02,2025-03-31,165.2,4.8,4201.84,772.48,3429.36,NY,False,none
PE-EMP-00505-04,EMP-00505,2025-04-01,2025-04-30,140.1,10.3,4406.85,795.83,3611.02,NY,False,none
PE-EMP-00505-05,EMP-00505,2025-05-01,2025-05-30,155.9,0.9,4053.02,886.61,3166.41,NY,False,none
PE-EMP-00505-06,EMP-00505,2025-05-31,2025-06-29,141.0,12.9,4504.47,1154.12,3350.35,NY,False,none
PE-EMP-00506-01,EMP-00506,2025-01-01,2025-01-30,140.6,0.0,7356.0,1725.41,5630.59,TX,False,none
PE-EMP-00506-02,EMP-00506,2025-01-31,2025-03-01,153.3,0.0,7356.0,1930.21,5425.79,TX,False,none
PE-EMP-00506-03,EMP-00506,2025-03-02,2025-03-31,150.8,0.0,7356.0,1744.47,5611.53,TX,False,none
PE-EMP-00506-04,EMP-00506,2025-04-01,2025-04-30,150.8,0.0,7356.0,1828.41,5527.59,TX,False,none
PE-EMP-00506-05,EMP-00506,2025-05-01,2025-05-30,146.7,0.0,7356.0,1993.65,5362.35,TX,False,none
PE-EMP-00506-06,EMP-00506,2025-05-31,2025-06-29,147.0,0.0,7356.0,1684.94,5671.06,TX,False,none
PE-EMP-00507-01,EMP-00507,2025-01-01,2025-01-30,157.8,0.0,8359.0,2323.91,6035.09,DE_national,False,none
PE-EMP-00507-02,EMP-00507,2025-01-31,2025-03-01,165.2,0.0,8359.0,1905.12,6453.88,DE_national,False,none
PE-EMP-00507-03,EMP-00507,2025-03-02,2025-03-31,164.6,0.0,8359.0,1884.31,6474.69,DE_national,False,none
PE-EMP-00507-04,EMP-00507,2025-04-01,2025-04-30,148.0,0.0,8359.0,1691.73,6667.27,DE_national,False,none
PE-EMP-00507-05,EMP-00507,2025-05-01,2025-05-30,167.0,0.0,8359.0,2115.64,6243.36,DE_national,False,none
PE-EMP-00507-06,EMP-00507,2025-05-31,2025-06-29,147.2,0.0,8359.0,1829.33,6529.67,DE_national,False,none
PE-EMP-00508-01,EMP-00508,2025-01-01,2025-01-30,152.1,2.4,6225.25,1581.22,4644.03,FL,False,none
PE-EMP-00508-02,EMP-00508,2025-01-31,2025-03-01,151.5,4.5,6344.72,1169.05,5175.67,FL,False,none
PE-EMP-00508-03,EMP-00508,2025-03-02,2025-03-31,167.6,13.2,6841.22,1814.08,5027.14,FL,False,none
PE-EMP-00508-04,EMP-00508,2025-04-01,2025-04-30,145.8,1.9,6195.04,1503.23,4691.81,FL,False,none
PE-EMP-00508-05,EMP-00508,2025-05-01,2025-05-30,152.9,6.1,6435.41,1727.02,4708.39,FL,False,none
PE-EMP-00508-06,EMP-00508,2025-05-31,2025-06-29,153.0,6.8,6475.24,1782.23,4693.01,FL,False,none
PE-EMP-00509-01,EMP-00509,2025-01-01,2025-01-30,143.7,5.1,7317.86,1804.13,5513.73,federal,False,none
PE-EMP-00509-02,EMP-00509,2025-01-31,2025-03-01,160.0,7.9,7506.61,1535.86,5970.75,federal,False,none
PE-EMP-00509-03,EMP-00509,2025-03-02,2025-03-31,160.4,8.5,7544.39,2073.2,5471.19,federal,False,none
PE-EMP-00509-04,EMP-00509,2025-04-01,2025-04-30,153.0,11.8,7756.33,1678.02,6078.31,federal,False,none
PE-EMP-00509-05,EMP-00509,2025-05-01,2025-05-30,150.5,12.9,7833.27,2030.44,5802.83,federal,False,none
PE-EMP-00509-06,EMP-00509,2025-05-31,2025-06-29,153.2,4.6,7287.5,1598.02,5689.48,federal,False,none
PE-EMP-00510-01,EMP-00510,2025-01-01,2025-01-30,152.7,0.0,7360.0,1724.32,5635.68,WA,False,none
PE-EMP-00510-02,EMP-00510,2025-01-31,2025-03-01,166.8,0.0,7360.0,1990.64,5369.36,WA,False,none
PE-EMP-00510-03,EMP-00510,2025-03-02,2025-03-31,151.5,0.0,7360.0,1965.2,5394.8,WA,False,none
PE-EMP-00510-04,EMP-00510,2025-04-01,2025-04-30,149.5,0.0,7360.0,1471.57,5888.43,WA,False,none
PE-EMP-00510-05,EMP-00510,2025-05-01,2025-05-30,158.5,0.0,7360.0,1979.78,5380.22,WA,False,none
PE-EMP-00510-06,EMP-00510,2025-05-31,2025-06-29,152.1,0.0,7360.0,2014.52,5345.48,WA,False,none
PE-EMP-00511-01,EMP-00511,2025-01-01,2025-01-30,145.8,14.1,7033.68,1282.83,5750.85,WA,False,none
PE-EMP-00511-02,EMP-00511,2025-01-31,2025-03-01,167.5,8.5,6705.49,1322.55,5382.94,WA,False,none
PE-EMP-00511-03,EMP-00511,2025-03-02,2025-03-31,158.0,10.2,6804.38,1748.21,5056.17,WA,False,none
PE-EMP-00511-04,EMP-00511,2025-04-01,2025-04-30,144.2,8.6,6712.2,1745.73,4966.47,WA,False,none
PE-EMP-00511-05,EMP-00511,2025-05-01,2025-05-30,160.7,4.7,6486.39,1326.92,5159.47,WA,False,none
PE-EMP-00511-06-DUP,EMP-00511,2025-05-31,2025-06-29,157.1,11.4,6875.98,1572.32,5303.66,WA,True,duplicate_payment
PE-EMP-00512-01,EMP-00512,2025-01-01,2025-01-30,154.9,0.0,7961.0,2040.72,5920.28,WA,False,none
PE-EMP-00512-02,EMP-00512,2025-01-31,2025-03-01,141.0,0.0,7961.0,1933.0,6028.0,WA,False,none
PE-EMP-00512-03,EMP-00512,2025-03-02,2025-03-31,141.8,0.0,7961.0,1510.25,6450.75,WA,False,none
PE-EMP-00512-04,EMP-00512,2025-04-01,2025-04-30,165.8,0.0,7961.0,1450.07,6510.93,WA,False,none
PE-EMP-00512-05,EMP-00512,2025-05-01,2025-05-30,149.3,0.0,7961.0,2125.16,5835.84,WA,False,none
PE-EMP-00512-06,EMP-00512,2025-05-31,2025-06-29,166.1,0.0,7961.0,1504.59,6456.41,WA,False,none
PE-EMP-00513-01,EMP-00513,2025-01-01,2025-01-30,166.8,5.4,6559.3,1668.41,4890.89,NY,False,none
PE-EMP-00513-02,EMP-00513,2025-01-31,2025-03-01,157.5,4.6,6516.15,1215.93,5300.22,NY,False,none
PE-EMP-00513-03,EMP-00513,2025-03-02,2025-03-31,152.5,4.7,6523.12,1764.19,4758.93,NY,False,none
PE-EMP-00513-04,EMP-00513,2025-04-01,2025-04-30,148.5,5.1,6543.43,1292.47,5250.96,NY,False,none
PE-EMP-00513-05,EMP-00513,2025-05-01,2025-05-30,164.7,12.0,6950.73,1362.21,5588.52,NY,False,none
PE-EMP-00513-06,EMP-00513,2025-05-31,2025-06-29,165.5,2.4,6389.4,1225.77,5163.63,NY,False,none
PE-EMP-00514-01,EMP-00514,2025-01-01,2025-01-30,155.7,0.0,8256.0,1824.31,6431.69,federal,False,none
PE-EMP-00514-02,EMP-00514,2025-01-31,2025-03-01,159.6,0.0,8256.0,2005.12,6250.88,federal,False,none
PE-EMP-00514-03,EMP-00514,2025-03-02,2025-03-31,163.7,0.0,8256.0,1718.27,6537.73,federal,False,none
PE-EMP-00514-04,EMP-00514,2025-04-01,2025-04-30,143.2,0.0,8256.0,1691.98,6564.02,federal,False,none
PE-EMP-00514-05,EMP-00514,2025-05-01,2025-05-30,165.5,0.0,8256.0,2266.6,5989.4,federal,False,none
PE-EMP-00514-06,EMP-00514,2025-05-31,2025-06-29,141.1,0.0,8256.0,1566.22,6689.78,federal,False,none
PE-EMP-00515-01,EMP-00515,2025-01-01,2025-01-30,153.4,13.2,7370.89,1675.27,5695.62,federal,False,none
PE-EMP-00515-02,EMP-00515,2025-01-31,2025-03-01,167.7,11.5,7266.58,1733.93,5532.65,federal,False,none
PE-EMP-00515-03,EMP-00515,2025-03-02,2025-03-31,156.0,5.4,6893.25,1544.73,5348.52,federal,False,none
PE-EMP-00515-04,EMP-00515,2025-04-01,2025-04-30,153.8,6.7,6971.6,1268.73,5702.87,federal,False,none
PE-EMP-00515-05,EMP-00515,2025-05-01,2025-05-30,149.5,10.1,7178.61,1538.97,5639.64,federal,False,none
PE-EMP-00515-06,EMP-00515,2025-05-31,2025-06-29,145.0,1.3,6637.41,1440.3,5197.11,federal,False,none
PE-EMP-00516-01,EMP-00516,2025-01-01,2025-01-30,165.7,9.4,4039.92,1000.84,3039.08,NY,False,none
PE-EMP-00516-02,EMP-00516,2025-01-31,2025-03-01,166.9,1.7,3771.96,1031.64,2740.32,NY,False,none
PE-EMP-00516-03,EMP-00516,2025-03-02,2025-03-31,148.2,3.0,3816.96,929.13,2887.83,NY,False,none
PE-EMP-00516-04,EMP-00516,2025-04-01,2025-04-30,149.9,11.9,4128.06,1067.75,3060.31,NY,False,none
PE-EMP-00516-05,EMP-00516,2025-05-01,2025-05-30,157.4,14.8,4227.7,970.15,3257.55,NY,False,none
PE-EMP-00516-06,EMP-00516,2025-05-31,2025-06-29,150.2,8.9,4022.31,1122.91,2899.4,NY,False,none
PE-EMP-00517-01,EMP-00517,2025-01-01,2025-01-30,167.5,3.8,6749.64,1561.48,5188.16,UK_national,False,none
PE-EMP-00517-02,EMP-00517,2025-01-31,2025-03-01,148.9,13.6,7346.86,1339.66,6007.2,UK_national,False,none
PE-EMP-00517-03,EMP-00517,2025-03-02,2025-03-31,159.6,2.5,6670.96,1633.99,5036.97,UK_national,False,none
PE-EMP-00517-04,EMP-00517,2025-04-01,2025-04-30,149.5,3.9,6759.17,1889.97,4869.2,UK_national,False,none
PE-EMP-00517-05,EMP-00517,2025-05-01,2025-05-30,158.4,4.1,6768.08,1891.74,4876.34,UK_national,False,none
PE-EMP-00517-06,EMP-00517,2025-05-31,2025-06-29,140.9,9.9,7122.41,1519.15,5603.26,UK_national,False,none
PE-EMP-00518-01,EMP-00518,2025-01-01,2025-01-30,165.9,0.0,7384.0,1973.03,5410.97,UK_national,False,none
PE-EMP-00518-02,EMP-00518,2025-01-31,2025-03-01,156.1,0.0,7384.0,1337.0,6047.0,UK_national,False,none
PE-EMP-00518-03,EMP-00518,2025-03-02,2025-03-31,145.6,0.0,7384.0,1552.64,5831.36,UK_national,False,none
PE-EMP-00518-04,EMP-00518,2025-04-01,2025-04-30,150.9,0.0,7384.0,1676.26,5707.74,UK_national,False,none
PE-EMP-00518-05,EMP-00518,2025-05-01,2025-05-30,147.6,0.0,7384.0,1842.52,5541.48,UK_national,False,none
PE-EMP-00518-06,EMP-00518,2025-05-31,2025-06-29,150.3,0.0,7384.0,1606.12,5777.88,UK_national,False,none
PE-EMP-00519-01,EMP-00519,2025-01-01,2025-01-30,167.8,0.0,7617.0,1761.5,5855.5,NY,False,none
PE-EMP-00519-02,EMP-00519,2025-01-31,2025-03-01,159.8,0.0,7617.0,1694.41,5922.59,NY,False,none
PE-EMP-00519-03,EMP-00519,2025-03-02,2025-03-31,149.7,0.0,7617.0,1471.86,6145.14,NY,False,none
PE-EMP-00519-04,EMP-00519,2025-04-01,2025-04-30,145.4,0.0,7617.0,1570.31,6046.69,NY,False,none
PE-EMP-00519-05,EMP-00519,2025-05-01,2025-05-30,142.3,0.0,7617.0,1585.59,6031.41,NY,False,none
PE-EMP-00519-06,EMP-00519,2025-05-31,2025-06-29,158.8,0.0,7617.0,1713.73,5903.27,NY,False,none
PE-EMP-00520-01,EMP-00520,2025-01-01,2025-01-30,165.6,0.0,7700.0,2006.22,5693.78,federal,False,none
PE-EMP-00520-02,EMP-00520,2025-01-31,2025-03-01,165.1,0.0,7700.0,2049.34,5650.66,federal,False,none
PE-EMP-00520-03,EMP-00520,2025-03-02,2025-03-31,143.6,0.0,7700.0,1403.72,6296.28,federal,False,none
PE-EMP-00520-04,EMP-00520,2025-04-01,2025-04-30,146.8,0.0,7700.0,1972.79,5727.21,federal,False,none
PE-EMP-00520-05,EMP-00520,2025-05-01,2025-05-30,141.8,0.0,7700.0,1522.37,6177.63,federal,False,none
PE-EMP-00520-06,EMP-00520,2025-05-31,2025-06-29,146.6,0.0,7700.0,1826.37,5873.63,federal,False,none
PE-EMP-00521-01,EMP-00521,2025-01-01,2025-01-30,142.1,0.0,8059.0,1521.05,6537.95,FL,False,none
PE-EMP-00521-02,EMP-00521,2025-01-31,2025-03-01,160.6,0.0,8059.0,2033.37,6025.63,FL,False,none
PE-EMP-00521-03,EMP-00521,2025-03-02,2025-03-31,165.4,0.0,8059.0,1725.54,6333.46,FL,False,none
PE-EMP-00521-04,EMP-00521,2025-04-01,2025-04-30,156.3,0.0,8059.0,1507.34,6551.66,FL,False,none
PE-EMP-00521-05,EMP-00521,2025-05-01,2025-05-30,167.1,0.0,8059.0,2228.83,5830.17,FL,False,none
PE-EMP-00521-06,EMP-00521,2025-05-31,2025-06-29,149.3,0.0,8059.0,1959.15,6099.85,FL,False,none
PE-EMP-00522-01,EMP-00522,2025-01-01,2025-01-30,157.2,0.0,8626.0,2126.26,6499.74,DE_national,False,none
PE-EMP-00522-02,EMP-00522,2025-01-31,2025-03-01,143.9,0.0,8626.0,1601.13,7024.87,DE_national,True,rule_override
PE-EMP-00522-03,EMP-00522,2025-03-02,2025-03-31,165.9,0.0,8626.0,2344.55,6281.45,DE_national,False,none
PE-EMP-00522-04,EMP-00522,2025-04-01,2025-04-30,160.1,0.0,8626.0,1712.76,6913.24,DE_national,False,none
PE-EMP-00522-05,EMP-00522,2025-05-01,2025-05-30,152.1,0.0,8626.0,1631.68,6994.32,DE_national,False,none
PE-EMP-00522-06,EMP-00522,2025-05-31,2025-06-29,145.9,0.0,8626.0,2144.08,6481.92,DE_national,False,none
PE-EMP-00523-01,EMP-00523,2025-01-01,2025-01-30,150.8,0.0,8012.0,2016.6,5995.4,NY,False,none
PE-EMP-00523-02,EMP-00523,2025-01-31,2025-03-01,145.4,0.0,8012.0,1943.27,6068.73,NY,False,none
PE-EMP-00523-03,EMP-00523,2025-03-02,2025-03-31,159.8,0.0,8012.0,2097.18,5914.82,NY,False,none
PE-EMP-00523-04,EMP-00523,2025-04-01,2025-04-30,159.8,0.0,8012.0,1838.99,6173.01,NY,False,none
PE-EMP-00523-05,EMP-00523,2025-05-01,2025-05-30,160.5,0.0,8012.0,1818.09,6193.91,NY,True,rule_override
PE-EMP-00523-06,EMP-00523,2025-05-31,2025-06-29,164.1,0.0,8012.0,1916.32,6095.68,NY,False,none
PE-EMP-00524-01,EMP-00524,2025-01-01,2025-01-30,154.2,0.0,8535.0,1913.99,6621.01,federal,False,none
PE-EMP-00524-02,EMP-00524,2025-01-31,2025-03-01,167.3,0.0,8535.0,1604.2,6930.8,federal,False,none
PE-EMP-00524-03,EMP-00524,2025-03-02,2025-03-31,164.6,0.0,8535.0,1760.99,6774.01,federal,False,none
PE-EMP-00524-04,EMP-00524,2025-04-01,2025-04-30,145.3,0.0,8535.0,2027.43,6507.57,federal,False,none
PE-EMP-00524-05,EMP-00524,2025-05-01,2025-05-30,161.3,0.0,8535.0,1642.14,6892.86,federal,False,none
PE-EMP-00524-06,EMP-00524,2025-05-31,2025-06-29,163.8,0.0,8535.0,1696.93,6838.07,federal,False,none
PE-EMP-00525-01,EMP-00525,2025-01-01,2025-01-30,146.4,0.0,7467.0,1908.78,5558.22,TX,False,none
PE-EMP-00525-02,EMP-00525,2025-01-31,2025-03-01,163.4,0.0,7467.0,1638.76,5828.24,TX,False,none
PE-EMP-00525-03,EMP-00525,2025-03-02,2025-03-31,151.5,0.0,7467.0,1565.62,5901.38,TX,False,none
PE-EMP-00525-04,EMP-00525,2025-04-01,2025-04-30,146.1,0.0,7467.0,1822.39,5644.61,TX,False,none
PE-EMP-00525-05,EMP-00525,2025-05-01,2025-05-30,149.7,0.0,7467.0,1531.44,5935.56,TX,False,none
PE-EMP-00525-06,EMP-00525,2025-05-31,2025-06-29,140.2,0.0,7467.0,1523.84,5943.16,TX,False,none
PE-EMP-00526-01,EMP-00526,2025-01-01,2025-01-30,159.1,0.0,8278.0,2227.24,6050.76,UK_national,False,none
PE-EMP-00526-02,EMP-00526,2025-01-31,2025-03-01,144.5,0.0,8278.0,1723.02,6554.98,UK_national,False,none
PE-EMP-00526-03,EMP-00526,2025-03-02,2025-03-31,153.8,0.0,8278.0,1541.05,6736.95,UK_national,False,none
PE-EMP-00526-04,EMP-00526,2025-04-01,2025-04-30,141.7,0.0,8278.0,2237.29,6040.71,UK_national,False,none
PE-EMP-00526-05,EMP-00526,2025-05-01,2025-05-30,152.0,0.0,8278.0,2115.57,6162.43,UK_national,False,none
PE-EMP-00526-06,EMP-00526,2025-05-31,2025-06-29,165.2,0.0,8278.0,2048.01,6229.99,UK_national,False,none
PE-EMP-00527-01,EMP-00527,2025-01-01,2025-01-30,167.4,0.0,8466.0,1901.41,6564.59,DE_national,False,none
PE-EMP-00527-02,EMP-00527,2025-01-31,2025-03-01,148.9,0.0,8466.0,2094.91,6371.09,DE_national,False,none
PE-EMP-00527-03,EMP-00527,2025-03-02,2025-03-31,165.6,0.0,8466.0,2176.94,6289.06,DE_national,False,none
PE-EMP-00527-04,EMP-00527,2025-04-01,2025-04-30,157.0,0.0,8466.0,2114.87,6351.13,DE_national,False,none
PE-EMP-00527-05,EMP-00527,2025-05-01,2025-05-30,155.9,0.0,8466.0,2336.02,6129.98,DE_national,False,none
PE-EMP-00527-06,EMP-00527,2025-05-31,2025-06-29,148.9,0.0,8466.0,2139.48,6326.52,DE_national,False,none
PE-EMP-00528-01,EMP-00528,2025-01-01,2025-01-30,162.7,0.0,7076.0,1527.08,5548.92,TX,False,none
PE-EMP-00528-02,EMP-00528,2025-01-31,2025-03-01,148.4,0.0,7076.0,1535.81,5540.19,TX,False,none
PE-EMP-00528-03,EMP-00528,2025-03-02,2025-03-31,155.3,0.0,7076.0,1619.76,5456.24,TX,False,none
PE-EMP-00528-04,EMP-00528,2025-04-01,2025-04-30,146.4,0.0,7076.0,1800.82,5275.18,TX,False,none
PE-EMP-00528-05,EMP-00528,2025-05-01,2025-05-30,159.3,0.0,7076.0,1394.36,5681.64,TX,False,none
PE-EMP-00528-06,EMP-00528,2025-05-31,2025-06-29,164.6,0.0,7076.0,1563.61,5512.39,TX,False,none
PE-EMP-00529-01,EMP-00529,2025-01-01,2025-01-30,162.3,0.0,7458.0,1584.35,5873.65,FL,False,none
PE-EMP-00529-02,EMP-00529,2025-01-31,2025-03-01,151.3,0.0,7458.0,2047.38,5410.62,FL,False,none
PE-EMP-00529-03,EMP-00529,2025-03-02,2025-03-31,153.0,0.0,7458.0,1990.3,5467.7,FL,False,none
PE-EMP-00529-04,EMP-00529,2025-04-01,2025-04-30,160.7,0.0,7458.0,1456.31,6001.69,FL,False,none
PE-EMP-00529-05,EMP-00529,2025-05-01,2025-05-30,166.6,0.0,7458.0,1629.99,5828.01,FL,False,none
PE-EMP-00529-06-DUP,EMP-00529,2025-05-31,2025-06-29,162.1,0.0,7458.0,1993.79,5464.21,FL,True,duplicate_payment
PE-EMP-00530-01,EMP-00530,2025-01-01,2025-01-30,164.4,0.0,8047.0,1755.42,6291.58,FL,False,none
PE-EMP-00530-02,EMP-00530,2025-01-31,2025-03-01,150.2,0.0,8047.0,1568.67,6478.33,FL,False,none
PE-EMP-00530-03,EMP-00530,2025-03-02,2025-03-31,162.9,0.0,8047.0,1798.01,6248.99,FL,False,none
PE-EMP-00530-04,EMP-00530,2025-04-01,2025-04-30,144.2,0.0,8047.0,2177.01,5869.99,FL,False,none
PE-EMP-00530-05,EMP-00530,2025-05-01,2025-05-30,146.1,0.0,8047.0,2209.74,5837.26,FL,False,none
PE-EMP-00530-06,EMP-00530,2025-05-31,2025-06-29,153.2,0.0,8047.0,1461.65,6585.35,FL,False,none
PE-EMP-00531-01,EMP-00531,2025-01-01,2025-01-30,145.5,0.0,7653.0,1584.85,6068.15,TX,False,none
PE-EMP-00531-02,EMP-00531,2025-01-31,2025-03-01,144.4,0.0,7653.0,1758.14,5894.86,TX,False,none
PE-EMP-00531-03,EMP-00531,2025-03-02,2025-03-31,163.9,0.0,7653.0,2012.57,5640.43,TX,False,none
PE-EMP-00531-04,EMP-00531,2025-04-01,2025-04-30,145.3,0.0,7653.0,1590.04,6062.96,TX,False,none
PE-EMP-00531-05,EMP-00531,2025-05-01,2025-05-30,154.0,0.0,7653.0,1841.94,5811.06,TX,False,none
PE-EMP-00531-06,EMP-00531,2025-05-31,2025-06-29,163.8,0.0,7653.0,1710.53,5942.47,TX,False,none
PE-EMP-00532-01,EMP-00532,2025-01-01,2025-01-30,158.6,0.0,7554.0,1727.86,5826.14,federal,False,none
PE-EMP-00532-02,EMP-00532,2025-01-31,2025-03-01,143.0,0.0,7554.0,1626.66,5927.34,federal,False,none
PE-EMP-00532-03,EMP-00532,2025-03-02,2025-03-31,159.8,0.0,7554.0,2079.58,5474.42,federal,False,none
PE-EMP-00532-04,EMP-00532,2025-04-01,2025-04-30,144.0,0.0,7554.0,1818.87,5735.13,federal,False,none
PE-EMP-00532-05,EMP-00532,2025-05-01,2025-05-30,153.8,0.0,7554.0,1751.59,5802.41,federal,False,none
PE-EMP-00532-06,EMP-00532,2025-05-31,2025-06-29,153.7,0.0,7554.0,1523.19,6030.81,federal,False,none
PE-EMP-00533-01,EMP-00533,2025-01-01,2025-01-30,157.7,0.0,6822.0,1880.73,4941.27,federal,False,none
PE-EMP-00533-02,EMP-00533,2025-01-31,2025-03-01,148.7,0.0,6822.0,1458.94,5363.06,federal,False,none
PE-EMP-00533-03,EMP-00533,2025-03-02,2025-03-31,157.1,0.0,6822.0,1649.89,5172.11,federal,False,none
PE-EMP-00533-04,EMP-00533,2025-04-01,2025-04-30,154.8,0.0,6822.0,1636.68,5185.32,federal,False,none
PE-EMP-00533-05,EMP-00533,2025-05-01,2025-05-30,150.5,0.0,6822.0,1460.66,5361.34,federal,False,none
PE-EMP-00533-06,EMP-00533,2025-05-31,2025-06-29,143.6,0.0,6822.0,1697.66,5124.34,federal,False,none
PE-EMP-00534-01,EMP-00534,2025-01-01,2025-01-30,153.3,0.0,8976.0,2123.12,6852.88,CA,False,none
PE-EMP-00534-02,EMP-00534,2025-01-31,2025-03-01,150.4,0.0,8976.0,1631.58,7344.42,CA,False,none
PE-EMP-00534-03,EMP-00534,2025-03-02,2025-03-31,166.4,0.0,8976.0,1836.59,7139.41,CA,False,none
PE-EMP-00534-04,EMP-00534,2025-04-01,2025-04-30,165.5,0.0,8976.0,2233.48,6742.52,CA,False,none
PE-EMP-00534-05,EMP-00534,2025-05-01,2025-05-30,157.7,0.0,8976.0,2425.81,6550.19,CA,False,none
PE-EMP-00534-06,EMP-00534,2025-05-31,2025-06-29,153.3,0.0,8976.0,2425.17,6550.83,CA,False,none
PE-EMP-00535-01,EMP-00535,2025-01-01,2025-01-30,149.5,0.0,8335.0,1734.12,6600.88,WA,False,none
PE-EMP-00535-02,EMP-00535,2025-01-31,2025-03-01,159.6,0.0,8335.0,2161.95,6173.05,WA,False,none
PE-EMP-00535-03,EMP-00535,2025-03-02,2025-03-31,167.0,0.0,8335.0,2252.0,6083.0,WA,False,none
PE-EMP-00535-04,EMP-00535,2025-04-01,2025-04-30,156.0,0.0,8335.0,2151.76,6183.24,WA,False,none
PE-EMP-00535-05,EMP-00535,2025-05-01,2025-05-30,159.8,0.0,8335.0,2259.94,6075.06,WA,False,none
PE-EMP-00535-06,EMP-00535,2025-05-31,2025-06-29,162.8,0.0,8335.0,2008.22,6326.78,WA,False,none
PE-EMP-00536-01,EMP-00536,2025-01-01,2025-01-30,155.8,0.0,7505.0,1537.85,5967.15,federal,False,none
PE-EMP-00536-02,EMP-00536,2025-01-31,2025-03-01,148.8,0.0,12802.39,2019.26,5485.74,federal,True,rate_violation
PE-EMP-00536-03,EMP-00536,2025-03-02,2025-03-31,150.8,0.0,7505.0,2011.89,5493.11,federal,False,none
PE-EMP-00536-04,EMP-00536,2025-04-01,2025-04-30,149.0,0.0,7505.0,1462.24,6042.76,federal,False,none
PE-EMP-00536-05,EMP-00536,2025-05-01,2025-05-30,153.0,0.0,7505.0,1748.09,5756.91,federal,False,none
PE-EMP-00536-06,EMP-00536,2025-05-31,2025-06-29,166.5,0.0,7505.0,2026.67,5478.33,federal,False,none
PE-EMP-00537-01,EMP-00537,2025-01-01,2025-01-30,141.9,0.0,7677.0,1940.61,5736.39,DE_national,False,none
PE-EMP-00537-02,EMP-00537,2025-01-31,2025-03-01,145.4,0.0,7677.0,1680.94,5996.06,DE_national,False,none
PE-EMP-00537-03,EMP-00537,2025-03-02,2025-03-31,159.9,0.0,7677.0,1972.95,5704.05,DE_national,False,none
PE-EMP-00537-04,EMP-00537,2025-04-01,2025-04-30,161.8,0.0,7677.0,1661.14,6015.86,DE_national,False,none
PE-EMP-00537-05,EMP-00537,2025-05-01,2025-05-30,146.3,0.0,7677.0,1745.56,5931.44,DE_national,False,none
PE-EMP-00537-06,EMP-00537,2025-05-31,2025-06-29,150.0,0.0,7677.0,1384.2,6292.8,DE_national,False,none
PE-EMP-00538-01,EMP-00538,2025-01-01,2025-01-30,161.9,9.3,4029.46,951.71,3077.75,TX,False,none
PE-EMP-00538-02,EMP-00538,2025-01-31,2025-03-01,148.8,14.4,4204.57,960.62,3243.95,TX,False,none
PE-EMP-00538-03,EMP-00538,2025-03-02,2025-03-31,162.7,13.2,4166.29,833.28,3333.01,TX,False,none
PE-EMP-00538-04,EMP-00538,2025-04-01,2025-04-30,156.9,2.8,3804.08,1036.12,2767.96,TX,False,none
PE-EMP-00538-05,EMP-00538,2025-05-01,2025-05-30,164.8,4.4,3860.06,718.19,3141.87,TX,False,none
PE-EMP-00538-06,EMP-00538,2025-05-31,2025-06-29,147.0,7.9,3978.83,916.77,3062.06,TX,False,none
PE-EMP-00539-01,EMP-00539,2025-01-01,2025-01-30,159.6,0.0,8973.0,1952.53,7020.47,CA,False,none
PE-EMP-00539-02,EMP-00539,2025-01-31,2025-03-01,148.3,0.0,15541.66,2380.27,6592.73,CA,True,rate_violation
PE-EMP-00539-03,EMP-00539,2025-03-02,2025-03-31,148.3,0.0,8973.0,1798.4,7174.6,CA,False,none
PE-EMP-00539-04,EMP-00539,2025-04-01,2025-04-30,158.0,0.0,8973.0,1641.0,7332.0,CA,False,none
PE-EMP-00539-05,EMP-00539,2025-05-01,2025-05-30,150.3,0.0,8973.0,1993.28,6979.72,CA,False,none
PE-EMP-00539-06,EMP-00539,2025-05-31,2025-06-29,167.8,0.0,8973.0,2311.26,6661.74,CA,False,none
PE-EMP-00540-01,EMP-00540,2025-01-01,2025-01-30,150.7,0.0,8210.0,1844.53,6365.47,NY,False,none
PE-EMP-00540-02,EMP-00540,2025-01-31,2025-03-01,152.4,0.0,8210.0,1606.68,6603.32,NY,False,none
PE-EMP-00540-03,EMP-00540,2025-03-02,2025-03-31,166.2,0.0,8210.0,1735.67,6474.33,NY,False,none
PE-EMP-00540-04,EMP-00540,2025-04-01,2025-04-30,145.5,0.0,8210.0,1852.13,6357.87,NY,False,none
PE-EMP-00540-05,EMP-00540,2025-05-01,2025-05-30,148.0,0.0,8210.0,1975.77,6234.23,NY,False,none
PE-EMP-00540-06,EMP-00540,2025-05-31,2025-06-29,149.0,0.0,8210.0,1959.3,6250.7,NY,False,none
PE-EMP-00541-01,EMP-00541,2025-01-01,2025-01-30,149.1,0.3,7011.68,1298.86,5712.82,CA,False,none
PE-EMP-00541-02,EMP-00541,2025-01-31,2025-03-01,163.3,7.2,7464.31,1449.38,6014.93,CA,False,none
PE-EMP-00541-03,EMP-00541,2025-03-02,2025-03-31,152.2,5.6,7363.91,1344.26,6019.65,CA,False,none
PE-EMP-00541-04,EMP-00541,2025-04-01,2025-04-30,157.2,4.9,7313.6,1446.63,5866.97,CA,False,none
PE-EMP-00541-05,EMP-00541,2025-05-01,2025-05-30,149.1,11.4,7743.11,1892.12,5850.99,CA,False,none
PE-EMP-00541-06,EMP-00541,2025-05-31,2025-06-29,154.3,11.3,7739.14,1423.52,6315.62,CA,False,none
PE-EMP-00542-01,EMP-00542,2025-01-01,2025-01-30,160.0,0.0,7618.0,1921.85,5696.15,FL,False,none
PE-EMP-00542-02,EMP-00542,2025-01-31,2025-03-01,166.0,0.0,7618.0,1749.61,5868.39,FL,False,none
PE-EMP-00542-03,EMP-00542,2025-03-02,2025-03-31,142.9,0.0,7618.0,1477.82,6140.18,FL,False,none
PE-EMP-00542-04,EMP-00542,2025-04-01,2025-04-30,160.0,0.0,7618.0,1495.7,6122.3,FL,False,none
PE-EMP-00542-05,EMP-00542,2025-05-01,2025-05-30,150.1,0.0,7618.0,1441.22,6176.78,FL,False,none
PE-EMP-00542-06,EMP-00542,2025-05-31,2025-06-29,142.3,0.0,7618.0,1643.26,5974.74,FL,False,none
PE-EMP-00543-01,EMP-00543,2025-01-01,2025-01-30,151.2,5.2,4501.46,841.58,3659.88,NY,False,none
PE-EMP-00543-02,EMP-00543,2025-01-31,2025-03-01,162.1,0.9,4331.53,960.02,3371.51,NY,False,none
PE-EMP-00543-03,EMP-00543,2025-03-02,2025-03-31,142.5,10.4,4713.42,1106.76,3606.66,NY,False,none
PE-EMP-00543-04,EMP-00543,2025-04-01,2025-04-30,161.4,3.1,4419.15,865.74,3553.41,NY,False,none
PE-EMP-00543-05,EMP-00543,2025-05-01,2025-05-30,141.6,13.0,4818.54,976.91,3841.63,NY,False,none
PE-EMP-00543-06,EMP-00543,2025-05-31,2025-06-29,158.0,10.3,4706.74,858.62,3848.12,NY,False,none
PE-EMP-00544-01,EMP-00544,2025-01-01,2025-01-30,153.4,0.0,7906.0,1974.36,5931.64,NY,False,none
PE-EMP-00544-02,EMP-00544,2025-01-31,2025-03-01,161.2,0.0,7906.0,1456.42,6449.58,NY,False,none
PE-EMP-00544-03,EMP-00544,2025-03-02,2025-03-31,166.7,0.0,7906.0,2174.12,5731.88,NY,False,none
PE-EMP-00544-04,EMP-00544,2025-04-01,2025-04-30,148.9,0.0,7906.0,1531.92,6374.08,NY,False,none
PE-EMP-00544-05,EMP-00544,2025-05-01,2025-05-30,157.8,0.0,7906.0,1729.46,6176.54,NY,False,none
PE-EMP-00544-06,EMP-00544,2025-05-31,2025-06-29,154.3,0.0,7906.0,1736.01,6169.99,NY,False,none
PE-EMP-00545-01,EMP-00545,2025-01-01,2025-01-30,140.7,0.0,8298.0,1733.98,6564.02,FL,False,none
PE-EMP-00545-02,EMP-00545,2025-01-31,2025-03-01,151.6,0.0,8298.0,2086.73,6211.27,FL,False,none
PE-EMP-00545-03,EMP-00545,2025-03-02,2025-03-31,145.6,0.0,8298.0,1550.03,6747.97,FL,False,none
PE-EMP-00545-04,EMP-00545,2025-04-01,2025-04-30,146.4,0.0,8298.0,1523.52,6774.48,FL,False,none
PE-EMP-00545-05,EMP-00545,2025-05-01,2025-05-30,149.8,0.0,8298.0,1901.46,6396.54,FL,False,none
PE-EMP-00545-06,EMP-00545,2025-05-31,2025-06-29,164.7,0.0,8298.0,1560.54,6737.46,FL,False,none
PE-EMP-00546-01,EMP-00546,2025-01-01,2025-01-30,163.2,0.0,7163.0,1654.04,5508.96,federal,False,none
PE-EMP-00546-02,EMP-00546,2025-01-31,2025-03-01,144.3,0.0,7163.0,1573.84,5589.16,federal,False,none
PE-EMP-00546-03,EMP-00546,2025-03-02,2025-03-31,157.6,0.0,7163.0,1294.6,5868.4,federal,False,none
PE-EMP-00546-04,EMP-00546,2025-04-01,2025-04-30,147.4,0.0,7163.0,1735.45,5427.55,federal,False,none
PE-EMP-00546-05,EMP-00546,2025-05-01,2025-05-30,150.9,0.0,7163.0,1557.45,5605.55,federal,False,none
PE-EMP-00546-06,EMP-00546,2025-05-31,2025-06-29,161.1,0.0,7163.0,1887.32,5275.68,federal,False,none
PE-EMP-00547-01,EMP-00547,2025-01-01,2025-01-30,165.1,3.8,7042.99,1405.62,5637.37,TX,False,none
PE-EMP-00547-02,EMP-00547,2025-01-31,2025-03-01,152.6,5.9,7173.34,1757.8,5415.54,TX,False,none
PE-EMP-00547-03,EMP-00547,2025-03-02,2025-03-31,158.8,6.7,7223.93,1999.39,5224.54,TX,True,ghost_employee
PE-EMP-00547-04,EMP-00547,2025-04-01,2025-04-30,143.2,11.6,7534.11,1510.28,6023.83,TX,False,none
PE-EMP-00547-05,EMP-00547,2025-05-01,2025-05-30,166.1,5.8,7168.39,1366.82,5801.57,TX,False,none
PE-EMP-00547-06,EMP-00547,2025-05-31,2025-06-29,160.6,3.1,6994.53,1790.43,5204.1,TX,False,none
PE-EMP-00548-01,EMP-00548,2025-01-01,2025-01-30,159.3,0.0,8460.0,1775.42,6684.58,TX,False,none
PE-EMP-00548-02,EMP-00548,2025-01-31,2025-03-01,156.6,0.0,8460.0,1704.13,6755.87,TX,False,none
PE-EMP-00548-03,EMP-00548,2025-03-02,2025-03-31,153.0,0.0,8460.0,1779.45,6680.55,TX,False,none
PE-EMP-00548-04,EMP-00548,2025-04-01,2025-04-30,146.4,0.0,8460.0,2070.86,6389.14,TX,False,none
PE-EMP-00548-05,EMP-00548,2025-05-01,2025-05-30,163.6,0.0,8460.0,2275.91,6184.09,TX,False,none
PE-EMP-00548-06,EMP-00548,2025-05-31,2025-06-29,140.7,0.0,8460.0,1706.22,6753.78,TX,False,none
PE-EMP-00549-01,EMP-00549,2025-01-01,2025-01-30,163.2,0.0,7687.0,1393.16,6293.84,federal,False,none
PE-EMP-00549-02,EMP-00549,2025-01-31,2025-03-01,145.8,0.0,7687.0,2045.02,5641.98,federal,False,none
PE-EMP-00549-03,EMP-00549,2025-03-02,2025-03-31,150.9,0.0,7687.0,2111.46,5575.54,federal,False,none
PE-EMP-00549-04,EMP-00549,2025-04-01,2025-04-30,167.6,0.0,7687.0,1635.3,6051.7,federal,False,none
PE-EMP-00549-05,EMP-00549,2025-05-01,2025-05-30,144.6,0.0,7687.0,1846.27,5840.73,federal,False,none
PE-EMP-00549-06,EMP-00549,2025-05-31,2025-06-29,155.7,0.0,7687.0,1761.62,5925.38,federal,False,none
PE-EMP-00550-01,EMP-00550,2025-01-01,2025-01-30,164.0,4.3,4755.46,1325.24,3430.22,WA,False,none
PE-EMP-00550-02,EMP-00550,2025-01-31,2025-03-01,164.8,3.7,4731.78,1143.37,3588.41,WA,False,none
PE-EMP-00550-03,EMP-00550,2025-03-02,2025-03-31,164.0,12.8,5120.22,1238.72,3881.5,WA,False,none
PE-EMP-00550-04,EMP-00550,2025-04-01,2025-04-30,148.5,14.2,5180.72,1414.42,3766.3,WA,False,none
PE-EMP-00550-05,EMP-00550,2025-05-01,2025-05-30,144.5,5.7,4817.23,1140.77,3676.46,WA,False,none
PE-EMP-00550-06,EMP-00550,2025-05-31,2025-06-29,145.3,0.8,4606.42,928.34,3678.08,WA,False,none
PE-EMP-00551-01,EMP-00551,2025-01-01,2025-01-30,164.5,0.0,8220.0,1827.44,6392.56,CA,False,none
PE-EMP-00551-02,EMP-00551,2025-01-31,2025-03-01,151.7,0.0,8220.0,1542.15,6677.85,CA,False,none
PE-EMP-00551-03,EMP-00551,2025-03-02,2025-03-31,161.6,0.0,8220.0,1498.01,6721.99,CA,False,none
PE-EMP-00551-04,EMP-00551,2025-04-01,2025-04-30,148.5,0.0,8220.0,2218.18,6001.82,CA,False,none
PE-EMP-00551-05,EMP-00551,2025-05-01,2025-05-30,166.0,0.0,8220.0,1695.56,6524.44,CA,False,none
PE-EMP-00551-06,EMP-00551,2025-05-31,2025-06-29,162.4,0.0,8220.0,2209.01,6010.99,CA,False,none
PE-EMP-00552-01,EMP-00552,2025-01-01,2025-01-30,160.8,3.1,6589.34,1791.91,4797.43,federal,False,none
PE-EMP-00552-02,EMP-00552,2025-01-31,2025-03-01,166.1,10.2,7019.13,1284.76,5734.37,federal,False,none
PE-EMP-00552-03,EMP-00552,2025-03-02,2025-03-31,142.4,7.1,6834.19,1239.96,5594.23,federal,False,none
PE-EMP-00552-04,EMP-00552,2025-04-01,2025-04-30,156.2,3.5,6616.49,1766.47,4850.02,federal,False,none
PE-EMP-00552-05,EMP-00552,2025-05-01,2025-05-30,159.7,8.4,6907.09,1429.81,5477.28,federal,False,none
PE-EMP-00552-06,EMP-00552,2025-05-31,2025-06-29,144.3,7.2,6837.09,1730.76,5106.33,federal,False,none
PE-EMP-00553-01,EMP-00553,2025-01-01,2025-01-30,159.0,0.0,8031.0,1497.91,6533.09,TX,False,none
PE-EMP-00553-02,EMP-00553,2025-01-31,2025-03-01,153.9,0.0,8031.0,1469.59,6561.41,TX,False,none
PE-EMP-00553-03,EMP-00553,2025-03-02,2025-03-31,151.5,0.0,8031.0,2112.52,5918.48,TX,False,none
PE-EMP-00553-04,EMP-00553,2025-04-01,2025-04-30,156.1,0.0,8031.0,2226.92,5804.08,TX,False,none
PE-EMP-00553-05,EMP-00553,2025-05-01,2025-05-30,141.8,0.0,8031.0,1480.94,6550.06,TX,False,none
PE-EMP-00553-06,EMP-00553,2025-05-31,2025-06-29,147.9,0.0,8031.0,2063.59,5967.41,TX,False,none
PE-EMP-00554-01,EMP-00554,2025-01-01,2025-01-30,162.5,4.2,3954.62,901.33,3053.29,DE_national,False,none
PE-EMP-00554-02,EMP-00554,2025-01-31,2025-03-01,164.4,0.4,3817.06,790.88,3026.18,DE_national,False,none
PE-EMP-00554-03,EMP-00554,2025-03-02,2025-03-31,140.1,3.5,3929.61,883.37,3046.24,DE_national,False,none
PE-EMP-00554-04,EMP-00554,2025-04-01,2025-04-30,163.4,9.8,4151.81,1110.0,3041.81,DE_national,False,none
PE-EMP-00554-05,EMP-00554,2025-05-01,2025-05-30,153.7,6.5,4036.88,1111.01,2925.87,DE_national,False,none
PE-EMP-00554-06,EMP-00554,2025-05-31,2025-06-29,141.3,3.5,3927.85,1040.27,2887.58,DE_national,False,none
PE-EMP-00555-01,EMP-00555,2025-01-01,2025-01-30,156.7,0.0,8133.0,1760.01,6372.99,FL,False,none
PE-EMP-00555-02,EMP-00555,2025-01-31,2025-03-01,153.2,0.0,8133.0,1835.01,6297.99,FL,False,none
PE-EMP-00555-03,EMP-00555,2025-03-02,2025-03-31,158.4,0.0,8133.0,1597.24,6535.76,FL,False,none
PE-EMP-00555-04,EMP-00555,2025-04-01,2025-04-30,155.4,0.0,8133.0,1765.9,6367.1,FL,False,none
PE-EMP-00555-05,EMP-00555,2025-05-01,2025-05-30,160.6,0.0,8133.0,1582.43,6550.57,FL,False,none
PE-EMP-00555-06,EMP-00555,2025-05-31,2025-06-29,144.9,0.0,8133.0,1745.98,6387.02,FL,False,none
PE-EMP-00556-01,EMP-00556,2025-01-01,2025-01-30,149.7,6.0,4901.1,1111.32,3789.78,WA,False,none
PE-EMP-00556-02,EMP-00556,2025-01-31,2025-03-01,161.0,4.4,4829.78,1262.61,3567.17,WA,False,none
PE-EMP-00556-03,EMP-00556,2025-03-02,2025-03-31,150.1,7.4,4961.6,1162.14,3799.46,WA,False,none
PE-EMP-00556-04,EMP-00556,2025-04-01,2025-04-30,164.8,6.5,4920.63,1182.01,3738.62,WA,False,none
PE-EMP-00556-05,EMP-00556,2025-05-01,2025-05-30,153.1,5.0,4856.11,1048.27,3807.84,WA,False,none
PE-EMP-00556-06,EMP-00556,2025-05-31,2025-06-29,144.6,11.3,5130.69,1365.69,3765.0,WA,False,none
PE-EMP-00557-01,EMP-00557,2025-01-01,2025-01-30,154.2,0.0,8828.0,1626.78,7201.22,DE_national,False,none
PE-EMP-00557-02,EMP-00557,2025-01-31,2025-03-01,157.5,0.0,8828.0,2347.99,6480.01,DE_national,False,none
PE-EMP-00557-03,EMP-00557,2025-03-02,2025-03-31,155.1,0.0,8828.0,2117.65,6710.35,DE_national,False,none
PE-EMP-00557-04,EMP-00557,2025-04-01,2025-04-30,144.5,0.0,8828.0,2323.54,6504.46,DE_national,False,none
PE-EMP-00557-05,EMP-00557,2025-05-01,2025-05-30,143.9,0.0,8828.0,2294.16,6533.84,DE_national,False,none
PE-EMP-00557-06,EMP-00557,2025-05-31,2025-06-29,145.8,0.0,8828.0,2309.63,6518.37,DE_national,False,none
PE-EMP-00558-01,EMP-00558,2025-01-01,2025-01-30,142.3,0.0,8964.0,2234.92,6729.08,CA,False,none
PE-EMP-00558-02,EMP-00558,2025-01-31,2025-03-01,143.1,0.0,8964.0,1989.09,6974.91,CA,False,none
PE-EMP-00558-03,EMP-00558,2025-03-02,2025-03-31,141.2,0.0,8964.0,2062.96,6901.04,CA,False,none
PE-EMP-00558-04,EMP-00558,2025-04-01,2025-04-30,140.1,0.0,8964.0,1706.58,7257.42,CA,False,none
PE-EMP-00558-05,EMP-00558,2025-05-01,2025-05-30,158.6,0.0,8964.0,2451.21,6512.79,CA,False,none
PE-EMP-00558-06,EMP-00558,2025-05-31,2025-06-29,146.3,0.0,8964.0,1761.16,7202.84,CA,False,none
PE-EMP-00559-01,EMP-00559,2025-01-01,2025-01-30,149.4,0.0,8508.0,2135.3,6372.7,UK_national,True,rule_override
PE-EMP-00559-02,EMP-00559,2025-01-31,2025-03-01,160.5,0.0,8508.0,1630.92,6877.08,UK_national,False,none
PE-EMP-00559-03,EMP-00559,2025-03-02,2025-03-31,155.4,0.0,8508.0,2209.45,6298.55,UK_national,False,none
PE-EMP-00559-04,EMP-00559,2025-04-01,2025-04-30,158.4,0.0,8508.0,1867.47,6640.53,UK_national,False,none
PE-EMP-00559-05,EMP-00559,2025-05-01,2025-05-30,156.2,0.0,8508.0,1865.63,6642.37,UK_national,False,none
PE-EMP-00559-06,EMP-00559,2025-05-31,2025-06-29,159.3,0.0,8508.0,2169.39,6338.61,UK_national,False,none
PE-EMP-00560-01,EMP-00560,2025-01-01,2025-01-30,158.0,14.8,4463.47,904.22,3559.25,federal,False,none
PE-EMP-00560-02,EMP-00560,2025-01-31,2025-03-01,161.1,2.3,4004.81,998.78,3006.03,federal,False,none
PE-EMP-00560-03,EMP-00560,2025-03-02,2025-03-31,167.1,10.7,4313.71,1161.76,3151.95,federal,False,none
PE-EMP-00560-04,EMP-00560,2025-04-01,2025-04-30,165.6,12.0,4359.85,1000.67,3359.18,federal,True,rule_override
PE-EMP-00560-05,EMP-00560,2025-05-01,2025-05-30,161.2,10.4,4301.99,906.24,3395.75,federal,False,none
PE-EMP-00560-06,EMP-00560,2025-05-31,2025-06-29,157.9,4.5,4085.91,820.96,3264.95,federal,False,none
PE-EMP-00561-01,EMP-00561,2025-01-01,2025-01-30,145.3,0.0,6735.0,1853.17,4881.83,TX,False,none
PE-EMP-00561-02,EMP-00561,2025-01-31,2025-03-01,148.3,0.0,6735.0,1223.22,5511.78,TX,False,none
PE-EMP-00561-03,EMP-00561,2025-03-02,2025-03-31,163.2,0.0,6735.0,1351.77,5383.23,TX,False,none
PE-EMP-00561-04,EMP-00561,2025-04-01,2025-04-30,141.9,0.0,6735.0,1670.6,5064.4,TX,False,none
PE-EMP-00561-05,EMP-00561,2025-05-01,2025-05-30,143.3,0.0,6735.0,1517.13,5217.87,TX,False,none
PE-EMP-00561-06,EMP-00561,2025-05-31,2025-06-29,158.5,0.0,6735.0,1848.67,4886.33,TX,False,none
PE-EMP-00562-01,EMP-00562,2025-01-01,2025-01-30,156.7,0.0,7721.0,1397.94,6323.06,DE_national,False,none
PE-EMP-00562-02,EMP-00562,2025-01-31,2025-03-01,150.5,0.0,7721.0,1654.74,6066.26,DE_national,False,none
PE-EMP-00562-03,EMP-00562,2025-03-02,2025-03-31,157.3,0.0,7721.0,1624.33,6096.67,DE_national,False,none
PE-EMP-00562-04,EMP-00562,2025-04-01,2025-04-30,157.8,0.0,7721.0,2099.77,5621.23,DE_national,False,none
PE-EMP-00562-05,EMP-00562,2025-05-01,2025-05-30,159.0,0.0,7721.0,1847.89,5873.11,DE_national,False,none
PE-EMP-00562-06,EMP-00562,2025-05-31,2025-06-29,154.0,0.0,7721.0,2144.13,5576.87,DE_national,False,none
PE-EMP-00563-01,EMP-00563,2025-01-01,2025-01-30,153.3,5.3,4294.26,882.81,3411.45,WA,False,none
PE-EMP-00563-02,EMP-00563,2025-01-31,2025-03-01,161.6,12.0,4551.1,1161.86,3389.24,WA,False,none
PE-EMP-00563-03,EMP-00563,2025-03-02,2025-03-31,164.7,6.3,4335.24,1034.88,3300.36,WA,False,none
PE-EMP-00563-04,EMP-00563,2025-04-01,2025-04-30,167.8,14.2,4638.16,1152.51,3485.65,WA,False,none
PE-EMP-00563-05,EMP-00563,2025-05-01,2025-05-30,161.3,5.7,4310.65,1190.93,3119.72,WA,False,none
PE-EMP-00563-06,EMP-00563,2025-05-31,2025-06-29,142.6,1.3,4141.96,849.99,3291.97,WA,False,none
PE-EMP-00564-01,EMP-00564,2025-01-01,2025-01-30,157.7,3.7,4232.17,1113.33,3118.84,CA,False,none
PE-EMP-00564-02,EMP-00564,2025-01-31,2025-03-01,149.4,1.4,4145.08,903.57,3241.51,CA,False,none
PE-EMP-00564-03,EMP-00564,2025-03-02,2025-03-31,149.0,9.1,4438.25,1007.16,3431.09,CA,False,none
PE-EMP-00564-04,EMP-00564,2025-04-01,2025-04-30,152.6,8.3,4408.92,1104.01,3304.91,CA,False,none
PE-EMP-00564-05,EMP-00564,2025-05-01,2025-05-30,159.1,9.2,4444.07,842.13,3601.94,CA,False,none
PE-EMP-00564-06,EMP-00564,2025-05-31,2025-06-29,140.8,8.9,4432.4,1097.13,3335.27,CA,False,none
PE-EMP-00565-01,EMP-00565,2025-01-01,2025-01-30,145.1,7.6,4388.7,820.29,3568.41,federal,False,none
PE-EMP-00565-02,EMP-00565,2025-01-31,2025-03-01,162.4,4.1,4255.29,1006.4,3248.89,federal,False,none
PE-EMP-00565-03,EMP-00565,2025-03-02,2025-03-31,147.1,8.0,4405.62,1112.12,3293.5,federal,False,none
PE-EMP-00565-04,EMP-00565,2025-04-01,2025-04-30,144.9,1.8,4164.79,964.87,3199.92,federal,False,none
PE-EMP-00565-05,EMP-00565,2025-05-01,2025-05-30,141.1,6.8,4357.26,1156.22,3201.04,federal,False,none
PE-EMP-00565-06,EMP-00565,2025-05-31,2025-06-29,159.2,9.0,4443.33,989.41,3453.92,federal,False,none
PE-EMP-00566-01,EMP-00566,2025-01-01,2025-01-30,153.5,14.5,6851.31,1285.87,5565.44,FL,False,none
PE-EMP-00566-02,EMP-00566,2025-01-31,2025-03-01,160.8,3.7,6241.18,1365.14,4876.04,FL,False,none
PE-EMP-00566-03,EMP-00566,2025-03-02,2025-03-31,150.5,9.8,6584.46,1301.51,5282.95,FL,False,none
PE-EMP-00566-04,EMP-00566,2025-04-01,2025-04-30,164.2,4.5,6286.32,1271.99,5014.33,FL,False,none
PE-EMP-00566-05,EMP-00566,2025-05-01,2025-05-30,160.0,8.8,6524.85,1496.38,5028.47,FL,False,none
PE-EMP-00566-06,EMP-00566,2025-05-31,2025-06-29,143.3,12.1,6715.51,1845.45,4870.06,FL,False,none
PE-EMP-00567-01,EMP-00567,2025-01-01,2025-01-30,143.7,0.0,8997.0,1767.4,7229.6,FL,False,none
PE-EMP-00567-02,EMP-00567,2025-01-31,2025-03-01,156.9,0.0,8997.0,2500.08,6496.92,FL,False,none
PE-EMP-00567-03,EMP-00567,2025-03-02,2025-03-31,153.9,0.0,8997.0,1640.76,7356.24,FL,False,none
PE-EMP-00567-04,EMP-00567,2025-04-01,2025-04-30,152.0,0.0,8997.0,2334.13,6662.87,FL,False,none
PE-EMP-00567-05,EMP-00567,2025-05-01,2025-05-30,165.1,0.0,8997.0,2256.82,6740.18,FL,False,none
PE-EMP-00567-06,EMP-00567,2025-05-31,2025-06-29,155.2,0.0,8997.0,1950.81,7046.19,FL,False,none
PE-EMP-00568-01,EMP-00568,2025-01-01,2025-01-30,140.9,0.0,8546.0,1896.04,6649.96,WA,False,none
PE-EMP-00568-02,EMP-00568,2025-01-31,2025-03-01,159.7,0.0,8546.0,1911.13,6634.87,WA,False,none
PE-EMP-00568-03,EMP-00568,2025-03-02,2025-03-31,142.4,0.0,8546.0,1595.49,6950.51,WA,False,none
PE-EMP-00568-04,EMP-00568,2025-04-01,2025-04-30,158.6,0.0,8546.0,2288.43,6257.57,WA,False,none
PE-EMP-00568-05,EMP-00568,2025-05-01,2025-05-30,154.2,0.0,8546.0,1943.89,6602.11,WA,False,none
PE-EMP-00568-06,EMP-00568,2025-05-31,2025-06-29,166.0,0.0,8546.0,1746.15,6799.85,WA,False,none
PE-EMP-00569-01,EMP-00569,2025-01-01,2025-01-30,142.4,2.1,6299.52,1149.1,5150.42,TX,False,none
PE-EMP-00569-02,EMP-00569,2025-01-31,2025-03-01,158.5,2.8,6342.33,1266.26,5076.07,TX,False,none
PE-EMP-00569-03,EMP-00569,2025-03-02,2025-03-31,153.4,8.2,6654.44,1568.7,5085.74,TX,False,none
PE-EMP-00569-04,EMP-00569,2025-04-01,2025-04-30,156.3,14.6,7023.74,1725.22,5298.52,TX,False,none
PE-EMP-00569-05,EMP-00569,2025-05-01,2025-05-30,145.7,1.7,6280.68,1155.49,5125.19,TX,False,none
PE-EMP-00569-06,EMP-00569,2025-05-31,2025-06-29,150.9,4.5,6441.02,1640.3,4800.72,TX,False,none
PE-EMP-00570-01,EMP-00570,2025-01-01,2025-01-30,154.3,0.0,8020.0,1741.83,6278.17,CA,False,none
PE-EMP-00570-02,EMP-00570,2025-01-31,2025-03-01,154.7,0.0,8020.0,1453.36,6566.64,CA,False,none
PE-EMP-00570-03,EMP-00570,2025-03-02,2025-03-31,154.9,0.0,8020.0,1656.84,6363.16,CA,False,none
PE-EMP-00570-04,EMP-00570,2025-04-01,2025-04-30,162.7,0.0,8020.0,1686.88,6333.12,CA,False,none
PE-EMP-00570-05,EMP-00570,2025-05-01,2025-05-30,146.8,0.0,8020.0,1699.86,6320.14,CA,False,none
PE-EMP-00570-06,EMP-00570,2025-05-31,2025-06-29,146.0,0.0,8020.0,1828.87,6191.13,CA,False,none
PE-EMP-00571-01,EMP-00571,2025-01-01,2025-01-30,153.4,0.0,7855.0,1935.5,5919.5,DE_national,False,none
PE-EMP-00571-02,EMP-00571,2025-01-31,2025-03-01,144.8,0.0,7855.0,1582.09,6272.91,DE_national,False,none
PE-EMP-00571-03,EMP-00571,2025-03-02,2025-03-31,157.6,0.0,7855.0,1848.31,6006.69,DE_national,False,none
PE-EMP-00571-04,EMP-00571,2025-04-01,2025-04-30,142.0,0.0,7855.0,2088.4,5766.6,DE_national,False,none
PE-EMP-00571-05,EMP-00571,2025-05-01,2025-05-30,164.0,0.0,7855.0,1937.89,5917.11,DE_national,False,none
PE-EMP-00571-06,EMP-00571,2025-05-31,2025-06-29,161.3,0.0,7855.0,1528.11,6326.89,DE_national,False,none
PE-EMP-00572-01,EMP-00572,2025-01-01,2025-01-30,142.0,7.2,6463.88,1803.34,4660.54,NY,True,rule_override
PE-EMP-00572-02,EMP-00572,2025-01-31,2025-03-01,151.6,2.5,6197.31,1504.05,4693.26,NY,False,none
PE-EMP-00572-03,EMP-00572,2025-03-02,2025-03-31,163.2,9.4,6589.88,1804.05,4785.83,NY,False,none
PE-EMP-00572-04,EMP-00572,2025-04-01,2025-04-30,141.2,6.1,6403.15,1634.32,4768.83,NY,False,none
PE-EMP-00572-05,EMP-00572,2025-05-01,2025-05-30,145.4,4.8,6329.98,1389.2,4940.78,NY,False,none
PE-EMP-00572-06,EMP-00572,2025-05-31,2025-06-29,152.6,10.9,6675.8,1451.11,5224.69,NY,False,none
PE-EMP-00573-01,EMP-00573,2025-01-01,2025-01-30,146.3,0.0,7300.0,1924.55,5375.45,DE_national,True,rule_override
PE-EMP-00573-02,EMP-00573,2025-01-31,2025-03-01,153.4,0.0,7300.0,1976.48,5323.52,DE_national,False,none
PE-EMP-00573-03,EMP-00573,2025-03-02,2025-03-31,154.3,0.0,7300.0,2007.05,5292.95,DE_national,False,none
PE-EMP-00573-04,EMP-00573,2025-04-01,2025-04-30,164.4,0.0,7300.0,1610.77,5689.23,DE_national,False,none
PE-EMP-00573-05,EMP-00573,2025-05-01,2025-05-30,146.8,0.0,7300.0,1777.8,5522.2,DE_national,False,none
PE-EMP-00573-06,EMP-00573,2025-05-31,2025-06-29,153.9,0.0,7300.0,1694.52,5605.48,DE_national,False,none
PE-EMP-00574-01,EMP-00574,2025-01-01,2025-01-30,156.8,0.0,8034.0,1506.42,6527.58,federal,False,none
PE-EMP-00574-02,EMP-00574,2025-01-31,2025-03-01,155.7,0.0,8034.0,1781.39,6252.61,federal,False,none
PE-EMP-00574-03,EMP-00574,2025-03-02,2025-03-31,161.8,0.0,8034.0,2012.09,6021.91,federal,False,none
PE-EMP-00574-04,EMP-00574,2025-04-01,2025-04-30,141.1,0.0,8034.0,2067.08,5966.92,federal,False,none
PE-EMP-00574-05,EMP-00574,2025-05-01,2025-05-30,147.9,0.0,8034.0,1668.97,6365.03,federal,False,none
PE-EMP-00574-06,EMP-00574,2025-05-31,2025-06-29,167.6,0.0,8034.0,1968.46,6065.54,federal,False,none
PE-EMP-00575-01,EMP-00575,2025-01-01,2025-01-30,163.4,0.0,7300.0,1563.28,5736.72,TX,False,none
PE-EMP-00575-02,EMP-00575,2025-01-31,2025-03-01,165.7,0.0,7300.0,1755.87,5544.13,TX,False,none
PE-EMP-00575-03,EMP-00575,2025-03-02,2025-03-31,153.2,0.0,7300.0,1938.43,5361.57,TX,False,none
PE-EMP-00575-04,EMP-00575,2025-04-01,2025-04-30,161.2,0.0,7300.0,1670.08,5629.92,TX,False,none
PE-EMP-00575-05,EMP-00575,2025-05-01,2025-05-30,156.5,0.0,7300.0,1926.84,5373.16,TX,False,none
PE-EMP-00575-06,EMP-00575,2025-05-31,2025-06-29,159.1,0.0,7300.0,1722.94,5577.06,TX,False,none
PE-EMP-00576-01,EMP-00576,2025-01-01,2025-01-30,162.0,0.0,8721.0,2092.47,6628.53,federal,False,none
PE-EMP-00576-02,EMP-00576,2025-01-31,2025-03-01,149.4,0.0,8721.0,1689.49,7031.51,federal,False,none
PE-EMP-00576-03,EMP-00576,2025-03-02,2025-03-31,167.3,0.0,8721.0,2172.77,6548.23,federal,False,none
PE-EMP-00576-04,EMP-00576,2025-04-01,2025-04-30,157.3,0.0,8721.0,2034.38,6686.62,federal,False,none
PE-EMP-00576-05,EMP-00576,2025-05-01,2025-05-30,157.6,0.0,8721.0,1624.67,7096.33,federal,False,none
PE-EMP-00576-06,EMP-00576,2025-05-31,2025-06-29,164.5,0.0,8721.0,2384.46,6336.54,federal,True,ghost_employee
PE-EMP-00577-01,EMP-00577,2025-01-01,2025-01-30,146.4,0.0,7630.0,1826.95,5803.05,WA,False,none
PE-EMP-00577-02,EMP-00577,2025-01-31,2025-03-01,149.1,0.0,7630.0,2080.56,5549.44,WA,False,none
PE-EMP-00577-03,EMP-00577,2025-03-02,2025-03-31,145.4,0.0,7630.0,1556.07,6073.93,WA,False,none
PE-EMP-00577-04,EMP-00577,2025-04-01,2025-04-30,145.4,0.0,7630.0,2115.3,5514.7,WA,False,none
PE-EMP-00577-05,EMP-00577,2025-05-01,2025-05-30,158.9,0.0,7630.0,1629.0,6001.0,WA,False,none
PE-EMP-00577-06,EMP-00577,2025-05-31,2025-06-29,156.7,0.0,7630.0,1585.91,6044.09,WA,False,none
PE-EMP-00578-01,EMP-00578,2025-01-01,2025-01-30,157.2,10.0,6759.81,1344.09,5415.72,federal,False,none
PE-EMP-00578-02,EMP-00578,2025-01-31,2025-03-01,159.3,11.8,6861.64,1785.57,5076.07,federal,False,none
PE-EMP-00578-03,EMP-00578,2025-03-02,2025-03-31,160.0,2.8,6343.04,1576.87,4766.17,federal,False,none
PE-EMP-00578-04,EMP-00578,2025-04-01,2025-04-30,153.0,8.3,6658.35,1334.64,5323.71,federal,False,none
PE-EMP-00578-05,EMP-00578,2025-05-01,2025-05-30,160.2,7.8,6629.86,1271.08,5358.78,federal,False,none
PE-EMP-00578-06,EMP-00578,2025-05-31,2025-06-29,156.7,4.4,6431.22,1316.49,5114.73,federal,False,none
PE-EMP-00579-01,EMP-00579,2025-01-01,2025-01-30,149.4,0.0,7687.0,1870.59,5816.41,TX,False,none
PE-EMP-00579-02,EMP-00579,2025-01-31,2025-03-01,162.7,0.0,7687.0,2065.71,5621.29,TX,False,none
PE-EMP-00579-03,EMP-00579,2025-03-02,2025-03-31,151.0,0.0,7687.0,1671.92,6015.08,TX,False,none
PE-EMP-00579-04,EMP-00579,2025-04-01,2025-04-30,166.1,0.0,7687.0,1934.85,5752.15,TX,False,none
PE-EMP-00579-05,EMP-00579,2025-05-01,2025-05-30,149.6,0.0,7687.0,1736.55,5950.45,TX,False,none
PE-EMP-00579-06,EMP-00579,2025-05-31,2025-06-29,142.0,0.0,7687.0,1579.47,6107.53,TX,False,none
PE-EMP-00580-01,EMP-00580,2025-01-01,2025-01-30,150.5,0.0,7671.0,1476.23,6194.77,CA,False,none
PE-EMP-00580-02,EMP-00580,2025-01-31,2025-03-01,151.0,0.0,7671.0,1803.21,5867.79,CA,False,none
PE-EMP-00580-03,EMP-00580,2025-03-02,2025-03-31,162.7,0.0,7671.0,1431.83,6239.17,CA,False,none
PE-EMP-00580-04,EMP-00580,2025-04-01,2025-04-30,153.9,0.0,7671.0,1576.25,6094.75,CA,False,none
PE-EMP-00580-05,EMP-00580,2025-05-01,2025-05-30,155.4,0.0,7671.0,2097.83,5573.17,CA,False,none
PE-EMP-00580-06,EMP-00580,2025-05-31,2025-06-29,154.3,0.0,7671.0,2010.69,5660.31,CA,False,none
PE-EMP-00581-01,EMP-00581,2025-01-01,2025-01-30,167.5,6.3,4917.55,1015.82,3901.73,federal,False,none
PE-EMP-00581-02,EMP-00581,2025-01-31,2025-03-01,143.0,9.4,5053.11,1156.94,3896.17,federal,False,none
PE-EMP-00581-03,EMP-00581,2025-03-02,2025-03-31,143.9,6.6,4928.44,1041.45,3886.99,federal,False,none
PE-EMP-00581-04,EMP-00581,2025-04-01,2025-04-30,167.8,1.8,4723.25,1209.21,3514.04,federal,False,none
PE-EMP-00581-05,EMP-00581,2025-05-01,2025-05-30,143.0,0.6,4669.79,873.38,3796.41,federal,False,none
PE-EMP-00581-06,EMP-00581,2025-05-31,2025-06-29,142.7,8.0,4992.46,962.26,4030.2,federal,False,none
PE-EMP-00582-01,EMP-00582,2025-01-01,2025-01-30,141.1,11.1,7001.35,1556.58,5444.77,TX,False,none
PE-EMP-00582-02,EMP-00582,2025-01-31,2025-03-01,143.1,9.9,6927.6,1288.45,5639.15,TX,False,none
PE-EMP-00582-03,EMP-00582,2025-03-02,2025-03-31,148.0,14.7,7209.77,1816.55,5393.22,TX,False,none
PE-EMP-00582-04,EMP-00582,2025-04-01,2025-04-30,156.9,3.6,6553.55,1324.1,5229.45,TX,False,none
PE-EMP-00582-05,EMP-00582,2025-05-01,2025-05-30,149.9,11.3,7009.11,1911.98,5097.13,TX,False,none
PE-EMP-00582-06,EMP-00582,2025-05-31,2025-06-29,156.4,3.5,6549.7,1193.98,5355.72,TX,False,none
PE-EMP-00583-01,EMP-00583,2025-01-01,2025-01-30,167.1,11.4,7364.02,1452.07,5911.95,TX,False,none
PE-EMP-00583-02,EMP-00583,2025-01-31,2025-03-01,140.5,5.7,7009.47,1641.42,5368.05,TX,False,none
PE-EMP-00583-03,EMP-00583,2025-03-02,2025-03-31,157.2,2.4,6801.02,1612.69,5188.33,TX,False,none
PE-EMP-00583-04,EMP-00583,2025-04-01,2025-04-30,143.5,14.6,7562.06,1973.36,5588.7,TX,False,none
PE-EMP-00583-05,EMP-00583,2025-05-01,2025-05-30,146.8,3.7,6881.26,1518.28,5362.98,TX,False,none
PE-EMP-00583-06,EMP-00583,2025-05-31,2025-06-29,165.7,9.1,7221.16,1943.85,5277.31,TX,False,none
PE-EMP-00584-01,EMP-00584,2025-01-01,2025-01-30,140.1,0.0,6914.0,1437.75,5476.25,WA,False,none
PE-EMP-00584-02,EMP-00584,2025-01-31,2025-03-01,152.2,0.0,6914.0,1708.56,5205.44,WA,True,rule_override
PE-EMP-00584-03,EMP-00584,2025-03-02,2025-03-31,163.8,0.0,6914.0,1839.74,5074.26,WA,False,none
PE-EMP-00584-04,EMP-00584,2025-04-01,2025-04-30,146.5,0.0,6914.0,1553.0,5361.0,WA,False,none
PE-EMP-00584-05,EMP-00584,2025-05-01,2025-05-30,151.4,0.0,6914.0,1830.33,5083.67,WA,False,none
PE-EMP-00584-06,EMP-00584,2025-05-31,2025-06-29,144.2,0.0,6914.0,1551.59,5362.41,WA,False,none
PE-EMP-00585-01,EMP-00585,2025-01-01,2025-01-30,163.8,0.0,8737.0,2348.61,6388.39,NY,False,none
PE-EMP-00585-02,EMP-00585,2025-01-31,2025-03-01,140.6,0.0,8737.0,2228.54,6508.46,NY,False,none
PE-EMP-00585-03,EMP-00585,2025-03-02,2025-03-31,145.7,0.0,8737.0,2241.09,6495.91,NY,False,none
PE-EMP-00585-04,EMP-00585,2025-04-01,2025-04-30,152.2,0.0,8737.0,2160.93,6576.07,NY,False,none
PE-EMP-00585-05,EMP-00585,2025-05-01,2025-05-30,149.6,0.0,8737.0,2337.28,6399.72,NY,False,none
PE-EMP-00585-06,EMP-00585,2025-05-31,2025-06-29,154.2,0.0,8737.0,1590.76,7146.24,NY,False,none
PE-EMP-00586-01,EMP-00586,2025-01-01,2025-01-30,152.4,0.0,8992.0,1967.36,7024.64,UK_national,False,none
PE-EMP-00586-02,EMP-00586,2025-01-31,2025-03-01,144.0,0.0,8992.0,1803.32,7188.68,UK_national,False,none
PE-EMP-00586-03,EMP-00586,2025-03-02,2025-03-31,163.4,0.0,8992.0,1688.12,7303.88,UK_national,False,none
PE-EMP-00586-04,EMP-00586,2025-04-01,2025-04-30,144.7,0.0,8992.0,2232.96,6759.04,UK_national,False,none
PE-EMP-00586-05,EMP-00586,2025-05-01,2025-05-30,146.1,0.0,8992.0,1981.84,7010.16,UK_national,False,none
PE-EMP-00586-06,EMP-00586,2025-05-31,2025-06-29,147.7,0.0,8992.0,1936.22,7055.78,UK_national,False,none
PE-EMP-00587-01,EMP-00587,2025-01-01,2025-01-30,150.6,10.7,4687.19,1264.82,3422.37,federal,False,none
PE-EMP-00587-02,EMP-00587,2025-01-31,2025-03-01,159.2,13.2,4784.69,1320.89,3463.8,federal,True,ghost_employee
PE-EMP-00587-03,EMP-00587,2025-03-02,2025-03-31,141.8,8.4,4596.38,1124.03,3472.35,federal,False,none
PE-EMP-00587-04,EMP-00587,2025-04-01,2025-04-30,156.0,10.7,4686.07,853.75,3832.32,federal,False,none
PE-EMP-00587-05,EMP-00587,2025-05-01,2025-05-30,152.2,5.4,4474.32,814.55,3659.77,federal,False,none
PE-EMP-00587-06,EMP-00587,2025-05-31,2025-06-29,152.2,6.7,4525.72,1006.58,3519.14,federal,False,none
PE-EMP-00588-01,EMP-00588,2025-01-01,2025-01-30,147.5,0.0,8462.0,1817.83,6644.17,TX,False,none
PE-EMP-00588-02,EMP-00588,2025-01-31,2025-03-01,147.3,0.0,8462.0,2294.55,6167.45,TX,False,none
PE-EMP-00588-03,EMP-00588,2025-03-02,2025-03-31,146.1,0.0,8462.0,1656.94,6805.06,TX,False,none
PE-EMP-00588-04,EMP-00588,2025-04-01,2025-04-30,154.5,0.0,8462.0,2018.61,6443.39,TX,False,none
PE-EMP-00588-05,EMP-00588,2025-05-01,2025-05-30,145.5,0.0,8462.0,1972.44,6489.56,TX,False,none
PE-EMP-00588-06,EMP-00588,2025-05-31,2025-06-29,150.7,0.0,8462.0,1553.87,6908.13,TX,False,none
PE-EMP-00589-01,EMP-00589,2025-01-01,2025-01-30,146.4,0.0,8267.0,1527.72,6739.28,federal,False,none
PE-EMP-00589-02,EMP-00589,2025-01-31,2025-03-01,144.4,0.0,8267.0,2072.62,6194.38,federal,False,none
PE-EMP-00589-03,EMP-00589,2025-03-02,2025-03-31,155.5,0.0,8267.0,1996.85,6270.15,federal,False,none
PE-EMP-00589-04,EMP-00589,2025-04-01,2025-04-30,154.7,0.0,8267.0,1695.06,6571.94,federal,False,none
PE-EMP-00589-05,EMP-00589,2025-05-01,2025-05-30,144.2,0.0,8267.0,1698.99,6568.01,federal,False,none
PE-EMP-00589-06,EMP-00589,2025-05-31,2025-06-29,152.2,0.0,8267.0,1605.15,6661.85,federal,False,none
PE-EMP-00590-01,EMP-00590,2025-01-01,2025-01-30,145.2,0.0,8164.0,2180.61,5983.39,UK_national,False,none
PE-EMP-00590-02,EMP-00590,2025-01-31,2025-03-01,144.7,0.0,8164.0,1803.81,6360.19,UK_national,False,none
PE-EMP-00590-03,EMP-00590,2025-03-02,2025-03-31,164.4,0.0,8164.0,1524.04,6639.96,UK_national,False,none
PE-EMP-00590-04,EMP-00590,2025-04-01,2025-04-30,156.0,0.0,8164.0,1976.46,6187.54,UK_national,False,none
PE-EMP-00590-05,EMP-00590,2025-05-01,2025-05-30,164.4,0.0,8164.0,2108.84,6055.16,UK_national,False,none
PE-EMP-00590-06,EMP-00590,2025-05-31,2025-06-29,160.8,0.0,8164.0,2177.18,5986.82,UK_national,False,none
PE-EMP-00591-01,EMP-00591,2025-01-01,2025-01-30,153.2,0.0,8021.0,1674.98,6346.02,DE_national,False,none
PE-EMP-00591-02,EMP-00591,2025-01-31,2025-03-01,144.7,0.0,8021.0,1783.28,6237.72,DE_national,False,none
PE-EMP-00591-03,EMP-00591,2025-03-02,2025-03-31,166.9,0.0,8021.0,1457.56,6563.44,DE_national,False,none
PE-EMP-00591-04,EMP-00591,2025-04-01,2025-04-30,142.2,0.0,8021.0,1927.15,6093.85,DE_national,False,none
PE-EMP-00591-05,EMP-00591,2025-05-01,2025-05-30,147.5,0.0,8021.0,2063.67,5957.33,DE_national,False,none
PE-EMP-00591-06,EMP-00591,2025-05-31,2025-06-29,155.0,0.0,8021.0,2071.94,5949.06,DE_national,False,none
PE-EMP-00592-01,EMP-00592,2025-01-01,2025-01-30,150.3,11.7,4165.27,980.27,3185.0,TX,False,none
PE-EMP-00592-02,EMP-00592,2025-01-31,2025-03-01,145.2,2.7,3848.46,898.1,2950.36,TX,False,none
PE-EMP-00592-03,EMP-00592,2025-03-02,2025-03-31,144.8,11.8,4169.41,886.2,3283.21,TX,False,none
PE-EMP-00592-04,EMP-00592,2025-04-01,2025-04-30,154.0,4.1,3897.77,1018.61,2879.16,TX,False,none
PE-EMP-00592-05,EMP-00592,2025-05-01,2025-05-30,144.7,13.4,4226.39,927.19,3299.2,TX,False,none
PE-EMP-00592-06,EMP-00592,2025-05-31,2025-06-29,146.8,7.0,4001.62,1059.04,2942.58,TX,False,none
PE-EMP-00593-01,EMP-00593,2025-01-01,2025-01-30,150.3,0.0,7413.0,1785.77,5627.23,UK_national,False,none
PE-EMP-00593-02,EMP-00593,2025-01-31,2025-03-01,152.9,0.0,7413.0,1914.89,5498.11,UK_national,False,none
PE-EMP-00593-03,EMP-00593,2025-03-02,2025-03-31,159.9,0.0,7413.0,1671.59,5741.41,UK_national,False,none
PE-EMP-00593-04,EMP-00593,2025-04-01,2025-04-30,144.5,0.0,7413.0,1863.21,5549.79,UK_national,False,none
PE-EMP-00593-05,EMP-00593,2025-05-01,2025-05-30,141.2,0.0,7413.0,1783.58,5629.42,UK_national,False,none
PE-EMP-00593-06,EMP-00593,2025-05-31,2025-06-29,143.8,0.0,7413.0,2062.93,5350.07,UK_national,False,none
PE-EMP-00594-01,EMP-00594,2025-01-01,2025-01-30,154.8,0.0,7543.0,1574.38,5968.62,WA,False,none
PE-EMP-00594-02,EMP-00594,2025-01-31,2025-03-01,161.1,0.0,7543.0,1727.31,5815.69,WA,False,none
PE-EMP-00594-03,EMP-00594,2025-03-02,2025-03-31,160.3,0.0,7543.0,1772.84,5770.16,WA,False,none
PE-EMP-00594-04,EMP-00594,2025-04-01,2025-04-30,153.1,0.0,7543.0,2028.16,5514.84,WA,False,none
PE-EMP-00594-05,EMP-00594,2025-05-01,2025-05-30,154.6,0.0,7543.0,1846.04,5696.96,WA,False,none
PE-EMP-00594-06,EMP-00594,2025-05-31,2025-06-29,156.2,0.0,7543.0,1950.91,5592.09,WA,False,none
PE-EMP-00595-01,EMP-00595,2025-01-01,2025-01-30,151.3,0.0,8055.0,2124.61,5930.39,TX,False,none
PE-EMP-00595-02-DUP,EMP-00595,2025-01-31,2025-03-01,166.2,0.0,8055.0,1652.43,6402.57,TX,True,duplicate_payment
PE-EMP-00595-03,EMP-00595,2025-03-02,2025-03-31,164.0,0.0,8055.0,1584.33,6470.67,TX,False,none
PE-EMP-00595-04,EMP-00595,2025-04-01,2025-04-30,141.0,0.0,8055.0,1551.59,6503.41,TX,False,none
PE-EMP-00595-05,EMP-00595,2025-05-01,2025-05-30,167.9,0.0,8055.0,1509.04,6545.96,TX,False,none
PE-EMP-00595-06,EMP-00595,2025-05-31,2025-06-29,143.2,0.0,8055.0,2128.09,5926.91,TX,False,none
PE-EMP-00596-01,EMP-00596,2025-01-01,2025-01-30,150.7,0.0,8843.0,2391.29,6451.71,WA,False,none
PE-EMP-00596-02,EMP-00596,2025-01-31,2025-03-01,140.7,0.0,8843.0,1856.6,6986.4,WA,False,none
PE-EMP-00596-03,EMP-00596,2025-03-02,2025-03-31,161.0,0.0,8843.0,2022.59,6820.41,WA,False,none
PE-EMP-00596-04,EMP-00596,2025-04-01,2025-04-30,161.7,0.0,8843.0,1782.37,7060.63,WA,False,none
PE-EMP-00596-05,EMP-00596,2025-05-01,2025-05-30,152.6,0.0,8843.0,2255.27,6587.73,WA,False,none
PE-EMP-00596-06,EMP-00596,2025-05-31,2025-06-29,161.2,0.0,8843.0,2113.86,6729.14,WA,False,none
PE-EMP-00597-01,EMP-00597,2025-01-01,2025-01-30,151.1,2.1,3987.91,1034.37,2953.54,CA,False,none
PE-EMP-00597-02,EMP-00597,2025-01-31,2025-03-01,165.3,2.1,3989.27,1077.3,2911.97,CA,False,none
PE-EMP-00597-03,EMP-00597,2025-03-02,2025-03-31,160.0,3.8,4050.1,890.71,3159.39,CA,False,none
PE-EMP-00597-04,EMP-00597,2025-04-01,2025-04-30,143.7,5.6,4115.36,825.0,3290.36,CA,False,none
PE-EMP-00597-05,EMP-00597,2025-05-01,2025-05-30,144.1,14.4,4438.78,907.89,3530.89,CA,False,none
PE-EMP-00597-06,EMP-00597,2025-05-31,2025-06-29,150.5,9.6,4263.0,810.52,3452.48,CA,False,none
PE-EMP-00598-01,EMP-00598,2025-01-01,2025-01-30,165.5,0.0,7015.0,1508.61,5506.39,NY,False,none
PE-EMP-00598-02,EMP-00598,2025-01-31,2025-03-01,164.4,0.0,7015.0,1884.96,5130.04,NY,False,none
PE-EMP-00598-03,EMP-00598,2025-03-02,2025-03-31,148.2,0.0,7015.0,1317.5,5697.5,NY,False,none
PE-EMP-00598-04,EMP-00598,2025-04-01,2025-04-30,155.4,0.0,7015.0,1838.7,5176.3,NY,False,none
PE-EMP-00598-05,EMP-00598,2025-05-01,2025-05-30,167.5,0.0,7015.0,1291.13,5723.87,NY,False,none
PE-EMP-00598-06,EMP-00598,2025-05-31,2025-06-29,141.9,0.0,7015.0,1856.99,5158.01,NY,False,none
PE-EMP-00599-01,EMP-00599,2025-01-01,2025-01-30,154.2,5.0,4560.08,962.33,3597.75,NY,False,none
PE-EMP-00599-02,EMP-00599,2025-01-31,2025-03-01,160.8,0.2,4363.77,829.68,3534.09,NY,False,none
PE-EMP-00599-03,EMP-00599,2025-03-02,2025-03-31,154.3,8.4,4701.09,874.35,3826.74,NY,False,none
PE-EMP-00599-04,EMP-00599,2025-04-01,2025-04-30,152.6,9.5,4743.42,1029.92,3713.5,NY,False,none
PE-EMP-00599-05,EMP-00599,2025-05-01,2025-05-30,149.7,5.0,4561.67,1100.7,3460.97,NY,False,none
PE-EMP-00599-06,EMP-00599,2025-05-31,2025-06-29,162.4,4.9,4557.07,987.96,3569.11,NY,False,none
PE-EMP-00600-01,EMP-00600,2025-01-01,2025-01-30,161.2,8.8,4413.84,1184.47,3229.37,UK_national,False,none
PE-EMP-00600-02,EMP-00600,2025-01-31,2025-03-01,158.7,6.5,4326.55,1001.15,3325.4,UK_national,False,none
PE-EMP-00600-03,EMP-00600,2025-03-02,2025-03-31,154.2,8.2,4392.25,1119.56,3272.69,UK_national,False,none
PE-EMP-00600-04,EMP-00600,2025-04-01,2025-04-30,163.1,15.0,4650.69,908.43,3742.26,UK_national,False,none
PE-EMP-00600-05,EMP-00600,2025-05-01,2025-05-30,160.5,5.0,4267.33,1072.92,3194.41,UK_national,False,none
PE-EMP-00600-06,EMP-00600,2025-05-31,2025-06-29,161.3,9.5,4442.27,863.56,3578.71,UK_national,False,none
PE-EMP-00601-01,EMP-00601,2025-01-01,2025-01-30,147.7,2.9,4291.3,1037.15,3254.15,DE_national,False,none
PE-EMP-00601-02,EMP-00601,2025-01-31,2025-03-01,140.3,3.3,4305.33,793.91,3511.42,DE_national,False,none
PE-EMP-00601-03,EMP-00601,2025-03-02,2025-03-31,145.4,2.0,6299.44,943.71,3310.36,DE_national,True,rate_violation
PE-EMP-00601-04,EMP-00601,2025-04-01,2025-04-30,152.0,12.0,4645.49,1246.46,3399.03,DE_national,False,none
PE-EMP-00601-05,EMP-00601,2025-05-01,2025-05-30,145.9,8.5,4509.67,1258.39,3251.28,DE_national,False,none
PE-EMP-00601-06,EMP-00601,2025-05-31,2025-06-29,141.0,14.9,4757.98,934.18,3823.8,DE_national,False,none
PE-EMP-00602-01,EMP-00602,2025-01-01,2025-01-30,146.1,10.9,7462.35,1930.52,5531.83,TX,False,none
PE-EMP-00602-02,EMP-00602,2025-01-31,2025-03-01,158.8,13.7,7641.24,1501.97,6139.27,TX,False,none
PE-EMP-00602-03,EMP-00602,2025-03-02,2025-03-31,162.7,1.7,6878.76,1698.65,5180.11,TX,False,none
PE-EMP-00602-04,EMP-00602,2025-04-01,2025-04-30,150.4,5.1,7096.3,1793.89,5302.41,TX,False,none
PE-EMP-00602-05,EMP-00602,2025-05-01,2025-05-30,156.2,7.0,7216.43,1989.23,5227.2,TX,False,none
PE-EMP-00602-06,EMP-00602,2025-05-31,2025-06-29,160.8,8.2,7291.64,1969.71,5321.93,TX,False,none
PE-EMP-00603-01,EMP-00603,2025-01-01,2025-01-30,149.1,0.0,8566.0,2082.84,6483.16,FL,False,none
PE-EMP-00603-02,EMP-00603,2025-01-31,2025-03-01,159.1,0.0,8566.0,1675.17,6890.83,FL,False,none
PE-EMP-00603-03,EMP-00603,2025-03-02,2025-03-31,154.6,0.0,8566.0,2155.69,6410.31,FL,False,none
PE-EMP-00603-04,EMP-00603,2025-04-01,2025-04-30,156.6,0.0,8566.0,1780.84,6785.16,FL,False,none
PE-EMP-00603-05,EMP-00603,2025-05-01,2025-05-30,146.3,0.0,8566.0,2309.9,6256.1,FL,False,none
PE-EMP-00603-06,EMP-00603,2025-05-31,2025-06-29,153.5,0.0,8566.0,1560.92,7005.08,FL,False,none
PE-EMP-00604-01,EMP-00604,2025-01-01,2025-01-30,154.0,4.9,4380.22,1011.32,3368.9,FL,False,none
PE-EMP-00604-02,EMP-00604,2025-01-31,2025-03-01,166.7,10.9,4613.45,1017.13,3596.32,FL,False,none
PE-EMP-00604-03,EMP-00604,2025-03-02,2025-03-31,143.0,4.5,6587.82,1162.15,3201.69,FL,True,rate_violation
PE-EMP-00604-04,EMP-00604,2025-04-01,2025-04-30,161.9,2.2,4274.13,864.92,3409.21,FL,False,none
PE-EMP-00604-05,EMP-00604,2025-05-01,2025-05-30,165.3,13.2,4705.58,964.05,3741.53,FL,False,none
PE-EMP-00604-06,EMP-00604,2025-05-31,2025-06-29,154.2,13.9,4732.26,1181.83,3550.43,FL,False,none
PE-EMP-00605-01,EMP-00605,2025-01-01,2025-01-30,151.2,0.0,8123.0,1797.33,6325.67,TX,False,none
PE-EMP-00605-02,EMP-00605,2025-01-31,2025-03-01,148.4,0.0,8123.0,1922.37,6200.63,TX,False,none
PE-EMP-00605-03,EMP-00605,2025-03-02,2025-03-31,157.4,0.0,8123.0,1659.12,6463.88,TX,False,none
PE-EMP-00605-04,EMP-00605,2025-04-01,2025-04-30,158.6,0.0,8123.0,2232.6,5890.4,TX,False,none
PE-EMP-00605-05,EMP-00605,2025-05-01,2025-05-30,165.9,0.0,8123.0,2091.64,6031.36,TX,False,none
PE-EMP-00605-06,EMP-00605,2025-05-31,2025-06-29,151.4,0.0,8123.0,1508.36,6614.64,TX,False,none
PE-EMP-00606-01,EMP-00606,2025-01-01,2025-01-30,167.4,6.5,6501.48,1439.57,5061.91,FL,False,none
PE-EMP-00606-02,EMP-00606,2025-01-31,2025-03-01,148.6,5.0,6416.69,1392.67,5024.02,FL,False,none
PE-EMP-00606-03,EMP-00606,2025-03-02,2025-03-31,166.0,7.3,6548.33,1832.09,4716.24,FL,False,none
PE-EMP-00606-04,EMP-00606,2025-04-01,2025-04-30,152.0,5.9,6470.61,1303.2,5167.41,FL,False,none
PE-EMP-00606-05,EMP-00606,2025-05-01,2025-05-30,162.5,3.5,6331.64,1293.7,5037.94,FL,False,none
PE-EMP-00606-06,EMP-00606,2025-05-31,2025-06-29,156.6,5.0,6418.69,1539.19,4879.5,FL,False,none
PE-EMP-00607-01,EMP-00607,2025-01-01,2025-01-30,142.3,12.8,5086.95,966.86,4120.09,FL,False,none
PE-EMP-00607-02,EMP-00607,2025-01-31,2025-03-01,152.0,11.1,5013.01,977.56,4035.45,FL,False,none
PE-EMP-00607-03,EMP-00607,2025-03-02,2025-03-31,162.2,13.4,5114.66,1398.54,3716.12,FL,False,none
PE-EMP-00607-04,EMP-00607,2025-04-01,2025-04-30,141.4,10.5,4987.43,973.49,4013.94,FL,False,none
PE-EMP-00607-05,EMP-00607,2025-05-01,2025-05-30,148.2,7.1,4842.97,887.56,3955.41,FL,False,none
PE-EMP-00607-06,EMP-00607,2025-05-31,2025-06-29,165.7,12.7,5080.81,1259.4,3821.41,FL,False,none
PE-EMP-00608-01,EMP-00608,2025-01-01,2025-01-30,158.6,0.0,7389.0,1847.24,5541.76,NY,False,none
PE-EMP-00608-02,EMP-00608,2025-01-31,2025-03-01,144.6,0.0,7389.0,1394.69,5994.31,NY,False,none
PE-EMP-00608-03,EMP-00608,2025-03-02,2025-03-31,142.8,0.0,7389.0,1558.91,5830.09,NY,False,none
PE-EMP-00608-04,EMP-00608,2025-04-01,2025-04-30,142.3,0.0,7389.0,2066.2,5322.8,NY,False,none
PE-EMP-00608-05,EMP-00608,2025-05-01,2025-05-30,140.0,0.0,7389.0,1359.22,6029.78,NY,False,none
PE-EMP-00608-06,EMP-00608,2025-05-31,2025-06-29,162.1,0.0,7389.0,2011.69,5377.31,NY,False,none
PE-EMP-00609-01,EMP-00609,2025-01-01,2025-01-30,163.1,0.0,7832.0,2112.33,5719.67,WA,False,none
PE-EMP-00609-02,EMP-00609,2025-01-31,2025-03-01,147.5,0.0,7832.0,1793.81,6038.19,WA,False,none
PE-EMP-00609-03,EMP-00609,2025-03-02,2025-03-31,163.4,0.0,7832.0,1638.01,6193.99,WA,False,none
PE-EMP-00609-04,EMP-00609,2025-04-01,2025-04-30,157.2,0.0,7832.0,1465.9,6366.1,WA,False,none
PE-EMP-00609-05,EMP-00609,2025-05-01,2025-05-30,152.9,0.0,7832.0,1518.32,6313.68,WA,False,none
PE-EMP-00609-06,EMP-00609,2025-05-31,2025-06-29,144.4,0.0,7832.0,2077.36,5754.64,WA,False,none
PE-EMP-00610-01,EMP-00610,2025-01-01,2025-01-30,154.4,0.0,8153.0,2100.27,6052.73,UK_national,False,none
PE-EMP-00610-02,EMP-00610,2025-01-31,2025-03-01,146.3,0.0,8153.0,1872.27,6280.73,UK_national,False,none
PE-EMP-00610-03,EMP-00610,2025-03-02,2025-03-31,151.0,0.0,8153.0,1698.84,6454.16,UK_national,False,none
PE-EMP-00610-04,EMP-00610,2025-04-01,2025-04-30,144.6,0.0,8153.0,1743.65,6409.35,UK_national,False,none
PE-EMP-00610-05,EMP-00610,2025-05-01,2025-05-30,152.7,0.0,8153.0,1852.9,6300.1,UK_national,False,none
PE-EMP-00610-06,EMP-00610,2025-05-31,2025-06-29,148.6,0.0,8153.0,2243.46,5909.54,UK_national,False,none
PE-EMP-00611-01,EMP-00611,2025-01-01,2025-01-30,162.8,0.0,8104.0,1988.31,6115.69,NY,False,none
PE-EMP-00611-02,EMP-00611,2025-01-31,2025-03-01,166.1,0.0,8104.0,1797.44,6306.56,NY,False,none
PE-EMP-00611-03,EMP-00611,2025-03-02,2025-03-31,163.7,0.0,8104.0,2102.39,6001.61,NY,False,none
PE-EMP-00611-04,EMP-00611,2025-04-01,2025-04-30,145.9,0.0,8104.0,1998.65,6105.35,NY,False,none
PE-EMP-00611-05,EMP-00611,2025-05-01,2025-05-30,159.7,0.0,8104.0,1832.55,6271.45,NY,False,none
PE-EMP-00611-06,EMP-00611,2025-05-31,2025-06-29,141.6,0.0,8104.0,1488.54,6615.46,NY,False,none
PE-EMP-00612-01,EMP-00612,2025-01-01,2025-01-30,144.1,0.0,7692.0,2057.72,5634.28,WA,False,none
PE-EMP-00612-02,EMP-00612,2025-01-31,2025-03-01,143.5,0.0,7692.0,2152.4,5539.6,WA,False,none
PE-EMP-00612-03,EMP-00612,2025-03-02,2025-03-31,147.9,0.0,7692.0,1940.51,5751.49,WA,False,none
PE-EMP-00612-04,EMP-00612,2025-04-01,2025-04-30,149.0,0.0,7692.0,1640.49,6051.51,WA,False,none
PE-EMP-00612-05,EMP-00612,2025-05-01,2025-05-30,153.5,0.0,7692.0,1568.59,6123.41,WA,False,none
PE-EMP-00612-06,EMP-00612,2025-05-31,2025-06-29,166.0,0.0,7692.0,1699.84,5992.16,WA,False,none
PE-EMP-00613-01,EMP-00613,2025-01-01,2025-01-30,158.8,0.0,7582.0,1871.44,5710.56,TX,False,none
PE-EMP-00613-02,EMP-00613,2025-01-31,2025-03-01,148.5,0.0,7582.0,1917.78,5664.22,TX,False,none
PE-EMP-00613-03,EMP-00613,2025-03-02,2025-03-31,165.1,0.0,7582.0,1902.41,5679.59,TX,False,none
PE-EMP-00613-04,EMP-00613,2025-04-01,2025-04-30,150.2,0.0,7582.0,1862.28,5719.72,TX,False,none
PE-EMP-00613-05,EMP-00613,2025-05-01,2025-05-30,149.7,0.0,7582.0,1661.06,5920.94,TX,False,none
PE-EMP-00613-06,EMP-00613,2025-05-31,2025-06-29,163.6,0.0,7582.0,1401.85,6180.15,TX,False,none
PE-EMP-00614-01,EMP-00614,2025-01-01,2025-01-30,162.8,12.1,7690.9,1683.97,6006.93,UK_national,False,none
PE-EMP-00614-02,EMP-00614,2025-01-31,2025-03-01,161.9,7.0,7360.4,2036.29,5324.11,UK_national,False,none
PE-EMP-00614-03,EMP-00614,2025-03-02,2025-03-31,162.8,12.9,7748.18,1743.04,6005.14,UK_national,False,none
PE-EMP-00614-04,EMP-00614,2025-04-01,2025-04-30,158.4,11.2,7634.2,1914.19,5720.01,UK_national,False,none
PE-EMP-00614-05,EMP-00614,2025-05-01,2025-05-30,164.3,14.4,7840.97,2000.63,5840.34,UK_national,False,none
PE-EMP-00614-06,EMP-00614,2025-05-31,2025-06-29,144.6,2.8,7088.76,1892.11,5196.65,UK_national,False,none
PE-EMP-00615-01,EMP-00615,2025-01-01,2025-01-30,164.5,3.8,7161.8,1355.88,5805.92,WA,False,none
PE-EMP-00615-02,EMP-00615,2025-01-31,2025-03-01,143.9,5.0,7243.47,1334.27,5909.2,WA,False,none
PE-EMP-00615-03,EMP-00615,2025-03-02,2025-03-31,147.8,7.7,7416.86,1702.43,5714.43,WA,False,none
PE-EMP-00615-04,EMP-00615,2025-04-01,2025-04-30,141.1,3.0,7114.76,1409.09,5705.67,WA,False,none
PE-EMP-00615-05,EMP-00615,2025-05-01,2025-05-30,149.6,0.1,6926.97,1496.73,5430.24,WA,False,none
PE-EMP-00615-06,EMP-00615,2025-05-31,2025-06-29,142.9,9.2,7516.18,1606.34,5909.84,WA,False,none
PE-EMP-00616-01,EMP-00616,2025-01-01,2025-01-30,167.1,0.0,8287.0,2131.06,6155.94,WA,False,none
PE-EMP-00616-02,EMP-00616,2025-01-31,2025-03-01,144.1,0.0,8287.0,1658.82,6628.18,WA,False,none
PE-EMP-00616-03,EMP-00616,2025-03-02,2025-03-31,164.0,0.0,8287.0,2055.47,6231.53,WA,False,none
PE-EMP-00616-04,EMP-00616,2025-04-01,2025-04-30,147.7,0.0,8287.0,2108.26,6178.74,WA,False,none
PE-EMP-00616-05,EMP-00616,2025-05-01,2025-05-30,154.8,0.0,8287.0,1815.42,6471.58,WA,False,none
PE-EMP-00616-06,EMP-00616,2025-05-31,2025-06-29,165.9,0.0,8287.0,1981.0,6306.0,WA,False,none
PE-EMP-00617-01,EMP-00617,2025-01-01,2025-01-30,161.6,0.0,8997.0,1796.4,7200.6,WA,False,none
PE-EMP-00617-02,EMP-00617,2025-01-31,2025-03-01,141.1,0.0,8997.0,2277.38,6719.62,WA,False,none
PE-EMP-00617-03,EMP-00617,2025-03-02,2025-03-31,156.5,0.0,8997.0,2486.9,6510.1,WA,False,none
PE-EMP-00617-04,EMP-00617,2025-04-01,2025-04-30,167.9,0.0,8997.0,1880.55,7116.45,WA,False,none
PE-EMP-00617-05,EMP-00617,2025-05-01,2025-05-30,148.0,0.0,8997.0,2030.12,6966.88,WA,False,none
PE-EMP-00617-06,EMP-00617,2025-05-31,2025-06-29,156.5,0.0,8997.0,1635.58,7361.42,WA,False,none
PE-EMP-00618-01,EMP-00618,2025-01-01,2025-01-30,141.8,0.0,6892.0,1905.7,4986.3,NY,False,none
PE-EMP-00618-02,EMP-00618,2025-01-31,2025-03-01,151.7,0.0,6892.0,1812.29,5079.71,NY,False,none
PE-EMP-00618-03,EMP-00618,2025-03-02,2025-03-31,164.8,0.0,6892.0,1560.03,5331.97,NY,False,none
PE-EMP-00618-04,EMP-00618,2025-04-01,2025-04-30,165.8,0.0,6892.0,1634.71,5257.29,NY,False,none
PE-EMP-00618-05,EMP-00618,2025-05-01,2025-05-30,146.2,0.0,6892.0,1815.91,5076.09,NY,False,none
PE-EMP-00618-06,EMP-00618,2025-05-31,2025-06-29,165.0,0.0,6892.0,1422.99,5469.01,NY,False,none
PE-EMP-00619-01,EMP-00619,2025-01-01,2025-01-30,158.7,12.8,7659.68,2004.34,5655.34,federal,False,none
PE-EMP-00619-02,EMP-00619,2025-01-31,2025-03-01,140.1,8.7,7397.47,1623.61,5773.86,federal,False,none
PE-EMP-00619-03,EMP-00619,2025-03-02,2025-03-31,163.0,3.4,7060.48,1427.49,5632.99,federal,False,none
PE-EMP-00619-04,EMP-00619,2025-04-01,2025-04-30,141.3,3.6,7069.87,1274.17,5795.7,federal,True,rule_override
PE-EMP-00619-05,EMP-00619,2025-05-01,2025-05-30,155.0,1.1,6913.2,1799.7,5113.5,federal,False,none
PE-EMP-00619-06,EMP-00619,2025-05-31,2025-06-29,140.5,13.5,7705.2,2111.16,5594.04,federal,False,none
PE-EMP-00620-01,EMP-00620,2025-01-01,2025-01-30,160.5,0.0,8026.0,2141.77,5884.23,WA,False,none
PE-EMP-00620-02,EMP-00620,2025-01-31,2025-03-01,162.1,0.0,8026.0,2060.1,5965.9,WA,False,none
PE-EMP-00620-03,EMP-00620,2025-03-02,2025-03-31,158.6,0.0,8026.0,2061.8,5964.2,WA,False,none
PE-EMP-00620-04,EMP-00620,2025-04-01,2025-04-30,156.2,0.0,8026.0,1843.28,6182.72,WA,False,none
PE-EMP-00620-05,EMP-00620,2025-05-01,2025-05-30,155.5,0.0,8026.0,1873.34,6152.66,WA,False,none
PE-EMP-00620-06,EMP-00620,2025-05-31,2025-06-29,163.9,0.0,8026.0,2070.45,5955.55,WA,False,none
PE-EMP-00621-01,EMP-00621,2025-01-01,2025-01-30,160.3,13.9,4404.26,964.1,3440.16,TX,False,none
PE-EMP-00621-02,EMP-00621,2025-01-31,2025-03-01,140.4,2.7,3994.13,981.0,3013.13,TX,False,none
PE-EMP-00621-03,EMP-00621,2025-03-02,2025-03-31,146.9,6.4,4132.37,879.69,3252.68,TX,False,none
PE-EMP-00621-04,EMP-00621,2025-04-01,2025-04-30,166.1,7.2,4159.97,790.17,3369.8,TX,False,none
PE-EMP-00621-05,EMP-00621,2025-05-01,2025-05-30,148.2,11.0,4297.61,846.21,3451.4,TX,False,none
PE-EMP-00621-06,EMP-00621,2025-05-31,2025-06-29,151.9,3.9,4037.89,792.18,3245.71,TX,False,none
PE-EMP-00622-01,EMP-00622,2025-01-01,2025-01-30,150.1,0.0,8051.0,2036.23,6014.77,DE_national,False,none
PE-EMP-00622-02,EMP-00622,2025-01-31,2025-03-01,148.1,0.0,8051.0,2065.16,5985.84,DE_national,False,none
PE-EMP-00622-03,EMP-00622,2025-03-02,2025-03-31,159.4,0.0,8051.0,2252.58,5798.42,DE_national,False,none
PE-EMP-00622-04,EMP-00622,2025-04-01,2025-04-30,142.1,0.0,8051.0,1963.66,6087.34,DE_national,False,none
PE-EMP-00622-05,EMP-00622,2025-05-01,2025-05-30,143.4,0.0,8051.0,1574.43,6476.57,DE_national,False,none
PE-EMP-00622-06,EMP-00622,2025-05-31,2025-06-29,166.7,0.0,8051.0,2203.64,5847.36,DE_national,False,none
PE-EMP-00623-01,EMP-00623,2025-01-01,2025-01-30,161.2,1.0,6577.47,1690.63,4886.84,DE_national,False,none
PE-EMP-00623-02,EMP-00623,2025-01-31,2025-03-01,161.4,4.1,6764.49,1338.67,5425.82,DE_national,False,none
PE-EMP-00623-03,EMP-00623,2025-03-02,2025-03-31,163.4,5.1,6826.33,1570.37,5255.96,DE_national,False,none
PE-EMP-00623-04,EMP-00623,2025-04-01,2025-04-30,153.5,8.0,7006.93,1619.15,5387.78,DE_national,False,none
PE-EMP-00623-05,EMP-00623,2025-05-01,2025-05-30,150.0,9.2,7080.04,1830.54,5249.5,DE_national,False,none
PE-EMP-00623-06,EMP-00623,2025-05-31,2025-06-29,162.6,1.4,6601.34,1304.69,5296.65,DE_national,False,none
PE-EMP-00624-01,EMP-00624,2025-01-01,2025-01-30,147.0,0.0,8500.0,1993.51,6506.49,federal,False,none
PE-EMP-00624-02,EMP-00624,2025-01-31,2025-03-01,165.6,0.0,8500.0,1545.49,6954.51,federal,False,none
PE-EMP-00624-03,EMP-00624,2025-03-02,2025-03-31,162.2,0.0,8500.0,2213.72,6286.28,federal,False,none
PE-EMP-00624-04,EMP-00624,2025-04-01,2025-04-30,141.8,0.0,8500.0,1603.46,6896.54,federal,False,none
PE-EMP-00624-05,EMP-00624,2025-05-01,2025-05-30,144.5,0.0,8500.0,1653.94,6846.06,federal,False,none
PE-EMP-00624-06,EMP-00624,2025-05-31,2025-06-29,155.0,0.0,8500.0,2222.94,6277.06,federal,False,none
PE-EMP-00625-01,EMP-00625,2025-01-01,2025-01-30,157.7,7.2,4324.76,1178.37,3146.39,federal,False,none
PE-EMP-00625-02,EMP-00625,2025-01-31,2025-03-01,162.2,0.4,4068.97,1079.7,2989.27,federal,False,none
PE-EMP-00625-03,EMP-00625,2025-03-02,2025-03-31,161.7,6.5,4298.39,1120.71,3177.68,federal,False,none
PE-EMP-00625-04,EMP-00625,2025-04-01,2025-04-30,157.4,6.0,4281.33,842.36,3438.97,federal,False,none
PE-EMP-00625-05,EMP-00625,2025-05-01,2025-05-30,159.5,7.3,4327.46,1032.69,3294.77,federal,False,none
PE-EMP-00625-06,EMP-00625,2025-05-31,2025-06-29,163.4,14.6,4608.22,1172.63,3435.59,federal,False,none
PE-EMP-00626-01,EMP-00626,2025-01-01,2025-01-30,161.9,0.0,7095.0,1939.63,5155.37,CA,False,none
PE-EMP-00626-02,EMP-00626,2025-01-31,2025-03-01,152.8,0.0,7095.0,1672.62,5422.38,CA,False,none
PE-EMP-00626-03,EMP-00626,2025-03-02,2025-03-31,150.3,0.0,7095.0,1505.71,5589.29,CA,False,none
PE-EMP-00626-04,EMP-00626,2025-04-01,2025-04-30,141.0,0.0,7095.0,1915.63,5179.37,CA,False,none
PE-EMP-00626-05-DUP,EMP-00626,2025-05-01,2025-05-30,156.0,0.0,7095.0,1410.54,5684.46,CA,True,duplicate_payment
PE-EMP-00626-06,EMP-00626,2025-05-31,2025-06-29,158.6,0.0,7095.0,1289.25,5805.75,CA,False,none
PE-EMP-00627-01,EMP-00627,2025-01-01,2025-01-30,161.0,5.6,7043.63,1506.44,5537.19,FL,False,none
PE-EMP-00627-02,EMP-00627,2025-01-31,2025-03-01,153.0,0.1,6700.0,1417.16,5282.84,FL,False,none
PE-EMP-00627-03,EMP-00627,2025-03-02,2025-03-31,154.6,2.0,6819.2,1292.9,5526.3,FL,True,rule_override
PE-EMP-00627-04,EMP-00627,2025-04-01,2025-04-30,153.3,11.5,7414.08,1774.1,5639.98,FL,False,none
PE-EMP-00627-05,EMP-00627,2025-05-01,2025-05-30,161.3,8.3,7214.04,1696.46,5517.58,FL,False,none
PE-EMP-00627-06,EMP-00627,2025-05-31,2025-06-29,162.0,1.8,6805.71,1776.85,5028.86,FL,False,none
PE-EMP-00628-01,EMP-00628,2025-01-01,2025-01-30,146.9,0.0,7185.0,1751.76,5433.24,CA,False,none
PE-EMP-00628-02,EMP-00628,2025-01-31,2025-03-01,151.9,0.0,7185.0,1679.19,5505.81,CA,False,none
PE-EMP-00628-03,EMP-00628,2025-03-02,2025-03-31,143.0,0.0,7185.0,1321.28,5863.72,CA,False,none
PE-EMP-00628-04,EMP-00628,2025-04-01,2025-04-30,158.6,0.0,7185.0,1968.01,5216.99,CA,False,none
PE-EMP-00628-05,EMP-00628,2025-05-01,2025-05-30,159.5,0.0,7185.0,2010.65,5174.35,CA,False,none
PE-EMP-00628-06,EMP-00628,2025-05-31,2025-06-29,168.0,0.0,7185.0,1879.38,5305.62,CA,False,none
PE-EMP-00629-01,EMP-00629,2025-01-01,2025-01-30,167.5,4.2,6883.36,1823.91,5059.45,WA,False,none
PE-EMP-00629-02,EMP-00629,2025-01-31,2025-03-01,154.0,14.6,7530.06,1629.34,5900.72,WA,False,none
PE-EMP-00629-03,EMP-00629,2025-03-02,2025-03-31,140.7,11.1,7309.82,1613.18,5696.64,WA,False,none
PE-EMP-00629-04,EMP-00629,2025-04-01,2025-04-30,142.6,4.3,6887.54,1367.02,5520.52,WA,False,none
PE-EMP-00629-05,EMP-00629,2025-05-01,2025-05-30,156.8,2.1,6749.97,1569.34,5180.63,WA,False,none
PE-EMP-00629-06,EMP-00629,2025-05-31,2025-06-29,167.3,1.5,6715.24,1284.88,5430.36,WA,False,none
PE-EMP-00630-01,EMP-00630,2025-01-01,2025-01-30,148.9,0.0,7170.0,1841.26,5328.74,federal,False,none
PE-EMP-00630-02,EMP-00630,2025-01-31,2025-03-01,156.1,0.0,7170.0,1379.31,5790.69,federal,False,none
PE-EMP-00630-03,EMP-00630,2025-03-02,2025-03-31,142.2,0.0,7170.0,1708.06,5461.94,federal,False,none
PE-EMP-00630-04,EMP-00630,2025-04-01,2025-04-30,148.7,0.0,7170.0,1325.79,5844.21,federal,False,none
PE-EMP-00630-05,EMP-00630,2025-05-01,2025-05-30,161.1,0.0,7170.0,1835.97,5334.03,federal,False,none
PE-EMP-00630-06,EMP-00630,2025-05-31,2025-06-29,142.2,0.0,7170.0,1945.2,5224.8,federal,False,none
PE-EMP-00631-01,EMP-00631,2025-01-01,2025-01-30,164.4,10.7,7259.38,1985.59,5273.79,UK_national,False,none
PE-EMP-00631-02,EMP-00631,2025-01-31,2025-03-01,158.4,8.2,7104.66,1922.75,5181.91,UK_national,False,none
PE-EMP-00631-03,EMP-00631,2025-03-02,2025-03-31,166.1,1.5,6691.19,1474.5,5216.69,UK_national,False,none
PE-EMP-00631-04,EMP-00631,2025-04-01,2025-04-30,142.6,4.7,6887.39,1844.42,5042.97,UK_national,False,none
PE-EMP-00631-05,EMP-00631,2025-05-01,2025-05-30,143.8,5.0,6907.22,1755.19,5152.03,UK_national,False,none
PE-EMP-00631-06,EMP-00631,2025-05-31,2025-06-29,140.1,1.4,6685.51,1834.97,4850.54,UK_national,False,none
PE-EMP-00632-01,EMP-00632,2025-01-01,2025-01-30,141.2,0.0,8700.0,2341.52,6358.48,WA,False,none
PE-EMP-00632-02,EMP-00632,2025-01-31,2025-03-01,151.4,0.0,8700.0,2270.27,6429.73,WA,False,none
PE-EMP-00632-03,EMP-00632,2025-03-02,2025-03-31,144.4,0.0,8700.0,1659.0,7041.0,WA,False,none
PE-EMP-00632-04,EMP-00632,2025-04-01,2025-04-30,165.1,0.0,8700.0,2383.5,6316.5,WA,False,none
PE-EMP-00632-05,EMP-00632,2025-05-01,2025-05-30,149.4,0.0,8700.0,1781.39,6918.61,WA,False,none
PE-EMP-00632-06,EMP-00632,2025-05-31,2025-06-29,165.7,0.0,8700.0,1727.06,6972.94,WA,False,none
PE-EMP-00633-01,EMP-00633,2025-01-01,2025-01-30,162.7,10.5,4784.12,910.84,3873.28,WA,False,none
PE-EMP-00633-02,EMP-00633,2025-01-31,2025-03-01,143.5,7.1,4643.03,1174.11,3468.92,WA,False,none
PE-EMP-00633-03,EMP-00633,2025-03-02,2025-03-31,159.1,11.1,4806.88,1260.45,3546.43,WA,False,none
PE-EMP-00633-04,EMP-00633,2025-04-01,2025-04-30,159.1,3.6,4501.12,993.81,3507.31,WA,False,none
PE-EMP-00633-05,EMP-00633,2025-05-01,2025-05-30,160.4,13.1,4890.91,1162.42,3728.49,WA,False,none
PE-EMP-00633-06,EMP-00633,2025-05-31,2025-06-29,146.7,12.6,4870.56,1116.65,3753.91,WA,False,none
PE-EMP-00634-01,EMP-00634,2025-01-01,2025-01-30,157.2,0.0,6853.0,1528.03,5324.97,FL,False,none
PE-EMP-00634-02,EMP-00634,2025-01-31,2025-03-01,163.1,0.0,6853.0,1499.74,5353.26,FL,False,none
PE-EMP-00634-03,EMP-00634,2025-03-02,2025-03-31,143.8,0.0,6853.0,1434.13,5418.87,FL,False,none
PE-EMP-00634-04,EMP-00634,2025-04-01,2025-04-30,151.5,0.0,6853.0,1900.83,4952.17,FL,False,none
PE-EMP-00634-05,EMP-00634,2025-05-01,2025-05-30,147.5,0.0,6853.0,1629.87,5223.13,FL,False,none
PE-EMP-00634-06,EMP-00634,2025-05-31,2025-06-29,164.9,0.0,6853.0,1655.95,5197.05,FL,False,none
PE-EMP-00635-01,EMP-00635,2025-01-01,2025-01-30,156.9,10.6,7362.74,1513.04,5849.7,federal,False,none
PE-EMP-00635-02,EMP-00635,2025-01-31,2025-03-01,156.5,0.0,6698.37,1282.48,5415.89,federal,False,none
PE-EMP-00635-03,EMP-00635,2025-03-02,2025-03-31,156.1,11.2,7400.3,1843.64,5556.66,federal,False,none
PE-EMP-00635-04,EMP-00635,2025-04-01,2025-04-30,167.1,12.2,7464.02,1776.59,5687.43,federal,False,none
PE-EMP-00635-05,EMP-00635,2025-05-01,2025-05-30,146.5,3.7,6931.29,1740.49,5190.8,federal,False,none
PE-EMP-00635-06,EMP-00635,2025-05-31,2025-06-29,142.0,3.7,6932.44,1280.12,5652.32,federal,False,none
PE-EMP-00636-01,EMP-00636,2025-01-01,2025-01-30,167.0,0.0,8928.0,1959.44,6968.56,WA,False,none
PE-EMP-00636-02,EMP-00636,2025-01-31,2025-03-01,143.2,0.0,8928.0,1853.94,7074.06,WA,False,none
PE-EMP-00636-03,EMP-00636,2025-03-02,2025-03-31,145.9,0.0,8928.0,1609.56,7318.44,WA,False,none
PE-EMP-00636-04,EMP-00636,2025-04-01,2025-04-30,159.5,0.0,8928.0,1705.94,7222.06,WA,False,none
PE-EMP-00636-05,EMP-00636,2025-05-01,2025-05-30,149.6,0.0,8928.0,1976.08,6951.92,WA,False,none
PE-EMP-00636-06,EMP-00636,2025-05-31,2025-06-29,144.1,0.0,8928.0,2006.19,6921.81,WA,False,none
PE-EMP-00637-01,EMP-00637,2025-01-01,2025-01-30,150.3,9.7,4420.13,850.1,3570.03,FL,False,none
PE-EMP-00637-02,EMP-00637,2025-01-31,2025-03-01,154.5,14.7,4607.71,1003.89,3603.82,FL,False,none
PE-EMP-00637-03,EMP-00637,2025-03-02,2025-03-31,164.0,4.1,4207.7,1036.41,3171.29,FL,False,none
PE-EMP-00637-04,EMP-00637,2025-04-01,2025-04-30,145.3,2.2,4134.12,905.05,3229.07,FL,False,none
PE-EMP-00637-05,EMP-00637,2025-05-01,2025-05-30,146.8,10.0,4430.32,1216.9,3213.42,FL,False,none
PE-EMP-00637-06,EMP-00637,2025-05-31,2025-06-29,141.4,7.3,4329.52,897.9,3431.62,FL,False,none
PE-EMP-00638-01,EMP-00638,2025-01-01,2025-01-30,153.0,0.0,8165.0,1472.2,6692.8,WA,False,none
PE-EMP-00638-02,EMP-00638,2025-01-31,2025-03-01,164.9,0.0,8165.0,1519.84,6645.16,WA,False,none
PE-EMP-00638-03,EMP-00638,2025-03-02,2025-03-31,152.8,0.0,8165.0,1518.36,6646.64,WA,False,none
PE-EMP-00638-04,EMP-00638,2025-04-01,2025-04-30,151.6,0.0,8165.0,1705.73,6459.27,WA,False,none
PE-EMP-00638-05,EMP-00638,2025-05-01,2025-05-30,143.9,0.0,8165.0,2189.29,5975.71,WA,False,none
PE-EMP-00638-06,EMP-00638,2025-05-31,2025-06-29,151.9,0.0,8165.0,1697.77,6467.23,WA,False,none
PE-EMP-00639-01,EMP-00639,2025-01-01,2025-01-30,162.0,0.0,7782.0,1411.47,6370.53,NY,False,none
PE-EMP-00639-02,EMP-00639,2025-01-31,2025-03-01,156.4,0.0,7782.0,1812.89,5969.11,NY,False,none
PE-EMP-00639-03,EMP-00639,2025-03-02,2025-03-31,158.0,0.0,7782.0,1671.45,6110.55,NY,False,none
PE-EMP-00639-04,EMP-00639,2025-04-01,2025-04-30,159.3,0.0,7782.0,1750.44,6031.56,NY,False,none
PE-EMP-00639-05,EMP-00639,2025-05-01,2025-05-30,153.4,0.0,7782.0,1615.24,6166.76,NY,False,none
PE-EMP-00639-06,EMP-00639,2025-05-31,2025-06-29,144.5,0.0,7782.0,1704.72,6077.28,NY,False,none
PE-EMP-00640-01,EMP-00640,2025-01-01,2025-01-30,165.3,0.0,6927.0,1399.65,5527.35,NY,False,none
PE-EMP-00640-02,EMP-00640,2025-01-31,2025-03-01,146.6,0.0,6927.0,1258.74,5668.26,NY,False,none
PE-EMP-00640-03,EMP-00640,2025-03-02,2025-03-31,146.1,0.0,6927.0,1583.44,5343.56,NY,False,none
PE-EMP-00640-04,EMP-00640,2025-04-01,2025-04-30,154.3,0.0,6927.0,1903.9,5023.1,NY,False,none
PE-EMP-00640-05,EMP-00640,2025-05-01,2025-05-30,143.1,0.0,6927.0,1893.83,5033.17,NY,False,none
PE-EMP-00640-06,EMP-00640,2025-05-31,2025-06-29,154.6,0.0,6927.0,1746.46,5180.54,NY,False,none
PE-EMP-00641-01,EMP-00641,2025-01-01,2025-01-30,158.4,10.3,6998.98,1450.06,5548.92,federal,False,none
PE-EMP-00641-02,EMP-00641,2025-01-31,2025-03-01,140.6,12.0,7097.27,1807.25,5290.02,federal,False,none
PE-EMP-00641-03,EMP-00641,2025-03-02,2025-03-31,146.8,8.5,6888.85,1849.52,5039.33,federal,False,none
PE-EMP-00641-04,EMP-00641,2025-04-01,2025-04-30,161.2,4.2,6633.74,1731.21,4902.53,federal,False,none
PE-EMP-00641-05,EMP-00641,2025-05-01,2025-05-30,157.2,10.0,6979.72,1644.39,5335.33,federal,False,none
PE-EMP-00641-06,EMP-00641,2025-05-31,2025-06-29,145.1,12.0,7096.85,1653.51,5443.34,federal,False,none
PE-EMP-00642-01,EMP-00642,2025-01-01,2025-01-30,154.8,0.0,7781.0,1787.32,5993.68,NY,False,none
PE-EMP-00642-02,EMP-00642,2025-01-31,2025-03-01,140.5,0.0,7781.0,1516.59,6264.41,NY,False,none
PE-EMP-00642-03,EMP-00642,2025-03-02,2025-03-31,161.6,0.0,7781.0,1998.54,5782.46,NY,False,none
PE-EMP-00642-04,EMP-00642,2025-04-01,2025-04-30,149.6,0.0,7781.0,1727.17,6053.83,NY,False,none
PE-EMP-00642-05,EMP-00642,2025-05-01,2025-05-30,145.2,0.0,7781.0,1774.86,6006.14,NY,False,none
PE-EMP-00642-06,EMP-00642,2025-05-31,2025-06-29,160.2,0.0,7781.0,1970.63,5810.37,NY,False,none
PE-EMP-00643-01,EMP-00643,2025-01-01,2025-01-30,159.5,0.0,7812.0,1738.05,6073.95,FL,False,none
PE-EMP-00643-02,EMP-00643,2025-01-31,2025-03-01,145.6,0.0,7812.0,1618.6,6193.4,FL,False,none
PE-EMP-00643-03,EMP-00643,2025-03-02,2025-03-31,163.6,0.0,7812.0,1720.17,6091.83,FL,False,none
PE-EMP-00643-04,EMP-00643,2025-04-01,2025-04-30,155.8,0.0,7812.0,1876.11,5935.89,FL,False,none
PE-EMP-00643-05,EMP-00643,2025-05-01,2025-05-30,153.2,0.0,7812.0,1481.23,6330.77,FL,False,none
PE-EMP-00643-06,EMP-00643,2025-05-31,2025-06-29,146.9,0.0,7812.0,1559.49,6252.51,FL,False,none
PE-EMP-00644-01,EMP-00644,2025-01-01,2025-01-30,153.2,0.7,4620.57,987.02,3633.55,CA,False,none
PE-EMP-00644-02,EMP-00644,2025-01-31,2025-03-01,146.4,3.6,4746.7,1012.67,3734.03,CA,False,none
PE-EMP-00644-03,EMP-00644,2025-03-02,2025-03-31,142.1,14.4,5209.17,946.21,4262.96,CA,False,none
PE-EMP-00644-04,EMP-00644,2025-04-01,2025-04-30,151.5,8.5,4955.87,959.95,3995.92,CA,False,none
PE-EMP-00644-05,EMP-00644,2025-05-01,2025-05-30,155.0,0.7,4619.33,1047.24,3572.09,CA,False,none
PE-EMP-00644-06,EMP-00644,2025-05-31,2025-06-29,167.7,11.1,5067.86,964.22,4103.64,CA,False,none
PE-EMP-00645-01,EMP-00645,2025-01-01,2025-01-30,146.2,8.2,7090.83,1785.78,5305.05,UK_national,False,none
PE-EMP-00645-02,EMP-00645,2025-01-31,2025-03-01,141.0,3.2,6781.6,1472.2,5309.4,UK_national,False,none
PE-EMP-00645-03,EMP-00645,2025-03-02,2025-03-31,143.4,0.2,6593.83,1574.28,5019.55,UK_national,False,none
PE-EMP-00645-04,EMP-00645,2025-04-01,2025-04-30,152.6,4.2,6842.59,1634.44,5208.15,UK_national,False,none
PE-EMP-00645-05,EMP-00645,2025-05-01,2025-05-30,146.6,3.1,6776.56,1450.74,5325.82,UK_national,False,none
PE-EMP-00645-06,EMP-00645,2025-05-31,2025-06-29,162.2,1.8,6692.96,1743.79,4949.17,UK_national,False,none
PE-EMP-00646-01,EMP-00646,2025-01-01,2025-01-30,161.3,8.1,6989.68,1697.87,5291.81,NY,False,none
PE-EMP-00646-02,EMP-00646,2025-01-31,2025-03-01,155.2,0.7,6539.37,1627.65,4911.72,NY,False,none
PE-EMP-00646-03,EMP-00646,2025-03-02,2025-03-31,140.2,9.9,7099.72,1772.0,5327.72,NY,False,none
PE-EMP-00646-04,EMP-00646,2025-04-01,2025-04-30,146.1,12.6,7268.56,1902.23,5366.33,NY,False,none
PE-EMP-00646-05,EMP-00646,2025-05-01,2025-05-30,142.5,6.2,6875.36,1464.96,5410.4,NY,False,none
PE-EMP-00646-06,EMP-00646,2025-05-31,2025-06-29,147.8,8.7,7031.71,1916.01,5115.7,NY,False,none
PE-EMP-00647-01,EMP-00647,2025-01-01,2025-01-30,150.0,6.4,6850.12,1472.06,5378.06,CA,False,none
PE-EMP-00647-02,EMP-00647,2025-01-31,2025-03-01,140.8,6.8,6873.06,1715.47,5157.59,CA,False,none
PE-EMP-00647-03,EMP-00647,2025-03-02,2025-03-31,140.6,1.5,6550.61,1589.97,4960.64,CA,False,none
PE-EMP-00647-04,EMP-00647,2025-04-01,2025-04-30,144.4,4.1,6712.13,1323.68,5388.45,CA,False,none
PE-EMP-00647-05,EMP-00647,2025-05-01,2025-05-30,145.5,11.1,7132.16,1806.18,5325.98,CA,False,none
PE-EMP-00647-06,EMP-00647,2025-05-31,2025-06-29,152.9,3.1,6651.99,1285.58,5366.41,CA,False,none
PE-EMP-00648-01,EMP-00648,2025-01-01,2025-01-30,143.8,9.9,7437.09,1506.48,5930.61,DE_national,False,none
PE-EMP-00648-02,EMP-00648,2025-01-31,2025-03-01,145.7,1.8,6916.79,1876.0,5040.79,DE_national,False,none
PE-EMP-00648-03,EMP-00648,2025-03-02,2025-03-31,148.4,9.4,7404.05,1984.41,5419.64,DE_national,False,none
PE-EMP-00648-04,EMP-00648,2025-04-01,2025-04-30,141.8,10.3,7461.1,1457.85,6003.25,DE_national,False,none
PE-EMP-00648-05,EMP-00648,2025-05-01,2025-05-30,140.2,13.5,7666.24,1743.1,5923.14,DE_national,False,none
PE-EMP-00648-06,EMP-00648,2025-05-31,2025-06-29,159.2,5.6,7162.36,1671.0,5491.36,DE_national,False,none
PE-EMP-00649-01,EMP-00649,2025-01-01,2025-01-30,161.4,13.4,7247.51,1383.2,5864.31,UK_national,False,none
PE-EMP-00649-02,EMP-00649,2025-01-31,2025-03-01,143.0,3.2,6630.77,1295.48,5335.29,UK_national,False,none
PE-EMP-00649-03,EMP-00649,2025-03-02,2025-03-31,147.5,3.4,6646.59,1736.49,4910.1,UK_national,False,none
PE-EMP-00649-04,EMP-00649,2025-04-01,2025-04-30,159.0,7.8,6910.09,1627.32,5282.77,UK_national,False,none
PE-EMP-00649-05,EMP-00649,2025-05-01,2025-05-30,165.2,14.2,7299.18,1994.17,5305.01,UK_national,False,none
PE-EMP-00649-06,EMP-00649,2025-05-31,2025-06-29,164.8,13.8,7269.45,2024.11,5245.34,UK_national,False,none
PE-EMP-00650-01,EMP-00650,2025-01-01,2025-01-30,154.9,2.4,4546.45,1271.74,3274.71,FL,False,none
PE-EMP-00650-02,EMP-00650,2025-01-31,2025-03-01,151.9,8.5,4802.84,1322.52,3480.32,FL,False,none
PE-EMP-00650-03,EMP-00650,2025-03-02,2025-03-31,147.8,9.2,4830.15,1253.29,3576.86,FL,False,none
PE-EMP-00650-04,EMP-00650,2025-04-01,2025-04-30,160.5,3.9,4610.77,928.68,3682.09,FL,False,none
PE-EMP-00650-05,EMP-00650,2025-05-01,2025-05-30,151.4,11.6,4930.77,897.41,4033.36,FL,False,none
PE-EMP-00650-06,EMP-00650,2025-05-31,2025-06-29,166.0,5.6,4682.89,1093.66,3589.23,FL,False,none
PE-EMP-00651-01,EMP-00651,2025-01-01,2025-01-30,143.2,0.0,8692.0,2324.87,6367.13,CA,False,none
PE-EMP-00651-02,EMP-00651,2025-01-31,2025-03-01,165.2,0.0,8692.0,2168.23,6523.77,CA,False,none
PE-EMP-00651-03,EMP-00651,2025-03-02,2025-03-31,159.6,0.0,8692.0,1764.25,6927.75,CA,False,none
PE-EMP-00651-04,EMP-00651,2025-04-01,2025-04-30,143.2,0.0,8692.0,2389.92,6302.08,CA,False,none
PE-EMP-00651-05,EMP-00651,2025-05-01,2025-05-30,165.5,0.0,8692.0,1981.19,6710.81,CA,False,none
PE-EMP-00651-06,EMP-00651,2025-05-31,2025-06-29,160.7,0.0,8692.0,2069.27,6622.73,CA,False,none
PE-EMP-00652-01,EMP-00652,2025-01-01,2025-01-30,155.1,2.0,6248.6,1448.4,4800.2,WA,False,none
PE-EMP-00652-02,EMP-00652,2025-01-31,2025-03-01,165.4,3.5,6331.88,1219.79,5112.09,WA,False,none
PE-EMP-00652-03,EMP-00652,2025-03-02,2025-03-31,164.8,7.6,6570.41,1581.43,4988.98,WA,False,none
PE-EMP-00652-04,EMP-00652,2025-04-01,2025-04-30,149.5,3.6,6340.24,1491.4,4848.84,WA,False,none
PE-EMP-00652-05,EMP-00652,2025-05-01,2025-05-30,149.3,8.1,6595.55,1358.46,5237.09,WA,False,none
PE-EMP-00652-06,EMP-00652,2025-05-31,2025-06-29,152.0,2.0,6249.43,1236.33,5013.1,WA,False,none
PE-EMP-00653-01,EMP-00653,2025-01-01,2025-01-30,162.5,12.8,5086.19,1019.93,4066.26,NY,False,none
PE-EMP-00653-02,EMP-00653,2025-01-31,2025-03-01,154.5,3.3,4683.87,1141.11,3542.76,NY,False,none
PE-EMP-00653-03,EMP-00653,2025-03-02,2025-03-31,160.2,9.4,4942.18,924.9,4017.28,NY,False,none
PE-EMP-00653-04,EMP-00653,2025-04-01,2025-04-30,149.0,8.2,4892.28,1241.53,3650.75,NY,False,none
PE-EMP-00653-05,EMP-00653,2025-05-01,2025-05-30,163.7,2.5,4648.18,965.11,3683.07,NY,False,none
PE-EMP-00653-06,EMP-00653,2025-05-31,2025-06-29,161.8,0.4,4562.14,1170.41,3391.73,NY,False,none
PE-EMP-00654-01,EMP-00654,2025-01-01,2025-01-30,159.3,0.0,7144.0,1839.8,5304.2,federal,False,none
PE-EMP-00654-02,EMP-00654,2025-01-31,2025-03-01,160.2,0.0,7144.0,1902.37,5241.63,federal,False,none
PE-EMP-00654-03,EMP-00654,2025-03-02,2025-03-31,144.6,0.0,7144.0,1345.67,5798.33,federal,False,none
PE-EMP-00654-04,EMP-00654,2025-04-01,2025-04-30,157.8,0.0,7144.0,1816.15,5327.85,federal,False,none
PE-EMP-00654-05,EMP-00654,2025-05-01,2025-05-30,159.3,0.0,7144.0,1343.83,5800.17,federal,False,none
PE-EMP-00654-06,EMP-00654,2025-05-31,2025-06-29,162.6,0.0,7144.0,1629.39,5514.61,federal,False,none
PE-EMP-00655-01,EMP-00655,2025-01-01,2025-01-30,165.0,0.0,6868.0,1537.73,5330.27,FL,False,none
PE-EMP-00655-02,EMP-00655,2025-01-31,2025-03-01,141.6,0.0,6868.0,1680.98,5187.02,FL,False,none
PE-EMP-00655-03,EMP-00655,2025-03-02,2025-03-31,167.1,0.0,6868.0,1669.51,5198.49,FL,False,none
PE-EMP-00655-04,EMP-00655,2025-04-01,2025-04-30,144.2,0.0,6868.0,1253.99,5614.01,FL,False,none
PE-EMP-00655-05,EMP-00655,2025-05-01,2025-05-30,150.6,0.0,6868.0,1478.91,5389.09,FL,False,none
PE-EMP-00655-06,EMP-00655,2025-05-31,2025-06-29,165.6,0.0,6868.0,1315.33,5552.67,FL,False,none
PE-EMP-00656-01,EMP-00656,2025-01-01,2025-01-30,161.1,0.0,8216.0,2009.31,6206.69,TX,False,none
PE-EMP-00656-02,EMP-00656,2025-01-31,2025-03-01,142.4,0.0,8216.0,1693.16,6522.84,TX,False,none
PE-EMP-00656-03,EMP-00656,2025-03-02,2025-03-31,156.8,0.0,8216.0,2146.65,6069.35,TX,False,none
PE-EMP-00656-04,EMP-00656,2025-04-01,2025-04-30,153.3,0.0,8216.0,1952.44,6263.56,TX,False,none
PE-EMP-00656-05,EMP-00656,2025-05-01,2025-05-30,165.5,0.0,8216.0,1882.4,6333.6,TX,False,none
PE-EMP-00656-06,EMP-00656,2025-05-31,2025-06-29,144.9,0.0,8216.0,1541.82,6674.18,TX,False,none
PE-EMP-00657-01,EMP-00657,2025-01-01,2025-01-30,154.0,0.0,8028.0,2057.76,5970.24,federal,False,none
PE-EMP-00657-02,EMP-00657,2025-01-31,2025-03-01,148.8,0.0,8028.0,2077.9,5950.1,federal,False,none
PE-EMP-00657-03,EMP-00657,2025-03-02,2025-03-31,154.2,0.0,8028.0,1821.45,6206.55,federal,False,none
PE-EMP-00657-04,EMP-00657,2025-04-01,2025-04-30,141.2,0.0,8028.0,1820.2,6207.8,federal,False,none
PE-EMP-00657-05,EMP-00657,2025-05-01,2025-05-30,158.5,0.0,8028.0,1484.26,6543.74,federal,False,none
PE-EMP-00657-06,EMP-00657,2025-05-31,2025-06-29,150.6,0.0,8028.0,2156.15,5871.85,federal,False,none
PE-EMP-00658-01,EMP-00658,2025-01-01,2025-01-30,160.3,9.6,4768.88,900.69,3868.19,CA,False,none
PE-EMP-00658-02,EMP-00658,2025-01-31,2025-03-01,150.6,4.1,4546.32,886.51,3659.81,CA,False,none
PE-EMP-00658-03,EMP-00658,2025-03-02,2025-03-31,162.3,1.8,4452.67,985.36,3467.31,CA,False,none
PE-EMP-00658-04,EMP-00658,2025-04-01,2025-04-30,150.3,7.7,4691.95,1309.37,3382.58,CA,False,none
PE-EMP-00658-05,EMP-00658,2025-05-01,2025-05-30,144.8,0.7,4407.16,929.97,3477.19,CA,False,none
PE-EMP-00658-06,EMP-00658,2025-05-31,2025-06-29,155.5,8.7,4732.04,1197.02,3535.02,CA,False,none
PE-EMP-00659-01,EMP-00659,2025-01-01,2025-01-30,153.2,0.0,8454.0,1555.01,6898.99,UK_national,False,none
PE-EMP-00659-02,EMP-00659,2025-01-31,2025-03-01,146.7,0.0,8454.0,1865.57,6588.43,UK_national,False,none
PE-EMP-00659-03,EMP-00659,2025-03-02,2025-03-31,157.2,0.0,8454.0,2030.74,6423.26,UK_national,False,none
PE-EMP-00659-04,EMP-00659,2025-04-01,2025-04-30,149.9,0.0,8454.0,1910.62,6543.38,UK_national,False,none
PE-EMP-00659-05,EMP-00659,2025-05-01,2025-05-30,161.6,0.0,8454.0,2366.06,6087.94,UK_national,False,none
PE-EMP-00659-06,EMP-00659,2025-05-31,2025-06-29,166.7,0.0,8454.0,2179.96,6274.04,UK_national,False,none
PE-EMP-00660-01,EMP-00660,2025-01-01,2025-01-30,154.7,0.0,8210.0,2180.7,6029.3,TX,False,none
PE-EMP-00660-02,EMP-00660,2025-01-31,2025-03-01,141.7,0.0,8210.0,1581.05,6628.95,TX,False,none
PE-EMP-00660-03,EMP-00660,2025-03-02,2025-03-31,166.0,0.0,8210.0,2136.24,6073.76,TX,False,none
PE-EMP-00660-04,EMP-00660,2025-04-01,2025-04-30,147.1,0.0,8210.0,2188.17,6021.83,TX,False,none
PE-EMP-00660-05,EMP-00660,2025-05-01,2025-05-30,164.9,0.0,8210.0,1911.76,6298.24,TX,False,none
PE-EMP-00660-06,EMP-00660,2025-05-31,2025-06-29,160.7,0.0,8210.0,2229.21,5980.79,TX,False,none
PE-EMP-00661-01,EMP-00661,2025-01-01,2025-01-30,160.5,0.0,7337.0,1512.6,5824.4,WA,False,none
PE-EMP-00661-02,EMP-00661,2025-01-31,2025-03-01,158.0,0.0,7337.0,2026.59,5310.41,WA,False,none
PE-EMP-00661-03,EMP-00661,2025-03-02,2025-03-31,153.3,0.0,7337.0,1722.34,5614.66,WA,False,none
PE-EMP-00661-04,EMP-00661,2025-04-01,2025-04-30,147.0,0.0,7337.0,1966.65,5370.35,WA,False,none
PE-EMP-00661-05,EMP-00661,2025-05-01,2025-05-30,160.1,0.0,7337.0,1462.89,5874.11,WA,False,none
PE-EMP-00661-06,EMP-00661,2025-05-31,2025-06-29,158.1,0.0,7337.0,1458.36,5878.64,WA,False,none
PE-EMP-00662-01,EMP-00662,2025-01-01,2025-01-30,158.8,6.0,6642.5,1356.55,5285.95,NY,False,none
PE-EMP-00662-02,EMP-00662,2025-01-31,2025-03-01,159.0,2.1,6414.14,1411.16,5002.98,NY,False,none
PE-EMP-00662-03,EMP-00662,2025-03-02,2025-03-31,158.1,10.9,6931.06,1609.2,5321.86,NY,False,none
PE-EMP-00662-04,EMP-00662,2025-04-01,2025-04-30,148.3,10.0,6878.87,1449.72,5429.15,NY,False,none
PE-EMP-00662-05,EMP-00662,2025-05-01,2025-05-30,161.2,0.3,6307.32,1690.01,4617.31,NY,False,none
PE-EMP-00662-06,EMP-00662,2025-05-31,2025-06-29,163.7,2.0,6404.42,1615.35,4789.07,NY,False,none
PE-EMP-00663-01,EMP-00663,2025-01-01,2025-01-30,142.9,0.0,8796.0,1962.29,6833.71,FL,False,none
PE-EMP-00663-02,EMP-00663,2025-01-31,2025-03-01,147.1,0.0,8796.0,2428.38,6367.62,FL,False,none
PE-EMP-00663-03,EMP-00663,2025-03-02,2025-03-31,141.1,0.0,8796.0,1989.62,6806.38,FL,False,none
PE-EMP-00663-04,EMP-00663,2025-04-01,2025-04-30,166.5,0.0,8796.0,1926.49,6869.51,FL,False,none
PE-EMP-00663-05,EMP-00663,2025-05-01,2025-05-30,144.4,0.0,8796.0,2138.86,6657.14,FL,False,none
PE-EMP-00663-06,EMP-00663,2025-05-31,2025-06-29,150.5,0.0,8796.0,2415.51,6380.49,FL,False,none
PE-EMP-00664-01,EMP-00664,2025-01-01,2025-01-30,164.5,0.0,7602.0,1589.28,6012.72,UK_national,False,none
PE-EMP-00664-02,EMP-00664,2025-01-31,2025-03-01,162.1,0.0,7602.0,1510.21,6091.79,UK_national,False,none
PE-EMP-00664-03,EMP-00664,2025-03-02,2025-03-31,150.3,0.0,7602.0,1916.56,5685.44,UK_national,False,none
PE-EMP-00664-04,EMP-00664,2025-04-01,2025-04-30,145.2,0.0,7602.0,1781.51,5820.49,UK_national,False,none
PE-EMP-00664-05,EMP-00664,2025-05-01,2025-05-30,164.2,0.0,7602.0,1514.07,6087.93,UK_national,False,none
PE-EMP-00664-06,EMP-00664,2025-05-31,2025-06-29,158.7,0.0,7602.0,1922.73,5679.27,UK_national,False,none
PE-EMP-00665-01,EMP-00665,2025-01-01,2025-01-30,148.6,0.0,8338.0,1892.59,6445.41,DE_national,False,none
PE-EMP-00665-02,EMP-00665,2025-01-31,2025-03-01,164.2,0.0,8338.0,2161.29,6176.71,DE_national,False,none
PE-EMP-00665-03,EMP-00665,2025-03-02,2025-03-31,166.9,0.0,8338.0,1928.56,6409.44,DE_national,False,none
PE-EMP-00665-04,EMP-00665,2025-04-01,2025-04-30,165.7,0.0,8338.0,1943.05,6394.95,DE_national,False,none
PE-EMP-00665-05,EMP-00665,2025-05-01,2025-05-30,146.3,0.0,8338.0,1519.59,6818.41,DE_national,False,none
PE-EMP-00665-06,EMP-00665,2025-05-31,2025-06-29,146.8,0.0,8338.0,1591.7,6746.3,DE_national,False,none
PE-EMP-00666-01,EMP-00666,2025-01-01,2025-01-30,154.5,0.0,8855.0,2211.45,6643.55,NY,False,none
PE-EMP-00666-02,EMP-00666,2025-01-31,2025-03-01,147.7,0.0,8855.0,2329.23,6525.77,NY,False,none
PE-EMP-00666-03,EMP-00666,2025-03-02,2025-03-31,143.8,0.0,8855.0,2236.33,6618.67,NY,False,none
PE-EMP-00666-04,EMP-00666,2025-04-01,2025-04-30,159.5,0.0,8855.0,2134.14,6720.86,NY,False,none
PE-EMP-00666-05,EMP-00666,2025-05-01,2025-05-30,149.5,0.0,8855.0,2190.44,6664.56,NY,False,none
PE-EMP-00666-06,EMP-00666,2025-05-31,2025-06-29,157.9,0.0,8855.0,1850.43,7004.57,NY,False,none
PE-EMP-00667-01,EMP-00667,2025-01-01,2025-01-30,145.7,14.9,5060.08,1058.25,4001.83,NY,False,none
PE-EMP-00667-02,EMP-00667,2025-01-31,2025-03-01,163.1,3.2,4574.95,1267.14,3307.81,NY,False,none
PE-EMP-00667-03,EMP-00667,2025-03-02,2025-03-31,156.4,2.9,4561.33,1061.06,3500.27,NY,False,none
PE-EMP-00667-04,EMP-00667,2025-04-01,2025-04-30,160.4,13.3,4991.62,959.48,4032.14,NY,False,none
PE-EMP-00667-05,EMP-00667,2025-05-01,2025-05-30,142.5,12.1,4943.69,1288.3,3655.39,NY,False,none
PE-EMP-00667-06,EMP-00667,2025-05-31,2025-06-29,153.1,10.7,4884.12,1101.24,3782.88,NY,False,none
PE-EMP-00668-01,EMP-00668,2025-01-01,2025-01-30,143.5,0.0,6970.0,1866.98,5103.02,WA,False,none
PE-EMP-00668-02,EMP-00668,2025-01-31,2025-03-01,167.3,0.0,6970.0,1288.29,5681.71,WA,False,none
PE-EMP-00668-03,EMP-00668,2025-03-02,2025-03-31,142.6,0.0,6970.0,1422.64,5547.36,WA,False,none
PE-EMP-00668-04,EMP-00668,2025-04-01,2025-04-30,153.8,0.0,6970.0,1727.71,5242.29,WA,False,none
PE-EMP-00668-05,EMP-00668,2025-05-01,2025-05-30,158.0,0.0,6970.0,1348.49,5621.51,WA,False,none
PE-EMP-00668-06,EMP-00668,2025-05-31,2025-06-29,141.1,0.0,6970.0,1951.21,5018.79,WA,False,none
PE-EMP-00669-01,EMP-00669,2025-01-01,2025-01-30,141.0,0.0,8872.0,1957.74,6914.26,CA,False,none
PE-EMP-00669-02,EMP-00669,2025-01-31,2025-03-01,142.3,0.0,8872.0,1665.13,7206.87,CA,False,none
PE-EMP-00669-03,EMP-00669,2025-03-02,2025-03-31,161.3,0.0,8872.0,2262.4,6609.6,CA,False,none
PE-EMP-00669-04,EMP-00669,2025-04-01,2025-04-30,166.9,0.0,8872.0,2037.6,6834.4,CA,False,none
PE-EMP-00669-05,EMP-00669,2025-05-01,2025-05-30,142.7,0.0,8872.0,2476.55,6395.45,CA,False,none
PE-EMP-00669-06,EMP-00669,2025-05-31,2025-06-29,164.0,0.0,8872.0,2449.33,6422.67,CA,False,none
PE-EMP-00670-01,EMP-00670,2025-01-01,2025-01-30,160.2,0.0,6797.0,1752.89,5044.11,NY,False,none
PE-EMP-00670-02,EMP-00670,2025-01-31,2025-03-01,140.2,0.0,6797.0,1579.95,5217.05,NY,False,none
PE-EMP-00670-03,EMP-00670,2025-03-02,2025-03-31,145.8,0.0,6797.0,1843.01,4953.99,NY,False,none
PE-EMP-00670-04,EMP-00670,2025-04-01,2025-04-30,162.7,0.0,6797.0,1241.52,5555.48,NY,False,none
PE-EMP-00670-05,EMP-00670,2025-05-01,2025-05-30,149.4,0.0,6797.0,1621.83,5175.17,NY,False,none
PE-EMP-00670-06,EMP-00670,2025-05-31,2025-06-29,155.4,0.0,6797.0,1505.55,5291.45,NY,False,none
PE-EMP-00671-01,EMP-00671,2025-01-01,2025-01-30,154.7,0.0,8366.0,2206.61,6159.39,federal,False,none
PE-EMP-00671-02,EMP-00671,2025-01-31,2025-03-01,159.3,0.0,8366.0,1516.86,6849.14,federal,False,none
PE-EMP-00671-03,EMP-00671,2025-03-02,2025-03-31,157.8,0.0,8366.0,1785.18,6580.82,federal,False,none
PE-EMP-00671-04,EMP-00671,2025-04-01,2025-04-30,160.4,0.0,12136.29,1921.96,6444.04,federal,True,rate_violation
PE-EMP-00671-05,EMP-00671,2025-05-01,2025-05-30,156.7,0.0,8366.0,2194.44,6171.56,federal,False,none
PE-EMP-00671-06,EMP-00671,2025-05-31,2025-06-29,165.4,0.0,8366.0,2309.32,6056.68,federal,False,none
PE-EMP-00672-01,EMP-00672,2025-01-01,2025-01-30,164.7,0.0,8134.0,2209.74,5924.26,federal,False,none
PE-EMP-00672-02,EMP-00672,2025-01-31,2025-03-01,151.0,0.0,8134.0,2017.33,6116.67,federal,False,none
PE-EMP-00672-03,EMP-00672,2025-03-02,2025-03-31,149.7,0.0,12610.13,1960.08,6173.92,federal,True,rate_violation
PE-EMP-00672-04,EMP-00672,2025-04-01,2025-04-30,142.1,0.0,8134.0,2184.7,5949.3,federal,False,none
PE-EMP-00672-05,EMP-00672,2025-05-01,2025-05-30,162.6,0.0,8134.0,1955.16,6178.84,federal,False,none
PE-EMP-00672-06,EMP-00672,2025-05-31,2025-06-29,157.9,0.0,8134.0,2172.46,5961.54,federal,False,none
PE-EMP-00673-01,EMP-00673,2025-01-01,2025-01-30,148.2,8.6,7549.83,1441.15,6108.68,UK_national,False,none
PE-EMP-00673-02,EMP-00673,2025-01-31,2025-03-01,149.6,3.5,7212.25,1680.37,5531.88,UK_national,False,none
PE-EMP-00673-03,EMP-00673,2025-03-02,2025-03-31,167.9,0.4,7010.91,1359.62,5651.29,UK_national,False,none
PE-EMP-00673-04,EMP-00673,2025-04-01,2025-04-30,144.4,2.9,7176.25,1876.55,5299.7,UK_national,False,none
PE-EMP-00673-05,EMP-00673,2025-05-01,2025-05-30,144.1,3.2,7196.76,1728.64,5468.12,UK_national,False,none
PE-EMP-00673-06,EMP-00673,2025-05-31,2025-06-29,149.5,3.6,7220.88,1498.35,5722.53,UK_national,False,none
PE-EMP-00674-01,EMP-00674,2025-01-01,2025-01-30,147.1,0.0,7364.0,1382.03,5981.97,UK_national,False,none
PE-EMP-00674-02,EMP-00674,2025-01-31,2025-03-01,160.9,0.0,7364.0,1352.39,6011.61,UK_national,False,none
PE-EMP-00674-03,EMP-00674,2025-03-02,2025-03-31,143.6,0.0,7364.0,1863.63,5500.37,UK_national,False,none
PE-EMP-00674-04,EMP-00674,2025-04-01,2025-04-30,166.3,0.0,7364.0,1720.31,5643.69,UK_national,False,none
PE-EMP-00674-05,EMP-00674,2025-05-01,2025-05-30,150.3,0.0,7364.0,1357.08,6006.92,UK_national,False,none
PE-EMP-00674-06,EMP-00674,2025-05-31,2025-06-29,162.2,0.0,7364.0,1341.17,6022.83,UK_national,False,none
PE-EMP-00675-01,EMP-00675,2025-01-01,2025-01-30,166.2,0.0,8106.0,1651.72,6454.28,TX,False,none
PE-EMP-00675-02,EMP-00675,2025-01-31,2025-03-01,167.1,0.0,8106.0,1806.56,6299.44,TX,False,none
PE-EMP-00675-03,EMP-00675,2025-03-02,2025-03-31,154.5,0.0,8106.0,2061.97,6044.03,TX,False,none
PE-EMP-00675-04,EMP-00675,2025-04-01,2025-04-30,160.9,0.0,8106.0,1536.89,6569.11,TX,False,none
PE-EMP-00675-05,EMP-00675,2025-05-01,2025-05-30,163.7,0.0,8106.0,1804.81,6301.19,TX,False,none
PE-EMP-00675-06,EMP-00675,2025-05-31,2025-06-29,166.4,0.0,8106.0,2220.11,5885.89,TX,False,none
PE-EMP-00676-01,EMP-00676,2025-01-01,2025-01-30,141.6,0.0,7925.0,2119.8,5805.2,TX,False,none
PE-EMP-00676-02,EMP-00676,2025-01-31,2025-03-01,150.1,0.0,7925.0,2127.81,5797.19,TX,False,none
PE-EMP-00676-03,EMP-00676,2025-03-02,2025-03-31,157.0,0.0,7925.0,1741.78,6183.22,TX,False,none
PE-EMP-00676-04,EMP-00676,2025-04-01,2025-04-30,161.4,0.0,7925.0,2074.9,5850.1,TX,False,none
PE-EMP-00676-05,EMP-00676,2025-05-01,2025-05-30,159.2,0.0,7925.0,1732.63,6192.37,TX,False,none
PE-EMP-00676-06,EMP-00676,2025-05-31,2025-06-29,166.3,0.0,7925.0,1484.1,6440.9,TX,False,none
PE-EMP-00677-01,EMP-00677,2025-01-01,2025-01-30,166.7,0.0,7642.0,1538.22,6103.78,DE_national,False,none
PE-EMP-00677-02,EMP-00677,2025-01-31,2025-03-01,147.1,0.0,7642.0,1962.16,5679.84,DE_national,False,none
PE-EMP-00677-03,EMP-00677,2025-03-02,2025-03-31,141.5,0.0,7642.0,1635.8,6006.2,DE_national,False,none
PE-EMP-00677-04,EMP-00677,2025-04-01,2025-04-30,155.4,0.0,7642.0,1704.01,5937.99,DE_national,False,none
PE-EMP-00677-05,EMP-00677,2025-05-01,2025-05-30,143.0,0.0,7642.0,1708.93,5933.07,DE_national,False,none
PE-EMP-00677-06,EMP-00677,2025-05-31,2025-06-29,153.6,0.0,7642.0,1854.24,5787.76,DE_national,False,none
PE-EMP-00678-01,EMP-00678,2025-01-01,2025-01-30,158.0,0.0,8064.0,2066.85,5997.15,CA,False,none
PE-EMP-00678-02,EMP-00678,2025-01-31,2025-03-01,145.9,0.0,8064.0,1566.51,6497.49,CA,False,none
PE-EMP-00678-03,EMP-00678,2025-03-02,2025-03-31,147.4,0.0,8064.0,1874.47,6189.53,CA,False,none
PE-EMP-00678-04,EMP-00678,2025-04-01,2025-04-30,141.1,0.0,8064.0,2056.05,6007.95,CA,False,none
PE-EMP-00678-05,EMP-00678,2025-05-01,2025-05-30,165.1,0.0,8064.0,1646.75,6417.25,CA,False,none
PE-EMP-00678-06,EMP-00678,2025-05-31,2025-06-29,154.8,0.0,8064.0,1455.52,6608.48,CA,False,none
PE-EMP-00679-01,EMP-00679,2025-01-01,2025-01-30,145.4,0.0,7231.0,1625.12,5605.88,federal,False,none
PE-EMP-00679-02,EMP-00679,2025-01-31,2025-03-01,153.4,0.0,7231.0,1517.38,5713.62,federal,False,none
PE-EMP-00679-03,EMP-00679,2025-03-02,2025-03-31,155.4,0.0,7231.0,1783.96,5447.04,federal,False,none
PE-EMP-00679-04,EMP-00679,2025-04-01,2025-04-30,143.8,0.0,7231.0,1947.83,5283.17,federal,False,none
PE-EMP-00679-05,EMP-00679,2025-05-01,2025-05-30,146.5,0.0,7231.0,1334.93,5896.07,federal,False,none
PE-EMP-00679-06,EMP-00679,2025-05-31,2025-06-29,160.3,0.0,7231.0,1572.24,5658.76,federal,False,none
PE-EMP-00680-01,EMP-00680,2025-01-01,2025-01-30,158.7,0.0,7793.0,1444.35,6348.65,FL,False,none
PE-EMP-00680-02,EMP-00680,2025-01-31,2025-03-01,159.4,0.0,7793.0,1754.62,6038.38,FL,False,none
PE-EMP-00680-03,EMP-00680,2025-03-02,2025-03-31,141.3,0.0,7793.0,1874.75,5918.25,FL,False,none
PE-EMP-00680-04,EMP-00680,2025-04-01,2025-04-30,155.8,0.0,7793.0,1689.71,6103.29,FL,True,rule_override
PE-EMP-00680-05,EMP-00680,2025-05-01,2025-05-30,162.5,0.0,7793.0,1954.13,5838.87,FL,False,none
PE-EMP-00680-06,EMP-00680,2025-05-31,2025-06-29,145.1,0.0,7793.0,1625.44,6167.56,FL,False,none
PE-EMP-00681-01,EMP-00681,2025-01-01,2025-01-30,167.8,0.2,4367.67,1220.92,3146.75,CA,False,none
PE-EMP-00681-02,EMP-00681,2025-01-31,2025-03-01,161.2,8.7,4715.23,926.83,3788.4,CA,False,none
PE-EMP-00681-03,EMP-00681,2025-03-02,2025-03-31,157.5,10.6,4790.77,1161.18,3629.59,CA,False,none
PE-EMP-00681-04,EMP-00681,2025-04-01,2025-04-30,150.5,11.5,4827.82,1145.5,3682.32,CA,False,none
PE-EMP-00681-05,EMP-00681,2025-05-01,2025-05-30,155.5,11.7,4836.34,1013.9,3822.44,CA,False,none
PE-EMP-00681-06,EMP-00681,2025-05-31,2025-06-29,160.4,9.1,4728.56,1135.0,3593.56,CA,False,none
PE-EMP-00682-01,EMP-00682,2025-01-01,2025-01-30,167.5,0.0,7376.0,1827.98,5548.02,TX,False,none
PE-EMP-00682-02,EMP-00682,2025-01-31,2025-03-01,164.9,0.0,7376.0,1664.17,5711.83,TX,False,none
PE-EMP-00682-03,EMP-00682,2025-03-02,2025-03-31,155.0,0.0,7376.0,1545.68,5830.32,TX,False,none
PE-EMP-00682-04,EMP-00682,2025-04-01,2025-04-30,150.8,0.0,7376.0,1597.77,5778.23,TX,True,ghost_employee
PE-EMP-00682-05,EMP-00682,2025-05-01,2025-05-30,146.9,0.0,7376.0,2029.83,5346.17,TX,False,none
PE-EMP-00682-06,EMP-00682,2025-05-31,2025-06-29,142.9,0.0,7376.0,1571.35,5804.65,TX,False,none
PE-EMP-00683-01,EMP-00683,2025-01-01,2025-01-30,154.0,0.0,6751.0,1229.54,5521.46,WA,False,none
PE-EMP-00683-02,EMP-00683,2025-01-31,2025-03-01,157.3,0.0,6751.0,1424.19,5326.81,WA,False,none
PE-EMP-00683-03,EMP-00683,2025-03-02,2025-03-31,145.4,0.0,6751.0,1873.3,4877.7,WA,False,none
PE-EMP-00683-04,EMP-00683,2025-04-01,2025-04-30,145.3,0.0,6751.0,1333.41,5417.59,WA,False,none
PE-EMP-00683-05,EMP-00683,2025-05-01,2025-05-30,161.8,0.0,6751.0,1340.04,5410.96,WA,False,none
PE-EMP-00683-06,EMP-00683,2025-05-31,2025-06-29,148.2,0.0,6751.0,1768.33,4982.67,WA,False,none
PE-EMP-00684-01,EMP-00684,2025-01-01,2025-01-30,151.3,2.1,6200.8,1717.07,4483.73,FL,False,none
PE-EMP-00684-02,EMP-00684,2025-01-31,2025-03-01,151.4,8.4,6558.67,1795.45,4763.22,FL,False,none
PE-EMP-00684-03,EMP-00684,2025-03-02,2025-03-31,153.2,10.5,6678.22,1863.24,4814.98,FL,False,none
PE-EMP-00684-04,EMP-00684,2025-04-01,2025-04-30,161.4,6.0,6420.28,1231.23,5189.05,FL,False,none
PE-EMP-00684-05,EMP-00684,2025-05-01,2025-05-30,152.4,14.6,6911.35,1265.14,5646.21,FL,False,none
PE-EMP-00684-06,EMP-00684,2025-05-31,2025-06-29,166.4,11.2,6720.63,1417.72,5302.91,FL,False,none
PE-EMP-00685-01,EMP-00685,2025-01-01,2025-01-30,146.2,10.9,4580.47,1062.67,3517.8,DE_national,False,none
PE-EMP-00685-02,EMP-00685,2025-01-31,2025-03-01,150.1,10.1,4548.75,1092.79,3455.96,DE_national,False,none
PE-EMP-00685-03,EMP-00685,2025-03-02,2025-03-31,143.9,3.7,4299.61,1182.42,3117.19,DE_national,False,none
PE-EMP-00685-04,EMP-00685,2025-04-01,2025-04-30,163.4,13.5,4681.41,1197.04,3484.37,DE_national,False,none
PE-EMP-00685-05,EMP-00685,2025-05-01,2025-05-30,165.1,14.7,4730.43,1243.16,3487.27,DE_national,False,none
PE-EMP-00685-06,EMP-00685,2025-05-31,2025-06-29,143.3,14.4,4718.21,1267.92,3450.29,DE_national,False,none
PE-EMP-00686-01,EMP-00686,2025-01-01,2025-01-30,159.5,0.0,8413.0,1634.19,6778.81,NY,False,none
PE-EMP-00686-02,EMP-00686,2025-01-31,2025-03-01,149.6,0.0,8413.0,2027.54,6385.46,NY,False,none
PE-EMP-00686-03,EMP-00686,2025-03-02,2025-03-31,163.8,0.0,8413.0,1976.43,6436.57,NY,False,none
PE-EMP-00686-04,EMP-00686,2025-04-01,2025-04-30,156.5,0.0,8413.0,1638.22,6774.78,NY,False,none
PE-EMP-00686-05,EMP-00686,2025-05-01,2025-05-30,158.9,0.0,8413.0,1816.13,6596.87,NY,False,none
PE-EMP-00686-06,EMP-00686,2025-05-31,2025-06-29,147.4,0.0,8413.0,1879.59,6533.41,NY,False,none
PE-EMP-00687-01,EMP-00687,2025-01-01,2025-01-30,150.7,0.0,8911.0,2302.25,6608.75,WA,False,none
PE-EMP-00687-02,EMP-00687,2025-01-31,2025-03-01,151.4,0.0,8911.0,1941.08,6969.92,WA,False,none
PE-EMP-00687-03,EMP-00687,2025-03-02,2025-03-31,163.2,0.0,8911.0,1668.86,7242.14,WA,False,none
PE-EMP-00687-04,EMP-00687,2025-04-01,2025-04-30,153.5,0.0,8911.0,1617.29,7293.71,WA,False,none
PE-EMP-00687-05,EMP-00687,2025-05-01,2025-05-30,158.8,0.0,8911.0,1983.55,6927.45,WA,False,none
PE-EMP-00687-06,EMP-00687,2025-05-31,2025-06-29,144.1,0.0,8911.0,2214.98,6696.02,WA,False,none
PE-EMP-00688-01,EMP-00688,2025-01-01,2025-01-30,154.8,0.0,7672.0,1526.95,6145.05,federal,False,none
PE-EMP-00688-02,EMP-00688,2025-01-31,2025-03-01,167.5,0.0,7672.0,1819.42,5852.58,federal,False,none
PE-EMP-00688-03,EMP-00688,2025-03-02,2025-03-31,147.1,0.0,7672.0,1956.68,5715.32,federal,False,none
PE-EMP-00688-04,EMP-00688,2025-04-01,2025-04-30,147.5,0.0,7672.0,1528.29,6143.71,federal,False,none
PE-EMP-00688-05,EMP-00688,2025-05-01,2025-05-30,146.7,0.0,7672.0,1796.37,5875.63,federal,False,none
PE-EMP-00688-06,EMP-00688,2025-05-31,2025-06-29,148.7,0.0,7672.0,1991.87,5680.13,federal,False,none
PE-EMP-00689-01,EMP-00689,2025-01-01,2025-01-30,141.1,7.6,7214.97,1750.38,5464.59,DE_national,False,none
PE-EMP-00689-02,EMP-00689,2025-01-31,2025-03-01,153.4,0.4,6760.89,1865.48,4895.41,DE_national,False,none
PE-EMP-00689-03,EMP-00689,2025-03-02,2025-03-31,163.9,3.4,6944.84,1254.59,5690.25,DE_national,False,none
PE-EMP-00689-04,EMP-00689,2025-04-01,2025-04-30,164.8,6.5,7144.16,1565.05,5579.11,DE_national,False,none
PE-EMP-00689-05,EMP-00689,2025-05-01,2025-05-30,163.3,0.9,6792.28,1260.07,5532.21,DE_national,False,none
PE-EMP-00689-06,EMP-00689,2025-05-31,2025-06-29,142.1,11.4,7455.67,1717.71,5737.96,DE_national,False,none
PE-EMP-00690-01,EMP-00690,2025-01-01,2025-01-30,149.4,10.0,4049.92,1058.78,2991.14,FL,False,none
PE-EMP-00690-02,EMP-00690,2025-01-31,2025-03-01,141.3,14.5,4206.71,1116.65,3090.06,FL,False,none
PE-EMP-00690-03,EMP-00690,2025-03-02,2025-03-31,157.1,1.0,3736.47,869.78,2866.69,FL,False,none
PE-EMP-00690-04,EMP-00690,2025-04-01,2025-04-30,157.0,4.2,3847.37,805.27,3042.1,FL,False,none
PE-EMP-00690-05,EMP-00690,2025-05-01,2025-05-30,152.7,12.9,4148.58,880.08,3268.5,FL,False,none
PE-EMP-00690-06,EMP-00690,2025-05-31,2025-06-29,154.6,11.6,4104.76,1093.06,3011.7,FL,False,none
PE-EMP-00691-01,EMP-00691,2025-01-01,2025-01-30,166.6,0.0,6746.0,1802.42,4943.58,NY,False,none
PE-EMP-00691-02,EMP-00691,2025-01-31,2025-03-01,157.6,0.0,6746.0,1647.42,5098.58,NY,False,none
PE-EMP-00691-03,EMP-00691,2025-03-02,2025-03-31,150.3,0.0,6746.0,1248.21,5497.79,NY,False,none
PE-EMP-00691-04,EMP-00691,2025-04-01,2025-04-30,147.6,0.0,6746.0,1644.34,5101.66,NY,False,none
PE-EMP-00691-05,EMP-00691,2025-05-01,2025-05-30,152.3,0.0,6746.0,1818.53,4927.47,NY,False,none
PE-EMP-00691-06,EMP-00691,2025-05-31,2025-06-29,150.9,0.0,6746.0,1618.25,5127.75,NY,False,none
PE-EMP-00692-01,EMP-00692,2025-01-01,2025-01-30,164.8,0.9,3992.4,1095.09,2897.31,NY,False,none
PE-EMP-00692-02,EMP-00692,2025-01-31,2025-03-01,151.5,10.9,4364.3,1118.56,3245.74,NY,False,none
PE-EMP-00692-03,EMP-00692,2025-03-02,2025-03-31,140.5,2.0,4032.41,781.16,3251.25,NY,False,none
PE-EMP-00692-04,EMP-00692,2025-04-01,2025-04-30,153.8,12.0,4404.76,1121.39,3283.37,NY,False,none
PE-EMP-00692-05,EMP-00692,2025-05-01,2025-05-30,150.8,9.4,4308.26,979.76,3328.5,NY,False,none
PE-EMP-00692-06,EMP-00692,2025-05-31,2025-06-29,159.6,0.7,3986.56,781.75,3204.81,NY,False,none
PE-EMP-00693-01,EMP-00693,2025-01-01,2025-01-30,147.4,9.0,6746.39,1733.22,5013.17,UK_national,False,none
PE-EMP-00693-02,EMP-00693,2025-01-31,2025-03-01,154.9,6.0,6567.49,1526.27,5041.22,UK_national,False,none
PE-EMP-00693-03,EMP-00693,2025-03-02,2025-03-31,145.7,1.0,6278.74,1252.78,5025.96,UK_national,False,none
PE-EMP-00693-04,EMP-00693,2025-04-01,2025-04-30,166.7,3.5,6423.03,1758.14,4664.89,UK_national,False,none
PE-EMP-00693-05,EMP-00693,2025-05-01,2025-05-30,144.8,4.7,6494.83,1633.4,4861.43,UK_national,False,none
PE-EMP-00693-06,EMP-00693,2025-05-31,2025-06-29,143.0,5.2,6521.54,1800.61,4720.93,UK_national,False,none
PE-EMP-00694-01,EMP-00694,2025-01-01,2025-01-30,140.3,8.2,6510.18,1223.36,5286.82,UK_national,False,none
PE-EMP-00694-02,EMP-00694,2025-01-31,2025-03-01,144.6,12.7,6769.42,1827.14,4942.28,UK_national,False,none
PE-EMP-00694-03,EMP-00694,2025-03-02,2025-03-31,140.0,1.5,6133.44,1473.82,4659.62,UK_national,False,none
PE-EMP-00694-04,EMP-00694,2025-04-01,2025-04-30,146.7,1.7,6142.77,1566.61,4576.16,UK_national,False,none
PE-EMP-00694-05,EMP-00694,2025-05-01,2025-05-30,143.7,7.7,6483.48,1601.18,4882.3,UK_national,False,none
PE-EMP-00694-06,EMP-00694,2025-05-31,2025-06-29,149.7,7.4,6468.56,1535.27,4933.29,UK_national,False,none
PE-EMP-00695-01,EMP-00695,2025-01-01,2025-01-30,146.1,0.0,8986.0,1726.45,7259.55,TX,False,none
PE-EMP-00695-02,EMP-00695,2025-01-31,2025-03-01,158.7,0.0,8986.0,1684.28,7301.72,TX,False,none
PE-EMP-00695-03,EMP-00695,2025-03-02,2025-03-31,147.4,0.0,8986.0,1884.12,7101.88,TX,False,none
PE-EMP-00695-04,EMP-00695,2025-04-01,2025-04-30,166.9,0.0,8986.0,1661.68,7324.32,TX,False,none
PE-EMP-00695-05,EMP-00695,2025-05-01,2025-05-30,149.0,0.0,8986.0,2394.37,6591.63,TX,False,none
PE-EMP-00695-06,EMP-00695,2025-05-31,2025-06-29,151.1,0.0,8986.0,1744.05,7241.95,TX,False,none
PE-EMP-00696-01,EMP-00696,2025-01-01,2025-01-30,167.2,0.0,8946.0,2066.77,6879.23,DE_national,False,none
PE-EMP-00696-02,EMP-00696,2025-01-31,2025-03-01,147.7,0.0,8946.0,1694.83,7251.17,DE_national,False,none
PE-EMP-00696-03-DUP,EMP-00696,2025-03-02,2025-03-31,146.6,0.0,8946.0,2500.34,6445.66,DE_national,True,duplicate_payment
PE-EMP-00696-04,EMP-00696,2025-04-01,2025-04-30,147.0,0.0,8946.0,1793.57,7152.43,DE_national,False,none
PE-EMP-00696-05,EMP-00696,2025-05-01,2025-05-30,153.2,0.0,8946.0,1701.19,7244.81,DE_national,False,none
PE-EMP-00696-06,EMP-00696,2025-05-31,2025-06-29,144.0,0.0,8946.0,1707.15,7238.85,DE_national,False,none
PE-EMP-00697-01,EMP-00697,2025-01-01,2025-01-30,158.7,6.9,6812.62,1765.11,5047.51,NY,False,none
PE-EMP-00697-02,EMP-00697,2025-01-31,2025-03-01,140.4,2.6,6549.19,1301.09,5248.1,NY,False,none
PE-EMP-00697-03,EMP-00697,2025-03-02,2025-03-31,153.8,2.4,6541.24,1237.78,5303.46,NY,False,none
PE-EMP-00697-04,EMP-00697,2025-04-01,2025-04-30,145.1,12.3,7134.11,1666.7,5467.41,NY,False,none
PE-EMP-00697-05,EMP-00697,2025-05-01,2025-05-30,166.1,9.4,6961.09,1434.75,5526.34,NY,False,none
PE-EMP-00697-06,EMP-00697,2025-05-31,2025-06-29,149.5,6.3,6773.64,1607.06,5166.58,NY,False,none
PE-EMP-00698-01,EMP-00698,2025-01-01,2025-01-30,162.0,0.0,7923.0,2083.55,5839.45,UK_national,False,none
PE-EMP-00698-02,EMP-00698,2025-01-31,2025-03-01,152.3,0.0,7923.0,1970.28,5952.72,UK_national,False,none
PE-EMP-00698-03,EMP-00698,2025-03-02,2025-03-31,164.3,0.0,7923.0,2026.61,5896.39,UK_national,False,none
PE-EMP-00698-04,EMP-00698,2025-04-01,2025-04-30,163.0,0.0,7923.0,1609.66,6313.34,UK_national,False,none
PE-EMP-00698-05,EMP-00698,2025-05-01,2025-05-30,143.2,0.0,7923.0,1618.69,6304.31,UK_national,False,none
PE-EMP-00698-06,EMP-00698,2025-05-31,2025-06-29,155.2,0.0,7923.0,1834.41,6088.59,UK_national,False,none
PE-EMP-00699-01,EMP-00699,2025-01-01,2025-01-30,151.4,0.0,7163.0,2002.71,5160.29,WA,False,none
PE-EMP-00699-02,EMP-00699,2025-01-31,2025-03-01,156.0,0.0,7163.0,1531.79,5631.21,WA,False,none
PE-EMP-00699-03,EMP-00699,2025-03-02,2025-03-31,160.7,0.0,7163.0,1611.42,5551.58,WA,False,none
PE-EMP-00699-04,EMP-00699,2025-04-01,2025-04-30,159.7,0.0,7163.0,1642.35,5520.65,WA,False,none
PE-EMP-00699-05,EMP-00699,2025-05-01,2025-05-30,157.8,0.0,7163.0,1679.44,5483.56,WA,False,none
PE-EMP-00699-06,EMP-00699,2025-05-31,2025-06-29,166.0,0.0,7163.0,1577.85,5585.15,WA,False,none
PE-EMP-00700-01,EMP-00700,2025-01-01,2025-01-30,141.7,1.8,6840.58,1558.5,5282.08,federal,False,none
PE-EMP-00700-02,EMP-00700,2025-01-31,2025-03-01,165.2,12.9,7542.52,1732.11,5810.41,federal,False,none
PE-EMP-00700-03,EMP-00700,2025-03-02,2025-03-31,164.1,7.8,7218.36,1882.26,5336.1,federal,False,none
PE-EMP-00700-04,EMP-00700,2025-04-01,2025-04-30,150.5,0.2,6742.63,1729.17,5013.46,federal,False,none
PE-EMP-00700-05,EMP-00700,2025-05-01,2025-05-30,144.8,2.2,6863.89,1687.77,5176.12,federal,False,none
PE-EMP-00700-06,EMP-00700,2025-05-31,2025-06-29,158.9,3.4,6939.85,1491.58,5448.27,federal,False,none
PE-EMP-00701-01,EMP-00701,2025-01-01,2025-01-30,164.5,1.3,6784.24,1488.03,5296.21,WA,False,none
PE-EMP-00701-02,EMP-00701,2025-01-31,2025-03-01,155.1,5.5,7048.03,1816.48,5231.55,WA,False,none
PE-EMP-00701-03,EMP-00701,2025-03-02,2025-03-31,147.4,6.7,7124.61,1357.17,5767.44,WA,False,none
PE-EMP-00701-04,EMP-00701,2025-04-01,2025-04-30,154.6,8.5,7239.75,1833.46,5406.29,WA,False,none
PE-EMP-00701-05,EMP-00701,2025-05-01,2025-05-30,167.5,11.6,7428.89,1466.62,5962.27,WA,False,none
PE-EMP-00701-06,EMP-00701,2025-05-31,2025-06-29,167.1,2.1,6833.78,1618.15,5215.63,WA,False,none
PE-EMP-00702-01,EMP-00702,2025-01-01,2025-01-30,155.6,11.3,7498.7,2065.81,5432.89,NY,False,none
PE-EMP-00702-02,EMP-00702,2025-01-31,2025-03-01,146.6,8.0,7288.31,1808.86,5479.45,NY,False,none
PE-EMP-00702-03,EMP-00702,2025-03-02,2025-03-31,161.9,9.4,7373.32,1726.73,5646.59,NY,False,none
PE-EMP-00702-04,EMP-00702,2025-04-01,2025-04-30,143.6,13.0,7606.54,2094.15,5512.39,NY,False,none
PE-EMP-00702-05,EMP-00702,2025-05-01,2025-05-30,162.4,13.8,7654.69,2029.16,5625.53,NY,False,none
PE-EMP-00702-06,EMP-00702,2025-05-31,2025-06-29,146.4,14.3,7685.97,1915.18,5770.79,NY,False,none
PE-EMP-00703-01,EMP-00703,2025-01-01,2025-01-30,152.1,0.0,8198.0,2165.72,6032.28,WA,False,none
PE-EMP-00703-02,EMP-00703,2025-01-31,2025-03-01,160.1,0.0,8198.0,2065.23,6132.77,WA,False,none
PE-EMP-00703-03,EMP-00703,2025-03-02,2025-03-31,167.1,0.0,8198.0,1681.22,6516.78,WA,False,none
PE-EMP-00703-04,EMP-00703,2025-04-01,2025-04-30,148.3,0.0,8198.0,2007.17,6190.83,WA,False,none
PE-EMP-00703-05,EMP-00703,2025-05-01,2025-05-30,163.7,0.0,8198.0,1972.11,6225.89,WA,False,none
PE-EMP-00703-06,EMP-00703,2025-05-31,2025-06-29,155.5,0.0,8198.0,1975.5,6222.5,WA,False,none
PE-EMP-00704-01,EMP-00704,2025-01-01,2025-01-30,142.4,0.0,8148.0,1520.43,6627.57,UK_national,False,none
PE-EMP-00704-02,EMP-00704,2025-01-31,2025-03-01,157.5,0.0,8148.0,1749.2,6398.8,UK_national,False,none
PE-EMP-00704-03,EMP-00704,2025-03-02,2025-03-31,166.9,0.0,8148.0,1880.18,6267.82,UK_national,False,none
PE-EMP-00704-04,EMP-00704,2025-04-01,2025-04-30,141.0,0.0,8148.0,2078.7,6069.3,UK_national,False,none
PE-EMP-00704-05,EMP-00704,2025-05-01,2025-05-30,142.6,0.0,8148.0,2000.2,6147.8,UK_national,False,none
PE-EMP-00704-06,EMP-00704,2025-05-31,2025-06-29,146.6,0.0,8148.0,2219.23,5928.77,UK_national,False,none
PE-EMP-00705-01,EMP-00705,2025-01-01,2025-01-30,152.5,0.0,8293.0,1943.85,6349.15,TX,False,none
PE-EMP-00705-02,EMP-00705,2025-01-31,2025-03-01,155.1,0.0,8293.0,1888.81,6404.19,TX,False,none
PE-EMP-00705-03,EMP-00705,2025-03-02,2025-03-31,145.2,0.0,8293.0,2298.91,5994.09,TX,False,none
PE-EMP-00705-04,EMP-00705,2025-04-01,2025-04-30,152.7,0.0,8293.0,2267.23,6025.77,TX,False,none
PE-EMP-00705-05,EMP-00705,2025-05-01,2025-05-30,142.2,0.0,8293.0,1808.25,6484.75,TX,False,none
PE-EMP-00705-06,EMP-00705,2025-05-31,2025-06-29,160.1,0.0,8293.0,2001.95,6291.05,TX,False,none
PE-EMP-00706-01,EMP-00706,2025-01-01,2025-01-30,157.1,10.0,7402.95,1674.11,5728.84,FL,False,none
PE-EMP-00706-02,EMP-00706,2025-01-31,2025-03-01,164.0,7.4,7239.92,1695.57,5544.35,FL,False,none
PE-EMP-00706-03,EMP-00706,2025-03-02,2025-03-31,153.9,8.6,7318.11,1636.67,5681.44,FL,False,none
PE-EMP-00706-04,EMP-00706,2025-04-01,2025-04-30,143.6,12.7,7576.07,1997.84,5578.23,FL,False,none
PE-EMP-00706-05,EMP-00706,2025-05-01,2025-05-30,167.8,7.7,7262.43,1449.69,5812.74,FL,False,none
PE-EMP-00706-06,EMP-00706,2025-05-31,2025-06-29,148.9,0.6,6807.35,1663.24,5144.11,FL,False,none
PE-EMP-00707-01,EMP-00707,2025-01-01,2025-01-30,151.2,0.0,8630.0,2005.95,6624.05,NY,False,none
PE-EMP-00707-02,EMP-00707,2025-01-31,2025-03-01,157.5,0.0,8630.0,1714.12,6915.88,NY,False,none
PE-EMP-00707-03,EMP-00707,2025-03-02,2025-03-31,141.5,0.0,8630.0,1758.35,6871.65,NY,False,none
PE-EMP-00707-04,EMP-00707,2025-04-01,2025-04-30,140.8,0.0,8630.0,1785.83,6844.17,NY,False,none
PE-EMP-00707-05,EMP-00707,2025-05-01,2025-05-30,150.1,0.0,8630.0,2325.54,6304.46,NY,False,none
PE-EMP-00707-06,EMP-00707,2025-05-31,2025-06-29,150.7,0.0,8630.0,2411.63,6218.37,NY,False,none
PE-EMP-00708-01,EMP-00708,2025-01-01,2025-01-30,155.9,9.3,7293.51,1812.88,5480.63,WA,False,none
PE-EMP-00708-02,EMP-00708,2025-01-31,2025-03-01,147.8,0.5,6737.9,1296.93,5440.97,WA,False,none
PE-EMP-00708-03,EMP-00708,2025-03-02,2025-03-31,149.6,8.1,7220.13,1861.62,5358.51,WA,False,none
PE-EMP-00708-04,EMP-00708,2025-04-01,2025-04-30,166.2,5.6,7062.35,1448.63,5613.72,WA,False,none
PE-EMP-00708-05,EMP-00708,2025-05-01,2025-05-30,145.5,5.9,7079.94,1694.65,5385.29,WA,False,none
PE-EMP-00708-06,EMP-00708,2025-05-31,2025-06-29,148.2,5.3,7042.06,1841.66,5200.4,WA,False,none
PE-EMP-00709-01,EMP-00709,2025-01-01,2025-01-30,143.7,9.6,5109.89,1243.72,3866.17,federal,False,none
PE-EMP-00709-02,EMP-00709,2025-01-31,2025-03-01,147.5,8.0,5040.26,1197.59,3842.67,federal,False,none
PE-EMP-00709-03,EMP-00709,2025-03-02,2025-03-31,164.3,5.9,4947.08,1319.08,3628.0,federal,False,none
PE-EMP-00709-04,EMP-00709,2025-04-01,2025-04-30,165.9,2.9,4817.3,1329.8,3487.5,federal,False,none
PE-EMP-00709-05,EMP-00709,2025-05-01,2025-05-30,144.6,14.0,5305.22,1135.42,4169.8,federal,False,none
PE-EMP-00709-06,EMP-00709,2025-05-31,2025-06-29,149.2,1.2,4741.49,1176.14,3565.35,federal,False,none
PE-EMP-00710-01,EMP-00710,2025-01-01,2025-01-30,149.5,0.0,8635.0,2014.58,6620.42,FL,False,none
PE-EMP-00710-02,EMP-00710,2025-01-31,2025-03-01,153.5,0.0,8635.0,2408.63,6226.37,FL,False,none
PE-EMP-00710-03,EMP-00710,2025-03-02,2025-03-31,149.6,0.0,8635.0,2343.5,6291.5,FL,False,none
PE-EMP-00710-04,EMP-00710,2025-04-01,2025-04-30,156.1,0.0,8635.0,1699.09,6935.91,FL,False,none
PE-EMP-00710-05,EMP-00710,2025-05-01,2025-05-30,156.5,0.0,8635.0,1902.85,6732.15,FL,False,none
PE-EMP-00710-06,EMP-00710,2025-05-31,2025-06-29,146.2,0.0,8635.0,2304.11,6330.89,FL,False,none
PE-EMP-00711-01,EMP-00711,2025-01-01,2025-01-30,150.4,7.9,6770.39,1747.9,5022.49,FL,False,none
PE-EMP-00711-02,EMP-00711,2025-01-31,2025-03-01,154.1,3.4,6499.09,1814.18,4684.91,FL,False,none
PE-EMP-00711-03,EMP-00711,2025-03-02,2025-03-31,150.2,8.4,6797.14,1489.4,5307.74,FL,False,none
PE-EMP-00711-04,EMP-00711,2025-04-01,2025-04-30,147.4,14.3,7144.22,1635.76,5508.46,FL,False,none
PE-EMP-00711-05,EMP-00711,2025-05-01,2025-05-30,149.1,5.8,6643.27,1760.55,4882.72,FL,False,none
PE-EMP-00711-06,EMP-00711,2025-05-31,2025-06-29,161.6,9.1,6841.4,1748.65,5092.75,FL,False,none
PE-EMP-00712-01,EMP-00712,2025-01-01,2025-01-30,140.2,4.3,7024.8,1448.31,5576.49,TX,False,none
PE-EMP-00712-02,EMP-00712,2025-01-31,2025-03-01,164.6,4.6,7043.14,1706.68,5336.46,TX,False,none
PE-EMP-00712-03,EMP-00712,2025-03-02,2025-03-31,142.1,13.4,7600.73,1994.68,5606.05,TX,False,none
PE-EMP-00712-04,EMP-00712,2025-04-01,2025-04-30,156.8,12.5,7542.36,2046.91,5495.45,TX,False,none
PE-EMP-00712-05,EMP-00712,2025-05-01,2025-05-30,163.3,2.5,6908.49,1381.11,5527.38,TX,False,none
PE-EMP-00712-06,EMP-00712,2025-05-31,2025-06-29,162.2,5.0,7068.77,1439.21,5629.56,TX,False,none
PE-EMP-00713-01,EMP-00713,2025-01-01,2025-01-30,150.2,0.0,8285.0,1562.56,6722.44,UK_national,False,none
PE-EMP-00713-02,EMP-00713,2025-01-31,2025-03-01,142.5,0.0,8285.0,1818.17,6466.83,UK_national,False,none
PE-EMP-00713-03,EMP-00713,2025-03-02,2025-03-31,143.0,0.0,8285.0,1734.59,6550.41,UK_national,False,none
PE-EMP-00713-04,EMP-00713,2025-04-01,2025-04-30,145.7,0.0,8285.0,2176.97,6108.03,UK_national,False,none
PE-EMP-00713-05,EMP-00713,2025-05-01,2025-05-30,144.9,0.0,8285.0,1670.75,6614.25,UK_national,False,none
PE-EMP-00713-06,EMP-00713,2025-05-31,2025-06-29,146.0,0.0,8285.0,2004.46,6280.54,UK_national,False,none
PE-EMP-00714-01,EMP-00714,2025-01-01,2025-01-30,160.4,0.0,6705.0,1488.16,5216.84,WA,False,none
PE-EMP-00714-02,EMP-00714,2025-01-31,2025-03-01,142.7,0.0,6705.0,1844.29,4860.71,WA,True,rule_override
PE-EMP-00714-03,EMP-00714,2025-03-02,2025-03-31,152.5,0.0,6705.0,1742.5,4962.5,WA,False,none
PE-EMP-00714-04,EMP-00714,2025-04-01,2025-04-30,140.4,0.0,6705.0,1419.66,5285.34,WA,False,none
PE-EMP-00714-05,EMP-00714,2025-05-01,2025-05-30,166.7,0.0,6705.0,1623.13,5081.87,WA,False,none
PE-EMP-00714-06,EMP-00714,2025-05-31,2025-06-29,164.2,0.0,6705.0,1307.26,5397.74,WA,False,none
PE-EMP-00715-01,EMP-00715,2025-01-01,2025-01-30,161.6,12.0,5174.68,1078.13,4096.55,TX,False,none
PE-EMP-00715-02,EMP-00715,2025-01-31,2025-03-01,145.0,1.3,4706.98,1212.68,3494.3,TX,False,none
PE-EMP-00715-03,EMP-00715,2025-03-02,2025-03-31,167.9,5.7,4900.4,1141.41,3758.99,TX,False,none
PE-EMP-00715-04,EMP-00715,2025-04-01,2025-04-30,155.7,10.4,5105.17,1186.3,3918.87,TX,False,none
PE-EMP-00715-05,EMP-00715,2025-05-01,2025-05-30,161.2,9.1,5045.66,1329.49,3716.17,TX,False,none
PE-EMP-00715-06,EMP-00715,2025-05-31,2025-06-29,146.6,0.1,4654.4,1005.81,3648.59,TX,False,none
PE-EMP-00716-01,EMP-00716,2025-01-01,2025-01-30,155.6,0.0,8108.0,1876.4,6231.6,DE_national,False,none
PE-EMP-00716-02,EMP-00716,2025-01-31,2025-03-01,151.3,0.0,8108.0,2081.31,6026.69,DE_national,False,none
PE-EMP-00716-03,EMP-00716,2025-03-02,2025-03-31,166.2,0.0,8108.0,2181.2,5926.8,DE_national,False,none
PE-EMP-00716-04,EMP-00716,2025-04-01,2025-04-30,165.6,0.0,8108.0,1911.39,6196.61,DE_national,False,none
PE-EMP-00716-05,EMP-00716,2025-05-01,2025-05-30,151.7,0.0,8108.0,2088.51,6019.49,DE_national,False,none
PE-EMP-00716-06,EMP-00716,2025-05-31,2025-06-29,164.2,0.0,8108.0,2234.2,5873.8,DE_national,False,none
PE-EMP-00717-01,EMP-00717,2025-01-01,2025-01-30,151.6,0.0,7838.0,1868.24,5969.76,federal,False,none
PE-EMP-00717-02,EMP-00717,2025-01-31,2025-03-01,155.1,0.0,7838.0,2002.05,5835.95,federal,False,none
PE-EMP-00717-03,EMP-00717,2025-03-02,2025-03-31,164.2,0.0,7838.0,1629.94,6208.06,federal,False,none
PE-EMP-00717-04,EMP-00717,2025-04-01,2025-04-30,159.8,0.0,7838.0,1519.18,6318.82,federal,False,none
PE-EMP-00717-05,EMP-00717,2025-05-01,2025-05-30,167.5,0.0,7838.0,1810.74,6027.26,federal,False,none
PE-EMP-00717-06,EMP-00717,2025-05-31,2025-06-29,147.8,0.0,7838.0,2110.91,5727.09,federal,False,none
PE-EMP-00718-01,EMP-00718,2025-01-01,2025-01-30,151.8,9.5,7138.82,1808.18,5330.64,UK_national,False,none
PE-EMP-00718-02,EMP-00718,2025-01-31,2025-03-01,162.1,5.5,6891.32,1837.77,5053.55,UK_national,False,none
PE-EMP-00718-03,EMP-00718,2025-03-02,2025-03-31,154.1,12.6,7331.88,1530.92,5800.96,UK_national,False,none
PE-EMP-00718-04,EMP-00718,2025-04-01,2025-04-30,143.3,4.6,6836.77,1650.66,5186.11,UK_national,False,none
PE-EMP-00718-05,EMP-00718,2025-05-01,2025-05-30,167.6,1.2,6632.5,1653.6,4978.9,UK_national,False,none
PE-EMP-00718-06,EMP-00718,2025-05-31,2025-06-29,140.2,0.4,6579.41,1797.87,4781.54,UK_national,False,none
PE-EMP-00719-01,EMP-00719,2025-01-01,2025-01-30,148.6,0.6,4629.51,905.51,3724.0,FL,False,none
PE-EMP-00719-02,EMP-00719,2025-01-31,2025-03-01,164.6,9.6,5017.82,1197.42,3820.4,FL,False,none
PE-EMP-00719-03,EMP-00719,2025-03-02,2025-03-31,158.0,1.1,4651.1,947.16,3703.94,FL,False,none
PE-EMP-00719-04,EMP-00719,2025-04-01,2025-04-30,143.2,12.4,5138.67,1434.31,3704.36,FL,False,none
PE-EMP-00719-05,EMP-00719,2025-05-01,2025-05-30,145.8,4.9,4815.05,1019.53,3795.52,FL,False,none
PE-EMP-00719-06,EMP-00719,2025-05-31,2025-06-29,154.6,4.9,4813.75,1097.79,3715.96,FL,False,none
PE-EMP-00720-01,EMP-00720,2025-01-01,2025-01-30,151.9,0.0,6923.0,1684.66,5238.34,WA,False,none
PE-EMP-00720-02,EMP-00720,2025-01-31,2025-03-01,159.1,0.0,6923.0,1757.16,5165.84,WA,False,none
PE-EMP-00720-03,EMP-00720,2025-03-02,2025-03-31,148.0,0.0,6923.0,1442.69,5480.31,WA,False,none
PE-EMP-00720-04,EMP-00720,2025-04-01,2025-04-30,157.3,0.0,6923.0,1606.0,5317.0,WA,False,none
PE-EMP-00720-05,EMP-00720,2025-05-01,2025-05-30,157.4,0.0,6923.0,1513.25,5409.75,WA,False,none
PE-EMP-00720-06,EMP-00720,2025-05-31,2025-06-29,144.0,0.0,6923.0,1742.34,5180.66,WA,False,none
PE-EMP-00721-01,EMP-00721,2025-01-01,2025-01-30,159.3,0.0,7984.0,2206.06,5777.94,NY,False,none
PE-EMP-00721-02,EMP-00721,2025-01-31,2025-03-01,151.8,0.0,7984.0,2184.94,5799.06,NY,False,none
PE-EMP-00721-03,EMP-00721,2025-03-02,2025-03-31,162.1,0.0,7984.0,2154.78,5829.22,NY,False,none
PE-EMP-00721-04,EMP-00721,2025-04-01,2025-04-30,148.2,0.0,7984.0,2011.46,5972.54,NY,False,none
PE-EMP-00721-05,EMP-00721,2025-05-01,2025-05-30,160.9,0.0,7984.0,1767.08,6216.92,NY,False,none
PE-EMP-00721-06,EMP-00721,2025-05-31,2025-06-29,163.7,0.0,7984.0,1540.7,6443.3,NY,False,none
PE-EMP-00722-01,EMP-00722,2025-01-01,2025-01-30,165.7,14.8,5007.06,1253.61,3753.45,CA,False,none
PE-EMP-00722-02,EMP-00722,2025-01-31,2025-03-01,141.9,4.3,4576.07,1258.28,3317.79,CA,False,none
PE-EMP-00722-03,EMP-00722,2025-03-02,2025-03-31,159.8,3.3,4533.1,1184.76,3348.34,CA,False,none
PE-EMP-00722-04,EMP-00722,2025-04-01,2025-04-30,143.7,12.1,4897.56,933.41,3964.15,CA,False,none
PE-EMP-00722-05,EMP-00722,2025-05-01,2025-05-30,157.0,12.5,4915.25,946.82,3968.43,CA,False,none
PE-EMP-00722-06,EMP-00722,2025-05-31,2025-06-29,157.6,13.2,4941.43,1208.25,3733.18,CA,False,none
PE-EMP-00723-01,EMP-00723,2025-01-01,2025-01-30,160.7,9.4,4626.24,860.01,3766.23,WA,False,none
PE-EMP-00723-02,EMP-00723,2025-01-31,2025-03-01,151.6,13.3,4782.59,1109.37,3673.22,WA,False,none
PE-EMP-00723-03,EMP-00723,2025-03-02,2025-03-31,155.5,7.3,4545.78,910.95,3634.83,WA,False,none
PE-EMP-00723-04,EMP-00723,2025-04-01,2025-04-30,161.5,5.2,4459.34,1040.15,3419.19,WA,False,none
PE-EMP-00723-05,EMP-00723,2025-05-01,2025-05-30,158.6,6.1,4494.64,1126.43,3368.21,WA,False,none
PE-EMP-00723-06,EMP-00723,2025-05-31,2025-06-29,149.8,2.7,4358.82,863.34,3495.48,WA,False,none
PE-EMP-00724-01,EMP-00724,2025-01-01,2025-01-30,147.3,0.0,8044.0,1821.37,6222.63,DE_national,False,none
PE-EMP-00724-02,EMP-00724,2025-01-31,2025-03-01,155.7,0.0,8044.0,2230.84,5813.16,DE_national,False,none
PE-EMP-00724-03,EMP-00724,2025-03-02,2025-03-31,143.8,0.0,8044.0,1661.59,6382.41,DE_national,False,none
PE-EMP-00724-04,EMP-00724,2025-04-01,2025-04-30,156.0,0.0,8044.0,1572.4,6471.6,DE_national,False,none
PE-EMP-00724-05,EMP-00724,2025-05-01,2025-05-30,144.0,0.0,8044.0,1474.22,6569.78,DE_national,False,none
PE-EMP-00724-06,EMP-00724,2025-05-31,2025-06-29,162.9,0.0,8044.0,1520.5,6523.5,DE_national,False,none
PE-EMP-00725-01,EMP-00725,2025-01-01,2025-01-30,150.7,12.8,6912.86,1757.18,5155.68,NY,False,none
PE-EMP-00725-02,EMP-00725,2025-01-31,2025-03-01,142.9,9.9,6741.73,1376.05,5365.68,NY,False,none
PE-EMP-00725-03,EMP-00725,2025-03-02,2025-03-31,160.1,0.8,6217.08,1659.36,4557.72,NY,False,none
PE-EMP-00725-04,EMP-00725,2025-04-01,2025-04-30,144.9,14.4,7004.39,1712.87,5291.52,NY,False,none
PE-EMP-00725-05,EMP-00725,2025-05-01,2025-05-30,152.4,6.9,6567.73,1323.44,5244.29,NY,False,none
PE-EMP-00725-06,EMP-00725,2025-05-31,2025-06-29,155.8,10.8,6793.38,1370.41,5422.97,NY,False,none
PE-EMP-00726-01,EMP-00726,2025-01-01,2025-01-30,145.2,0.0,7986.0,1902.71,6083.29,FL,False,none
PE-EMP-00726-02,EMP-00726,2025-01-31,2025-03-01,140.8,0.0,7986.0,2106.6,5879.4,FL,False,none
PE-EMP-00726-03,EMP-00726,2025-03-02,2025-03-31,144.3,0.0,7986.0,1582.66,6403.34,FL,False,none
PE-EMP-00726-04,EMP-00726,2025-04-01,2025-04-30,165.5,0.0,7986.0,2200.3,5785.7,FL,False,none
PE-EMP-00726-05,EMP-00726,2025-05-01,2025-05-30,151.5,0.0,7986.0,1608.46,6377.54,FL,False,none
PE-EMP-00726-06,EMP-00726,2025-05-31,2025-06-29,142.8,0.0,7986.0,1574.19,6411.81,FL,False,none
PE-EMP-00727-01,EMP-00727,2025-01-01,2025-01-30,163.9,6.4,4623.99,983.5,3640.49,UK_national,False,none
PE-EMP-00727-02,EMP-00727,2025-01-31,2025-03-01,155.5,1.1,4408.23,927.14,3481.09,UK_national,False,none
PE-EMP-00727-03,EMP-00727,2025-03-02,2025-03-31,149.1,2.2,4450.25,1200.1,3250.15,UK_national,False,none
PE-EMP-00727-04,EMP-00727,2025-04-01,2025-04-30,162.1,5.5,4585.09,1267.39,3317.7,UK_national,False,none
PE-EMP-00727-05,EMP-00727,2025-05-01,2025-05-30,149.0,12.8,4886.89,1143.61,3743.28,UK_national,False,none
PE-EMP-00727-06,EMP-00727,2025-05-31,2025-06-29,143.4,14.1,4938.42,1020.66,3917.76,UK_national,True,rule_override
PE-EMP-00728-01,EMP-00728,2025-01-01,2025-01-30,160.8,10.9,6653.41,1505.68,5147.73,federal,False,none
PE-EMP-00728-02,EMP-00728,2025-01-31,2025-03-01,151.0,7.4,6456.69,1266.52,5190.17,federal,False,none
PE-EMP-00728-03,EMP-00728,2025-03-02,2025-03-31,149.3,3.7,6247.84,1136.83,5111.01,federal,False,none
PE-EMP-00728-04,EMP-00728,2025-04-01,2025-04-30,166.7,13.0,6772.83,1610.31,5162.52,federal,False,none
PE-EMP-00728-05,EMP-00728,2025-05-01,2025-05-30,143.3,7.5,6460.95,1625.25,4835.7,federal,False,none
PE-EMP-00728-06,EMP-00728,2025-05-31,2025-06-29,163.7,13.4,6796.47,1633.6,5162.87,federal,False,none
PE-EMP-00729-01,EMP-00729,2025-01-01,2025-01-30,140.1,0.0,8571.0,2041.84,6529.16,WA,False,none
PE-EMP-00729-02,EMP-00729,2025-01-31,2025-03-01,152.3,0.0,8571.0,2032.22,6538.78,WA,False,none
PE-EMP-00729-03,EMP-00729,2025-03-02,2025-03-31,149.3,0.0,8571.0,1681.71,6889.29,WA,False,none
PE-EMP-00729-04,EMP-00729,2025-04-01,2025-04-30,156.7,0.0,8571.0,2114.23,6456.77,WA,False,none
PE-EMP-00729-05,EMP-00729,2025-05-01,2025-05-30,165.5,0.0,8571.0,2193.96,6377.04,WA,False,none
PE-EMP-00729-06,EMP-00729,2025-05-31,2025-06-29,146.0,0.0,8571.0,2158.83,6412.17,WA,False,none
PE-EMP-00730-01,EMP-00730,2025-01-01,2025-01-30,162.9,0.0,7697.0,1930.34,5766.66,UK_national,False,none
PE-EMP-00730-02,EMP-00730,2025-01-31,2025-03-01,166.6,0.0,7697.0,1491.89,6205.11,UK_national,False,none
PE-EMP-00730-03,EMP-00730,2025-03-02,2025-03-31,154.5,0.0,7697.0,2113.45,5583.55,UK_national,False,none
PE-EMP-00730-04,EMP-00730,2025-04-01,2025-04-30,140.8,0.0,7697.0,1486.04,6210.96,UK_national,False,none
PE-EMP-00730-05,EMP-00730,2025-05-01,2025-05-30,167.2,0.0,7697.0,1905.18,5791.82,UK_national,False,none
PE-EMP-00730-06,EMP-00730,2025-05-31,2025-06-29,150.2,0.0,7697.0,1489.15,6207.85,UK_national,False,none
PE-EMP-00731-01,EMP-00731,2025-01-01,2025-01-30,141.5,10.9,4518.23,1141.35,3376.88,CA,True,ghost_employee
PE-EMP-00731-02,EMP-00731,2025-01-31,2025-03-01,141.2,2.8,4206.59,773.03,3433.56,CA,False,none
PE-EMP-00731-03,EMP-00731,2025-03-02,2025-03-31,162.7,11.4,4536.55,1038.39,3498.16,CA,False,none
PE-EMP-00731-04,EMP-00731,2025-04-01,2025-04-30,154.1,10.3,4493.34,1018.01,3475.33,CA,False,none
PE-EMP-00731-05,EMP-00731,2025-05-01,2025-05-30,159.1,13.0,4595.69,1028.69,3567.0,CA,False,none
PE-EMP-00731-06,EMP-00731,2025-05-31,2025-06-29,164.6,10.4,4497.55,1134.3,3363.25,CA,False,none
PE-EMP-00732-01,EMP-00732,2025-01-01,2025-01-30,150.0,0.0,8017.0,1978.07,6038.93,CA,False,none
PE-EMP-00732-02,EMP-00732,2025-01-31,2025-03-01,155.0,0.0,8017.0,1632.9,6384.1,CA,False,none
PE-EMP-00732-03,EMP-00732,2025-03-02,2025-03-31,162.4,0.0,8017.0,2184.07,5832.93,CA,False,none
PE-EMP-00732-04,EMP-00732,2025-04-01,2025-04-30,162.1,0.0,8017.0,2182.67,5834.33,CA,False,none
PE-EMP-00732-05,EMP-00732,2025-05-01,2025-05-30,141.1,0.0,8017.0,2095.33,5921.67,CA,False,none
PE-EMP-00732-06,EMP-00732,2025-05-31,2025-06-29,167.4,0.0,8017.0,1456.96,6560.04,CA,False,none
PE-EMP-00733-01,EMP-00733,2025-01-01,2025-01-30,150.9,0.0,7321.0,1490.77,5830.23,WA,False,none
PE-EMP-00733-02,EMP-00733,2025-01-31,2025-03-01,156.0,0.0,7321.0,1377.82,5943.18,WA,False,none
PE-EMP-00733-03,EMP-00733,2025-03-02,2025-03-31,149.0,0.0,7321.0,1899.25,5421.75,WA,False,none
PE-EMP-00733-04,EMP-00733,2025-04-01,2025-04-30,149.7,0.0,7321.0,1654.7,5666.3,WA,False,none
PE-EMP-00733-05,EMP-00733,2025-05-01,2025-05-30,166.7,0.0,7321.0,1956.04,5364.96,WA,False,none
PE-EMP-00733-06,EMP-00733,2025-05-31,2025-06-29,156.0,0.0,7321.0,1956.18,5364.82,WA,False,none
PE-EMP-00734-01,EMP-00734,2025-01-01,2025-01-30,142.6,0.0,7541.0,2057.59,5483.41,UK_national,False,none
PE-EMP-00734-02,EMP-00734,2025-01-31,2025-03-01,158.0,0.0,7541.0,1944.78,5596.22,UK_national,False,none
PE-EMP-00734-03,EMP-00734,2025-03-02,2025-03-31,166.0,0.0,7541.0,1483.68,6057.32,UK_national,False,none
PE-EMP-00734-04,EMP-00734,2025-04-01,2025-04-30,161.0,0.0,7541.0,2067.61,5473.39,UK_national,False,none
PE-EMP-00734-05,EMP-00734,2025-05-01,2025-05-30,142.6,0.0,7541.0,1858.11,5682.89,UK_national,False,none
PE-EMP-00734-06,EMP-00734,2025-05-31,2025-06-29,147.8,0.0,7541.0,1507.32,6033.68,UK_national,False,none
PE-EMP-00735-01,EMP-00735,2025-01-01,2025-01-30,141.6,13.0,5008.8,1157.72,3851.08,TX,False,none
PE-EMP-00735-02,EMP-00735,2025-01-31,2025-03-01,156.1,12.3,4980.79,1350.62,3630.17,TX,False,none
PE-EMP-00735-03,EMP-00735,2025-03-02,2025-03-31,159.2,14.9,5086.84,957.67,4129.17,TX,False,none
PE-EMP-00735-04,EMP-00735,2025-04-01,2025-04-30,143.2,7.5,4777.79,1150.82,3626.97,TX,False,none
PE-EMP-00735-05,EMP-00735,2025-05-01,2025-05-30,160.5,6.0,4713.73,1146.99,3566.74,TX,False,none
PE-EMP-00735-06,EMP-00735,2025-05-31,2025-06-29,164.3,1.7,4536.54,887.98,3648.56,TX,False,none
PE-EMP-00736-01,EMP-00736,2025-01-01,2025-01-30,166.9,0.0,7993.0,2177.28,5815.72,WA,False,none
PE-EMP-00736-02,EMP-00736,2025-01-31,2025-03-01,161.1,0.0,7993.0,1766.54,6226.46,WA,False,none
PE-EMP-00736-03,EMP-00736,2025-03-02,2025-03-31,143.2,0.0,7993.0,1550.35,6442.65,WA,False,none
PE-EMP-00736-04,EMP-00736,2025-04-01,2025-04-30,158.9,0.0,7993.0,2055.3,5937.7,WA,False,none
PE-EMP-00736-05,EMP-00736,2025-05-01,2025-05-30,150.7,0.0,7993.0,1531.41,6461.59,WA,False,none
PE-EMP-00736-06,EMP-00736,2025-05-31,2025-06-29,165.6,0.0,7993.0,1522.27,6470.73,WA,False,none
PE-EMP-00737-01,EMP-00737,2025-01-01,2025-01-30,157.3,0.0,8005.0,1474.4,6530.6,CA,False,none
PE-EMP-00737-02,EMP-00737,2025-01-31,2025-03-01,143.8,0.0,8005.0,1466.45,6538.55,CA,False,none
PE-EMP-00737-03,EMP-00737,2025-03-02,2025-03-31,160.8,0.0,8005.0,1715.42,6289.58,CA,False,none
PE-EMP-00737-04,EMP-00737,2025-04-01,2025-04-30,152.3,0.0,8005.0,1864.49,6140.51,CA,False,none
PE-EMP-00737-05,EMP-00737,2025-05-01,2025-05-30,165.9,0.0,8005.0,1639.96,6365.04,CA,False,none
PE-EMP-00737-06,EMP-00737,2025-05-31,2025-06-29,146.0,0.0,8005.0,2038.69,5966.31,CA,False,none
PE-EMP-00738-01,EMP-00738,2025-01-01,2025-01-30,145.4,0.0,7515.0,1573.35,5941.65,WA,False,none
PE-EMP-00738-02,EMP-00738,2025-01-31,2025-03-01,145.8,0.0,7515.0,1638.48,5876.52,WA,False,none
PE-EMP-00738-03,EMP-00738,2025-03-02,2025-03-31,145.0,0.0,7515.0,1362.78,6152.22,WA,False,none
PE-EMP-00738-04,EMP-00738,2025-04-01,2025-04-30,158.6,0.0,7515.0,1841.65,5673.35,WA,False,none
PE-EMP-00738-05,EMP-00738,2025-05-01,2025-05-30,154.6,0.0,7515.0,1579.25,5935.75,WA,False,none
PE-EMP-00738-06,EMP-00738,2025-05-31,2025-06-29,162.0,0.0,7515.0,1465.15,6049.85,WA,False,none
PE-EMP-00739-01,EMP-00739,2025-01-01,2025-01-30,140.6,2.6,6341.27,1198.56,5142.71,TX,False,none
PE-EMP-00739-02,EMP-00739,2025-01-31,2025-03-01,154.7,8.4,6673.9,1464.78,5209.12,TX,False,none
PE-EMP-00739-03,EMP-00739,2025-03-02,2025-03-31,156.1,13.8,6990.25,1859.3,5130.95,TX,False,none
PE-EMP-00739-04,EMP-00739,2025-04-01,2025-04-30,156.7,4.9,6472.24,1252.14,5220.1,TX,False,none
PE-EMP-00739-05,EMP-00739,2025-05-01,2025-05-30,163.1,5.6,6514.82,1183.82,5331.0,TX,False,none
PE-EMP-00739-06,EMP-00739,2025-05-31,2025-06-29,167.8,2.9,6356.52,1682.49,4674.03,TX,False,none
PE-EMP-00740-01,EMP-00740,2025-01-01,2025-01-30,150.7,0.0,7485.0,1609.26,5875.74,NY,False,none
PE-EMP-00740-02,EMP-00740,2025-01-31,2025-03-01,162.7,0.0,7485.0,1939.35,5545.65,NY,False,none
PE-EMP-00740-03,EMP-00740,2025-03-02,2025-03-31,140.0,0.0,7485.0,1898.18,5586.82,NY,False,none
PE-EMP-00740-04,EMP-00740,2025-04-01,2025-04-30,160.0,0.0,7485.0,2043.93,5441.07,NY,False,none
PE-EMP-00740-05,EMP-00740,2025-05-01,2025-05-30,149.7,0.0,7485.0,1773.1,5711.9,NY,False,none
PE-EMP-00740-06,EMP-00740,2025-05-31,2025-06-29,156.3,0.0,7485.0,1930.55,5554.45,NY,False,none
PE-EMP-00741-01,EMP-00741,2025-01-01,2025-01-30,161.7,0.0,8687.0,2279.03,6407.97,WA,False,none
PE-EMP-00741-02,EMP-00741,2025-01-31,2025-03-01,152.7,0.0,8687.0,1762.47,6924.53,WA,False,none
PE-EMP-00741-03,EMP-00741,2025-03-02,2025-03-31,145.3,0.0,8687.0,1686.91,7000.09,WA,False,none
PE-EMP-00741-04,EMP-00741,2025-04-01,2025-04-30,155.4,0.0,8687.0,2376.04,6310.96,WA,False,none
PE-EMP-00741-05,EMP-00741,2025-05-01,2025-05-30,150.8,0.0,8687.0,2032.44,6654.56,WA,False,none
PE-EMP-00741-06,EMP-00741,2025-05-31,2025-06-29,143.6,0.0,8687.0,2226.11,6460.89,WA,False,none
PE-EMP-00742-01,EMP-00742,2025-01-01,2025-01-30,147.3,0.0,7674.0,2030.8,5643.2,DE_national,False,none
PE-EMP-00742-02,EMP-00742,2025-01-31,2025-03-01,160.8,0.0,7674.0,1438.84,6235.16,DE_national,False,none
PE-EMP-00742-03,EMP-00742,2025-03-02,2025-03-31,143.9,0.0,7674.0,1501.17,6172.83,DE_national,False,none
PE-EMP-00742-04,EMP-00742,2025-04-01,2025-04-30,141.5,0.0,7674.0,1751.09,5922.91,DE_national,False,none
PE-EMP-00742-05,EMP-00742,2025-05-01,2025-05-30,157.2,0.0,7674.0,1475.8,6198.2,DE_national,False,none
PE-EMP-00742-06,EMP-00742,2025-05-31,2025-06-29,155.6,0.0,7674.0,1749.14,5924.86,DE_national,False,none
PE-EMP-00743-01,EMP-00743,2025-01-01,2025-01-30,144.7,0.0,6991.0,1452.68,5538.32,NY,False,none
PE-EMP-00743-02,EMP-00743,2025-01-31,2025-03-01,152.4,0.0,6991.0,1691.42,5299.58,NY,False,none
PE-EMP-00743-03,EMP-00743,2025-03-02,2025-03-31,142.4,0.0,6991.0,1762.81,5228.19,NY,False,none
PE-EMP-00743-04,EMP-00743,2025-04-01,2025-04-30,156.5,0.0,6991.0,1556.34,5434.66,NY,False,none
PE-EMP-00743-05,EMP-00743,2025-05-01,2025-05-30,143.6,0.0,6991.0,1546.65,5444.35,NY,False,none
PE-EMP-00743-06,EMP-00743,2025-05-31,2025-06-29,154.9,0.0,6991.0,1859.61,5131.39,NY,False,none
PE-EMP-00744-01,EMP-00744,2025-01-01,2025-01-30,143.0,0.0,8461.0,2322.67,6138.33,DE_national,False,none
PE-EMP-00744-02,EMP-00744,2025-01-31,2025-03-01,166.7,0.0,8461.0,1793.25,6667.75,DE_national,False,none
PE-EMP-00744-03,EMP-00744,2025-03-02,2025-03-31,164.6,0.0,8461.0,1657.17,6803.83,DE_national,False,none
PE-EMP-00744-04,EMP-00744,2025-04-01,2025-04-30,140.2,0.0,8461.0,2057.49,6403.51,DE_national,False,none
PE-EMP-00744-05,EMP-00744,2025-05-01,2025-05-30,164.3,0.0,8461.0,2116.27,6344.73,DE_national,False,none
PE-EMP-00744-06,EMP-00744,2025-05-31,2025-06-29,141.6,0.0,8461.0,1550.38,6910.62,DE_national,False,none
PE-EMP-00745-01,EMP-00745,2025-01-01,2025-01-30,150.2,0.0,8127.0,1476.56,6650.44,federal,False,none
PE-EMP-00745-02,EMP-00745,2025-01-31,2025-03-01,166.8,0.0,8127.0,2198.43,5928.57,federal,False,none
PE-EMP-00745-03,EMP-00745,2025-03-02,2025-03-31,161.5,0.0,8127.0,1921.57,6205.43,federal,False,none
PE-EMP-00745-04,EMP-00745,2025-04-01,2025-04-30,151.8,0.0,8127.0,1829.77,6297.23,federal,False,none
PE-EMP-00745-05,EMP-00745,2025-05-01,2025-05-30,157.4,0.0,8127.0,2102.32,6024.68,federal,False,none
PE-EMP-00745-06,EMP-00745,2025-05-31,2025-06-29,156.5,0.0,8127.0,1764.28,6362.72,federal,False,none
PE-EMP-00746-01,EMP-00746,2025-01-01,2025-01-30,148.0,11.7,4384.58,941.82,3442.76,federal,False,none
PE-EMP-00746-02,EMP-00746,2025-01-31,2025-03-01,147.0,12.7,4420.78,1213.84,3206.94,federal,False,none
PE-EMP-00746-03,EMP-00746,2025-03-02,2025-03-31,162.7,12.6,4419.71,856.04,3563.67,federal,False,none
PE-EMP-00746-04,EMP-00746,2025-04-01,2025-04-30,141.2,6.9,4208.62,758.7,3449.92,federal,False,none
PE-EMP-00746-05,EMP-00746,2025-05-01,2025-05-30,161.9,0.9,3985.01,764.53,3220.48,federal,False,none
PE-EMP-00746-06,EMP-00746,2025-05-31,2025-06-29,162.6,1.8,4020.16,806.93,3213.23,federal,False,none
PE-EMP-00747-01,EMP-00747,2025-01-01,2025-01-30,146.4,11.1,4850.3,1073.16,3777.14,TX,False,none
PE-EMP-00747-02,EMP-00747,2025-01-31,2025-03-01,166.4,6.7,4672.7,970.13,3702.57,TX,False,none
PE-EMP-00747-03,EMP-00747,2025-03-02,2025-03-31,141.2,7.3,4697.22,1044.57,3652.65,TX,False,none
PE-EMP-00747-04,EMP-00747,2025-04-01,2025-04-30,160.3,0.2,4403.11,835.46,3567.65,TX,False,none
PE-EMP-00747-05,EMP-00747,2025-05-01,2025-05-30,156.6,5.5,4621.36,881.48,3739.88,TX,False,none
PE-EMP-00747-06,EMP-00747,2025-05-31,2025-06-29,149.6,13.0,4931.73,941.06,3990.67,TX,False,none
PE-EMP-00748-01,EMP-00748,2025-01-01,2025-01-30,154.2,0.9,4531.42,853.92,3677.5,federal,False,none
PE-EMP-00748-02,EMP-00748,2025-01-31,2025-03-01,141.5,6.1,4751.16,903.51,3847.65,federal,False,none
PE-EMP-00748-03,EMP-00748,2025-03-02,2025-03-31,167.1,10.7,4943.25,1053.97,3889.28,federal,False,none
PE-EMP-00748-04,EMP-00748,2025-04-01,2025-04-30,167.2,12.2,5006.67,1045.26,3961.41,federal,False,none
PE-EMP-00748-05,EMP-00748,2025-05-01,2025-05-30,145.6,14.3,5095.69,1167.95,3927.74,federal,False,none
PE-EMP-00748-06,EMP-00748,2025-05-31,2025-06-29,145.5,6.0,4746.12,908.51,3837.61,federal,False,none
PE-EMP-00749-01,EMP-00749,2025-01-01,2025-01-30,149.8,0.3,4572.18,1021.93,3550.25,NY,False,none
PE-EMP-00749-02,EMP-00749,2025-01-31,2025-03-01,152.5,12.9,5112.21,1265.97,3846.24,NY,False,none
PE-EMP-00749-03,EMP-00749,2025-03-02,2025-03-31,153.9,10.6,5012.16,1200.99,3811.17,NY,False,none
PE-EMP-00749-04,EMP-00749,2025-04-01,2025-04-30,149.3,3.1,4692.2,1107.95,3584.25,NY,False,none
PE-EMP-00749-05,EMP-00749,2025-05-01,2025-05-30,161.8,15.0,5202.24,1354.48,3847.76,NY,False,none
PE-EMP-00749-06,EMP-00749,2025-05-31,2025-06-29,162.7,9.1,4950.3,968.57,3981.73,NY,False,none
PE-EMP-00750-01,EMP-00750,2025-01-01,2025-01-30,163.5,14.1,7634.28,2078.03,5556.25,NY,False,none
PE-EMP-00750-02,EMP-00750,2025-01-31,2025-03-01,144.2,13.3,7587.71,1697.23,5890.48,NY,False,none
PE-EMP-00750-03,EMP-00750,2025-03-02,2025-03-31,146.7,5.3,7079.0,1319.58,5759.42,NY,False,none
PE-EMP-00750-04,EMP-00750,2025-04-01,2025-04-30,140.5,2.1,6875.09,1824.48,5050.61,NY,False,none
PE-EMP-00750-05,EMP-00750,2025-05-01,2025-05-30,151.6,0.9,6798.61,1404.6,5394.01,NY,False,none
PE-EMP-00750-06,EMP-00750,2025-05-31,2025-06-29,157.6,1.5,6839.0,1891.04,4947.96,NY,False,none
PE-EMP-00751-01,EMP-00751,2025-01-01,2025-01-30,141.9,0.0,8928.0,1629.3,7298.7,FL,False,none
PE-EMP-00751-02,EMP-00751,2025-01-31,2025-03-01,152.5,0.0,8928.0,1711.03,7216.97,FL,False,none
PE-EMP-00751-03,EMP-00751,2025-03-02,2025-03-31,153.1,0.0,8928.0,2040.63,6887.37,FL,False,none
PE-EMP-00751-04,EMP-00751,2025-04-01,2025-04-30,141.0,0.0,8928.0,2423.0,6505.0,FL,False,none
PE-EMP-00751-05,EMP-00751,2025-05-01,2025-05-30,147.4,0.0,8928.0,2275.77,6652.23,FL,False,none
PE-EMP-00751-06,EMP-00751,2025-05-31,2025-06-29,161.5,0.0,8928.0,1817.7,7110.3,FL,False,none
PE-EMP-00752-01,EMP-00752,2025-01-01,2025-01-30,163.0,0.0,7674.0,1804.95,5869.05,TX,False,none
PE-EMP-00752-02,EMP-00752,2025-01-31,2025-03-01,159.6,0.0,7674.0,1813.31,5860.69,TX,False,none
PE-EMP-00752-03,EMP-00752,2025-03-02,2025-03-31,159.5,0.0,7674.0,1924.26,5749.74,TX,False,none
PE-EMP-00752-04,EMP-00752,2025-04-01,2025-04-30,148.8,0.0,7674.0,1821.94,5852.06,TX,False,none
PE-EMP-00752-05,EMP-00752,2025-05-01,2025-05-30,159.8,0.0,7674.0,1893.72,5780.28,TX,False,none
PE-EMP-00752-06,EMP-00752,2025-05-31,2025-06-29,144.8,0.0,7674.0,1624.33,6049.67,TX,False,none
PE-EMP-00753-01,EMP-00753,2025-01-01,2025-01-30,141.1,3.8,6747.03,1625.26,5121.77,DE_national,False,none
PE-EMP-00753-02,EMP-00753,2025-01-31,2025-03-01,156.7,8.8,7053.05,1725.59,5327.46,DE_national,False,none
PE-EMP-00753-03,EMP-00753,2025-03-02,2025-03-31,161.9,7.5,6968.11,1890.15,5077.96,DE_national,False,none
PE-EMP-00753-04,EMP-00753,2025-04-01,2025-04-30,146.3,7.9,6997.68,1604.45,5393.23,DE_national,False,none
PE-EMP-00753-05,EMP-00753,2025-05-01,2025-05-30,152.3,1.0,6572.64,1487.55,5085.09,DE_national,False,none
PE-EMP-00753-06,EMP-00753,2025-05-31,2025-06-29,156.9,1.8,6623.16,1466.75,5156.41,DE_national,False,none
PE-EMP-00754-01,EMP-00754,2025-01-01,2025-01-30,142.9,0.0,8678.0,2212.81,6465.19,CA,False,none
PE-EMP-00754-02,EMP-00754,2025-01-31,2025-03-01,166.8,0.0,8678.0,2350.07,6327.93,CA,False,none
PE-EMP-00754-03,EMP-00754,2025-03-02,2025-03-31,153.6,0.0,8678.0,1690.86,6987.14,CA,False,none
PE-EMP-00754-04,EMP-00754,2025-04-01,2025-04-30,153.6,0.0,8678.0,2388.66,6289.34,CA,False,none
PE-EMP-00754-05,EMP-00754,2025-05-01,2025-05-30,147.0,0.0,8678.0,2057.57,6620.43,CA,False,none
PE-EMP-00754-06,EMP-00754,2025-05-31,2025-06-29,161.3,0.0,8678.0,2283.11,6394.89,CA,False,none
PE-EMP-00755-01,EMP-00755,2025-01-01,2025-01-30,145.9,0.0,7463.0,1669.39,5793.61,DE_national,False,none
PE-EMP-00755-02,EMP-00755,2025-01-31,2025-03-01,154.4,0.0,7463.0,1857.45,5605.55,DE_national,False,none
PE-EMP-00755-03,EMP-00755,2025-03-02,2025-03-31,148.1,0.0,7463.0,1784.38,5678.62,DE_national,False,none
PE-EMP-00755-04,EMP-00755,2025-04-01,2025-04-30,143.2,0.0,7463.0,1767.58,5695.42,DE_national,False,none
PE-EMP-00755-05,EMP-00755,2025-05-01,2025-05-30,162.6,0.0,7463.0,1798.99,5664.01,DE_national,False,none
PE-EMP-00755-06,EMP-00755,2025-05-31,2025-06-29,163.0,0.0,7463.0,1393.34,6069.66,DE_national,False,none
PE-EMP-00756-01,EMP-00756,2025-01-01,2025-01-30,164.7,0.0,7341.0,1515.27,5825.73,federal,False,none
PE-EMP-00756-02,EMP-00756,2025-01-31,2025-03-01,166.8,0.0,7341.0,1943.99,5397.01,federal,False,none
PE-EMP-00756-03,EMP-00756,2025-03-02,2025-03-31,146.0,0.0,7341.0,1423.84,5917.16,federal,False,none
PE-EMP-00756-04,EMP-00756,2025-04-01,2025-04-30,152.9,0.0,7341.0,1358.81,5982.19,federal,False,none
PE-EMP-00756-05,EMP-00756,2025-05-01,2025-05-30,163.6,0.0,7341.0,1985.06,5355.94,federal,False,none
PE-EMP-00756-06,EMP-00756,2025-05-31,2025-06-29,151.5,0.0,7341.0,1398.97,5942.03,federal,False,none
PE-EMP-00757-01,EMP-00757,2025-01-01,2025-01-30,158.5,12.6,4560.3,1122.18,3438.12,WA,False,none
PE-EMP-00757-02,EMP-00757,2025-01-31,2025-03-01,147.3,9.5,4439.76,1092.38,3347.38,WA,False,none
PE-EMP-00757-03,EMP-00757,2025-03-02,2025-03-31,155.3,12.7,4565.23,1233.5,3331.73,WA,False,none
PE-EMP-00757-04,EMP-00757,2025-04-01,2025-04-30,150.3,14.6,4636.12,873.3,3762.82,WA,False,none
PE-EMP-00757-05,EMP-00757,2025-05-01,2025-05-30,154.4,10.5,4480.47,1082.13,3398.34,WA,False,none
PE-EMP-00757-06,EMP-00757,2025-05-31,2025-06-29,156.4,7.6,4367.29,1219.81,3147.48,WA,False,none
PE-EMP-00758-01,EMP-00758,2025-01-01,2025-01-30,165.1,0.0,8480.0,2290.31,6189.69,UK_national,False,none
PE-EMP-00758-02,EMP-00758,2025-01-31,2025-03-01,152.4,0.0,8480.0,1597.21,6882.79,UK_national,False,none
PE-EMP-00758-03,EMP-00758,2025-03-02,2025-03-31,163.4,0.0,8480.0,1545.41,6934.59,UK_national,False,none
PE-EMP-00758-04,EMP-00758,2025-04-01,2025-04-30,156.5,0.0,8480.0,1953.49,6526.51,UK_national,False,none
PE-EMP-00758-05,EMP-00758,2025-05-01,2025-05-30,158.5,0.0,8480.0,1772.12,6707.88,UK_national,False,none
PE-EMP-00758-06,EMP-00758,2025-05-31,2025-06-29,163.0,0.0,8480.0,1552.29,6927.71,UK_national,False,none
PE-EMP-00759-01,EMP-00759,2025-01-01,2025-01-30,155.3,0.0,8720.0,1631.17,7088.83,NY,False,none
PE-EMP-00759-02,EMP-00759,2025-01-31,2025-03-01,147.3,0.0,8720.0,1917.53,6802.47,NY,False,none
PE-EMP-00759-03,EMP-00759,2025-03-02,2025-03-31,144.5,0.0,8720.0,2036.21,6683.79,NY,False,none
PE-EMP-00759-04,EMP-00759,2025-04-01,2025-04-30,166.5,0.0,8720.0,1674.45,7045.55,NY,False,none
PE-EMP-00759-05,EMP-00759,2025-05-01,2025-05-30,154.6,0.0,8720.0,2339.96,6380.04,NY,False,none
PE-EMP-00759-06,EMP-00759,2025-05-31,2025-06-29,146.5,0.0,8720.0,2212.65,6507.35,NY,False,none
PE-EMP-00760-01,EMP-00760,2025-01-01,2025-01-30,167.2,0.0,7369.0,2050.69,5318.31,UK_national,False,none
PE-EMP-00760-02,EMP-00760,2025-01-31,2025-03-01,166.1,0.0,7369.0,1601.87,5767.13,UK_national,False,none
PE-EMP-00760-03,EMP-00760,2025-03-02,2025-03-31,141.7,0.0,7369.0,1723.68,5645.32,UK_national,False,none
PE-EMP-00760-04,EMP-00760,2025-04-01,2025-04-30,155.1,0.0,7369.0,1345.35,6023.65,UK_national,False,none
PE-EMP-00760-05,EMP-00760,2025-05-01,2025-05-30,149.0,0.0,7369.0,1635.02,5733.98,UK_national,False,none
PE-EMP-00760-06,EMP-00760,2025-05-31,2025-06-29,163.2,0.0,7369.0,1817.63,5551.37,UK_national,False,none
PE-EMP-00761-01,EMP-00761,2025-01-01,2025-01-30,145.3,0.0,7696.0,1523.68,6172.32,UK_national,False,none
PE-EMP-00761-02,EMP-00761,2025-01-31,2025-03-01,148.4,0.0,7696.0,1818.9,5877.1,UK_national,False,none
PE-EMP-00761-03,EMP-00761,2025-03-02,2025-03-31,161.4,0.0,7696.0,1695.61,6000.39,UK_national,False,none
PE-EMP-00761-04,EMP-00761,2025-04-01,2025-04-30,166.2,0.0,7696.0,1899.36,5796.64,UK_national,False,none
PE-EMP-00761-05,EMP-00761,2025-05-01,2025-05-30,154.0,0.0,7696.0,1778.47,5917.53,UK_national,False,none
PE-EMP-00761-06,EMP-00761,2025-05-31,2025-06-29,147.6,0.0,7696.0,2014.15,5681.85,UK_national,False,none
PE-EMP-00762-01,EMP-00762,2025-01-01,2025-01-30,158.8,0.0,7798.0,1532.58,6265.42,federal,False,none
PE-EMP-00762-02,EMP-00762,2025-01-31,2025-03-01,154.1,0.0,7798.0,1840.09,5957.91,federal,False,none
PE-EMP-00762-03,EMP-00762,2025-03-02,2025-03-31,161.1,0.0,7798.0,1764.97,6033.03,federal,False,none
PE-EMP-00762-04,EMP-00762,2025-04-01,2025-04-30,168.0,0.0,7798.0,1854.83,5943.17,federal,False,none
PE-EMP-00762-05,EMP-00762,2025-05-01,2025-05-30,153.4,0.0,7798.0,2129.02,5668.98,federal,False,none
PE-EMP-00762-06,EMP-00762,2025-05-31,2025-06-29,147.5,0.0,7798.0,1899.12,5898.88,federal,False,none
PE-EMP-00763-01,EMP-00763,2025-01-01,2025-01-30,146.4,0.0,7469.0,1784.23,5684.77,DE_national,False,none
PE-EMP-00763-02,EMP-00763,2025-01-31,2025-03-01,165.3,0.0,7469.0,1432.49,6036.51,DE_national,True,rule_override
PE-EMP-00763-03,EMP-00763,2025-03-02,2025-03-31,156.3,0.0,7469.0,1410.47,6058.53,DE_national,False,none
PE-EMP-00763-04,EMP-00763,2025-04-01,2025-04-30,152.0,0.0,7469.0,1428.44,6040.56,DE_national,False,none
PE-EMP-00763-05,EMP-00763,2025-05-01,2025-05-30,155.5,0.0,7469.0,1713.65,5755.35,DE_national,False,none
PE-EMP-00763-06,EMP-00763,2025-05-31,2025-06-29,153.7,0.0,7469.0,1529.73,5939.27,DE_national,False,none
PE-EMP-00764-01,EMP-00764,2025-01-01,2025-01-30,162.6,0.0,8191.0,2026.61,6164.39,TX,False,none
PE-EMP-00764-02,EMP-00764,2025-01-31,2025-03-01,146.3,0.0,8191.0,1927.52,6263.48,TX,False,none
PE-EMP-00764-03,EMP-00764,2025-03-02,2025-03-31,149.9,0.0,8191.0,2066.48,6124.52,TX,False,none
PE-EMP-00764-04,EMP-00764,2025-04-01,2025-04-30,152.9,0.0,8191.0,2112.48,6078.52,TX,False,none
PE-EMP-00764-05,EMP-00764,2025-05-01,2025-05-30,162.5,0.0,8191.0,2127.91,6063.09,TX,False,none
PE-EMP-00764-06,EMP-00764,2025-05-31,2025-06-29,151.1,0.0,8191.0,2023.2,6167.8,TX,False,none
PE-EMP-00765-01,EMP-00765,2025-01-01,2025-01-30,141.3,0.0,7530.0,1575.92,5954.08,UK_national,False,none
PE-EMP-00765-02,EMP-00765,2025-01-31,2025-03-01,151.8,0.0,7530.0,1810.77,5719.23,UK_national,False,none
PE-EMP-00765-03,EMP-00765,2025-03-02,2025-03-31,163.4,0.0,7530.0,1837.06,5692.94,UK_national,False,none
PE-EMP-00765-04,EMP-00765,2025-04-01,2025-04-30,155.3,0.0,7530.0,1638.76,5891.24,UK_national,False,none
PE-EMP-00765-05,EMP-00765,2025-05-01,2025-05-30,166.2,0.0,7530.0,1897.83,5632.17,UK_national,False,none
PE-EMP-00765-06,EMP-00765,2025-05-31,2025-06-29,147.4,0.0,7530.0,1678.67,5851.33,UK_national,False,none
PE-EMP-00766-01,EMP-00766,2025-01-01,2025-01-30,144.2,0.0,8215.0,1899.06,6315.94,DE_national,False,none
PE-EMP-00766-02,EMP-00766,2025-01-31,2025-03-01,144.3,0.0,8215.0,1843.4,6371.6,DE_national,False,none
PE-EMP-00766-03,EMP-00766,2025-03-02,2025-03-31,150.8,0.0,8215.0,1756.38,6458.62,DE_national,False,none
PE-EMP-00766-04,EMP-00766,2025-04-01,2025-04-30,166.1,0.0,8215.0,1609.98,6605.02,DE_national,False,none
PE-EMP-00766-05,EMP-00766,2025-05-01,2025-05-30,146.8,0.0,8215.0,1955.17,6259.83,DE_national,False,none
PE-EMP-00766-06,EMP-00766,2025-05-31,2025-06-29,147.7,0.0,8215.0,1996.5,6218.5,DE_national,False,none
PE-EMP-00767-01,EMP-00767,2025-01-01,2025-01-30,167.1,8.2,6508.67,1171.78,5336.89,FL,False,none
PE-EMP-00767-02,EMP-00767,2025-01-31,2025-03-01,147.4,14.4,6860.07,1768.98,5091.09,FL,False,none
PE-EMP-00767-03,EMP-00767,2025-03-02,2025-03-31,146.4,6.0,6384.09,1593.91,4790.18,FL,False,none
PE-EMP-00767-04,EMP-00767,2025-04-01,2025-04-30,167.6,0.6,6078.92,1359.19,4719.73,FL,False,none
PE-EMP-00767-05-DUP,EMP-00767,2025-05-01,2025-05-30,167.7,5.9,6379.89,1244.93,5134.96,FL,True,duplicate_payment
PE-EMP-00767-06,EMP-00767,2025-05-31,2025-06-29,141.9,7.9,6492.09,1559.36,4932.73,FL,False,none
PE-EMP-00768-01,EMP-00768,2025-01-01,2025-01-30,163.3,0.0,8212.0,1496.27,6715.73,CA,False,none
PE-EMP-00768-02,EMP-00768,2025-01-31,2025-03-01,142.1,0.0,8212.0,1551.4,6660.6,CA,False,none
PE-EMP-00768-03,EMP-00768,2025-03-02,2025-03-31,143.2,0.0,8212.0,2298.3,5913.7,CA,False,none
PE-EMP-00768-04,EMP-00768,2025-04-01,2025-04-30,167.8,0.0,8212.0,2214.0,5998.0,CA,False,none
PE-EMP-00768-05,EMP-00768,2025-05-01,2025-05-30,158.5,0.0,8212.0,1682.05,6529.95,CA,False,none
PE-EMP-00768-06,EMP-00768,2025-05-31,2025-06-29,157.9,0.0,8212.0,2288.8,5923.2,CA,False,none
PE-EMP-00769-01,EMP-00769,2025-01-01,2025-01-30,145.7,2.4,7103.41,1861.63,5241.78,WA,False,none
PE-EMP-00769-02,EMP-00769,2025-01-31,2025-03-01,153.3,6.1,7341.81,1492.33,5849.48,WA,False,none
PE-EMP-00769-03,EMP-00769,2025-03-02,2025-03-31,145.2,6.1,7342.05,1321.88,6020.17,WA,False,none
PE-EMP-00769-04,EMP-00769,2025-04-01,2025-04-30,149.0,3.7,7186.78,1953.62,5233.16,WA,False,none
PE-EMP-00769-05,EMP-00769,2025-05-01,2025-05-30,161.8,7.7,7443.03,1637.92,5805.11,WA,False,none
PE-EMP-00769-06,EMP-00769,2025-05-31,2025-06-29,150.1,10.5,7627.87,2067.16,5560.71,WA,False,none
PE-EMP-00770-01,EMP-00770,2025-01-01,2025-01-30,161.0,0.0,8269.0,2279.06,5989.94,WA,False,none
PE-EMP-00770-02,EMP-00770,2025-01-31,2025-03-01,147.3,0.0,8269.0,1898.22,6370.78,WA,False,none
PE-EMP-00770-03,EMP-00770,2025-03-02,2025-03-31,152.0,0.0,8269.0,1998.02,6270.98,WA,False,none
PE-EMP-00770-04,EMP-00770,2025-04-01,2025-04-30,164.4,0.0,8269.0,2026.14,6242.86,WA,False,none
PE-EMP-00770-05,EMP-00770,2025-05-01,2025-05-30,147.7,0.0,8269.0,2064.78,6204.22,WA,False,none
PE-EMP-00770-06,EMP-00770,2025-05-31,2025-06-29,151.7,0.0,8269.0,2139.77,6129.23,WA,False,none
PE-EMP-00771-01,EMP-00771,2025-01-01,2025-01-30,160.7,12.7,6907.76,1568.09,5339.67,DE_national,False,none
PE-EMP-00771-02,EMP-00771,2025-01-31,2025-03-01,141.8,13.4,6952.42,1898.95,5053.47,DE_national,False,none
PE-EMP-00771-03,EMP-00771,2025-03-02,2025-03-31,156.6,7.7,6621.82,1655.58,4966.24,DE_national,False,none
PE-EMP-00771-04,EMP-00771,2025-04-01,2025-04-30,141.2,8.6,6671.69,1565.59,5106.1,DE_national,False,none
PE-EMP-00771-05,EMP-00771,2025-05-01,2025-05-30,140.1,8.1,6643.74,1798.83,4844.91,DE_national,False,none
PE-EMP-00771-06,EMP-00771,2025-05-31,2025-06-29,144.1,6.0,6521.9,1717.43,4804.47,DE_national,False,none
PE-EMP-00772-01,EMP-00772,2025-01-01,2025-01-30,151.6,4.1,4018.79,901.35,3117.44,WA,False,none
PE-EMP-00772-02,EMP-00772,2025-01-31,2025-03-01,146.3,12.7,4332.5,825.16,3507.34,WA,False,none
PE-EMP-00772-03,EMP-00772,2025-03-02,2025-03-31,151.0,4.9,4048.71,803.55,3245.16,WA,False,none
PE-EMP-00772-04,EMP-00772,2025-04-01,2025-04-30,151.8,5.6,4075.97,841.7,3234.27,WA,False,none
PE-EMP-00772-05,EMP-00772,2025-05-01,2025-05-30,165.6,9.9,4232.0,1023.05,3208.95,WA,False,none
PE-EMP-00772-06,EMP-00772,2025-05-31,2025-06-29,159.5,10.5,4251.44,1012.6,3238.84,WA,False,none
PE-EMP-00773-01,EMP-00773,2025-01-01,2025-01-30,154.2,8.2,4410.39,931.3,3479.09,UK_national,False,none
PE-EMP-00773-02,EMP-00773,2025-01-31,2025-03-01,164.3,8.5,4420.56,1100.14,3320.42,UK_national,False,none
PE-EMP-00773-03,EMP-00773,2025-03-02,2025-03-31,167.4,4.9,4282.45,1022.8,3259.65,UK_national,False,none
PE-EMP-00773-04,EMP-00773,2025-04-01,2025-04-30,143.5,12.1,4556.64,842.66,3713.98,UK_national,False,none
PE-EMP-00773-05,EMP-00773,2025-05-01,2025-05-30,145.1,2.0,4171.59,1000.81,3170.78,UK_national,False,none
PE-EMP-00773-06,EMP-00773,2025-05-31,2025-06-29,167.9,12.7,4580.38,1182.22,3398.16,UK_national,False,none
PE-EMP-00774-01,EMP-00774,2025-01-01,2025-01-30,166.0,0.0,8846.0,1810.24,7035.76,UK_national,False,none
PE-EMP-00774-02,EMP-00774,2025-01-31,2025-03-01,141.2,0.0,8846.0,2378.83,6467.17,UK_national,False,none
PE-EMP-00774-03,EMP-00774,2025-03-02,2025-03-31,153.3,0.0,8846.0,1692.58,7153.42,UK_national,False,none
PE-EMP-00774-04,EMP-00774,2025-04-01,2025-04-30,160.4,0.0,8846.0,1966.01,6879.99,UK_national,False,none
PE-EMP-00774-05,EMP-00774,2025-05-01,2025-05-30,156.7,0.0,8846.0,1793.15,7052.85,UK_national,False,none
PE-EMP-00774-06,EMP-00774,2025-05-31,2025-06-29,155.5,0.0,8846.0,2258.12,6587.88,UK_national,False,none
PE-EMP-00775-01,EMP-00775,2025-01-01,2025-01-30,151.8,0.0,8223.0,1804.85,6418.15,DE_national,False,none
PE-EMP-00775-02,EMP-00775,2025-01-31,2025-03-01,167.3,0.0,8223.0,1684.53,6538.47,DE_national,False,none
PE-EMP-00775-03,EMP-00775,2025-03-02,2025-03-31,142.8,0.0,8223.0,2012.68,6210.32,DE_national,False,none
PE-EMP-00775-04,EMP-00775,2025-04-01,2025-04-30,149.2,0.0,8223.0,1956.47,6266.53,DE_national,False,none
PE-EMP-00775-05,EMP-00775,2025-05-01,2025-05-30,150.6,0.0,8223.0,1973.1,6249.9,DE_national,False,none
PE-EMP-00775-06,EMP-00775,2025-05-31,2025-06-29,140.7,0.0,8223.0,1486.45,6736.55,DE_national,False,none
PE-EMP-00776-01,EMP-00776,2025-01-01,2025-01-30,156.0,0.0,7793.0,1914.01,5878.99,NY,False,none
PE-EMP-00776-02-DUP,EMP-00776,2025-01-31,2025-03-01,148.4,0.0,7793.0,2031.63,5761.37,NY,True,duplicate_payment
PE-EMP-00776-03,EMP-00776,2025-03-02,2025-03-31,147.0,0.0,7793.0,2159.65,5633.35,NY,False,none
PE-EMP-00776-04,EMP-00776,2025-04-01,2025-04-30,165.8,0.0,7793.0,1439.33,6353.67,NY,False,none
PE-EMP-00776-05,EMP-00776,2025-05-01,2025-05-30,159.1,0.0,7793.0,2180.98,5612.02,NY,False,none
PE-EMP-00776-06,EMP-00776,2025-05-31,2025-06-29,165.3,0.0,7793.0,1616.25,6176.75,NY,False,none
PE-EMP-00777-01,EMP-00777,2025-01-01,2025-01-30,157.2,0.0,7679.0,2043.82,5635.18,UK_national,False,none
PE-EMP-00777-02,EMP-00777,2025-01-31,2025-03-01,151.5,0.0,7679.0,1713.45,5965.55,UK_national,False,none
PE-EMP-00777-03,EMP-00777,2025-03-02,2025-03-31,152.2,0.0,7679.0,1633.23,6045.77,UK_national,False,none
PE-EMP-00777-04,EMP-00777,2025-04-01,2025-04-30,163.0,0.0,7679.0,1506.49,6172.51,UK_national,False,none
PE-EMP-00777-05,EMP-00777,2025-05-01,2025-05-30,148.8,0.0,7679.0,2097.44,5581.56,UK_national,False,none
PE-EMP-00777-06,EMP-00777,2025-05-31,2025-06-29,153.7,0.0,7679.0,2046.59,5632.41,UK_national,False,none
PE-EMP-00778-01,EMP-00778,2025-01-01,2025-01-30,155.1,0.0,8108.0,1818.7,6289.3,DE_national,False,none
PE-EMP-00778-02,EMP-00778,2025-01-31,2025-03-01,152.6,0.0,8108.0,1483.1,6624.9,DE_national,False,none
PE-EMP-00778-03,EMP-00778,2025-03-02,2025-03-31,161.5,0.0,8108.0,2232.13,5875.87,DE_national,False,none
PE-EMP-00778-04,EMP-00778,2025-04-01,2025-04-30,145.4,0.0,8108.0,2241.67,5866.33,DE_national,False,none
PE-EMP-00778-05,EMP-00778,2025-05-01,2025-05-30,157.0,0.0,8108.0,1870.05,6237.95,DE_national,False,none
PE-EMP-00778-06,EMP-00778,2025-05-31,2025-06-29,146.8,0.0,8108.0,1804.15,6303.85,DE_national,False,none
PE-EMP-00779-01,EMP-00779,2025-01-01,2025-01-30,147.2,0.0,6960.0,1797.23,5162.77,TX,False,none
PE-EMP-00779-02,EMP-00779,2025-01-31,2025-03-01,150.7,0.0,6960.0,1534.29,5425.71,TX,False,none
PE-EMP-00779-03,EMP-00779,2025-03-02,2025-03-31,157.7,0.0,6960.0,1343.84,5616.16,TX,False,none
PE-EMP-00779-04,EMP-00779,2025-04-01,2025-04-30,149.4,0.0,6960.0,1789.02,5170.98,TX,False,none
PE-EMP-00779-05,EMP-00779,2025-05-01,2025-05-30,143.0,0.0,6960.0,1454.08,5505.92,TX,False,none
PE-EMP-00779-06,EMP-00779,2025-05-31,2025-06-29,156.9,0.0,6960.0,1693.11,5266.89,TX,False,none
PE-EMP-00780-01,EMP-00780,2025-01-01,2025-01-30,140.3,5.2,6568.64,1790.19,4778.45,UK_national,False,none
PE-EMP-00780-02,EMP-00780,2025-01-31,2025-03-01,164.0,14.0,7083.77,1576.49,5507.28,UK_national,False,none
PE-EMP-00780-03,EMP-00780,2025-03-02,2025-03-31,145.1,1.8,6367.29,1242.99,5124.3,UK_national,False,none
PE-EMP-00780-04,EMP-00780,2025-04-01,2025-04-30,167.0,11.4,6934.15,1561.52,5372.63,UK_national,False,none
PE-EMP-00780-05,EMP-00780,2025-05-01,2025-05-30,148.7,7.2,6684.31,1642.1,5042.21,UK_national,False,none
PE-EMP-00780-06,EMP-00780,2025-05-31,2025-06-29,141.9,2.0,6381.31,1350.29,5031.02,UK_national,False,none
PE-EMP-00781-01,EMP-00781,2025-01-01,2025-01-30,142.2,0.0,8384.0,1532.38,6851.62,CA,False,none
PE-EMP-00781-02,EMP-00781,2025-01-31,2025-03-01,167.5,0.0,8384.0,1744.65,6639.35,CA,False,none
PE-EMP-00781-03,EMP-00781,2025-03-02,2025-03-31,165.5,0.0,8384.0,1586.5,6797.5,CA,False,none
PE-EMP-00781-04,EMP-00781,2025-04-01,2025-04-30,162.8,0.0,8384.0,2223.26,6160.74,CA,False,none
PE-EMP-00781-05,EMP-00781,2025-05-01,2025-05-30,162.3,0.0,8384.0,1719.73,6664.27,CA,False,none
PE-EMP-00781-06,EMP-00781,2025-05-31,2025-06-29,167.8,0.0,8384.0,2045.21,6338.79,CA,False,none
PE-EMP-00782-01,EMP-00782,2025-01-01,2025-01-30,165.3,0.0,6858.0,1238.64,5619.36,NY,False,none
PE-EMP-00782-02,EMP-00782,2025-01-31,2025-03-01,143.0,0.0,6858.0,1602.61,5255.39,NY,False,none
PE-EMP-00782-03,EMP-00782,2025-03-02,2025-03-31,167.5,0.0,6858.0,1638.25,5219.75,NY,False,none
PE-EMP-00782-04,EMP-00782,2025-04-01,2025-04-30,153.8,0.0,6858.0,1564.45,5293.55,NY,False,none
PE-EMP-00782-05,EMP-00782,2025-05-01,2025-05-30,145.5,0.0,6858.0,1617.69,5240.31,NY,False,none
PE-EMP-00782-06,EMP-00782,2025-05-31,2025-06-29,156.2,0.0,6858.0,1288.71,5569.29,NY,False,none
PE-EMP-00783-01,EMP-00783,2025-01-01,2025-01-30,150.0,0.0,7878.0,2113.26,5764.74,UK_national,False,none
PE-EMP-00783-02,EMP-00783,2025-01-31,2025-03-01,165.1,0.0,7878.0,2151.27,5726.73,UK_national,False,none
PE-EMP-00783-03,EMP-00783,2025-03-02,2025-03-31,147.6,0.0,7878.0,2151.47,5726.53,UK_national,False,none
PE-EMP-00783-04,EMP-00783,2025-04-01,2025-04-30,160.1,0.0,7878.0,1524.32,6353.68,UK_national,False,none
PE-EMP-00783-05,EMP-00783,2025-05-01,2025-05-30,163.9,0.0,7878.0,2042.39,5835.61,UK_national,False,none
PE-EMP-00783-06,EMP-00783,2025-05-31,2025-06-29,151.9,0.0,7878.0,1921.12,5956.88,UK_national,False,none
PE-EMP-00784-01,EMP-00784,2025-01-01,2025-01-30,143.1,0.0,7723.0,1503.88,6219.12,FL,False,none
PE-EMP-00784-02,EMP-00784,2025-01-31,2025-03-01,145.7,0.0,7723.0,1517.28,6205.72,FL,False,none
PE-EMP-00784-03,EMP-00784,2025-03-02,2025-03-31,160.6,0.0,7723.0,1584.16,6138.84,FL,False,none
PE-EMP-00784-04,EMP-00784,2025-04-01,2025-04-30,149.6,0.0,7723.0,2073.24,5649.76,FL,False,none
PE-EMP-00784-05,EMP-00784,2025-05-01,2025-05-30,159.5,0.0,7723.0,1722.29,6000.71,FL,False,none
PE-EMP-00784-06,EMP-00784,2025-05-31,2025-06-29,164.3,0.0,7723.0,1953.53,5769.47,FL,False,none
PE-EMP-00785-01,EMP-00785,2025-01-01,2025-01-30,152.9,0.0,7872.0,1835.98,6036.02,federal,False,none
PE-EMP-00785-02,EMP-00785,2025-01-31,2025-03-01,162.9,0.0,7872.0,1692.76,6179.24,federal,False,none
PE-EMP-00785-03,EMP-00785,2025-03-02,2025-03-31,167.5,0.0,7872.0,1549.84,6322.16,federal,False,none
PE-EMP-00785-04,EMP-00785,2025-04-01,2025-04-30,144.9,0.0,7872.0,2163.22,5708.78,federal,False,none
PE-EMP-00785-05,EMP-00785,2025-05-01,2025-05-30,158.8,0.0,7872.0,1517.66,6354.34,federal,False,none
PE-EMP-00785-06,EMP-00785,2025-05-31,2025-06-29,146.5,0.0,7872.0,1963.84,5908.16,federal,False,none
PE-EMP-00786-01,EMP-00786,2025-01-01,2025-01-30,162.3,4.9,4696.86,964.37,3732.49,federal,False,none
PE-EMP-00786-02,EMP-00786,2025-01-31,2025-03-01,140.9,14.7,5111.02,1057.14,4053.88,federal,False,none
PE-EMP-00786-03,EMP-00786,2025-03-02,2025-03-31,158.3,14.2,5088.67,1045.45,4043.22,federal,False,none
PE-EMP-00786-04,EMP-00786,2025-04-01,2025-04-30,160.7,4.3,4672.16,1059.28,3612.88,federal,False,none
PE-EMP-00786-05,EMP-00786,2025-05-01,2025-05-30,142.1,13.0,5041.49,1333.73,3707.76,federal,False,none
PE-EMP-00786-06,EMP-00786,2025-05-31,2025-06-29,166.2,2.1,4580.4,913.13,3667.27,federal,False,none
PE-EMP-00787-01,EMP-00787,2025-01-01,2025-01-30,155.0,14.8,7742.78,1614.73,6128.05,DE_national,False,none
PE-EMP-00787-02,EMP-00787,2025-01-31,2025-03-01,153.8,11.5,7532.97,1906.57,5626.4,DE_national,False,none
PE-EMP-00787-03,EMP-00787,2025-03-02,2025-03-31,167.5,14.1,7700.09,1950.77,5749.32,DE_national,False,none
PE-EMP-00787-04,EMP-00787,2025-04-01,2025-04-30,151.1,6.8,7232.09,1953.51,5278.58,DE_national,False,none
PE-EMP-00787-05,EMP-00787,2025-05-01,2025-05-30,158.1,3.1,6998.28,1724.72,5273.56,DE_national,False,none
PE-EMP-00787-06,EMP-00787,2025-05-31,2025-06-29,144.8,10.2,7449.93,1464.92,5985.01,DE_national,False,none
PE-EMP-00788-01,EMP-00788,2025-01-01,2025-01-30,163.3,0.0,8820.0,1756.62,7063.38,federal,False,none
PE-EMP-00788-02,EMP-00788,2025-01-31,2025-03-01,159.2,0.0,8820.0,2062.91,6757.09,federal,False,none
PE-EMP-00788-03,EMP-00788,2025-03-02,2025-03-31,165.1,0.0,8820.0,2310.53,6509.47,federal,False,none
PE-EMP-00788-04,EMP-00788,2025-04-01,2025-04-30,140.4,0.0,8820.0,1899.5,6920.5,federal,False,none
PE-EMP-00788-05,EMP-00788,2025-05-01,2025-05-30,162.4,0.0,8820.0,2066.44,6753.56,federal,False,none
PE-EMP-00788-06,EMP-00788,2025-05-31,2025-06-29,162.0,0.0,8820.0,1646.93,7173.07,federal,False,none
PE-EMP-00789-01,EMP-00789,2025-01-01,2025-01-30,163.1,0.0,8287.0,2289.13,5997.87,UK_national,False,none
PE-EMP-00789-02,EMP-00789,2025-01-31,2025-03-01,160.0,0.0,8287.0,1702.92,6584.08,UK_national,False,none
PE-EMP-00789-03,EMP-00789,2025-03-02,2025-03-31,150.8,0.0,8287.0,1652.73,6634.27,UK_national,False,none
PE-EMP-00789-04,EMP-00789,2025-04-01,2025-04-30,167.4,0.0,8287.0,2315.66,5971.34,UK_national,False,none
PE-EMP-00789-05,EMP-00789,2025-05-01,2025-05-30,155.3,0.0,8287.0,1760.99,6526.01,UK_national,False,none
PE-EMP-00789-06,EMP-00789,2025-05-31,2025-06-29,147.5,0.0,8287.0,2179.27,6107.73,UK_national,False,none
PE-EMP-00790-01,EMP-00790,2025-01-01,2025-01-30,149.3,0.0,8090.0,2179.28,5910.72,UK_national,False,none
PE-EMP-00790-02,EMP-00790,2025-01-31,2025-03-01,148.6,0.0,8090.0,1641.88,6448.12,UK_national,False,none
PE-EMP-00790-03,EMP-00790,2025-03-02,2025-03-31,165.8,0.0,8090.0,1485.13,6604.87,UK_national,False,none
PE-EMP-00790-04,EMP-00790,2025-04-01,2025-04-30,157.8,0.0,8090.0,2022.5,6067.5,UK_national,False,none
PE-EMP-00790-05,EMP-00790,2025-05-01,2025-05-30,141.9,0.0,8090.0,1540.2,6549.8,UK_national,False,none
PE-EMP-00790-06,EMP-00790,2025-05-31,2025-06-29,152.3,0.0,8090.0,2162.12,5927.88,UK_national,False,none
PE-EMP-00791-01,EMP-00791,2025-01-01,2025-01-30,154.4,0.0,7323.0,1688.07,5634.93,NY,False,none
PE-EMP-00791-02,EMP-00791,2025-01-31,2025-03-01,151.9,0.0,7323.0,1367.18,5955.82,NY,False,none
PE-EMP-00791-03,EMP-00791,2025-03-02,2025-03-31,147.8,0.0,7323.0,2042.31,5280.69,NY,False,none
PE-EMP-00791-04,EMP-00791,2025-04-01,2025-04-30,158.8,0.0,7323.0,1504.43,5818.57,NY,False,none
PE-EMP-00791-05,EMP-00791,2025-05-01,2025-05-30,147.3,0.0,7323.0,1581.38,5741.62,NY,False,none
PE-EMP-00791-06,EMP-00791,2025-05-31,2025-06-29,154.9,0.0,7323.0,1357.31,5965.69,NY,False,none
PE-EMP-00792-01,EMP-00792,2025-01-01,2025-01-30,159.3,12.3,5205.92,1394.67,3811.25,CA,False,none
PE-EMP-00792-02,EMP-00792,2025-01-31,2025-03-01,152.6,7.1,4979.88,1204.9,3774.98,CA,False,none
PE-EMP-00792-03,EMP-00792,2025-03-02,2025-03-31,158.0,11.8,5182.83,988.45,4194.38,CA,False,none
PE-EMP-00792-04,EMP-00792,2025-04-01,2025-04-30,160.3,9.8,5095.28,1381.0,3714.28,CA,False,none
PE-EMP-00792-05,EMP-00792,2025-05-01,2025-05-30,143.5,4.8,4878.39,1192.11,3686.28,CA,False,none
PE-EMP-00792-06,EMP-00792,2025-05-31,2025-06-29,154.3,8.0,5020.26,1385.76,3634.5,CA,False,none
PE-EMP-00793-01,EMP-00793,2025-01-01,2025-01-30,150.8,3.8,4734.17,1107.26,3626.91,FL,False,none
PE-EMP-00793-02,EMP-00793,2025-01-31,2025-03-01,167.7,9.3,4969.8,1182.45,3787.35,FL,False,none
PE-EMP-00793-03,EMP-00793,2025-03-02,2025-03-31,164.8,7.9,4909.13,1264.79,3644.34,FL,False,none
PE-EMP-00793-04,EMP-00793,2025-04-01,2025-04-30,148.6,11.5,5061.2,1214.11,3847.09,FL,False,none
PE-EMP-00793-05,EMP-00793,2025-05-01,2025-05-30,159.7,14.8,5203.2,1186.98,4016.22,FL,False,none
PE-EMP-00793-06,EMP-00793,2025-05-31,2025-06-29,163.5,12.6,5108.23,972.94,4135.29,FL,False,none
PE-EMP-00794-01,EMP-00794,2025-01-01,2025-01-30,147.1,0.0,7329.0,1818.34,5510.66,FL,False,none
PE-EMP-00794-02,EMP-00794,2025-01-31,2025-03-01,162.7,0.0,7329.0,1489.66,5839.34,FL,False,none
PE-EMP-00794-03,EMP-00794,2025-03-02,2025-03-31,167.6,0.0,7329.0,1950.87,5378.13,FL,False,none
PE-EMP-00794-04,EMP-00794,2025-04-01,2025-04-30,167.0,0.0,7329.0,1715.31,5613.69,FL,False,none
PE-EMP-00794-05,EMP-00794,2025-05-01,2025-05-30,144.9,0.0,7329.0,1839.93,5489.07,FL,False,none
PE-EMP-00794-06,EMP-00794,2025-05-31,2025-06-29,145.7,0.0,7329.0,1416.11,5912.89,FL,False,none
PE-EMP-00795-01,EMP-00795,2025-01-01,2025-01-30,146.3,0.0,8999.0,2120.84,6878.16,CA,False,none
PE-EMP-00795-02,EMP-00795,2025-01-31,2025-03-01,154.6,0.0,8999.0,2024.35,6974.65,CA,False,none
PE-EMP-00795-03,EMP-00795,2025-03-02,2025-03-31,162.2,0.0,8999.0,1834.24,7164.76,CA,False,none
PE-EMP-00795-04,EMP-00795,2025-04-01,2025-04-30,143.2,0.0,8999.0,1755.66,7243.34,CA,False,none
PE-EMP-00795-05,EMP-00795,2025-05-01,2025-05-30,155.4,0.0,8999.0,2201.22,6797.78,CA,False,none
PE-EMP-00795-06,EMP-00795,2025-05-31,2025-06-29,165.8,0.0,8999.0,1646.89,7352.11,CA,False,none
PE-EMP-00796-01,EMP-00796,2025-01-01,2025-01-30,164.7,0.0,8685.0,1699.76,6985.24,federal,False,none
PE-EMP-00796-02,EMP-00796,2025-01-31,2025-03-01,144.8,0.0,8685.0,1745.76,6939.24,federal,False,none
PE-EMP-00796-03,EMP-00796,2025-03-02,2025-03-31,165.9,0.0,8685.0,2316.23,6368.77,federal,False,none
PE-EMP-00796-04,EMP-00796,2025-04-01,2025-04-30,155.6,0.0,8685.0,2181.4,6503.6,federal,False,none
PE-EMP-00796-05,EMP-00796,2025-05-01,2025-05-30,144.1,0.0,8685.0,1747.5,6937.5,federal,False,none
PE-EMP-00796-06,EMP-00796,2025-05-31,2025-06-29,143.3,0.0,8685.0,1602.19,7082.81,federal,False,none
PE-EMP-00797-01,EMP-00797,2025-01-01,2025-01-30,140.1,2.8,4761.81,940.8,3821.01,NY,False,none
PE-EMP-00797-02,EMP-00797,2025-01-31,2025-03-01,152.9,0.9,4682.14,1087.2,3594.94,NY,False,none
PE-EMP-00797-03,EMP-00797,2025-03-02,2025-03-31,140.8,5.7,4888.61,902.1,3986.51,NY,False,none
PE-EMP-00797-04,EMP-00797,2025-04-01,2025-04-30,164.3,12.6,5190.05,1243.99,3946.06,NY,False,none
PE-EMP-00797-05,EMP-00797,2025-05-01,2025-05-30,160.0,13.8,5241.14,1298.09,3943.05,NY,False,none
PE-EMP-00797-06,EMP-00797,2025-05-31,2025-06-29,162.9,1.8,4720.43,1108.23,3612.2,NY,False,none
PE-EMP-00798-01,EMP-00798,2025-01-01,2025-01-30,150.7,0.0,8286.0,1648.38,6637.62,federal,False,none
PE-EMP-00798-02,EMP-00798,2025-01-31,2025-03-01,141.7,0.0,8286.0,1568.49,6717.51,federal,False,none
PE-EMP-00798-03,EMP-00798,2025-03-02,2025-03-31,165.1,0.0,8286.0,2091.81,6194.19,federal,False,none
PE-EMP-00798-04,EMP-00798,2025-04-01,2025-04-30,148.9,0.0,8286.0,1731.25,6554.75,federal,False,none
PE-EMP-00798-05,EMP-00798,2025-05-01,2025-05-30,166.4,0.0,8286.0,1693.63,6592.37,federal,False,none
PE-EMP-00798-06,EMP-00798,2025-05-31,2025-06-29,161.1,0.0,8286.0,1980.05,6305.95,federal,False,none
PE-EMP-00799-01,EMP-00799,2025-01-01,2025-01-30,161.9,11.8,7316.34,1519.14,5797.2,UK_national,False,none
PE-EMP-00799-02,EMP-00799,2025-01-31,2025-03-01,143.9,11.5,7298.05,1715.28,5582.77,UK_national,False,none
PE-EMP-00799-03,EMP-00799,2025-03-02,2025-03-31,167.5,4.7,6879.7,1519.5,5360.2,UK_national,False,none
PE-EMP-00799-04,EMP-00799,2025-04-01,2025-04-30,142.7,4.7,6881.12,1703.96,5177.16,UK_national,False,none
PE-EMP-00799-05,EMP-00799,2025-05-01,2025-05-30,167.8,0.1,6591.38,1669.82,4921.56,UK_national,False,none
PE-EMP-00799-06,EMP-00799,2025-05-31,2025-06-29,165.6,6.9,7011.42,1789.03,5222.39,UK_national,False,none
PE-EMP-00800-01,EMP-00800,2025-01-01,2025-01-30,162.9,0.0,7272.0,1311.51,5960.49,NY,False,none
PE-EMP-00800-02,EMP-00800,2025-01-31,2025-03-01,149.2,0.0,7272.0,1511.81,5760.19,NY,False,none
PE-EMP-00800-03,EMP-00800,2025-03-02,2025-03-31,150.6,0.0,7272.0,1848.68,5423.32,NY,False,none
PE-EMP-00800-04,EMP-00800,2025-04-01,2025-04-30,149.3,0.0,7272.0,1915.51,5356.49,NY,False,none
PE-EMP-00800-05,EMP-00800,2025-05-01,2025-05-30,141.3,0.0,7272.0,1965.58,5306.42,NY,False,none
PE-EMP-00800-06,EMP-00800,2025-05-31,2025-06-29,165.1,0.0,7272.0,1623.73,5648.27,NY,False,none
PE-EMP-00801-01,EMP-00801,2025-01-01,2025-01-30,147.5,0.0,8122.0,1778.66,6343.34,NY,False,none
PE-EMP-00801-02,EMP-00801,2025-01-31,2025-03-01,165.3,0.0,8122.0,1521.92,6600.08,NY,False,none
PE-EMP-00801-03,EMP-00801,2025-03-02,2025-03-31,150.4,0.0,8122.0,1781.14,6340.86,NY,False,none
PE-EMP-00801-04,EMP-00801,2025-04-01,2025-04-30,159.9,0.0,8122.0,2166.55,5955.45,NY,False,none
PE-EMP-00801-05,EMP-00801,2025-05-01,2025-05-30,165.0,0.0,8122.0,2033.81,6088.19,NY,False,none
PE-EMP-00801-06,EMP-00801,2025-05-31,2025-06-29,167.6,0.0,8122.0,2227.54,5894.46,NY,False,none
PE-EMP-00802-01,EMP-00802,2025-01-01,2025-01-30,152.5,0.0,7276.0,1310.83,5965.17,UK_national,False,none
PE-EMP-00802-02,EMP-00802,2025-01-31,2025-03-01,151.2,0.0,7276.0,1545.37,5730.63,UK_national,False,none
PE-EMP-00802-03,EMP-00802,2025-03-02,2025-03-31,165.7,0.0,7276.0,1904.82,5371.18,UK_national,False,none
PE-EMP-00802-04,EMP-00802,2025-04-01,2025-04-30,157.3,0.0,7276.0,1505.31,5770.69,UK_national,False,none
PE-EMP-00802-05,EMP-00802,2025-05-01,2025-05-30,157.2,0.0,7276.0,1340.21,5935.79,UK_national,False,none
PE-EMP-00802-06,EMP-00802,2025-05-31,2025-06-29,155.7,0.0,7276.0,1576.92,5699.08,UK_national,False,none
PE-EMP-00803-01,EMP-00803,2025-01-01,2025-01-30,145.7,2.9,7107.36,1577.61,5529.75,DE_national,False,none
PE-EMP-00803-02,EMP-00803,2025-01-31,2025-03-01,160.3,8.3,7456.92,1624.06,5832.86,DE_national,False,none
PE-EMP-00803-03,EMP-00803,2025-03-02,2025-03-31,150.9,8.5,7467.27,1646.72,5820.55,DE_national,False,none
PE-EMP-00803-04,EMP-00803,2025-04-01,2025-04-30,146.6,6.9,7364.65,1337.0,6027.65,DE_national,False,none
PE-EMP-00803-05,EMP-00803,2025-05-01,2025-05-30,165.1,6.5,7339.68,1728.8,5610.88,DE_national,False,none
PE-EMP-00803-06,EMP-00803,2025-05-31,2025-06-29,167.9,8.5,7468.39,1697.18,5771.21,DE_national,False,none
PE-EMP-00804-01,EMP-00804,2025-01-01,2025-01-30,153.6,0.0,8069.0,1985.31,6083.69,WA,False,none
PE-EMP-00804-02,EMP-00804,2025-01-31,2025-03-01,150.2,0.0,8069.0,1948.15,6120.85,WA,False,none
PE-EMP-00804-03,EMP-00804,2025-03-02,2025-03-31,156.6,0.0,8069.0,1751.78,6317.22,WA,False,none
PE-EMP-00804-04,EMP-00804,2025-04-01,2025-04-30,152.7,0.0,8069.0,1598.15,6470.85,WA,False,none
PE-EMP-00804-05,EMP-00804,2025-05-01,2025-05-30,152.7,0.0,8069.0,1514.98,6554.02,WA,False,none
PE-EMP-00804-06,EMP-00804,2025-05-31,2025-06-29,159.4,0.0,8069.0,1756.67,6312.33,WA,False,none
PE-EMP-00805-01,EMP-00805,2025-01-01,2025-01-30,142.4,3.6,7210.32,1313.92,5896.4,UK_national,False,none
PE-EMP-00805-02,EMP-00805,2025-01-31,2025-03-01,167.7,6.5,7401.53,1851.52,5550.01,UK_national,False,none
PE-EMP-00805-03,EMP-00805,2025-03-02,2025-03-31,154.6,6.8,7424.04,2051.55,5372.49,UK_national,False,none
PE-EMP-00805-04,EMP-00805,2025-04-01,2025-04-30,150.6,8.4,7526.6,2011.62,5514.98,UK_national,False,none
PE-EMP-00805-05,EMP-00805,2025-05-01,2025-05-30,163.9,4.5,7275.06,1366.74,5908.32,UK_national,False,none
PE-EMP-00805-06,EMP-00805,2025-05-31,2025-06-29,156.0,11.4,7724.81,2147.81,5577.0,UK_national,False,none
PE-EMP-00806-01,EMP-00806,2025-01-01,2025-01-30,166.3,0.0,7594.0,2076.6,5517.4,FL,False,none
PE-EMP-00806-02,EMP-00806,2025-01-31,2025-03-01,150.1,0.0,7594.0,1962.26,5631.74,FL,False,none
PE-EMP-00806-03,EMP-00806,2025-03-02,2025-03-31,167.2,0.0,7594.0,1754.59,5839.41,FL,False,none
PE-EMP-00806-04,EMP-00806,2025-04-01,2025-04-30,153.6,0.0,7594.0,1456.36,6137.64,FL,False,none
PE-EMP-00806-05,EMP-00806,2025-05-01,2025-05-30,142.5,0.0,7594.0,1587.74,6006.26,FL,False,none
PE-EMP-00806-06,EMP-00806,2025-05-31,2025-06-29,153.7,0.0,7594.0,1934.92,5659.08,FL,False,none
PE-EMP-00807-01,EMP-00807,2025-01-01,2025-01-30,142.1,5.8,4413.74,876.07,3537.67,TX,False,none
PE-EMP-00807-02,EMP-00807,2025-01-31,2025-03-01,158.1,8.1,4506.02,1170.32,3335.7,TX,False,none
PE-EMP-00807-03,EMP-00807,2025-03-02,2025-03-31,160.0,2.2,4272.17,808.25,3463.92,TX,False,none
PE-EMP-00807-04,EMP-00807,2025-04-01,2025-04-30,147.5,6.0,4424.17,857.3,3566.87,TX,False,none
PE-EMP-00807-05,EMP-00807,2025-05-01,2025-05-30,153.4,2.4,4282.81,1029.23,3253.58,TX,False,none
PE-EMP-00807-06,EMP-00807,2025-05-31,2025-06-29,141.5,7.7,4488.6,841.36,3647.24,TX,False,none
PE-EMP-00808-01,EMP-00808,2025-01-01,2025-01-30,167.9,0.0,7669.0,1922.72,5746.28,TX,False,none
PE-EMP-00808-02,EMP-00808,2025-01-31,2025-03-01,160.2,0.0,7669.0,2058.27,5610.73,TX,False,none
PE-EMP-00808-03,EMP-00808,2025-03-02,2025-03-31,165.7,0.0,7669.0,1661.44,6007.56,TX,False,none
PE-EMP-00808-04,EMP-00808,2025-04-01,2025-04-30,155.5,0.0,7669.0,1461.13,6207.87,TX,False,none
PE-EMP-00808-05,EMP-00808,2025-05-01,2025-05-30,150.4,0.0,7669.0,1902.69,5766.31,TX,False,none
PE-EMP-00808-06,EMP-00808,2025-05-31,2025-06-29,141.3,0.0,7669.0,2019.58,5649.42,TX,False,none
PE-EMP-00809-01,EMP-00809,2025-01-01,2025-01-30,140.1,6.5,4874.04,1123.85,3750.19,FL,False,none
PE-EMP-00809-02,EMP-00809,2025-01-31,2025-03-01,164.4,8.7,4966.31,956.67,4009.64,FL,False,none
PE-EMP-00809-03,EMP-00809,2025-03-02,2025-03-31,156.1,7.5,4913.97,884.54,4029.43,FL,False,none
PE-EMP-00809-04,EMP-00809,2025-04-01,2025-04-30,157.7,14.1,5198.91,961.68,4237.23,FL,False,none
PE-EMP-00809-05,EMP-00809,2025-05-01,2025-05-30,149.6,3.3,4734.81,1185.66,3549.15,FL,False,none
PE-EMP-00809-06,EMP-00809,2025-05-31,2025-06-29,144.8,4.1,4770.69,883.93,3886.76,FL,False,none
PE-EMP-00810-01,EMP-00810,2025-01-01,2025-01-30,164.2,12.4,7653.6,1590.76,6062.84,FL,False,none
PE-EMP-00810-02,EMP-00810,2025-01-31,2025-03-01,165.7,14.9,7812.3,1799.25,6013.05,FL,False,none
PE-EMP-00810-03,EMP-00810,2025-03-02,2025-03-31,164.8,9.2,7445.11,2000.82,5444.29,FL,False,none
PE-EMP-00810-04,EMP-00810,2025-04-01,2025-04-30,153.6,4.2,7125.95,1324.29,5801.66,FL,False,none
PE-EMP-00810-05,EMP-00810,2025-05-01,2025-05-30,154.5,9.8,7484.56,2030.12,5454.44,FL,False,none
PE-EMP-00810-06,EMP-00810,2025-05-31,2025-06-29,152.7,2.4,7011.14,1445.57,5565.57,FL,False,none
PE-EMP-00811-01,EMP-00811,2025-01-01,2025-01-30,167.8,0.0,7642.0,1444.41,6197.59,NY,False,none
PE-EMP-00811-02,EMP-00811,2025-01-31,2025-03-01,166.4,0.0,7642.0,1430.96,6211.04,NY,False,none
PE-EMP-00811-03,EMP-00811,2025-03-02,2025-03-31,166.1,0.0,7642.0,1789.94,5852.06,NY,False,none
PE-EMP-00811-04,EMP-00811,2025-04-01,2025-04-30,140.2,0.0,7642.0,1965.85,5676.15,NY,False,none
PE-EMP-00811-05,EMP-00811,2025-05-01,2025-05-30,162.0,0.0,7642.0,1425.93,6216.07,NY,False,none
PE-EMP-00811-06,EMP-00811,2025-05-31,2025-06-29,158.0,0.0,7642.0,2096.18,5545.82,NY,False,none
PE-EMP-00812-01,EMP-00812,2025-01-01,2025-01-30,143.3,11.3,4512.07,838.79,3673.28,DE_national,False,none
PE-EMP-00812-02,EMP-00812,2025-01-31,2025-03-01,145.0,5.6,4293.32,773.24,3520.08,DE_national,False,none
PE-EMP-00812-03,EMP-00812,2025-03-02,2025-03-31,167.5,7.0,4346.12,1133.15,3212.97,DE_national,False,none
PE-EMP-00812-04,EMP-00812,2025-04-01,2025-04-30,152.0,9.9,4456.92,942.63,3514.29,DE_national,False,none
PE-EMP-00812-05,EMP-00812,2025-05-01,2025-05-30,150.2,11.2,4508.9,831.27,3677.63,DE_national,False,none
PE-EMP-00812-06,EMP-00812,2025-05-31,2025-06-29,152.3,14.2,4623.34,1230.82,3392.52,DE_national,False,none
PE-EMP-00813-01,EMP-00813,2025-01-01,2025-01-30,143.8,0.0,6887.0,1804.96,5082.04,DE_national,False,none
PE-EMP-00813-02,EMP-00813,2025-01-31,2025-03-01,152.9,0.0,6887.0,1269.86,5617.14,DE_national,False,none
PE-EMP-00813-03,EMP-00813,2025-03-02,2025-03-31,156.6,0.0,6887.0,1797.27,5089.73,DE_national,False,none
PE-EMP-00813-04,EMP-00813,2025-04-01,2025-04-30,140.1,0.0,6887.0,1708.31,5178.69,DE_national,False,none
PE-EMP-00813-05,EMP-00813,2025-05-01,2025-05-30,165.4,0.0,6887.0,1572.9,5314.1,DE_national,False,none
PE-EMP-00813-06,EMP-00813,2025-05-31,2025-06-29,158.3,0.0,6887.0,1811.27,5075.73,DE_national,False,none
PE-EMP-00814-01,EMP-00814,2025-01-01,2025-01-30,156.1,0.0,6755.0,1808.49,4946.51,TX,False,none
PE-EMP-00814-02,EMP-00814,2025-01-31,2025-03-01,159.9,0.0,6755.0,1426.83,5328.17,TX,False,none
PE-EMP-00814-03,EMP-00814,2025-03-02,2025-03-31,146.4,0.0,6755.0,1688.16,5066.84,TX,False,none
PE-EMP-00814-04,EMP-00814,2025-04-01,2025-04-30,162.3,0.0,6755.0,1652.18,5102.82,TX,False,none
PE-EMP-00814-05,EMP-00814,2025-05-01,2025-05-30,151.6,0.0,6755.0,1568.45,5186.55,TX,False,none
PE-EMP-00814-06,EMP-00814,2025-05-31,2025-06-29,146.0,0.0,6755.0,1591.03,5163.97,TX,False,none
PE-EMP-00815-01,EMP-00815,2025-01-01,2025-01-30,156.7,12.9,4597.74,986.04,3611.7,federal,False,none
PE-EMP-00815-02,EMP-00815,2025-01-31,2025-03-01,143.2,4.2,4264.0,968.87,3295.13,federal,False,none
PE-EMP-00815-03,EMP-00815,2025-03-02,2025-03-31,157.5,12.5,4585.55,865.79,3719.76,federal,False,none
PE-EMP-00815-04,EMP-00815,2025-04-01,2025-04-30,167.4,10.8,4518.98,1231.74,3287.24,federal,False,none
PE-EMP-00815-05,EMP-00815,2025-05-01,2025-05-30,155.1,3.0,4219.66,890.71,3328.95,federal,False,none
PE-EMP-00815-06,EMP-00815,2025-05-31,2025-06-29,161.7,3.2,4226.02,1086.3,3139.72,federal,False,none
PE-EMP-00816-01,EMP-00816,2025-01-01,2025-01-30,144.3,0.5,4427.0,943.96,3483.04,federal,False,none
PE-EMP-00816-02,EMP-00816,2025-01-31,2025-03-01,151.3,11.6,4884.88,1203.63,3681.25,federal,False,none
PE-EMP-00816-03,EMP-00816,2025-03-02,2025-03-31,165.0,10.3,4829.08,902.42,3926.66,federal,False,none
PE-EMP-00816-04,EMP-00816,2025-04-01,2025-04-30,162.1,3.2,4537.15,1216.7,3320.45,federal,False,none
PE-EMP-00816-05,EMP-00816,2025-05-01,2025-05-30,161.4,5.4,4627.97,951.53,3676.44,federal,False,none
PE-EMP-00816-06,EMP-00816,2025-05-31,2025-06-29,165.7,12.4,4915.34,1050.6,3864.74,federal,False,none
PE-EMP-00817-01,EMP-00817,2025-01-01,2025-01-30,141.7,0.0,8333.0,1850.49,6482.51,NY,False,none
PE-EMP-00817-02,EMP-00817,2025-01-31,2025-03-01,167.4,0.0,8333.0,2218.28,6114.72,NY,False,none
PE-EMP-00817-03,EMP-00817,2025-03-02,2025-03-31,160.9,0.0,8333.0,1862.78,6470.22,NY,False,none
PE-EMP-00817-04,EMP-00817,2025-04-01,2025-04-30,156.5,0.0,8333.0,1873.1,6459.9,NY,False,none
PE-EMP-00817-05,EMP-00817,2025-05-01,2025-05-30,160.1,0.0,8333.0,1682.46,6650.54,NY,False,none
PE-EMP-00817-06,EMP-00817,2025-05-31,2025-06-29,148.4,0.0,8333.0,1709.41,6623.59,NY,False,none
PE-EMP-00818-01,EMP-00818,2025-01-01,2025-01-30,145.5,0.0,7542.0,1766.29,5775.71,WA,False,none
PE-EMP-00818-02,EMP-00818,2025-01-31,2025-03-01,145.0,0.0,7542.0,1586.57,5955.43,WA,False,none
PE-EMP-00818-03,EMP-00818,2025-03-02,2025-03-31,150.7,0.0,7542.0,1961.07,5580.93,WA,False,none
PE-EMP-00818-04,EMP-00818,2025-04-01,2025-04-30,165.4,0.0,7542.0,2097.73,5444.27,WA,False,none
PE-EMP-00818-05,EMP-00818,2025-05-01,2025-05-30,148.3,0.0,7542.0,2088.42,5453.58,WA,False,none
PE-EMP-00818-06,EMP-00818,2025-05-31,2025-06-29,155.1,0.0,7542.0,2047.66,5494.34,WA,False,none
PE-EMP-00819-01,EMP-00819,2025-01-01,2025-01-30,162.9,5.0,4405.87,816.44,3589.43,TX,False,none
PE-EMP-00819-02,EMP-00819,2025-01-31,2025-03-01,151.0,13.9,4758.82,1191.94,3566.88,TX,False,none
PE-EMP-00819-03,EMP-00819,2025-03-02,2025-03-31,142.2,6.7,4475.81,955.84,3519.97,TX,False,none
PE-EMP-00819-04,EMP-00819,2025-04-01,2025-04-30,155.8,14.4,4778.9,936.4,3842.5,TX,False,none
PE-EMP-00819-05,EMP-00819,2025-05-01,2025-05-30,141.0,10.9,4641.7,840.02,3801.68,TX,False,none
PE-EMP-00819-06,EMP-00819,2025-05-31,2025-06-29,149.1,14.1,4764.68,1287.57,3477.11,TX,False,none
PE-EMP-00820-01,EMP-00820,2025-01-01,2025-01-30,148.7,0.6,6915.09,1679.64,5235.45,federal,False,none
PE-EMP-00820-02,EMP-00820,2025-01-31,2025-03-01,142.8,0.4,6900.64,1925.36,4975.28,federal,False,none
PE-EMP-00820-03,EMP-00820,2025-03-02,2025-03-31,167.9,3.5,7099.78,1953.18,5146.6,federal,False,none
PE-EMP-00820-04,EMP-00820,2025-04-01,2025-04-30,150.9,6.9,7321.27,1689.39,5631.88,federal,False,none
PE-EMP-00820-05,EMP-00820,2025-05-01,2025-05-30,144.0,9.0,7454.99,1853.82,5601.17,federal,False,none
PE-EMP-00820-06,EMP-00820,2025-05-31,2025-06-29,152.5,12.1,7652.58,1916.33,5736.25,federal,False,none
PE-EMP-00821-01,EMP-00821,2025-01-01,2025-01-30,159.2,0.0,7289.0,1595.61,5693.39,TX,False,none
PE-EMP-00821-02,EMP-00821,2025-01-31,2025-03-01,157.7,0.0,7289.0,1441.14,5847.86,TX,False,none
PE-EMP-00821-03,EMP-00821,2025-03-02,2025-03-31,157.4,0.0,7289.0,1608.04,5680.96,TX,False,none
PE-EMP-00821-04,EMP-00821,2025-04-01,2025-04-30,148.8,0.0,7289.0,1982.15,5306.85,TX,False,none
PE-EMP-00821-05,EMP-00821,2025-05-01,2025-05-30,147.5,0.0,7289.0,1982.55,5306.45,TX,False,none
PE-EMP-00821-06,EMP-00821,2025-05-31,2025-06-29,159.1,0.0,7289.0,1997.55,5291.45,TX,False,none
PE-EMP-00822-01,EMP-00822,2025-01-01,2025-01-30,165.0,0.0,8876.0,2483.69,6392.31,UK_national,False,none
PE-EMP-00822-02,EMP-00822,2025-01-31,2025-03-01,145.1,0.0,8876.0,2189.59,6686.41,UK_national,False,none
PE-EMP-00822-03,EMP-00822,2025-03-02,2025-03-31,162.0,0.0,8876.0,2397.51,6478.49,UK_national,False,none
PE-EMP-00822-04,EMP-00822,2025-04-01,2025-04-30,150.0,0.0,8876.0,2396.61,6479.39,UK_national,False,none
PE-EMP-00822-05,EMP-00822,2025-05-01,2025-05-30,140.3,0.0,8876.0,2451.53,6424.47,UK_national,False,none
PE-EMP-00822-06,EMP-00822,2025-05-31,2025-06-29,161.3,0.0,8876.0,2360.96,6515.04,UK_national,False,none
PE-EMP-00823-01,EMP-00823,2025-01-01,2025-01-30,148.9,10.5,7496.49,1387.43,6109.06,DE_national,False,none
PE-EMP-00823-02,EMP-00823,2025-01-31,2025-03-01,166.1,5.1,7148.69,1903.57,5245.12,DE_national,False,none
PE-EMP-00823-03,EMP-00823,2025-03-02,2025-03-31,162.3,13.6,7695.03,1652.14,6042.89,DE_national,False,none
PE-EMP-00823-04,EMP-00823,2025-04-01,2025-04-30,152.3,10.3,7483.77,1787.27,5696.5,DE_national,False,none
PE-EMP-00823-05,EMP-00823,2025-05-01,2025-05-30,152.3,13.4,7679.76,1643.3,6036.46,DE_national,False,none
PE-EMP-00823-06,EMP-00823,2025-05-31,2025-06-29,142.8,0.7,6867.06,1809.3,5057.76,DE_national,False,none
PE-EMP-00824-01,EMP-00824,2025-01-01,2025-01-30,143.6,6.6,7344.66,1462.51,5882.15,TX,False,none
PE-EMP-00824-02,EMP-00824,2025-01-31,2025-03-01,149.9,8.9,7492.47,1385.75,6106.72,TX,False,none
PE-EMP-00824-03,EMP-00824,2025-03-02,2025-03-31,158.0,11.1,7636.56,1889.34,5747.22,TX,False,none
PE-EMP-00824-04,EMP-00824,2025-04-01,2025-04-30,163.2,13.7,7802.14,1924.34,5877.8,TX,False,none
PE-EMP-00824-05,EMP-00824,2025-05-01,2025-05-30,148.1,0.7,6960.81,1936.89,5023.92,TX,False,none
PE-EMP-00824-06,EMP-00824,2025-05-31,2025-06-29,148.5,10.2,7572.76,1526.84,6045.92,TX,False,none
PE-EMP-00825-01,EMP-00825,2025-01-01,2025-01-30,145.7,0.0,7556.0,1905.15,5650.85,WA,False,none
PE-EMP-00825-02,EMP-00825,2025-01-31,2025-03-01,143.3,0.0,7556.0,2038.05,5517.95,WA,False,none
PE-EMP-00825-03,EMP-00825,2025-03-02,2025-03-31,143.5,0.0,7556.0,1569.71,5986.29,WA,False,none
PE-EMP-00825-04,EMP-00825,2025-04-01,2025-04-30,146.0,0.0,7556.0,1383.83,6172.17,WA,False,none
PE-EMP-00825-05,EMP-00825,2025-05-01,2025-05-30,157.1,0.0,7556.0,1394.54,6161.46,WA,False,none
PE-EMP-00825-06,EMP-00825,2025-05-31,2025-06-29,148.0,0.0,7556.0,2094.75,5461.25,WA,False,none
PE-EMP-00826-01,EMP-00826,2025-01-01,2025-01-30,148.4,0.0,8007.0,1498.92,6508.08,NY,False,none
PE-EMP-00826-02,EMP-00826,2025-01-31,2025-03-01,142.6,0.0,8007.0,1932.43,6074.57,NY,False,none
PE-EMP-00826-03,EMP-00826,2025-03-02,2025-03-31,158.3,0.0,8007.0,1618.52,6388.48,NY,False,none
PE-EMP-00826-04,EMP-00826,2025-04-01,2025-04-30,157.3,0.0,8007.0,2146.28,5860.72,NY,False,none
PE-EMP-00826-05,EMP-00826,2025-05-01,2025-05-30,155.3,0.0,8007.0,1580.79,6426.21,NY,False,none
PE-EMP-00826-06,EMP-00826,2025-05-31,2025-06-29,161.0,0.0,8007.0,1718.39,6288.61,NY,False,none
PE-EMP-00827-01,EMP-00827,2025-01-01,2025-01-30,159.2,0.0,8859.0,2400.17,6458.83,DE_national,False,none
PE-EMP-00827-02,EMP-00827,2025-01-31,2025-03-01,141.3,0.0,8859.0,1896.24,6962.76,DE_national,False,none
PE-EMP-00827-03,EMP-00827,2025-03-02,2025-03-31,140.9,0.0,8859.0,1938.28,6920.72,DE_national,False,none
PE-EMP-00827-04,EMP-00827,2025-04-01,2025-04-30,153.6,0.0,8859.0,1955.67,6903.33,DE_national,False,none
PE-EMP-00827-05,EMP-00827,2025-05-01,2025-05-30,140.4,0.0,8859.0,2427.87,6431.13,DE_national,False,none
PE-EMP-00827-06,EMP-00827,2025-05-31,2025-06-29,156.0,0.0,8859.0,1611.65,7247.35,DE_national,False,none
PE-EMP-00828-01,EMP-00828,2025-01-01,2025-01-30,155.3,14.1,4607.4,1248.07,3359.33,federal,False,none
PE-EMP-00828-02,EMP-00828,2025-01-31,2025-03-01,152.3,1.1,4110.15,898.83,3211.32,federal,False,none
PE-EMP-00828-03,EMP-00828,2025-03-02,2025-03-31,165.1,3.9,4218.32,1087.61,3130.71,federal,False,none
PE-EMP-00828-04,EMP-00828,2025-04-01,2025-04-30,159.4,14.9,4637.84,1067.15,3570.69,federal,False,none
PE-EMP-00828-05,EMP-00828,2025-05-01,2025-05-30,146.1,1.9,4139.68,1113.48,3026.2,federal,False,none
PE-EMP-00828-06,EMP-00828,2025-05-31,2025-06-29,148.6,2.9,4178.89,1106.69,3072.2,federal,False,none
PE-EMP-00829-01,EMP-00829,2025-01-01,2025-01-30,167.6,0.0,7721.0,1929.39,5791.61,CA,False,none
PE-EMP-00829-02,EMP-00829,2025-01-31,2025-03-01,140.6,0.0,7721.0,2055.24,5665.76,CA,False,none
PE-EMP-00829-03,EMP-00829,2025-03-02,2025-03-31,152.8,0.0,7721.0,1692.93,6028.07,CA,False,none
PE-EMP-00829-04,EMP-00829,2025-04-01,2025-04-30,163.7,0.0,7721.0,1975.62,5745.38,CA,False,none
PE-EMP-00829-05,EMP-00829,2025-05-01,2025-05-30,140.2,0.0,7721.0,1647.8,6073.2,CA,False,none
PE-EMP-00829-06,EMP-00829,2025-05-31,2025-06-29,149.7,0.0,7721.0,1513.84,6207.16,CA,False,none
PE-EMP-00830-01,EMP-00830,2025-01-01,2025-01-30,153.8,0.0,7063.0,1279.15,5783.85,WA,False,none
PE-EMP-00830-02,EMP-00830,2025-01-31,2025-03-01,148.8,0.0,7063.0,1967.31,5095.69,WA,False,none
PE-EMP-00830-03,EMP-00830,2025-03-02,2025-03-31,151.0,0.0,7063.0,1363.16,5699.84,WA,False,none
PE-EMP-00830-04,EMP-00830,2025-04-01,2025-04-30,152.9,0.0,7063.0,1473.25,5589.75,WA,False,none
PE-EMP-00830-05,EMP-00830,2025-05-01,2025-05-30,156.3,0.0,7063.0,1451.28,5611.72,WA,False,none
PE-EMP-00830-06,EMP-00830,2025-05-31,2025-06-29,158.5,0.0,7063.0,1714.71,5348.29,WA,False,none
PE-EMP-00831-01,EMP-00831,2025-01-01,2025-01-30,161.8,0.0,7690.0,1824.59,5865.41,NY,False,none
PE-EMP-00831-02,EMP-00831,2025-01-31,2025-03-01,146.2,0.0,7690.0,1552.48,6137.52,NY,False,none
PE-EMP-00831-03,EMP-00831,2025-03-02,2025-03-31,142.7,0.0,7690.0,1638.76,6051.24,NY,False,none
PE-EMP-00831-04,EMP-00831,2025-04-01,2025-04-30,162.0,0.0,7690.0,1395.91,6294.09,NY,False,none
PE-EMP-00831-05,EMP-00831,2025-05-01,2025-05-30,158.0,0.0,7690.0,1823.54,5866.46,NY,False,none
PE-EMP-00831-06,EMP-00831,2025-05-31,2025-06-29,163.5,0.0,7690.0,2070.41,5619.59,NY,False,none
PE-EMP-00832-01,EMP-00832,2025-01-01,2025-01-30,146.8,0.0,7355.0,1358.02,5996.98,TX,False,none
PE-EMP-00832-02,EMP-00832,2025-01-31,2025-03-01,166.9,0.0,7355.0,1792.57,5562.43,TX,False,none
PE-EMP-00832-03,EMP-00832,2025-03-02,2025-03-31,151.6,0.0,7355.0,1732.68,5622.32,TX,False,none
PE-EMP-00832-04,EMP-00832,2025-04-01,2025-04-30,140.4,0.0,7355.0,1510.19,5844.81,TX,False,none
PE-EMP-00832-05,EMP-00832,2025-05-01,2025-05-30,143.3,0.0,7355.0,1975.85,5379.15,TX,False,none
PE-EMP-00832-06,EMP-00832,2025-05-31,2025-06-29,152.4,0.0,7355.0,1606.35,5748.65,TX,False,none
PE-EMP-00833-01,EMP-00833,2025-01-01,2025-01-30,140.2,11.9,4296.87,1038.24,3258.63,NY,False,none
PE-EMP-00833-02,EMP-00833,2025-01-31,2025-03-01,167.3,13.4,4352.2,928.98,3423.22,NY,False,none
PE-EMP-00833-03,EMP-00833,2025-03-02,2025-03-31,164.5,13.7,4360.74,930.62,3430.12,NY,False,none
PE-EMP-00833-04,EMP-00833,2025-04-01,2025-04-30,155.2,8.4,4170.77,1080.21,3090.56,NY,False,none
PE-EMP-00833-05,EMP-00833,2025-05-01,2025-05-30,145.2,4.8,4040.71,955.87,3084.84,NY,False,none
PE-EMP-00833-06,EMP-00833,2025-05-31,2025-06-29,161.6,2.6,3957.94,1004.11,2953.83,NY,False,none
PE-EMP-00834-01,EMP-00834,2025-01-01,2025-01-30,146.5,4.7,7021.85,1541.47,5480.38,WA,False,none
PE-EMP-00834-02,EMP-00834,2025-01-31,2025-03-01,162.5,12.6,7524.62,1669.77,5854.85,WA,False,none
PE-EMP-00834-03,EMP-00834,2025-03-02,2025-03-31,159.4,2.7,6896.5,1247.21,5649.29,WA,False,none
PE-EMP-00834-04,EMP-00834,2025-04-01,2025-04-30,145.2,6.9,7159.86,1542.04,5617.82,WA,False,none
PE-EMP-00834-05,EMP-00834,2025-05-01,2025-05-30,164.9,3.8,6969.02,1939.69,5029.33,WA,False,none
PE-EMP-00834-06,EMP-00834,2025-05-31,2025-06-29,165.4,10.4,7384.37,1422.29,5962.08,WA,False,none
PE-EMP-00835-01,EMP-00835,2025-01-01,2025-01-30,162.4,0.0,8099.0,1550.58,6548.42,DE_national,False,none
PE-EMP-00835-02,EMP-00835,2025-01-31,2025-03-01,146.3,0.0,8099.0,2139.64,5959.36,DE_national,False,none
PE-EMP-00835-03,EMP-00835,2025-03-02,2025-03-31,140.2,0.0,8099.0,2066.81,6032.19,DE_national,False,none
PE-EMP-00835-04,EMP-00835,2025-04-01,2025-04-30,159.6,0.0,8099.0,1610.93,6488.07,DE_national,False,none
PE-EMP-00835-05,EMP-00835,2025-05-01,2025-05-30,158.1,0.0,8099.0,1594.08,6504.92,DE_national,False,none
PE-EMP-00835-06,EMP-00835,2025-05-31,2025-06-29,158.5,0.0,8099.0,1950.23,6148.77,DE_national,False,none
PE-EMP-00836-01,EMP-00836,2025-01-01,2025-01-30,165.4,0.0,7488.0,1398.4,6089.6,TX,False,none
PE-EMP-00836-02,EMP-00836,2025-01-31,2025-03-01,143.5,0.0,7488.0,1740.54,5747.46,TX,False,none
PE-EMP-00836-03,EMP-00836,2025-03-02,2025-03-31,153.7,0.0,7488.0,1776.79,5711.21,TX,False,none
PE-EMP-00836-04,EMP-00836,2025-04-01,2025-04-30,150.2,0.0,7488.0,1351.04,6136.96,TX,False,none
PE-EMP-00836-05,EMP-00836,2025-05-01,2025-05-30,143.0,0.0,7488.0,1418.57,6069.43,TX,False,none
PE-EMP-00836-06,EMP-00836,2025-05-31,2025-06-29,152.2,0.0,7488.0,1431.75,6056.25,TX,False,none
PE-EMP-00837-01,EMP-00837,2025-01-01,2025-01-30,155.4,8.0,6683.05,1425.04,5258.01,NY,False,none
PE-EMP-00837-02,EMP-00837,2025-01-31,2025-03-01,155.9,11.0,6853.3,1837.18,5016.12,NY,False,none
PE-EMP-00837-03,EMP-00837,2025-03-02,2025-03-31,144.7,7.0,6620.31,1835.69,4784.62,NY,False,none
PE-EMP-00837-04,EMP-00837,2025-04-01,2025-04-30,154.5,10.4,6818.69,1487.65,5331.04,NY,False,none
PE-EMP-00837-05,EMP-00837,2025-05-01,2025-05-30,161.6,10.6,6834.51,1743.08,5091.43,NY,False,none
PE-EMP-00837-06,EMP-00837,2025-05-31,2025-06-29,161.4,13.8,7016.59,1598.91,5417.68,NY,False,none
PE-EMP-00838-01,EMP-00838,2025-01-01,2025-01-30,141.9,10.5,5117.2,1360.19,3757.01,NY,False,none
PE-EMP-00838-02,EMP-00838,2025-01-31,2025-03-01,144.3,14.7,5300.47,1276.7,4023.77,NY,False,none
PE-EMP-00838-03,EMP-00838,2025-03-02,2025-03-31,144.8,13.6,5254.3,1197.77,4056.53,NY,False,none
PE-EMP-00838-04,EMP-00838,2025-04-01,2025-04-30,164.7,7.6,4992.52,1064.25,3928.27,NY,False,none
PE-EMP-00838-05,EMP-00838,2025-05-01,2025-05-30,167.9,13.0,5226.53,1284.34,3942.19,NY,False,none
PE-EMP-00838-06,EMP-00838,2025-05-31,2025-06-29,153.3,2.1,4749.48,1198.0,3551.48,NY,False,none
PE-EMP-00839-01,EMP-00839,2025-01-01,2025-01-30,145.0,0.0,7836.0,1411.44,6424.56,UK_national,False,none
PE-EMP-00839-02,EMP-00839,2025-01-31,2025-03-01,148.2,0.0,7836.0,1577.98,6258.02,UK_national,False,none
PE-EMP-00839-03,EMP-00839,2025-03-02,2025-03-31,165.9,0.0,7836.0,1510.36,6325.64,UK_national,False,none
PE-EMP-00839-04,EMP-00839,2025-04-01,2025-04-30,143.8,0.0,7836.0,2177.92,5658.08,UK_national,False,none
PE-EMP-00839-05,EMP-00839,2025-05-01,2025-05-30,141.7,0.0,7836.0,2151.39,5684.61,UK_national,False,none
PE-EMP-00839-06,EMP-00839,2025-05-31,2025-06-29,147.8,0.0,7836.0,1479.97,6356.03,UK_national,False,none
PE-EMP-00840-01,EMP-00840,2025-01-01,2025-01-30,158.3,0.0,8670.0,2416.68,6253.32,NY,False,none
PE-EMP-00840-02,EMP-00840,2025-01-31,2025-03-01,165.9,0.0,8670.0,2194.5,6475.5,NY,False,none
PE-EMP-00840-03,EMP-00840,2025-03-02,2025-03-31,160.9,0.0,8670.0,2306.44,6363.56,NY,False,none
PE-EMP-00840-04,EMP-00840,2025-04-01,2025-04-30,167.3,0.0,8670.0,1617.86,7052.14,NY,False,none
PE-EMP-00840-05,EMP-00840,2025-05-01,2025-05-30,156.2,0.0,8670.0,2389.94,6280.06,NY,False,none
PE-EMP-00840-06,EMP-00840,2025-05-31,2025-06-29,159.6,0.0,8670.0,2176.64,6493.36,NY,False,none
PE-EMP-00841-01,EMP-00841,2025-01-01,2025-01-30,160.6,0.0,7153.0,1769.03,5383.97,WA,False,none
PE-EMP-00841-02,EMP-00841,2025-01-31,2025-03-01,143.6,0.0,7153.0,1813.13,5339.87,WA,False,none
PE-EMP-00841-03,EMP-00841,2025-03-02,2025-03-31,167.4,0.0,7153.0,1741.07,5411.93,WA,False,none
PE-EMP-00841-04,EMP-00841,2025-04-01,2025-04-30,160.0,0.0,7153.0,1485.68,5667.32,WA,False,none
PE-EMP-00841-05,EMP-00841,2025-05-01,2025-05-30,163.9,0.0,7153.0,1394.31,5758.69,WA,False,none
PE-EMP-00841-06,EMP-00841,2025-05-31,2025-06-29,152.3,0.0,7153.0,1380.95,5772.05,WA,False,none
PE-EMP-00842-01,EMP-00842,2025-01-01,2025-01-30,159.5,5.4,7016.35,1915.72,5100.63,CA,False,none
PE-EMP-00842-02,EMP-00842,2025-01-31,2025-03-01,145.4,1.5,6775.96,1472.37,5303.59,CA,False,none
PE-EMP-00842-03,EMP-00842,2025-03-02,2025-03-31,154.1,13.5,7522.91,1925.34,5597.57,CA,False,none
PE-EMP-00842-04,EMP-00842,2025-04-01,2025-04-30,151.4,6.3,7071.53,1899.65,5171.88,CA,False,none
PE-EMP-00842-05,EMP-00842,2025-05-01,2025-05-30,167.6,5.9,7050.82,1271.18,5779.64,CA,False,none
PE-EMP-00842-06,EMP-00842,2025-05-31,2025-06-29,156.7,0.9,6732.95,1693.5,5039.45,CA,False,none
PE-EMP-00843-01,EMP-00843,2025-01-01,2025-01-30,152.3,0.0,7261.0,1985.81,5275.19,WA,False,none
PE-EMP-00843-02,EMP-00843,2025-01-31,2025-03-01,151.1,0.0,7261.0,1640.69,5620.31,WA,False,none
PE-EMP-00843-03,EMP-00843,2025-03-02,2025-03-31,157.1,0.0,7261.0,1731.43,5529.57,WA,False,none
PE-EMP-00843-04,EMP-00843,2025-04-01,2025-04-30,161.5,0.0,7261.0,1469.8,5791.2,WA,False,none
PE-EMP-00843-05,EMP-00843,2025-05-01,2025-05-30,158.2,0.0,7261.0,1803.48,5457.52,WA,False,none
PE-EMP-00843-06,EMP-00843,2025-05-31,2025-06-29,142.5,0.0,7261.0,2026.3,5234.7,WA,False,none
PE-EMP-00844-01,EMP-00844,2025-01-01,2025-01-30,167.4,10.2,7163.43,1871.77,5291.66,UK_national,False,none
PE-EMP-00844-02,EMP-00844,2025-01-31,2025-03-01,164.2,1.1,6604.04,1385.88,5218.16,UK_national,False,none
PE-EMP-00844-03,EMP-00844,2025-03-02,2025-03-31,156.3,0.6,6573.57,1804.37,4769.2,UK_national,False,none
PE-EMP-00844-04,EMP-00844,2025-04-01,2025-04-30,166.4,14.3,7414.49,1496.37,5918.12,UK_national,False,none
PE-EMP-00844-05,EMP-00844,2025-05-01,2025-05-30,167.0,0.4,6562.81,1344.03,5218.78,UK_national,False,none
PE-EMP-00844-06,EMP-00844,2025-05-31,2025-06-29,157.4,8.1,7033.44,1460.08,5573.36,UK_national,False,none
PE-EMP-00845-01,EMP-00845,2025-01-01,2025-01-30,144.2,0.0,7524.0,1649.17,5874.83,FL,False,none
PE-EMP-00845-02,EMP-00845,2025-01-31,2025-03-01,164.3,0.0,7524.0,1415.38,6108.62,FL,False,none
PE-EMP-00845-03,EMP-00845,2025-03-02,2025-03-31,151.8,0.0,7524.0,2060.74,5463.26,FL,False,none
PE-EMP-00845-04,EMP-00845,2025-04-01,2025-04-30,141.6,0.0,7524.0,1364.85,6159.15,FL,False,none
PE-EMP-00845-05,EMP-00845,2025-05-01,2025-05-30,164.8,0.0,7524.0,1659.69,5864.31,FL,False,none
PE-EMP-00845-06,EMP-00845,2025-05-31,2025-06-29,151.7,0.0,7524.0,2083.27,5440.73,FL,False,none
PE-EMP-00846-01,EMP-00846,2025-01-01,2025-01-30,166.7,14.5,4506.83,988.46,3518.37,UK_national,False,none
PE-EMP-00846-02,EMP-00846,2025-01-31,2025-03-01,146.5,13.2,4455.13,820.0,3635.13,UK_national,False,none
PE-EMP-00846-03,EMP-00846,2025-03-02,2025-03-31,156.0,5.9,4185.74,817.46,3368.28,UK_national,False,none
PE-EMP-00846-04,EMP-00846,2025-04-01,2025-04-30,141.7,12.1,4414.51,954.44,3460.07,UK_national,False,none
PE-EMP-00846-05,EMP-00846,2025-05-01,2025-05-30,161.9,8.7,4290.15,1106.35,3183.8,UK_national,False,none
PE-EMP-00846-06,EMP-00846,2025-05-31,2025-06-29,167.0,4.5,4133.6,759.0,3374.6,UK_national,False,none
PE-EMP-00847-01,EMP-00847,2025-01-01,2025-01-30,145.5,0.0,7052.0,1545.46,5506.54,TX,False,none
PE-EMP-00847-02,EMP-00847,2025-01-31,2025-03-01,161.6,0.0,7052.0,1485.27,5566.73,TX,False,none
PE-EMP-00847-03,EMP-00847,2025-03-02,2025-03-31,155.9,0.0,7052.0,1775.19,5276.81,TX,False,none
PE-EMP-00847-04,EMP-00847,2025-04-01,2025-04-30,148.5,0.0,7052.0,1511.8,5540.2,TX,False,none
PE-EMP-00847-05,EMP-00847,2025-05-01,2025-05-30,144.7,0.0,7052.0,1695.67,5356.33,TX,False,none
PE-EMP-00847-06,EMP-00847,2025-05-31,2025-06-29,163.7,0.0,7052.0,1403.19,5648.81,TX,False,none
PE-EMP-00848-01,EMP-00848,2025-01-01,2025-01-30,163.4,5.8,4223.08,943.37,3279.71,DE_national,False,none
PE-EMP-00848-02,EMP-00848,2025-01-31,2025-03-01,147.2,1.3,4055.83,1122.92,2932.91,DE_national,False,none
PE-EMP-00848-03,EMP-00848,2025-03-02,2025-03-31,165.7,11.8,4448.69,1096.81,3351.88,DE_national,False,none
PE-EMP-00848-04,EMP-00848,2025-04-01,2025-04-30,155.5,11.1,4422.22,1212.06,3210.16,DE_national,False,none
PE-EMP-00848-05,EMP-00848,2025-05-01,2025-05-30,142.8,4.8,4186.59,1035.56,3151.03,DE_national,False,none
PE-EMP-00848-06,EMP-00848,2025-05-31,2025-06-29,164.8,7.7,4295.95,993.76,3302.19,DE_national,False,none
PE-EMP-00849-01,EMP-00849,2025-01-01,2025-01-30,166.6,0.6,4284.54,1086.11,3198.43,CA,False,none
PE-EMP-00849-02,EMP-00849,2025-01-31,2025-03-01,142.7,8.9,4617.0,1148.36,3468.64,CA,False,none
PE-EMP-00849-03-DUP,EMP-00849,2025-03-02,2025-03-31,157.9,9.3,4634.17,1023.02,3611.15,CA,True,duplicate_payment
PE-EMP-00849-04,EMP-00849,2025-04-01,2025-04-30,159.9,10.9,4695.04,1271.15,3423.89,CA,False,none
PE-EMP-00849-05,EMP-00849,2025-05-01,2025-05-30,150.6,9.9,4655.28,1103.72,3551.56,CA,False,none
PE-EMP-00849-06,EMP-00849,2025-05-31,2025-06-29,162.5,3.3,4393.19,1036.66,3356.53,CA,False,none
PE-EMP-00850-01,EMP-00850,2025-01-01,2025-01-30,166.9,13.3,7035.53,1773.07,5262.46,UK_national,False,none
PE-EMP-00850-02,EMP-00850,2025-01-31,2025-03-01,166.8,4.2,11623.68,1470.24,5032.58,UK_national,True,rate_violation
PE-EMP-00850-03,EMP-00850,2025-03-02,2025-03-31,150.2,13.3,7036.94,1735.81,5301.13,UK_national,False,none
PE-EMP-00850-04,EMP-00850,2025-04-01,2025-04-30,166.6,3.5,6462.46,1321.91,5140.55,UK_national,False,none
PE-EMP-00850-05,EMP-00850,2025-05-01,2025-05-30,159.3,14.2,7090.07,1300.84,5789.23,UK_national,False,none
PE-EMP-00850-06,EMP-00850,2025-05-31,2025-06-29,150.2,1.2,6323.21,1584.85,4738.36,UK_national,False,none
PE-EMP-00851-01,EMP-00851,2025-01-01,2025-01-30,140.8,10.0,4136.42,951.17,3185.25,WA,False,none
PE-EMP-00851-02,EMP-00851,2025-01-31,2025-03-01,164.2,14.7,4302.14,889.29,3412.85,WA,False,none
PE-EMP-00851-03,EMP-00851,2025-03-02,2025-03-31,159.3,11.7,4194.86,918.84,3276.02,WA,False,none
PE-EMP-00851-04,EMP-00851,2025-04-01,2025-04-30,162.3,10.1,4139.97,951.94,3188.03,WA,False,none
PE-EMP-00851-05,EMP-00851,2025-05-01,2025-05-30,160.2,6.0,3994.41,1003.44,2990.97,WA,False,none
PE-EMP-00851-06,EMP-00851,2025-05-31,2025-06-29,166.4,14.9,4307.58,1086.26,3221.32,WA,False,none
PE-EMP-00852-01,EMP-00852,2025-01-01,2025-01-30,145.6,13.7,7249.4,1548.11,5701.29,WA,False,none
PE-EMP-00852-02,EMP-00852,2025-01-31,2025-03-01,155.8,14.5,7295.34,1631.67,5663.67,WA,False,none
PE-EMP-00852-03,EMP-00852,2025-03-02,2025-03-31,150.8,14.9,7317.08,1515.26,5801.82,WA,False,none
PE-EMP-00852-04,EMP-00852,2025-04-01,2025-04-30,150.7,10.9,7079.57,1824.35,5255.22,WA,False,none
PE-EMP-00852-05,EMP-00852,2025-05-01,2025-05-30,165.4,12.1,7150.7,1595.26,5555.44,WA,False,none
PE-EMP-00852-06,EMP-00852,2025-05-31,2025-06-29,148.0,1.9,6536.22,1292.27,5243.95,WA,False,none
PE-EMP-00853-01,EMP-00853,2025-01-01,2025-01-30,159.5,0.0,8113.0,1478.29,6634.71,WA,False,none
PE-EMP-00853-02,EMP-00853,2025-01-31,2025-03-01,149.3,0.0,8113.0,1466.76,6646.24,WA,False,none
PE-EMP-00853-03,EMP-00853,2025-03-02,2025-03-31,157.3,0.0,8113.0,2140.84,5972.16,WA,False,none
PE-EMP-00853-04,EMP-00853,2025-04-01,2025-04-30,154.2,0.0,8113.0,2222.88,5890.12,WA,False,none
PE-EMP-00853-05,EMP-00853,2025-05-01,2025-05-30,145.2,0.0,8113.0,2121.36,5991.64,WA,False,none
PE-EMP-00853-06,EMP-00853,2025-05-31,2025-06-29,144.0,0.0,8113.0,1784.13,6328.87,WA,False,none
PE-EMP-00854-01,EMP-00854,2025-01-01,2025-01-30,150.4,0.0,7492.0,1937.83,5554.17,DE_national,False,none
PE-EMP-00854-02,EMP-00854,2025-01-31,2025-03-01,148.5,0.0,7492.0,1634.22,5857.78,DE_national,False,none
PE-EMP-00854-03,EMP-00854,2025-03-02,2025-03-31,143.2,0.0,7492.0,1683.22,5808.78,DE_national,False,none
PE-EMP-00854-04,EMP-00854,2025-04-01,2025-04-30,140.4,0.0,7492.0,2039.8,5452.2,DE_national,False,none
PE-EMP-00854-05,EMP-00854,2025-05-01,2025-05-30,147.7,0.0,7492.0,2000.45,5491.55,DE_national,False,none
PE-EMP-00854-06,EMP-00854,2025-05-31,2025-06-29,161.8,0.0,7492.0,1528.07,5963.93,DE_national,False,none
PE-EMP-00855-01,EMP-00855,2025-01-01,2025-01-30,143.3,0.0,8190.0,1956.18,6233.82,CA,False,none
PE-EMP-00855-02,EMP-00855,2025-01-31,2025-03-01,143.4,0.0,8190.0,1622.92,6567.08,CA,False,none
PE-EMP-00855-03,EMP-00855,2025-03-02,2025-03-31,141.5,0.0,8190.0,2140.57,6049.43,CA,False,none
PE-EMP-00855-04,EMP-00855,2025-04-01,2025-04-30,147.4,0.0,12736.51,2021.04,6168.96,CA,True,rate_violation
PE-EMP-00855-05,EMP-00855,2025-05-01,2025-05-30,145.5,0.0,8190.0,1920.11,6269.89,CA,False,none
PE-EMP-00855-06,EMP-00855,2025-05-31,2025-06-29,144.4,0.0,8190.0,2123.37,6066.63,CA,False,none
PE-EMP-00856-01,EMP-00856,2025-01-01,2025-01-30,143.3,0.0,7444.0,1649.19,5794.81,DE_national,False,none
PE-EMP-00856-02,EMP-00856,2025-01-31,2025-03-01,164.8,0.0,7444.0,1918.13,5525.87,DE_national,False,none
PE-EMP-00856-03,EMP-00856,2025-03-02,2025-03-31,162.7,0.0,7444.0,1498.84,5945.16,DE_national,False,none
PE-EMP-00856-04,EMP-00856,2025-04-01,2025-04-30,151.6,0.0,7444.0,1676.99,5767.01,DE_national,False,none
PE-EMP-00856-05,EMP-00856,2025-05-01,2025-05-30,152.8,0.0,7444.0,1829.58,5614.42,DE_national,False,none
PE-EMP-00856-06,EMP-00856,2025-05-31,2025-06-29,165.4,0.0,7444.0,1417.52,6026.48,DE_national,False,none
PE-EMP-00857-01,EMP-00857,2025-01-01,2025-01-30,158.1,13.6,7331.64,1341.68,5989.96,CA,False,none
PE-EMP-00857-02,EMP-00857,2025-01-31,2025-03-01,154.9,11.0,10292.52,1646.83,5526.75,CA,True,rate_violation
PE-EMP-00857-03,EMP-00857,2025-03-02,2025-03-31,166.1,5.3,6830.9,1343.65,5487.25,CA,False,none
PE-EMP-00857-04,EMP-00857,2025-04-01,2025-04-30,152.5,1.2,6577.63,1664.07,4913.56,CA,False,none
PE-EMP-00857-05,EMP-00857,2025-05-01,2025-05-30,148.9,13.7,7343.06,1730.75,5612.31,CA,False,none
PE-EMP-00857-06,EMP-00857,2025-05-31,2025-06-29,158.4,3.1,6696.29,1751.51,4944.78,CA,False,none
PE-EMP-00858-01,EMP-00858,2025-01-01,2025-01-30,144.9,0.0,7080.0,1797.7,5282.3,DE_national,False,none
PE-EMP-00858-02,EMP-00858,2025-01-31,2025-03-01,154.2,0.0,7080.0,1903.94,5176.06,DE_national,False,none
PE-EMP-00858-03,EMP-00858,2025-03-02,2025-03-31,147.5,0.0,7080.0,1600.54,5479.46,DE_national,False,none
PE-EMP-00858-04,EMP-00858,2025-04-01,2025-04-30,164.9,0.0,7080.0,1756.04,5323.96,DE_national,False,none
PE-EMP-00858-05,EMP-00858,2025-05-01,2025-05-30,143.1,0.0,7080.0,1627.02,5452.98,DE_national,False,none
PE-EMP-00858-06,EMP-00858,2025-05-31,2025-06-29,167.0,0.0,7080.0,1411.75,5668.25,DE_national,False,none
PE-EMP-00859-01,EMP-00859,2025-01-01,2025-01-30,166.1,0.0,8057.0,2150.97,5906.03,TX,False,none
PE-EMP-00859-02,EMP-00859,2025-01-31,2025-03-01,159.4,0.0,8057.0,1995.48,6061.52,TX,False,none
PE-EMP-00859-03,EMP-00859,2025-03-02,2025-03-31,149.6,0.0,8057.0,1781.34,6275.66,TX,False,none
PE-EMP-00859-04,EMP-00859,2025-04-01,2025-04-30,144.1,0.0,8057.0,2048.07,6008.93,TX,False,none
PE-EMP-00859-05,EMP-00859,2025-05-01,2025-05-30,153.0,0.0,8057.0,2179.37,5877.63,TX,False,none
PE-EMP-00859-06,EMP-00859,2025-05-31,2025-06-29,152.0,0.0,8057.0,1556.66,6500.34,TX,False,none
PE-EMP-00860-01,EMP-00860,2025-01-01,2025-01-30,145.5,10.2,4269.63,942.2,3327.43,TX,False,none
PE-EMP-00860-02,EMP-00860,2025-01-31,2025-03-01,141.7,0.1,3897.87,810.23,3087.64,TX,False,none
PE-EMP-00860-03,EMP-00860,2025-03-02,2025-03-31,157.6,12.4,4349.32,1185.19,3164.13,TX,False,none
PE-EMP-00860-04,EMP-00860,2025-04-01,2025-04-30,152.3,5.4,4091.65,798.89,3292.76,TX,False,none
PE-EMP-00860-05,EMP-00860,2025-05-01,2025-05-30,166.2,8.1,4190.21,764.54,3425.67,TX,False,none
PE-EMP-00860-06,EMP-00860,2025-05-31,2025-06-29,167.6,4.9,4074.32,944.89,3129.43,TX,False,none
PE-EMP-00861-01,EMP-00861,2025-01-01,2025-01-30,153.5,0.5,4114.94,1119.58,2995.36,FL,False,none
PE-EMP-00861-02,EMP-00861,2025-01-31,2025-03-01,141.8,10.2,4486.88,1134.95,3351.93,FL,False,none
PE-EMP-00861-03,EMP-00861,2025-03-02,2025-03-31,163.7,2.8,4201.26,950.79,3250.47,FL,False,none
PE-EMP-00861-04,EMP-00861,2025-04-01,2025-04-30,156.9,2.9,4206.19,936.06,3270.13,FL,False,none
PE-EMP-00861-05,EMP-00861,2025-05-01,2025-05-30,162.2,3.4,4224.52,1002.76,3221.76,FL,False,none
PE-EMP-00861-06,EMP-00861,2025-05-31,2025-06-29,151.1,11.5,4536.87,915.37,3621.5,FL,False,none
PE-EMP-00862-01,EMP-00862,2025-01-01,2025-01-30,153.8,12.1,7517.41,1874.94,5642.47,DE_national,False,none
PE-EMP-00862-02,EMP-00862,2025-01-31,2025-03-01,143.4,2.5,6908.17,1267.71,5640.46,DE_national,False,none
PE-EMP-00862-03,EMP-00862,2025-03-02,2025-03-31,159.9,5.7,7110.99,1525.92,5585.07,DE_national,False,none
PE-EMP-00862-04,EMP-00862,2025-04-01,2025-04-30,165.4,7.8,7243.93,1586.98,5656.95,DE_national,False,none
PE-EMP-00862-05,EMP-00862,2025-05-01,2025-05-30,156.1,0.4,6777.44,1657.0,5120.44,DE_national,False,none
PE-EMP-00862-06,EMP-00862,2025-05-31,2025-06-29,146.9,9.5,7351.29,1679.5,5671.79,DE_national,False,none
PE-EMP-00863-01,EMP-00863,2025-01-01,2025-01-30,150.5,0.0,7997.0,1541.68,6455.32,UK_national,False,none
PE-EMP-00863-02,EMP-00863,2025-01-31,2025-03-01,163.2,0.0,7997.0,1931.57,6065.43,UK_national,False,none
PE-EMP-00863-03,EMP-00863,2025-03-02,2025-03-31,159.1,0.0,7997.0,2127.05,5869.95,UK_national,False,none
PE-EMP-00863-04,EMP-00863,2025-04-01,2025-04-30,144.2,0.0,7997.0,2166.82,5830.18,UK_national,False,none
PE-EMP-00863-05,EMP-00863,2025-05-01,2025-05-30,159.4,0.0,7997.0,1560.04,6436.96,UK_national,False,none
PE-EMP-00863-06,EMP-00863,2025-05-31,2025-06-29,146.4,0.0,7997.0,2090.96,5906.04,UK_national,False,none
PE-EMP-00864-01,EMP-00864,2025-01-01,2025-01-30,165.0,0.0,6959.0,1681.26,5277.74,NY,False,none
PE-EMP-00864-02,EMP-00864,2025-01-31,2025-03-01,144.9,0.0,6959.0,1672.52,5286.48,NY,False,none
PE-EMP-00864-03,EMP-00864,2025-03-02,2025-03-31,163.9,0.0,6959.0,1452.57,5506.43,NY,False,none
PE-EMP-00864-04,EMP-00864,2025-04-01,2025-04-30,163.2,0.0,6959.0,1733.62,5225.38,NY,False,none
PE-EMP-00864-05,EMP-00864,2025-05-01,2025-05-30,146.2,0.0,6959.0,1796.61,5162.39,NY,False,none
PE-EMP-00864-06,EMP-00864,2025-05-31,2025-06-29,143.6,0.0,6959.0,1499.0,5460.0,NY,False,none
PE-EMP-00865-01,EMP-00865,2025-01-01,2025-01-30,142.4,0.0,7584.0,1686.1,5897.9,CA,False,none
PE-EMP-00865-02,EMP-00865,2025-01-31,2025-03-01,141.0,0.0,7584.0,1630.57,5953.43,CA,False,none
PE-EMP-00865-03,EMP-00865,2025-03-02,2025-03-31,165.4,0.0,7584.0,1666.28,5917.72,CA,False,none
PE-EMP-00865-04,EMP-00865,2025-04-01,2025-04-30,152.9,0.0,7584.0,1783.17,5800.83,CA,False,none
PE-EMP-00865-05,EMP-00865,2025-05-01,2025-05-30,150.9,0.0,7584.0,1753.0,5831.0,CA,False,none
PE-EMP-00865-06,EMP-00865,2025-05-31,2025-06-29,166.9,0.0,7584.0,1742.68,5841.32,CA,False,none
PE-EMP-00866-01,EMP-00866,2025-01-01,2025-01-30,162.6,0.0,8015.0,2055.44,5959.56,federal,False,none
PE-EMP-00866-02,EMP-00866,2025-01-31,2025-03-01,145.6,0.0,8015.0,2107.76,5907.24,federal,False,none
PE-EMP-00866-03,EMP-00866,2025-03-02,2025-03-31,140.4,0.0,8015.0,1473.62,6541.38,federal,False,none
PE-EMP-00866-04-DUP,EMP-00866,2025-04-01,2025-04-30,151.1,0.0,8015.0,1542.63,6472.37,federal,True,duplicate_payment
PE-EMP-00866-05,EMP-00866,2025-05-01,2025-05-30,163.7,0.0,8015.0,1726.61,6288.39,federal,False,none
PE-EMP-00866-06,EMP-00866,2025-05-31,2025-06-29,155.5,0.0,8015.0,2102.84,5912.16,federal,False,none
PE-EMP-00867-01,EMP-00867,2025-01-01,2025-01-30,155.6,0.0,6709.0,1806.7,4902.3,FL,False,none
PE-EMP-00867-02,EMP-00867,2025-01-31,2025-03-01,166.9,0.0,6709.0,1583.47,5125.53,FL,False,none
PE-EMP-00867-03,EMP-00867,2025-03-02,2025-03-31,167.0,0.0,6709.0,1681.33,5027.67,FL,False,none
PE-EMP-00867-04,EMP-00867,2025-04-01,2025-04-30,162.2,0.0,6709.0,1538.37,5170.63,FL,False,none
PE-EMP-00867-05,EMP-00867,2025-05-01,2025-05-30,165.8,0.0,6709.0,1630.47,5078.53,FL,False,none
PE-EMP-00867-06,EMP-00867,2025-05-31,2025-06-29,155.0,0.0,6709.0,1718.88,4990.12,FL,False,none
PE-EMP-00868-01,EMP-00868,2025-01-01,2025-01-30,151.3,0.0,8089.0,1664.94,6424.06,federal,False,none
PE-EMP-00868-02,EMP-00868,2025-01-31,2025-03-01,152.4,0.0,8089.0,1618.05,6470.95,federal,False,none
PE-EMP-00868-03,EMP-00868,2025-03-02,2025-03-31,144.1,0.0,8089.0,1668.48,6420.52,federal,False,none
PE-EMP-00868-04,EMP-00868,2025-04-01,2025-04-30,167.0,0.0,8089.0,2248.48,5840.52,federal,False,none
PE-EMP-00868-05,EMP-00868,2025-05-01,2025-05-30,167.5,0.0,8089.0,2250.48,5838.52,federal,False,none
PE-EMP-00868-06,EMP-00868,2025-05-31,2025-06-29,144.5,0.0,8089.0,1570.59,6518.41,federal,False,none
PE-EMP-00869-01,EMP-00869,2025-01-01,2025-01-30,143.0,10.7,7373.1,1339.61,6033.49,NY,False,none
PE-EMP-00869-02,EMP-00869,2025-01-31,2025-03-01,144.3,9.1,7274.48,1494.0,5780.48,NY,False,none
PE-EMP-00869-03,EMP-00869,2025-03-02,2025-03-31,160.7,8.4,7229.98,1786.06,5443.92,NY,False,none
PE-EMP-00869-04,EMP-00869,2025-04-01,2025-04-30,167.7,2.3,6847.41,1791.07,5056.34,NY,False,none
PE-EMP-00869-05,EMP-00869,2025-05-01,2025-05-30,160.6,9.5,7297.01,1447.82,5849.19,NY,False,none
PE-EMP-00869-06,EMP-00869,2025-05-31,2025-06-29,145.1,5.3,7035.39,1306.58,5728.81,NY,False,none
PE-EMP-00870-01,EMP-00870,2025-01-01,2025-01-30,167.8,0.0,7360.0,1978.68,5381.32,federal,False,none
PE-EMP-00870-02,EMP-00870,2025-01-31,2025-03-01,150.4,0.0,7360.0,1573.22,5786.78,federal,False,none
PE-EMP-00870-03,EMP-00870,2025-03-02,2025-03-31,150.9,0.0,7360.0,1361.09,5998.91,federal,False,none
PE-EMP-00870-04,EMP-00870,2025-04-01,2025-04-30,157.8,0.0,7360.0,1937.97,5422.03,federal,False,none
PE-EMP-00870-05,EMP-00870,2025-05-01,2025-05-30,164.2,0.0,7360.0,1856.24,5503.76,federal,False,none
PE-EMP-00870-06,EMP-00870,2025-05-31,2025-06-29,163.9,0.0,7360.0,1504.86,5855.14,federal,False,none
PE-EMP-00871-01,EMP-00871,2025-01-01,2025-01-30,141.6,0.0,7538.0,1443.33,6094.67,DE_national,False,none
PE-EMP-00871-02,EMP-00871,2025-01-31,2025-03-01,162.2,0.0,7538.0,1655.96,5882.04,DE_national,False,none
PE-EMP-00871-03,EMP-00871,2025-03-02,2025-03-31,163.2,0.0,7538.0,1564.72,5973.28,DE_national,False,none
PE-EMP-00871-04,EMP-00871,2025-04-01,2025-04-30,158.7,0.0,7538.0,1361.6,6176.4,DE_national,False,none
PE-EMP-00871-05,EMP-00871,2025-05-01,2025-05-30,155.6,0.0,7538.0,1529.55,6008.45,DE_national,False,none
PE-EMP-00871-06,EMP-00871,2025-05-31,2025-06-29,143.4,0.0,7538.0,1586.67,5951.33,DE_national,False,none
PE-EMP-00872-01,EMP-00872,2025-01-01,2025-01-30,144.2,0.0,7321.0,1728.99,5592.01,FL,False,none
PE-EMP-00872-02,EMP-00872,2025-01-31,2025-03-01,142.0,0.0,7321.0,1968.24,5352.76,FL,False,none
PE-EMP-00872-03,EMP-00872,2025-03-02,2025-03-31,144.9,0.0,7321.0,1884.99,5436.01,FL,False,none
PE-EMP-00872-04,EMP-00872,2025-04-01,2025-04-30,154.2,0.0,7321.0,1801.77,5519.23,FL,False,none
PE-EMP-00872-05,EMP-00872,2025-05-01,2025-05-30,151.2,0.0,7321.0,1527.76,5793.24,FL,False,none
PE-EMP-00872-06,EMP-00872,2025-05-31,2025-06-29,160.2,0.0,7321.0,1735.74,5585.26,FL,False,none
PE-EMP-00873-01,EMP-00873,2025-01-01,2025-01-30,150.8,0.0,7196.0,1767.95,5428.05,CA,False,none
PE-EMP-00873-02,EMP-00873,2025-01-31,2025-03-01,147.8,0.0,7196.0,1521.11,5674.89,CA,False,none
PE-EMP-00873-03,EMP-00873,2025-03-02,2025-03-31,150.1,0.0,7196.0,1637.91,5558.09,CA,False,none
PE-EMP-00873-04,EMP-00873,2025-04-01,2025-04-30,142.0,0.0,7196.0,1476.21,5719.79,CA,False,none
PE-EMP-00873-05,EMP-00873,2025-05-01,2025-05-30,157.5,0.0,7196.0,1420.69,5775.31,CA,False,none
PE-EMP-00873-06,EMP-00873,2025-05-31,2025-06-29,142.4,0.0,7196.0,1343.7,5852.3,CA,False,none
PE-EMP-00874-01,EMP-00874,2025-01-01,2025-01-30,147.5,0.0,7880.0,2188.55,5691.45,FL,False,none
PE-EMP-00874-02,EMP-00874,2025-01-31,2025-03-01,161.5,0.0,7880.0,1479.46,6400.54,FL,False,none
PE-EMP-00874-03,EMP-00874,2025-03-02,2025-03-31,149.2,0.0,7880.0,1948.91,5931.09,FL,False,none
PE-EMP-00874-04,EMP-00874,2025-04-01,2025-04-30,155.9,0.0,7880.0,1632.44,6247.56,FL,False,none
PE-EMP-00874-05,EMP-00874,2025-05-01,2025-05-30,156.1,0.0,7880.0,1946.77,5933.23,FL,False,none
PE-EMP-00874-06,EMP-00874,2025-05-31,2025-06-29,167.6,0.0,7880.0,1714.67,6165.33,FL,False,none
PE-EMP-00875-01,EMP-00875,2025-01-01,2025-01-30,152.6,0.0,7581.0,1812.57,5768.43,DE_national,False,none
PE-EMP-00875-02,EMP-00875,2025-01-31,2025-03-01,162.5,0.0,7581.0,1741.09,5839.91,DE_national,False,none
PE-EMP-00875-03,EMP-00875,2025-03-02,2025-03-31,162.5,0.0,7581.0,1410.22,6170.78,DE_national,False,none
PE-EMP-00875-04,EMP-00875,2025-04-01,2025-04-30,140.5,0.0,7581.0,1979.55,5601.45,DE_national,False,none
PE-EMP-00875-05,EMP-00875,2025-05-01,2025-05-30,167.3,0.0,7581.0,1492.49,6088.51,DE_national,False,none
PE-EMP-00875-06,EMP-00875,2025-05-31,2025-06-29,142.0,0.0,7581.0,1869.98,5711.02,DE_national,False,none
PE-EMP-00876-01,EMP-00876,2025-01-01,2025-01-30,153.9,0.0,7760.0,2069.5,5690.5,TX,False,none
PE-EMP-00876-02,EMP-00876,2025-01-31,2025-03-01,158.5,0.0,7760.0,1502.3,6257.7,TX,False,none
PE-EMP-00876-03,EMP-00876,2025-03-02,2025-03-31,142.1,0.0,7760.0,1512.94,6247.06,TX,False,none
PE-EMP-00876-04,EMP-00876,2025-04-01,2025-04-30,146.8,0.0,7760.0,1553.39,6206.61,TX,False,none
PE-EMP-00876-05,EMP-00876,2025-05-01,2025-05-30,165.4,0.0,7760.0,1952.77,5807.23,TX,False,none
PE-EMP-00876-06,EMP-00876,2025-05-31,2025-06-29,153.0,0.0,7760.0,1878.16,5881.84,TX,False,none
PE-EMP-00877-01,EMP-00877,2025-01-01,2025-01-30,152.7,0.0,7494.0,1773.48,5720.52,CA,False,none
PE-EMP-00877-02,EMP-00877,2025-01-31,2025-03-01,166.7,0.0,7494.0,1376.15,6117.85,CA,False,none
PE-EMP-00877-03,EMP-00877,2025-03-02,2025-03-31,142.1,0.0,7494.0,1704.56,5789.44,CA,False,none
PE-EMP-00877-04,EMP-00877,2025-04-01,2025-04-30,165.0,0.0,7494.0,1668.44,5825.56,CA,False,none
PE-EMP-00877-05,EMP-00877,2025-05-01,2025-05-30,162.3,0.0,7494.0,1522.27,5971.73,CA,False,none
PE-EMP-00877-06,EMP-00877,2025-05-31,2025-06-29,145.2,0.0,7494.0,2087.15,5406.85,CA,False,none
PE-EMP-00878-01,EMP-00878,2025-01-01,2025-01-30,161.4,6.6,4770.71,1044.5,3726.21,federal,False,none
PE-EMP-00878-02,EMP-00878,2025-01-31,2025-03-01,156.1,6.9,4784.95,1023.56,3761.39,federal,False,none
PE-EMP-00878-03,EMP-00878,2025-03-02,2025-03-31,158.2,8.0,4829.21,1169.46,3659.75,federal,False,none
PE-EMP-00878-04,EMP-00878,2025-04-01,2025-04-30,157.8,6.3,4759.65,969.65,3790.0,federal,False,none
PE-EMP-00878-05,EMP-00878,2025-05-01,2025-05-30,156.0,3.1,4625.45,1124.43,3501.02,federal,False,none
PE-EMP-00878-06,EMP-00878,2025-05-31,2025-06-29,145.7,13.7,5072.78,1264.63,3808.15,federal,False,none
PE-EMP-00879-01,EMP-00879,2025-01-01,2025-01-30,150.7,9.0,6718.9,1632.67,5086.23,UK_national,False,none
PE-EMP-00879-02,EMP-00879,2025-01-31,2025-03-01,154.3,4.6,6462.95,1183.29,5279.66,UK_national,False,none
PE-EMP-00879-03,EMP-00879,2025-03-02,2025-03-31,149.4,10.9,6825.57,1623.27,5202.3,UK_national,False,none
PE-EMP-00879-04,EMP-00879,2025-04-01,2025-04-30,144.4,3.5,6397.1,1244.06,5153.04,UK_national,False,none
PE-EMP-00879-05,EMP-00879,2025-05-01,2025-05-30,140.7,8.8,6704.51,1442.79,5261.72,UK_national,False,none
PE-EMP-00879-06,EMP-00879,2025-05-31,2025-06-29,147.6,5.2,6498.08,1694.41,4803.67,UK_national,False,none
PE-EMP-00880-01,EMP-00880,2025-01-01,2025-01-30,162.4,4.2,4282.8,1045.04,3237.76,federal,False,none
PE-EMP-00880-02,EMP-00880,2025-01-31,2025-03-01,141.4,4.3,4283.56,773.99,3509.57,federal,False,none
PE-EMP-00880-03,EMP-00880,2025-03-02,2025-03-31,153.0,2.1,4200.26,1162.7,3037.56,federal,False,none
PE-EMP-00880-04,EMP-00880,2025-04-01,2025-04-30,161.4,4.6,4296.34,1007.39,3288.95,federal,False,none
PE-EMP-00880-05,EMP-00880,2025-05-01,2025-05-30,152.5,7.4,4406.54,924.38,3482.16,federal,False,none
PE-EMP-00880-06,EMP-00880,2025-05-31,2025-06-29,166.3,6.8,4379.74,923.91,3455.83,federal,False,none
PE-EMP-00881-01,EMP-00881,2025-01-01,2025-01-30,145.6,0.0,8855.0,1965.62,6889.38,CA,False,none
PE-EMP-00881-02,EMP-00881,2025-01-31,2025-03-01,151.9,0.0,8855.0,2382.46,6472.54,CA,False,none
PE-EMP-00881-03,EMP-00881,2025-03-02,2025-03-31,147.2,0.0,8855.0,2471.08,6383.92,CA,False,none
PE-EMP-00881-04,EMP-00881,2025-04-01,2025-04-30,140.6,0.0,8855.0,1886.67,6968.33,CA,False,none
PE-EMP-00881-05,EMP-00881,2025-05-01,2025-05-30,148.8,0.0,8855.0,1810.2,7044.8,CA,False,none
PE-EMP-00881-06,EMP-00881,2025-05-31,2025-06-29,145.6,0.0,8855.0,1789.23,7065.77,CA,False,none
PE-EMP-00882-01,EMP-00882,2025-01-01,2025-01-30,147.6,8.8,7035.01,1537.94,5497.07,NY,False,none
PE-EMP-00882-02,EMP-00882,2025-01-31,2025-03-01,153.0,6.4,6886.78,1368.04,5518.74,NY,False,none
PE-EMP-00882-03,EMP-00882,2025-03-02,2025-03-31,155.8,1.2,6569.25,1762.35,4806.9,NY,False,none
PE-EMP-00882-04,EMP-00882,2025-04-01,2025-04-30,150.6,5.4,6824.17,1616.86,5207.31,NY,False,none
PE-EMP-00882-05,EMP-00882,2025-05-01,2025-05-30,150.4,4.8,6790.37,1255.91,5534.46,NY,False,none
PE-EMP-00882-06,EMP-00882,2025-05-31,2025-06-29,150.3,7.0,6922.71,1251.6,5671.11,NY,False,none
PE-EMP-00883-01,EMP-00883,2025-01-01,2025-01-30,154.8,0.0,8538.0,1630.86,6907.14,DE_national,False,none
PE-EMP-00883-02,EMP-00883,2025-01-31,2025-03-01,158.9,0.0,8538.0,1931.87,6606.13,DE_national,False,none
PE-EMP-00883-03,EMP-00883,2025-03-02,2025-03-31,146.6,0.0,8538.0,1901.04,6636.96,DE_national,False,none
PE-EMP-00883-04,EMP-00883,2025-04-01,2025-04-30,148.8,0.0,8538.0,1603.75,6934.25,DE_national,False,none
PE-EMP-00883-05,EMP-00883,2025-05-01,2025-05-30,154.7,0.0,8538.0,1784.43,6753.57,DE_national,False,none
PE-EMP-00883-06,EMP-00883,2025-05-31,2025-06-29,163.5,0.0,8538.0,2262.52,6275.48,DE_national,False,none
PE-EMP-00884-01,EMP-00884,2025-01-01,2025-01-30,157.1,0.0,7526.0,1929.25,5596.75,federal,False,none
PE-EMP-00884-02,EMP-00884,2025-01-31,2025-03-01,147.9,0.0,7526.0,1617.1,5908.9,federal,False,none
PE-EMP-00884-03,EMP-00884,2025-03-02,2025-03-31,146.9,0.0,7526.0,1849.48,5676.52,federal,False,none
PE-EMP-00884-04,EMP-00884,2025-04-01,2025-04-30,161.1,0.0,7526.0,2086.49,5439.51,federal,False,none
PE-EMP-00884-05,EMP-00884,2025-05-01,2025-05-30,166.4,0.0,7526.0,2012.95,5513.05,federal,False,none
PE-EMP-00884-06,EMP-00884,2025-05-31,2025-06-29,146.2,0.0,7526.0,1574.56,5951.44,federal,False,none
PE-EMP-00885-01,EMP-00885,2025-01-01,2025-01-30,162.0,0.0,8950.0,2245.59,6704.41,DE_national,False,none
PE-EMP-00885-02,EMP-00885,2025-01-31,2025-03-01,148.5,0.0,8950.0,2319.58,6630.42,DE_national,False,none
PE-EMP-00885-03,EMP-00885,2025-03-02,2025-03-31,155.9,0.0,8950.0,1719.57,7230.43,DE_national,False,none
PE-EMP-00885-04,EMP-00885,2025-04-01,2025-04-30,146.8,0.0,8950.0,2151.12,6798.88,DE_national,False,none
PE-EMP-00885-05,EMP-00885,2025-05-01,2025-05-30,163.3,0.0,8950.0,2154.68,6795.32,DE_national,False,none
PE-EMP-00885-06,EMP-00885,2025-05-31,2025-06-29,147.2,0.0,8950.0,2456.55,6493.45,DE_national,False,none
PE-EMP-00886-01,EMP-00886,2025-01-01,2025-01-30,156.1,8.7,4910.3,1023.84,3886.46,UK_national,False,none
PE-EMP-00886-02,EMP-00886,2025-01-31,2025-03-01,140.5,4.0,4713.19,1041.58,3671.61,UK_national,False,none
PE-EMP-00886-03,EMP-00886,2025-03-02,2025-03-31,159.6,11.4,5025.73,1325.17,3700.56,UK_national,False,none
PE-EMP-00886-04,EMP-00886,2025-04-01,2025-04-30,156.6,2.6,4650.41,941.49,3708.92,UK_national,False,none
PE-EMP-00886-05,EMP-00886,2025-05-01,2025-05-30,160.2,7.5,4860.61,937.27,3923.34,UK_national,False,none
PE-EMP-00886-06,EMP-00886,2025-05-31,2025-06-29,156.1,10.9,5003.04,1009.88,3993.16,UK_national,False,none
PE-EMP-00887-01,EMP-00887,2025-01-01,2025-01-30,158.0,0.0,8854.0,2317.6,6536.4,NY,False,none
PE-EMP-00887-02,EMP-00887,2025-01-31,2025-03-01,156.3,0.0,8854.0,2374.94,6479.06,NY,False,none
PE-EMP-00887-03,EMP-00887,2025-03-02,2025-03-31,142.8,0.0,8854.0,2420.47,6433.53,NY,False,none
PE-EMP-00887-04,EMP-00887,2025-04-01,2025-04-30,167.1,0.0,8854.0,1733.34,7120.66,NY,False,none
PE-EMP-00887-05,EMP-00887,2025-05-01,2025-05-30,161.3,0.0,8854.0,2477.09,6376.91,NY,False,none
PE-EMP-00887-06,EMP-00887,2025-05-31,2025-06-29,141.7,0.0,8854.0,1988.2,6865.8,NY,False,none
PE-EMP-00888-01,EMP-00888,2025-01-01,2025-01-30,164.1,0.0,8742.0,1725.09,7016.91,NY,False,none
PE-EMP-00888-02,EMP-00888,2025-01-31,2025-03-01,153.4,0.0,8742.0,2239.42,6502.58,NY,False,none
PE-EMP-00888-03,EMP-00888,2025-03-02,2025-03-31,163.8,0.0,8742.0,1837.01,6904.99,NY,False,none
PE-EMP-00888-04,EMP-00888,2025-04-01,2025-04-30,148.0,0.0,8742.0,1877.56,6864.44,NY,False,none
PE-EMP-00888-05,EMP-00888,2025-05-01,2025-05-30,151.6,0.0,8742.0,2194.03,6547.97,NY,False,none
PE-EMP-00888-06,EMP-00888,2025-05-31,2025-06-29,162.4,0.0,8742.0,1867.88,6874.12,NY,False,none
PE-EMP-00889-01,EMP-00889,2025-01-01,2025-01-30,161.8,0.0,7838.0,1514.23,6323.77,FL,False,none
PE-EMP-00889-02,EMP-00889,2025-01-31,2025-03-01,140.3,0.0,7838.0,1440.07,6397.93,FL,False,none
PE-EMP-00889-03,EMP-00889,2025-03-02,2025-03-31,155.9,0.0,7838.0,1647.37,6190.63,FL,False,none
PE-EMP-00889-04,EMP-00889,2025-04-01,2025-04-30,150.7,0.0,7838.0,2075.7,5762.3,FL,False,none
PE-EMP-00889-05,EMP-00889,2025-05-01,2025-05-30,160.3,0.0,7838.0,1461.07,6376.93,FL,False,none
PE-EMP-00889-06,EMP-00889,2025-05-31,2025-06-29,141.5,0.0,7838.0,1585.98,6252.02,FL,False,none
PE-EMP-00890-01,EMP-00890,2025-01-01,2025-01-30,165.1,0.0,8084.0,1477.26,6606.74,NY,False,none
PE-EMP-00890-02,EMP-00890,2025-01-31,2025-03-01,143.0,0.0,8084.0,2162.18,5921.82,NY,False,none
PE-EMP-00890-03,EMP-00890,2025-03-02,2025-03-31,145.7,0.0,8084.0,2084.69,5999.31,NY,False,none
PE-EMP-00890-04,EMP-00890,2025-04-01,2025-04-30,149.3,0.0,8084.0,2153.4,5930.6,NY,False,none
PE-EMP-00890-05,EMP-00890,2025-05-01,2025-05-30,150.0,0.0,8084.0,1773.21,6310.79,NY,False,none
PE-EMP-00890-06,EMP-00890,2025-05-31,2025-06-29,151.0,0.0,8084.0,2026.64,6057.36,NY,False,none
PE-EMP-00891-01,EMP-00891,2025-01-01,2025-01-30,149.4,0.0,6870.0,1463.84,5406.16,NY,False,none
PE-EMP-00891-02,EMP-00891,2025-01-31,2025-03-01,153.2,0.0,6870.0,1702.07,5167.93,NY,False,none
PE-EMP-00891-03,EMP-00891,2025-03-02,2025-03-31,166.3,0.0,6870.0,1238.19,5631.81,NY,False,none
PE-EMP-00891-04,EMP-00891,2025-04-01,2025-04-30,142.2,0.0,6870.0,1903.58,4966.42,NY,False,none
PE-EMP-00891-05,EMP-00891,2025-05-01,2025-05-30,146.1,0.0,6870.0,1630.71,5239.29,NY,False,none
PE-EMP-00891-06,EMP-00891,2025-05-31,2025-06-29,159.8,0.0,6870.0,1283.85,5586.15,NY,False,none
PE-EMP-00892-01,EMP-00892,2025-01-01,2025-01-30,145.3,0.0,7846.0,1845.81,6000.19,TX,False,none
PE-EMP-00892-02,EMP-00892,2025-01-31,2025-03-01,151.1,0.0,7846.0,1958.18,5887.82,TX,False,none
PE-EMP-00892-03,EMP-00892,2025-03-02,2025-03-31,142.0,0.0,7846.0,1585.9,6260.1,TX,False,none
PE-EMP-00892-04,EMP-00892,2025-04-01,2025-04-30,155.4,0.0,7846.0,2145.53,5700.47,TX,False,none
PE-EMP-00892-05,EMP-00892,2025-05-01,2025-05-30,145.7,0.0,7846.0,1449.99,6396.01,TX,False,none
PE-EMP-00892-06,EMP-00892,2025-05-31,2025-06-29,145.3,0.0,7846.0,2110.77,5735.23,TX,False,none
PE-EMP-00893-01,EMP-00893,2025-01-01,2025-01-30,160.7,6.1,4826.53,1318.99,3507.54,federal,False,none
PE-EMP-00893-02,EMP-00893,2025-01-31,2025-03-01,148.7,0.5,4586.5,939.62,3646.88,federal,False,none
PE-EMP-00893-03,EMP-00893,2025-03-02,2025-03-31,145.8,4.4,4752.94,981.54,3771.4,federal,False,none
PE-EMP-00893-04,EMP-00893,2025-04-01,2025-04-30,158.6,1.6,4634.19,973.76,3660.43,federal,False,none
PE-EMP-00893-05,EMP-00893,2025-05-01,2025-05-30,160.8,10.7,5023.49,1113.05,3910.44,federal,False,none
PE-EMP-00893-06,EMP-00893,2025-05-31,2025-06-29,161.9,10.1,4998.19,1228.57,3769.62,federal,False,none
PE-EMP-00894-01,EMP-00894,2025-01-01,2025-01-30,155.5,8.1,4600.87,841.05,3759.82,FL,False,none
PE-EMP-00894-02,EMP-00894,2025-01-31,2025-03-01,148.8,13.5,4818.15,1324.77,3493.38,FL,False,none
PE-EMP-00894-03,EMP-00894,2025-03-02,2025-03-31,164.1,10.6,4701.64,912.53,3789.11,FL,False,none
PE-EMP-00894-04,EMP-00894,2025-04-01,2025-04-30,141.4,5.7,4505.36,1073.43,3431.93,FL,False,none
PE-EMP-00894-05,EMP-00894,2025-05-01,2025-05-30,158.1,13.3,4808.84,1180.0,3628.84,FL,False,none
PE-EMP-00894-06,EMP-00894,2025-05-31,2025-06-29,148.0,14.6,4860.64,1087.89,3772.75,FL,False,none
PE-EMP-00895-01-DUP,EMP-00895,2025-01-01,2025-01-30,141.1,7.0,7441.49,1479.61,5961.88,federal,True,duplicate_payment
PE-EMP-00895-02,EMP-00895,2025-01-31,2025-03-01,144.3,3.1,7188.12,1522.83,5665.29,federal,False,none
PE-EMP-00895-03,EMP-00895,2025-03-02,2025-03-31,150.3,8.0,7510.97,1946.37,5564.6,federal,True,rule_override
PE-EMP-00895-04,EMP-00895,2025-04-01,2025-04-30,155.7,0.7,7030.09,1379.29,5650.8,federal,False,none
PE-EMP-00895-05,EMP-00895,2025-05-01,2025-05-30,149.5,14.2,7911.44,1758.02,6153.42,federal,False,none
PE-EMP-00895-06,EMP-00895,2025-05-31,2025-06-29,164.4,6.7,7424.44,1586.44,5838.0,federal,False,none
PE-EMP-00896-01,EMP-00896,2025-01-01,2025-01-30,145.6,13.8,4508.62,883.46,3625.16,CA,False,none
PE-EMP-00896-02,EMP-00896,2025-01-31,2025-03-01,162.2,7.8,4283.02,836.61,3446.41,CA,False,none
PE-EMP-00896-03,EMP-00896,2025-03-02,2025-03-31,149.2,0.1,3996.23,725.81,3270.42,CA,False,none
PE-EMP-00896-04,EMP-00896,2025-04-01,2025-04-30,145.7,8.6,4312.93,822.82,3490.11,CA,False,none
PE-EMP-00896-05,EMP-00896,2025-05-01,2025-05-30,145.5,0.1,3996.59,728.17,3268.42,CA,False,none
PE-EMP-00896-06,EMP-00896,2025-05-31,2025-06-29,160.6,6.1,4220.15,945.72,3274.43,CA,False,none
PE-EMP-00897-01,EMP-00897,2025-01-01,2025-01-30,165.2,0.0,8307.0,1597.32,6709.68,CA,False,none
PE-EMP-00897-02,EMP-00897,2025-01-31,2025-03-01,150.2,0.0,8307.0,2145.96,6161.04,CA,False,none
PE-EMP-00897-03,EMP-00897,2025-03-02,2025-03-31,152.3,0.0,8307.0,2172.93,6134.07,CA,False,none
PE-EMP-00897-04,EMP-00897,2025-04-01,2025-04-30,161.7,0.0,8307.0,1849.86,6457.14,CA,False,none
PE-EMP-00897-05,EMP-00897,2025-05-01,2025-05-30,149.7,0.0,8307.0,2001.71,6305.29,CA,False,none
PE-EMP-00897-06,EMP-00897,2025-05-31,2025-06-29,147.0,0.0,8307.0,2171.31,6135.69,CA,False,none
PE-EMP-00898-01,EMP-00898,2025-01-01,2025-01-30,158.0,11.2,7671.49,1514.02,6157.47,WA,False,none
PE-EMP-00898-02,EMP-00898,2025-01-31,2025-03-01,165.3,3.2,7146.57,1342.3,5804.27,WA,False,none
PE-EMP-00898-03,EMP-00898,2025-03-02,2025-03-31,155.6,13.7,7829.46,1984.55,5844.91,WA,False,none
PE-EMP-00898-04,EMP-00898,2025-04-01,2025-04-30,146.6,3.9,7193.14,1645.53,5547.61,WA,False,none
PE-EMP-00898-05,EMP-00898,2025-05-01,2025-05-30,166.6,3.3,7152.6,1800.12,5352.48,WA,False,none
PE-EMP-00898-06,EMP-00898,2025-05-31,2025-06-29,148.3,2.0,7069.66,1362.36,5707.3,WA,False,none
PE-EMP-00899-01,EMP-00899,2025-01-01,2025-01-30,167.2,0.0,7771.0,1451.7,6319.3,CA,False,none
PE-EMP-00899-02,EMP-00899,2025-01-31,2025-03-01,160.8,0.0,7771.0,1850.69,5920.31,CA,False,none
PE-EMP-00899-03,EMP-00899,2025-03-02,2025-03-31,161.6,0.0,7771.0,2175.42,5595.58,CA,False,none
PE-EMP-00899-04,EMP-00899,2025-04-01,2025-04-30,160.1,0.0,7771.0,1469.39,6301.61,CA,False,none
PE-EMP-00899-05,EMP-00899,2025-05-01,2025-05-30,158.5,0.0,7771.0,2142.94,5628.06,CA,False,none
PE-EMP-00899-06,EMP-00899,2025-05-31,2025-06-29,141.5,0.0,7771.0,1501.67,6269.33,CA,False,none
PE-EMP-00900-01,EMP-00900,2025-01-01,2025-01-30,164.6,5.6,7272.74,1628.62,5644.12,federal,False,none
PE-EMP-00900-02,EMP-00900,2025-01-31,2025-03-01,158.5,6.2,7311.89,1924.0,5387.89,federal,False,none
PE-EMP-00900-03,EMP-00900,2025-03-02,2025-03-31,166.8,8.2,7441.01,1882.31,5558.7,federal,False,none
PE-EMP-00900-04,EMP-00900,2025-04-01,2025-04-30,157.8,12.5,7718.18,1756.88,5961.3,federal,False,none
PE-EMP-00900-05,EMP-00900,2025-05-01,2025-05-30,151.6,7.4,7391.19,1940.07,5451.12,federal,False,none
PE-EMP-00900-06,EMP-00900,2025-05-31,2025-06-29,166.2,9.3,7514.7,1978.17,5536.53,federal,False,none
PE-EMP-00901-01,EMP-00901,2025-01-01,2025-01-30,150.8,2.7,6250.72,1289.97,4960.75,WA,False,none
PE-EMP-00901-02,EMP-00901,2025-01-31,2025-03-01,164.4,9.6,6642.3,1346.65,5295.65,WA,False,none
PE-EMP-00901-03,EMP-00901,2025-03-02,2025-03-31,153.1,6.6,6471.67,1675.27,4796.4,WA,False,none
PE-EMP-00901-04,EMP-00901,2025-04-01,2025-04-30,166.1,2.2,6221.12,1434.46,4786.66,WA,False,none
PE-EMP-00901-05,EMP-00901,2025-05-01,2025-05-30,141.1,2.7,6248.15,1322.52,4925.63,WA,False,none
PE-EMP-00901-06,EMP-00901,2025-05-31,2025-06-29,149.6,14.3,6913.08,1784.92,5128.16,WA,False,none
PE-EMP-00902-01,EMP-00902,2025-01-01,2025-01-30,160.0,5.9,4761.07,1111.13,3649.94,federal,False,none
PE-EMP-00902-02,EMP-00902,2025-01-31,2025-03-01,144.1,13.7,5091.35,1285.42,3805.93,federal,False,none
PE-EMP-00902-03,EMP-00902,2025-03-02,2025-03-31,145.3,3.7,4667.94,956.51,3711.43,federal,False,none
PE-EMP-00902-04,EMP-00902,2025-04-01,2025-04-30,162.2,8.6,4874.74,1335.92,3538.82,federal,False,none
PE-EMP-00902-05,EMP-00902,2025-05-01,2025-05-30,167.4,1.5,4574.26,862.04,3712.22,federal,False,none
PE-EMP-00902-06,EMP-00902,2025-05-31,2025-06-29,154.4,1.8,4586.63,1035.61,3551.02,federal,False,none
PE-EMP-00903-01,EMP-00903,2025-01-01,2025-01-30,159.3,3.5,6238.14,1339.11,4899.03,WA,False,none
PE-EMP-00903-02,EMP-00903,2025-01-31,2025-03-01,157.2,6.2,6391.16,1737.25,4653.91,WA,False,none
PE-EMP-00903-03,EMP-00903,2025-03-02,2025-03-31,165.2,10.0,6606.56,1777.73,4828.83,WA,False,none
PE-EMP-00903-04,EMP-00903,2025-04-01,2025-04-30,163.1,6.8,6423.84,1188.08,5235.76,WA,False,none
PE-EMP-00903-05,EMP-00903,2025-05-01,2025-05-30,157.6,4.4,6285.38,1154.03,5131.35,WA,False,none
PE-EMP-00903-06,EMP-00903,2025-05-31,2025-06-29,142.9,3.4,6229.5,1215.41,5014.09,WA,False,none
PE-EMP-00904-01,EMP-00904,2025-01-01,2025-01-30,159.4,14.6,4610.19,1114.4,3495.79,federal,False,none
PE-EMP-00904-02,EMP-00904,2025-01-31,2025-03-01,164.8,2.7,4157.64,880.73,3276.91,federal,False,none
PE-EMP-00904-03,EMP-00904,2025-03-02,2025-03-31,144.8,11.5,4491.95,1030.45,3461.5,federal,False,none
PE-EMP-00904-04,EMP-00904,2025-04-01,2025-04-30,150.9,2.1,4137.05,948.31,3188.74,federal,False,none
PE-EMP-00904-05,EMP-00904,2025-05-01,2025-05-30,152.7,3.8,4201.18,848.77,3352.41,federal,False,none
PE-EMP-00904-06,EMP-00904,2025-05-31,2025-06-29,148.1,2.5,4149.28,896.54,3252.74,federal,False,none
PE-EMP-00905-01,EMP-00905,2025-01-01,2025-01-30,150.6,2.2,4437.28,965.41,3471.87,CA,False,none
PE-EMP-00905-02,EMP-00905,2025-01-31,2025-03-01,156.6,4.8,4545.01,1186.66,3358.35,CA,False,none
PE-EMP-00905-03,EMP-00905,2025-03-02,2025-03-31,145.4,9.7,4744.11,1257.19,3486.92,CA,False,none
PE-EMP-00905-04,EMP-00905,2025-04-01,2025-04-30,159.4,2.9,4468.44,1133.17,3335.27,CA,False,none
PE-EMP-00905-05,EMP-00905,2025-05-01,2025-05-30,148.1,12.2,4848.33,970.81,3877.52,CA,False,none
PE-EMP-00905-06,EMP-00905,2025-05-31,2025-06-29,163.3,4.5,4533.72,1213.77,3319.95,CA,False,none
PE-EMP-00906-01,EMP-00906,2025-01-01,2025-01-30,163.5,0.0,8552.0,1799.97,6752.03,federal,False,none
PE-EMP-00906-02,EMP-00906,2025-01-31,2025-03-01,156.8,0.0,8552.0,1966.19,6585.81,federal,False,none
PE-EMP-00906-03,EMP-00906,2025-03-02,2025-03-31,140.3,0.0,8552.0,2328.24,6223.76,federal,False,none
PE-EMP-00906-04,EMP-00906,2025-04-01,2025-04-30,162.5,0.0,8552.0,1936.71,6615.29,federal,False,none
PE-EMP-00906-05,EMP-00906,2025-05-01,2025-05-30,150.5,0.0,8552.0,1548.19,7003.81,federal,False,none
PE-EMP-00906-06,EMP-00906,2025-05-31,2025-06-29,161.4,0.0,8552.0,2123.56,6428.44,federal,False,none
PE-EMP-00907-01,EMP-00907,2025-01-01,2025-01-30,161.5,10.3,6633.33,1241.34,5391.99,TX,False,none
PE-EMP-00907-02,EMP-00907,2025-01-31,2025-03-01,152.5,4.7,6317.53,1634.99,4682.54,TX,False,none
PE-EMP-00907-03,EMP-00907,2025-03-02,2025-03-31,145.1,3.9,6270.01,1568.75,4701.26,TX,False,none
PE-EMP-00907-04,EMP-00907,2025-04-01,2025-04-30,144.5,6.4,6414.46,1576.63,4837.83,TX,False,none
PE-EMP-00907-05,EMP-00907,2025-05-01,2025-05-30,151.6,13.2,6797.81,1727.38,5070.43,TX,False,none
PE-EMP-00907-06,EMP-00907,2025-05-31,2025-06-29,153.9,4.0,6279.05,1414.26,4864.79,TX,False,none
PE-EMP-00908-01,EMP-00908,2025-01-01,2025-01-30,165.5,4.8,4175.21,822.72,3352.49,UK_national,False,none
PE-EMP-00908-02,EMP-00908,2025-01-31,2025-03-01,142.3,8.5,4314.75,784.22,3530.53,UK_national,False,none
PE-EMP-00908-03,EMP-00908,2025-03-02,2025-03-31,144.0,6.0,4220.42,988.73,3231.69,UK_national,False,none
PE-EMP-00908-04,EMP-00908,2025-04-01,2025-04-30,150.3,9.1,4335.74,792.48,3543.26,UK_national,False,none
PE-EMP-00908-05,EMP-00908,2025-05-01,2025-05-30,156.6,10.9,4403.48,862.06,3541.42,UK_national,False,none
PE-EMP-00908-06,EMP-00908,2025-05-31,2025-06-29,164.2,1.8,4061.76,862.14,3199.62,UK_national,False,none
PE-EMP-00909-01,EMP-00909,2025-01-01,2025-01-30,141.2,13.9,7334.41,1621.28,5713.13,NY,False,none
PE-EMP-00909-02,EMP-00909,2025-01-31,2025-03-01,158.6,8.9,7026.51,1486.67,5539.84,NY,False,none
PE-EMP-00909-03,EMP-00909,2025-03-02,2025-03-31,146.8,8.7,7017.52,1426.38,5591.14,NY,False,none
PE-EMP-00909-04,EMP-00909,2025-04-01,2025-04-30,158.1,10.0,7096.71,1853.92,5242.79,NY,False,none
PE-EMP-00909-05,EMP-00909,2025-05-01,2025-05-30,148.3,2.6,6644.23,1609.51,5034.72,NY,False,none
PE-EMP-00909-06,EMP-00909,2025-05-31,2025-06-29,152.1,11.5,7183.9,1422.33,5761.57,NY,False,none
PE-EMP-00910-01,EMP-00910,2025-01-01,2025-01-30,158.6,0.0,8408.0,1577.34,6830.66,NY,False,none
PE-EMP-00910-02,EMP-00910,2025-01-31,2025-03-01,140.8,0.0,8408.0,2037.68,6370.32,NY,False,none
PE-EMP-00910-03,EMP-00910,2025-03-02,2025-03-31,149.5,0.0,8408.0,2075.79,6332.21,NY,False,none
PE-EMP-00910-04,EMP-00910,2025-04-01,2025-04-30,160.3,0.0,8408.0,1677.0,6731.0,NY,False,none
PE-EMP-00910-05,EMP-00910,2025-05-01,2025-05-30,155.1,0.0,8408.0,1700.97,6707.03,NY,False,none
PE-EMP-00910-06,EMP-00910,2025-05-31,2025-06-29,141.2,0.0,8408.0,2229.24,6178.76,NY,False,none
PE-EMP-00911-01,EMP-00911,2025-01-01,2025-01-30,146.3,8.6,4616.77,1224.21,3392.56,DE_national,False,none
PE-EMP-00911-02,EMP-00911,2025-01-31,2025-03-01,158.0,12.8,4785.97,892.22,3893.75,DE_national,False,none
PE-EMP-00911-03,EMP-00911,2025-03-02,2025-03-31,166.6,2.7,4378.2,854.55,3523.65,DE_national,False,none
PE-EMP-00911-04,EMP-00911,2025-04-01,2025-04-30,161.0,2.6,4375.87,821.03,3554.84,DE_national,False,none
PE-EMP-00911-05,EMP-00911,2025-05-01,2025-05-30,143.2,7.7,4579.2,1241.74,3337.46,DE_national,False,none
PE-EMP-00911-06,EMP-00911,2025-05-31,2025-06-29,152.2,5.6,4495.77,878.32,3617.45,DE_national,False,none
PE-EMP-00912-01,EMP-00912,2025-01-01,2025-01-30,151.2,6.3,4179.6,961.1,3218.5,FL,False,none
PE-EMP-00912-02,EMP-00912,2025-01-31,2025-03-01,156.3,13.4,4444.13,846.15,3597.98,FL,False,none
PE-EMP-00912-03,EMP-00912,2025-03-02,2025-03-31,155.0,8.0,4242.71,874.91,3367.8,FL,False,none
PE-EMP-00912-04,EMP-00912,2025-04-01,2025-04-30,161.0,5.8,4164.23,1161.33,3002.9,FL,False,none
PE-EMP-00912-05,EMP-00912,2025-05-01,2025-05-30,141.2,12.6,4412.79,1091.6,3321.19,FL,False,none
PE-EMP-00912-06,EMP-00912,2025-05-31,2025-06-29,154.1,5.8,4163.56,986.77,3176.79,FL,False,none
PE-EMP-00913-01,EMP-00913,2025-01-01,2025-01-30,152.4,0.0,6815.0,1862.16,4952.84,NY,False,none
PE-EMP-00913-02,EMP-00913,2025-01-31,2025-03-01,146.8,0.0,6815.0,1584.09,5230.91,NY,True,ghost_employee
PE-EMP-00913-03,EMP-00913,2025-03-02,2025-03-31,149.2,0.0,6815.0,1440.47,5374.53,NY,False,none
PE-EMP-00913-04,EMP-00913,2025-04-01,2025-04-30,150.9,0.0,6815.0,1728.79,5086.21,NY,False,none
PE-EMP-00913-05,EMP-00913,2025-05-01,2025-05-30,166.5,0.0,6815.0,1500.48,5314.52,NY,False,none
PE-EMP-00913-06,EMP-00913,2025-05-31,2025-06-29,148.7,0.0,6815.0,1498.82,5316.18,NY,False,none
PE-EMP-00914-01,EMP-00914,2025-01-01,2025-01-30,160.3,11.2,4450.2,1066.18,3384.02,FL,False,none
PE-EMP-00914-02,EMP-00914,2025-01-31,2025-03-01,143.1,3.3,4151.32,1020.6,3130.72,FL,False,none
PE-EMP-00914-03,EMP-00914,2025-03-02,2025-03-31,162.6,2.1,4107.82,1121.5,2986.32,FL,False,none
PE-EMP-00914-04,EMP-00914,2025-04-01,2025-04-30,140.5,2.7,4129.42,823.12,3306.3,FL,False,none
PE-EMP-00914-05,EMP-00914,2025-05-01,2025-05-30,144.6,10.4,4418.94,815.5,3603.44,FL,False,none
PE-EMP-00914-06,EMP-00914,2025-05-31,2025-06-29,167.2,3.8,4171.27,841.33,3329.94,FL,False,none
PE-EMP-00915-01,EMP-00915,2025-01-01,2025-01-30,153.6,0.0,7658.0,1593.94,6064.06,TX,False,none
PE-EMP-00915-02,EMP-00915,2025-01-31,2025-03-01,164.6,0.0,7658.0,1769.82,5888.18,TX,False,none
PE-EMP-00915-03,EMP-00915,2025-03-02,2025-03-31,159.6,0.0,7658.0,1970.01,5687.99,TX,False,none
PE-EMP-00915-04,EMP-00915,2025-04-01,2025-04-30,153.2,0.0,7658.0,1464.15,6193.85,TX,False,none
PE-EMP-00915-05,EMP-00915,2025-05-01,2025-05-30,144.3,0.0,7658.0,1849.4,5808.6,TX,False,none
PE-EMP-00915-06,EMP-00915,2025-05-31,2025-06-29,156.5,0.0,7658.0,1960.72,5697.28,TX,False,none
PE-EMP-00916-01,EMP-00916,2025-01-01,2025-01-30,156.1,8.9,5034.13,1214.72,3819.41,CA,False,none
PE-EMP-00916-02,EMP-00916,2025-01-31,2025-03-01,154.4,7.9,4990.21,1223.44,3766.77,CA,False,none
PE-EMP-00916-03,EMP-00916,2025-03-02,2025-03-31,140.6,3.0,4776.12,1210.92,3565.2,CA,False,none
PE-EMP-00916-04,EMP-00916,2025-04-01,2025-04-30,151.5,3.3,4789.3,1068.97,3720.33,CA,False,none
PE-EMP-00916-05,EMP-00916,2025-05-01,2025-05-30,159.8,11.1,5127.84,1305.1,3822.74,CA,False,none
PE-EMP-00916-06,EMP-00916,2025-05-31,2025-06-29,145.5,0.9,4686.76,1006.64,3680.12,CA,False,none
PE-EMP-00917-01,EMP-00917,2025-01-01,2025-01-30,155.2,2.4,6253.7,1336.2,4917.5,NY,False,none
PE-EMP-00917-02,EMP-00917,2025-01-31,2025-03-01,149.0,2.8,6277.14,1190.37,5086.77,NY,False,none
PE-EMP-00917-03,EMP-00917,2025-03-02,2025-03-31,147.6,0.7,6154.91,1606.19,4548.72,NY,False,none
PE-EMP-00917-04,EMP-00917,2025-04-01,2025-04-30,155.4,13.3,6877.15,1856.24,5020.91,NY,False,none
PE-EMP-00917-05,EMP-00917,2025-05-01,2025-05-30,159.3,0.0,6116.64,1318.31,4798.33,NY,False,none
PE-EMP-00917-06,EMP-00917,2025-05-31,2025-06-29,157.2,13.9,6910.35,1826.03,5084.32,NY,False,none
PE-EMP-00918-01,EMP-00918,2025-01-01,2025-01-30,157.1,9.9,6940.44,1641.11,5299.33,CA,False,none
PE-EMP-00918-02,EMP-00918,2025-01-31,2025-03-01,159.5,0.9,6404.27,1407.73,4996.54,CA,False,none
PE-EMP-00918-03,EMP-00918,2025-03-02,2025-03-31,152.2,2.5,6497.48,1466.73,5030.75,CA,False,none
PE-EMP-00918-04,EMP-00918,2025-04-01,2025-04-30,163.6,3.7,6568.98,1331.62,5237.36,CA,False,none
PE-EMP-00918-05,EMP-00918,2025-05-01,2025-05-30,164.4,14.9,7237.81,1452.49,5785.32,CA,False,none
PE-EMP-00918-06,EMP-00918,2025-05-31,2025-06-29,162.1,9.1,6895.27,1506.87,5388.4,CA,False,none
PE-EMP-00919-01,EMP-00919,2025-01-01,2025-01-30,146.0,0.0,7039.0,1942.58,5096.42,CA,False,none
PE-EMP-00919-02,EMP-00919,2025-01-31,2025-03-01,165.2,0.0,7039.0,1607.46,5431.54,CA,False,none
PE-EMP-00919-03,EMP-00919,2025-03-02,2025-03-31,149.4,0.0,7039.0,1325.66,5713.34,CA,False,none
PE-EMP-00919-04,EMP-00919,2025-04-01,2025-04-30,157.7,0.0,7039.0,1347.3,5691.7,CA,False,none
PE-EMP-00919-05,EMP-00919,2025-05-01,2025-05-30,162.7,0.0,7039.0,1648.77,5390.23,CA,False,none
PE-EMP-00919-06,EMP-00919,2025-05-31,2025-06-29,151.3,0.0,7039.0,1849.25,5189.75,CA,False,none
PE-EMP-00920-01,EMP-00920,2025-01-01,2025-01-30,142.9,0.0,7861.0,1727.57,6133.43,WA,False,none
PE-EMP-00920-02,EMP-00920,2025-01-31,2025-03-01,148.5,0.0,7861.0,1756.19,6104.81,WA,False,none
PE-EMP-00920-03,EMP-00920,2025-03-02,2025-03-31,140.0,0.0,7861.0,2025.76,5835.24,WA,False,none
PE-EMP-00920-04,EMP-00920,2025-04-01,2025-04-30,144.3,0.0,7861.0,1473.45,6387.55,WA,False,none
PE-EMP-00920-05,EMP-00920,2025-05-01,2025-05-30,144.4,0.0,7861.0,1812.62,6048.38,WA,False,none
PE-EMP-00920-06,EMP-00920,2025-05-31,2025-06-29,160.1,0.0,7861.0,2122.52,5738.48,WA,False,none
PE-EMP-00921-01,EMP-00921,2025-01-01,2025-01-30,158.8,0.0,7896.0,1541.58,6354.42,UK_national,False,none
PE-EMP-00921-02,EMP-00921,2025-01-31,2025-03-01,160.5,0.0,7896.0,2091.77,5804.23,UK_national,False,none
PE-EMP-00921-03,EMP-00921,2025-03-02,2025-03-31,165.1,0.0,7896.0,1598.0,6298.0,UK_national,False,none
PE-EMP-00921-04,EMP-00921,2025-04-01,2025-04-30,156.8,0.0,7896.0,1785.35,6110.65,UK_national,False,none
PE-EMP-00921-05,EMP-00921,2025-05-01,2025-05-30,154.8,0.0,7896.0,2097.29,5798.71,UK_national,False,none
PE-EMP-00921-06,EMP-00921,2025-05-31,2025-06-29,166.3,0.0,7896.0,1678.19,6217.81,UK_national,False,none
PE-EMP-00922-01,EMP-00922,2025-01-01,2025-01-30,159.6,0.0,8290.0,2102.58,6187.42,CA,False,none
PE-EMP-00922-02,EMP-00922,2025-01-31,2025-03-01,165.1,0.0,8290.0,1828.82,6461.18,CA,False,none
PE-EMP-00922-03,EMP-00922,2025-03-02,2025-03-31,142.7,0.0,8290.0,1900.9,6389.1,CA,False,none
PE-EMP-00922-04,EMP-00922,2025-04-01,2025-04-30,161.2,0.0,8290.0,1528.22,6761.78,CA,False,none
PE-EMP-00922-05,EMP-00922,2025-05-01,2025-05-30,163.1,0.0,8290.0,2091.86,6198.14,CA,False,none
PE-EMP-00922-06,EMP-00922,2025-05-31,2025-06-29,157.8,0.0,8290.0,1630.68,6659.32,CA,False,none
PE-EMP-00923-01,EMP-00923,2025-01-01,2025-01-30,154.6,0.0,7970.0,2179.26,5790.74,DE_national,False,none
PE-EMP-00923-02,EMP-00923,2025-01-31,2025-03-01,162.8,0.0,7970.0,2117.07,5852.93,DE_national,False,none
PE-EMP-00923-03,EMP-00923,2025-03-02,2025-03-31,142.1,0.0,7970.0,1631.75,6338.25,DE_national,False,none
PE-EMP-00923-04,EMP-00923,2025-04-01,2025-04-30,157.0,0.0,7970.0,1536.17,6433.83,DE_national,False,none
PE-EMP-00923-05,EMP-00923,2025-05-01,2025-05-30,143.3,0.0,7970.0,2196.95,5773.05,DE_national,False,none
PE-EMP-00923-06,EMP-00923,2025-05-31,2025-06-29,159.5,0.0,7970.0,2166.42,5803.58,DE_national,False,none
PE-EMP-00924-01,EMP-00924,2025-01-01,2025-01-30,156.6,0.0,8885.0,1912.36,6972.64,federal,False,none
PE-EMP-00924-02,EMP-00924,2025-01-31,2025-03-01,154.9,0.0,8885.0,2114.23,6770.77,federal,False,none
PE-EMP-00924-03,EMP-00924,2025-03-02,2025-03-31,159.4,0.0,8885.0,1818.71,7066.29,federal,False,none
PE-EMP-00924-04,EMP-00924,2025-04-01,2025-04-30,153.9,0.0,8885.0,1910.22,6974.78,federal,False,none
PE-EMP-00924-05,EMP-00924,2025-05-01,2025-05-30,140.5,0.0,8885.0,2251.84,6633.16,federal,False,none
PE-EMP-00924-06,EMP-00924,2025-05-31,2025-06-29,160.5,0.0,8885.0,2235.64,6649.36,federal,False,none
PE-EMP-00925-01,EMP-00925,2025-01-01,2025-01-30,150.6,0.0,8389.0,2098.5,6290.5,FL,False,none
PE-EMP-00925-02,EMP-00925,2025-01-31,2025-03-01,163.0,0.0,8389.0,2093.84,6295.16,FL,False,none
PE-EMP-00925-03,EMP-00925,2025-03-02,2025-03-31,161.4,0.0,8389.0,1957.88,6431.12,FL,False,none
PE-EMP-00925-04,EMP-00925,2025-04-01,2025-04-30,149.9,0.0,8389.0,2023.12,6365.88,FL,False,none
PE-EMP-00925-05,EMP-00925,2025-05-01,2025-05-30,143.9,0.0,8389.0,2205.83,6183.17,FL,False,none
PE-EMP-00925-06,EMP-00925,2025-05-31,2025-06-29,148.6,0.0,8389.0,1886.03,6502.97,FL,False,none
PE-EMP-00926-01,EMP-00926,2025-01-01,2025-01-30,155.8,0.0,8190.0,1889.62,6300.38,NY,False,none
PE-EMP-00926-02,EMP-00926,2025-01-31,2025-03-01,149.6,0.0,8190.0,2254.24,5935.76,NY,False,none
PE-EMP-00926-03,EMP-00926,2025-03-02,2025-03-31,147.6,0.0,8190.0,1657.26,6532.74,NY,False,none
PE-EMP-00926-04,EMP-00926,2025-04-01,2025-04-30,157.8,0.0,8190.0,1830.59,6359.41,NY,False,none
PE-EMP-00926-05,EMP-00926,2025-05-01,2025-05-30,160.7,0.0,8190.0,2099.91,6090.09,NY,False,none
PE-EMP-00926-06,EMP-00926,2025-05-31,2025-06-29,156.2,0.0,8190.0,2200.32,5989.68,NY,False,none
PE-EMP-00927-01,EMP-00927,2025-01-01,2025-01-30,152.5,0.0,7553.0,1818.63,5734.37,CA,False,none
PE-EMP-00927-02,EMP-00927,2025-01-31,2025-03-01,144.0,0.0,7553.0,1833.42,5719.58,CA,False,none
PE-EMP-00927-03,EMP-00927,2025-03-02,2025-03-31,151.8,0.0,7553.0,1825.82,5727.18,CA,False,none
PE-EMP-00927-04,EMP-00927,2025-04-01,2025-04-30,148.5,0.0,7553.0,2106.13,5446.87,CA,False,none
PE-EMP-00927-05,EMP-00927,2025-05-01,2025-05-30,156.1,0.0,7553.0,1936.94,5616.06,CA,False,none
PE-EMP-00927-06,EMP-00927,2025-05-31,2025-06-29,140.6,0.0,7553.0,1658.91,5894.09,CA,False,none
PE-EMP-00928-01,EMP-00928,2025-01-01,2025-01-30,161.9,0.0,7462.0,1346.03,6115.97,UK_national,False,none
PE-EMP-00928-02,EMP-00928,2025-01-31,2025-03-01,159.2,0.0,7462.0,1684.39,5777.61,UK_national,False,none
PE-EMP-00928-03,EMP-00928,2025-03-02,2025-03-31,155.7,0.0,7462.0,1714.79,5747.21,UK_national,False,none
PE-EMP-00928-04-DUP,EMP-00928,2025-04-01,2025-04-30,163.8,0.0,7462.0,1854.74,5607.26,UK_national,True,duplicate_payment
PE-EMP-00928-05,EMP-00928,2025-05-01,2025-05-30,147.7,0.0,7462.0,1555.25,5906.75,UK_national,False,none
PE-EMP-00928-06,EMP-00928,2025-05-31,2025-06-29,145.4,0.0,7462.0,2054.74,5407.26,UK_national,False,none
PE-EMP-00929-01,EMP-00929,2025-01-01,2025-01-30,154.1,0.0,8640.0,2080.74,6559.26,federal,False,none
PE-EMP-00929-02,EMP-00929,2025-01-31,2025-03-01,151.5,0.0,8640.0,1816.36,6823.64,federal,False,none
PE-EMP-00929-03,EMP-00929,2025-03-02,2025-03-31,163.5,0.0,8640.0,1764.75,6875.25,federal,False,none
PE-EMP-00929-04,EMP-00929,2025-04-01,2025-04-30,157.6,0.0,8640.0,2003.61,6636.39,federal,False,none
PE-EMP-00929-05,EMP-00929,2025-05-01,2025-05-30,160.5,0.0,8640.0,1733.41,6906.59,federal,False,none
PE-EMP-00929-06,EMP-00929,2025-05-31,2025-06-29,154.9,0.0,8640.0,2018.68,6621.32,federal,False,none
PE-EMP-00930-01,EMP-00930,2025-01-01,2025-01-30,156.4,15.0,7866.5,1646.43,6220.07,WA,False,none
PE-EMP-00930-02,EMP-00930,2025-01-31,2025-03-01,140.3,0.4,6926.12,1447.57,5478.55,WA,False,none
PE-EMP-00930-03,EMP-00930,2025-03-02,2025-03-31,154.4,9.1,7485.88,1843.68,5642.2,WA,False,none
PE-EMP-00930-04,EMP-00930,2025-04-01,2025-04-30,167.0,5.9,7281.73,1317.93,5963.8,WA,False,none
PE-EMP-00930-05,EMP-00930,2025-05-01,2025-05-30,140.9,1.8,7013.74,1885.03,5128.71,WA,False,none
PE-EMP-00930-06,EMP-00930,2025-05-31,2025-06-29,141.1,6.0,7285.59,2011.68,5273.91,WA,False,none
PE-EMP-00931-01,EMP-00931,2025-01-01,2025-01-30,155.5,0.0,8349.0,1836.96,6512.04,TX,False,none
PE-EMP-00931-02,EMP-00931,2025-01-31,2025-03-01,140.5,0.0,8349.0,2255.68,6093.32,TX,False,none
PE-EMP-00931-03,EMP-00931,2025-03-02,2025-03-31,147.6,0.0,8349.0,1957.31,6391.69,TX,False,none
PE-EMP-00931-04,EMP-00931,2025-04-01,2025-04-30,150.0,0.0,8349.0,2198.76,6150.24,TX,False,none
PE-EMP-00931-05,EMP-00931,2025-05-01,2025-05-30,146.2,0.0,8349.0,1589.96,6759.04,TX,False,none
PE-EMP-00931-06,EMP-00931,2025-05-31,2025-06-29,155.1,0.0,8349.0,1967.26,6381.74,TX,False,none
PE-EMP-00932-01,EMP-00932,2025-01-01,2025-01-30,162.5,8.3,6929.1,1853.49,5075.61,FL,False,none
PE-EMP-00932-02,EMP-00932,2025-01-31,2025-03-01,162.8,4.9,6725.14,1415.72,5309.42,FL,False,none
PE-EMP-00932-03,EMP-00932,2025-03-02,2025-03-31,160.6,8.3,6925.05,1675.07,5249.98,FL,False,none
PE-EMP-00932-04,EMP-00932,2025-04-01,2025-04-30,167.9,3.9,6663.71,1768.96,4894.75,FL,False,none
PE-EMP-00932-05,EMP-00932,2025-05-01,2025-05-30,164.2,8.3,6927.1,1535.04,5392.06,FL,False,none
PE-EMP-00932-06,EMP-00932,2025-05-31,2025-06-29,152.5,0.2,6440.17,1755.24,4684.93,FL,False,none
PE-EMP-00933-01,EMP-00933,2025-01-01,2025-01-30,140.4,0.0,8231.0,1786.59,6444.41,WA,False,none
PE-EMP-00933-02,EMP-00933,2025-01-31,2025-03-01,141.3,0.0,8231.0,1482.1,6748.9,WA,False,none
PE-EMP-00933-03,EMP-00933,2025-03-02,2025-03-31,150.9,0.0,8231.0,1765.48,6465.52,WA,False,none
PE-EMP-00933-04,EMP-00933,2025-04-01,2025-04-30,142.9,0.0,8231.0,2040.32,6190.68,WA,False,none
PE-EMP-00933-05,EMP-00933,2025-05-01,2025-05-30,161.8,0.0,8231.0,2212.99,6018.01,WA,False,none
PE-EMP-00933-06,EMP-00933,2025-05-31,2025-06-29,145.7,0.0,8231.0,1774.51,6456.49,WA,False,none
PE-EMP-00934-01,EMP-00934,2025-01-01,2025-01-30,166.6,0.0,7368.0,1997.58,5370.42,FL,False,none
PE-EMP-00934-02,EMP-00934,2025-01-31,2025-03-01,142.7,0.0,7368.0,1611.68,5756.32,FL,False,none
PE-EMP-00934-03,EMP-00934,2025-03-02,2025-03-31,155.8,0.0,7368.0,1518.59,5849.41,FL,False,none
PE-EMP-00934-04,EMP-00934,2025-04-01,2025-04-30,167.4,0.0,7368.0,1934.44,5433.56,FL,False,none
PE-EMP-00934-05,EMP-00934,2025-05-01,2025-05-30,165.1,0.0,7368.0,1816.19,5551.81,FL,False,none
PE-EMP-00934-06,EMP-00934,2025-05-31,2025-06-29,152.6,0.0,7368.0,1543.0,5825.0,FL,False,none
PE-EMP-00935-01,EMP-00935,2025-01-01,2025-01-30,161.3,0.0,8005.0,1482.35,6522.65,WA,False,none
PE-EMP-00935-02,EMP-00935,2025-01-31,2025-03-01,165.5,0.0,8005.0,2172.54,5832.46,WA,False,none
PE-EMP-00935-03,EMP-00935,2025-03-02,2025-03-31,154.9,0.0,8005.0,1964.13,6040.87,WA,False,none
PE-EMP-00935-04,EMP-00935,2025-04-01,2025-04-30,164.6,0.0,8005.0,1570.58,6434.42,WA,False,none
PE-EMP-00935-05,EMP-00935,2025-05-01,2025-05-30,140.9,0.0,8005.0,2084.22,5920.78,WA,False,none
PE-EMP-00935-06,EMP-00935,2025-05-31,2025-06-29,145.7,0.0,8005.0,1946.03,6058.97,WA,False,none
PE-EMP-00936-01,EMP-00936,2025-01-01,2025-01-30,141.3,5.6,6656.2,1656.02,5000.18,TX,False,none
PE-EMP-00936-02,EMP-00936,2025-01-31,2025-03-01,166.6,4.1,6566.38,1376.07,5190.31,TX,False,none
PE-EMP-00936-03,EMP-00936,2025-03-02,2025-03-31,166.3,3.8,6549.2,1572.76,4976.44,TX,False,none
PE-EMP-00936-04,EMP-00936,2025-04-01,2025-04-30,149.6,5.9,6674.91,1384.55,5290.36,TX,False,none
PE-EMP-00936-05,EMP-00936,2025-05-01,2025-05-30,151.2,6.3,6700.3,1810.68,4889.62,TX,False,none
PE-EMP-00936-06,EMP-00936,2025-05-31,2025-06-29,166.3,13.7,7140.22,1402.94,5737.28,TX,False,none
PE-EMP-00937-01,EMP-00937,2025-01-01,2025-01-30,162.0,0.0,8159.0,1776.89,6382.11,federal,False,none
PE-EMP-00937-02,EMP-00937,2025-01-31,2025-03-01,149.1,0.0,8159.0,1571.46,6587.54,federal,False,none
PE-EMP-00937-03,EMP-00937,2025-03-02,2025-03-31,156.7,0.0,8159.0,1749.45,6409.55,federal,False,none
PE-EMP-00937-04,EMP-00937,2025-04-01,2025-04-30,143.8,0.0,8159.0,2180.28,5978.72,federal,False,none
PE-EMP-00937-05,EMP-00937,2025-05-01,2025-05-30,161.5,0.0,8159.0,2229.4,5929.6,federal,False,none
PE-EMP-00937-06,EMP-00937,2025-05-31,2025-06-29,163.9,0.0,8159.0,1618.94,6540.06,federal,False,none
PE-EMP-00938-01,EMP-00938,2025-01-01,2025-01-30,140.2,0.0,8310.0,1599.58,6710.42,UK_national,False,none
PE-EMP-00938-02,EMP-00938,2025-01-31,2025-03-01,166.1,0.0,8310.0,1691.84,6618.16,UK_national,False,none
PE-EMP-00938-03,EMP-00938,2025-03-02,2025-03-31,148.3,0.0,8310.0,2033.89,6276.11,UK_national,False,none
PE-EMP-00938-04,EMP-00938,2025-04-01,2025-04-30,147.2,0.0,8310.0,2154.89,6155.11,UK_national,False,none
PE-EMP-00938-05,EMP-00938,2025-05-01,2025-05-30,165.2,0.0,8310.0,1751.17,6558.83,UK_national,False,none
PE-EMP-00938-06,EMP-00938,2025-05-31,2025-06-29,148.1,0.0,8310.0,1748.07,6561.93,UK_national,False,none
PE-EMP-00939-01,EMP-00939,2025-01-01,2025-01-30,150.4,0.0,6834.0,1766.91,5067.09,NY,False,none
PE-EMP-00939-02,EMP-00939,2025-01-31,2025-03-01,152.2,0.0,6834.0,1382.41,5451.59,NY,False,none
PE-EMP-00939-03,EMP-00939,2025-03-02,2025-03-31,163.7,0.0,6834.0,1346.79,5487.21,NY,False,none
PE-EMP-00939-04,EMP-00939,2025-04-01,2025-04-30,155.0,0.0,6834.0,1788.99,5045.01,NY,False,none
PE-EMP-00939-05,EMP-00939,2025-05-01,2025-05-30,153.7,0.0,6834.0,1443.71,5390.29,NY,False,none
PE-EMP-00939-06,EMP-00939,2025-05-31,2025-06-29,143.8,0.0,6834.0,1286.05,5547.95,NY,False,none
PE-EMP-00940-01,EMP-00940,2025-01-01,2025-01-30,149.7,0.0,8236.0,1756.75,6479.25,FL,False,none
PE-EMP-00940-02,EMP-00940,2025-01-31,2025-03-01,159.6,0.0,8236.0,1566.18,6669.82,FL,False,none
PE-EMP-00940-03,EMP-00940,2025-03-02,2025-03-31,156.7,0.0,8236.0,2192.3,6043.7,FL,False,none
PE-EMP-00940-04,EMP-00940,2025-04-01,2025-04-30,147.0,0.0,8236.0,1485.22,6750.78,FL,False,none
PE-EMP-00940-05,EMP-00940,2025-05-01,2025-05-30,145.2,0.0,8236.0,1587.67,6648.33,FL,False,none
PE-EMP-00940-06,EMP-00940,2025-05-31,2025-06-29,164.3,0.0,8236.0,1557.76,6678.24,FL,False,none
PE-EMP-00941-01,EMP-00941,2025-01-01,2025-01-30,161.8,0.0,7214.0,1968.91,5245.09,TX,False,none
PE-EMP-00941-02,EMP-00941,2025-01-31,2025-03-01,161.8,0.0,7214.0,1469.37,5744.63,TX,False,none
PE-EMP-00941-03,EMP-00941,2025-03-02,2025-03-31,167.2,0.0,7214.0,1401.81,5812.19,TX,False,none
PE-EMP-00941-04,EMP-00941,2025-04-01,2025-04-30,151.9,0.0,7214.0,1655.36,5558.64,TX,False,none
PE-EMP-00941-05,EMP-00941,2025-05-01,2025-05-30,158.0,0.0,7214.0,1493.8,5720.2,TX,False,none
PE-EMP-00941-06,EMP-00941,2025-05-31,2025-06-29,157.3,0.0,7214.0,1826.23,5387.77,TX,False,none
PE-EMP-00942-01,EMP-00942,2025-01-01,2025-01-30,149.0,8.3,4531.44,1138.46,3392.98,UK_national,False,none
PE-EMP-00942-02,EMP-00942,2025-01-31,2025-03-01,158.7,4.9,4394.93,870.61,3524.32,UK_national,False,none
PE-EMP-00942-03,EMP-00942,2025-03-02,2025-03-31,143.9,2.6,4303.66,1136.9,3166.76,UK_national,False,none
PE-EMP-00942-04,EMP-00942,2025-04-01,2025-04-30,143.2,12.9,4710.84,895.72,3815.12,UK_national,False,none
PE-EMP-00942-05,EMP-00942,2025-05-01,2025-05-30,157.2,7.5,4499.92,1030.15,3469.77,UK_national,False,none
PE-EMP-00942-06,EMP-00942,2025-05-31,2025-06-29,165.7,6.7,4468.16,828.73,3639.43,UK_national,False,none
PE-EMP-00943-01,EMP-00943,2025-01-01,2025-01-30,150.2,7.9,6481.88,1579.46,4902.42,FL,False,none
PE-EMP-00943-02,EMP-00943,2025-01-31,2025-03-01,152.7,9.0,6541.43,1346.44,5194.99,FL,False,none
PE-EMP-00943-03,EMP-00943,2025-03-02,2025-03-31,150.3,4.0,6261.42,1271.27,4990.15,FL,False,none
PE-EMP-00943-04,EMP-00943,2025-04-01,2025-04-30,148.3,3.2,6215.25,1598.8,4616.45,FL,False,none
PE-EMP-00943-05,EMP-00943,2025-05-01,2025-05-30,163.9,13.1,6774.36,1715.13,5059.23,FL,False,none
PE-EMP-00943-06,EMP-00943,2025-05-31,2025-06-29,163.6,4.4,6283.95,1654.73,4629.22,FL,False,none
PE-EMP-00944-01,EMP-00944,2025-01-01,2025-01-30,156.3,0.0,8760.0,1681.12,7078.88,FL,False,none
PE-EMP-00944-02,EMP-00944,2025-01-31,2025-03-01,167.4,0.0,8760.0,2192.04,6567.96,FL,False,none
PE-EMP-00944-03,EMP-00944,2025-03-02,2025-03-31,147.3,0.0,8760.0,1979.29,6780.71,FL,False,none
PE-EMP-00944-04,EMP-00944,2025-04-01,2025-04-30,156.9,0.0,8760.0,2319.13,6440.87,FL,False,none
PE-EMP-00944-05,EMP-00944,2025-05-01,2025-05-30,146.5,0.0,8760.0,1608.9,7151.1,FL,False,none
PE-EMP-00944-06,EMP-00944,2025-05-31,2025-06-29,140.8,0.0,8760.0,2024.04,6735.96,FL,False,none
PE-EMP-00945-01,EMP-00945,2025-01-01,2025-01-30,151.8,2.9,7076.08,1648.62,5427.46,DE_national,False,none
PE-EMP-00945-02,EMP-00945,2025-01-31,2025-03-01,145.6,13.1,7733.31,1445.08,6288.23,DE_national,False,none
PE-EMP-00945-03,EMP-00945,2025-03-02,2025-03-31,156.8,12.4,7686.48,1784.16,5902.32,DE_national,False,none
PE-EMP-00945-04,EMP-00945,2025-04-01,2025-04-30,154.4,2.7,7063.48,1932.81,5130.67,DE_national,False,none
PE-EMP-00945-05,EMP-00945,2025-05-01,2025-05-30,162.7,7.6,7377.08,1984.16,5392.92,DE_national,False,none
PE-EMP-00945-06,EMP-00945,2025-05-31,2025-06-29,144.9,8.4,7426.27,1598.6,5827.67,DE_national,False,none
PE-EMP-00946-01,EMP-00946,2025-01-01,2025-01-30,148.0,8.1,4453.08,888.97,3564.11,FL,False,none
PE-EMP-00946-02,EMP-00946,2025-01-31,2025-03-01,159.2,8.3,4459.79,884.8,3574.99,FL,False,none
PE-EMP-00946-03,EMP-00946,2025-03-02,2025-03-31,159.4,4.7,4319.36,830.28,3489.08,FL,False,none
PE-EMP-00946-04,EMP-00946,2025-04-01,2025-04-30,146.0,6.1,4374.71,1151.31,3223.4,FL,False,none
PE-EMP-00946-05,EMP-00946,2025-05-01,2025-05-30,162.7,4.9,4327.49,876.93,3450.56,FL,False,none
PE-EMP-00946-06,EMP-00946,2025-05-31,2025-06-29,154.3,11.8,4593.25,849.75,3743.5,FL,False,none
PE-EMP-00947-01,EMP-00947,2025-01-01,2025-01-30,150.0,0.0,8626.0,2297.52,6328.48,UK_national,False,none
PE-EMP-00947-02,EMP-00947,2025-01-31,2025-03-01,145.3,0.0,8626.0,2144.04,6481.96,UK_national,False,none
PE-EMP-00947-03,EMP-00947,2025-03-02,2025-03-31,150.7,0.0,8626.0,1793.53,6832.47,UK_national,False,none
PE-EMP-00947-04,EMP-00947,2025-04-01,2025-04-30,153.4,0.0,8626.0,1628.26,6997.74,UK_national,False,none
PE-EMP-00947-05,EMP-00947,2025-05-01,2025-05-30,166.1,0.0,8626.0,2192.99,6433.01,UK_national,False,none
PE-EMP-00947-06,EMP-00947,2025-05-31,2025-06-29,151.1,0.0,8626.0,2063.76,6562.24,UK_national,False,none
PE-EMP-00948-01,EMP-00948,2025-01-01,2025-01-30,167.6,0.0,7767.0,2122.06,5644.94,DE_national,False,none
PE-EMP-00948-02,EMP-00948,2025-01-31,2025-03-01,162.8,0.0,7767.0,1572.42,6194.58,DE_national,False,none
PE-EMP-00948-03,EMP-00948,2025-03-02,2025-03-31,156.9,0.0,7767.0,1504.12,6262.88,DE_national,False,none
PE-EMP-00948-04,EMP-00948,2025-04-01,2025-04-30,150.5,0.0,7767.0,1597.64,6169.36,DE_national,False,none
PE-EMP-00948-05,EMP-00948,2025-05-01,2025-05-30,147.3,0.0,7767.0,2014.66,5752.34,DE_national,False,none
PE-EMP-00948-06,EMP-00948,2025-05-31,2025-06-29,141.5,0.0,7767.0,2101.78,5665.22,DE_national,False,none
PE-EMP-00949-01,EMP-00949,2025-01-01,2025-01-30,140.8,8.8,7067.36,1686.16,5381.2,UK_national,False,none
PE-EMP-00949-02,EMP-00949,2025-01-31,2025-03-01,156.7,0.6,6561.9,1212.79,5349.11,UK_national,False,none
PE-EMP-00949-03,EMP-00949,2025-03-02,2025-03-31,140.5,5.1,6840.38,1387.14,5453.24,UK_national,False,none
PE-EMP-00949-04,EMP-00949,2025-04-01,2025-04-30,159.1,13.6,7359.64,1937.54,5422.1,UK_national,False,none
PE-EMP-00949-05,EMP-00949,2025-05-01,2025-05-30,142.4,5.1,6840.47,1296.41,5544.06,UK_national,False,none
PE-EMP-00949-06,EMP-00949,2025-05-31,2025-06-29,148.1,8.9,7073.71,1742.66,5331.05,UK_national,False,none
PE-EMP-00950-01,EMP-00950,2025-01-01,2025-01-30,150.9,4.3,7184.16,1760.52,5423.64,UK_national,False,none
PE-EMP-00950-02,EMP-00950,2025-01-31,2025-03-01,154.5,11.0,7619.79,1763.68,5856.11,UK_national,False,none
PE-EMP-00950-03,EMP-00950,2025-03-02,2025-03-31,163.5,9.3,7506.3,2056.1,5450.2,UK_national,False,none
PE-EMP-00950-04,EMP-00950,2025-04-01,2025-04-30,150.4,9.2,7502.24,1693.87,5808.37,UK_national,False,none
PE-EMP-00950-05,EMP-00950,2025-05-01,2025-05-30,150.4,2.6,7070.75,1916.77,5153.98,UK_national,False,none
PE-EMP-00950-06,EMP-00950,2025-05-31,2025-06-29,157.8,11.6,7657.66,1753.82,5903.84,UK_national,False,none
PE-EMP-00951-01,EMP-00951,2025-01-01,2025-01-30,161.1,0.0,7001.0,1659.95,5341.05,UK_national,False,none
PE-EMP-00951-02,EMP-00951,2025-01-31,2025-03-01,154.5,0.0,7001.0,1348.69,5652.31,UK_national,False,none
PE-EMP-00951-03,EMP-00951,2025-03-02,2025-03-31,156.6,0.0,7001.0,1338.0,5663.0,UK_national,False,none
PE-EMP-00951-04,EMP-00951,2025-04-01,2025-04-30,142.0,0.0,7001.0,1385.6,5615.4,UK_national,False,none
PE-EMP-00951-05,EMP-00951,2025-05-01,2025-05-30,153.0,0.0,7001.0,1781.89,5219.11,UK_national,False,none
PE-EMP-00951-06,EMP-00951,2025-05-31,2025-06-29,158.5,0.0,7001.0,1637.4,5363.6,UK_national,False,none
PE-EMP-00952-01,EMP-00952,2025-01-01,2025-01-30,157.7,0.0,8092.0,1992.72,6099.28,DE_national,False,none
PE-EMP-00952-02,EMP-00952,2025-01-31,2025-03-01,143.9,0.0,8092.0,1516.42,6575.58,DE_national,False,none
PE-EMP-00952-03,EMP-00952,2025-03-02,2025-03-31,145.3,0.0,8092.0,1884.48,6207.52,DE_national,False,none
PE-EMP-00952-04,EMP-00952,2025-04-01,2025-04-30,164.1,0.0,8092.0,1948.91,6143.09,DE_national,False,none
PE-EMP-00952-05,EMP-00952,2025-05-01,2025-05-30,152.9,0.0,8092.0,2183.8,5908.2,DE_national,False,none
PE-EMP-00952-06,EMP-00952,2025-05-31,2025-06-29,161.0,0.0,8092.0,2206.07,5885.93,DE_national,False,none
PE-EMP-00953-01,EMP-00953,2025-01-01,2025-01-30,165.6,0.0,8423.0,1961.82,6461.18,UK_national,False,none
PE-EMP-00953-02,EMP-00953,2025-01-31,2025-03-01,149.2,0.0,8423.0,1737.41,6685.59,UK_national,False,none
PE-EMP-00953-03,EMP-00953,2025-03-02,2025-03-31,147.4,0.0,8423.0,1599.43,6823.57,UK_national,False,none
PE-EMP-00953-04,EMP-00953,2025-04-01,2025-04-30,151.9,0.0,8423.0,2296.08,6126.92,UK_national,False,none
PE-EMP-00953-05,EMP-00953,2025-05-01,2025-05-30,144.5,0.0,8423.0,2156.75,6266.25,UK_national,False,none
PE-EMP-00953-06,EMP-00953,2025-05-31,2025-06-29,167.5,0.0,8423.0,2354.16,6068.84,UK_national,False,none
PE-EMP-00954-01,EMP-00954,2025-01-01,2025-01-30,146.1,1.6,4367.44,865.72,3501.72,DE_national,False,none
PE-EMP-00954-02,EMP-00954,2025-01-31,2025-03-01,149.6,0.4,4321.97,1006.23,3315.74,DE_national,False,none
PE-EMP-00954-03,EMP-00954,2025-03-02,2025-03-31,161.7,6.5,4566.93,1067.01,3499.92,DE_national,False,none
PE-EMP-00954-04,EMP-00954,2025-04-01,2025-04-30,167.6,8.7,4653.91,1121.48,3532.43,DE_national,False,none
PE-EMP-00954-05,EMP-00954,2025-05-01,2025-05-30,166.5,12.5,4808.96,903.98,3904.98,DE_national,False,none
PE-EMP-00954-06,EMP-00954,2025-05-31,2025-06-29,163.0,5.0,4507.7,816.51,3691.19,DE_national,False,none
PE-EMP-00955-01,EMP-00955,2025-01-01,2025-01-30,165.7,11.1,4865.4,1176.06,3689.34,federal,True,rule_override
PE-EMP-00955-02,EMP-00955,2025-01-31,2025-03-01,157.6,14.5,5006.84,1261.79,3745.05,federal,False,none
PE-EMP-00955-03,EMP-00955,2025-03-02,2025-03-31,153.1,2.5,4511.47,859.6,3651.87,federal,False,none
PE-EMP-00955-04,EMP-00955,2025-04-01,2025-04-30,155.7,0.7,4437.13,938.73,3498.4,federal,False,none
PE-EMP-00955-05,EMP-00955,2025-05-01,2025-05-30,145.8,6.4,4671.59,1038.48,3633.11,federal,False,none
PE-EMP-00955-06,EMP-00955,2025-05-31,2025-06-29,157.6,12.3,4918.23,1069.06,3849.17,federal,False,none
PE-EMP-00956-01,EMP-00956,2025-01-01,2025-01-30,160.8,0.0,8649.0,2125.05,6523.95,DE_national,False,none
PE-EMP-00956-02,EMP-00956,2025-01-31,2025-03-01,140.6,0.0,8649.0,2022.53,6626.47,DE_national,False,none
PE-EMP-00956-03,EMP-00956,2025-03-02,2025-03-31,166.9,0.0,8649.0,2181.2,6467.8,DE_national,False,none
PE-EMP-00956-04,EMP-00956,2025-04-01,2025-04-30,163.4,0.0,8649.0,1567.1,7081.9,DE_national,False,none
PE-EMP-00956-05,EMP-00956,2025-05-01,2025-05-30,143.5,0.0,8649.0,1832.22,6816.78,DE_national,False,none
PE-EMP-00956-06,EMP-00956,2025-05-31,2025-06-29,160.9,0.0,8649.0,1898.08,6750.92,DE_national,False,none
PE-EMP-00957-01,EMP-00957,2025-01-01,2025-01-30,156.1,0.0,8563.0,1645.41,6917.59,UK_national,False,none
PE-EMP-00957-02,EMP-00957,2025-01-31,2025-03-01,142.2,0.0,8563.0,2215.47,6347.53,UK_national,False,none
PE-EMP-00957-03,EMP-00957,2025-03-02,2025-03-31,164.0,0.0,8563.0,1754.23,6808.77,UK_national,False,none
PE-EMP-00957-04,EMP-00957,2025-04-01,2025-04-30,156.1,0.0,8563.0,1648.93,6914.07,UK_national,False,none
PE-EMP-00957-05,EMP-00957,2025-05-01,2025-05-30,143.8,0.0,8563.0,1947.49,6615.51,UK_national,False,none
PE-EMP-00957-06,EMP-00957,2025-05-31,2025-06-29,149.8,0.0,8563.0,2283.02,6279.98,UK_national,False,none
PE-EMP-00958-01,EMP-00958,2025-01-01,2025-01-30,151.9,0.0,8166.0,1668.6,6497.4,TX,False,none
PE-EMP-00958-02,EMP-00958,2025-01-31,2025-03-01,159.3,0.0,8166.0,1938.58,6227.42,TX,False,none
PE-EMP-00958-03,EMP-00958,2025-03-02,2025-03-31,155.0,0.0,8166.0,1737.8,6428.2,TX,False,none
PE-EMP-00958-04,EMP-00958,2025-04-01,2025-04-30,154.1,0.0,8166.0,1552.41,6613.59,TX,False,none
PE-EMP-00958-05,EMP-00958,2025-05-01,2025-05-30,147.9,0.0,8166.0,1570.34,6595.66,TX,False,none
PE-EMP-00958-06,EMP-00958,2025-05-31,2025-06-29,143.8,0.0,8166.0,1519.69,6646.31,TX,False,none
PE-EMP-00959-01,EMP-00959,2025-01-01,2025-01-30,151.2,3.2,6504.45,1470.68,5033.77,WA,False,none
PE-EMP-00959-02,EMP-00959,2025-01-31,2025-03-01,162.3,13.6,7120.5,1945.79,5174.71,WA,False,none
PE-EMP-00959-03,EMP-00959,2025-03-02,2025-03-31,161.2,8.0,6787.57,1361.34,5426.23,WA,False,none
PE-EMP-00959-04,EMP-00959,2025-04-01,2025-04-30,146.1,2.1,6440.22,1442.53,4997.69,WA,False,none
PE-EMP-00959-05,EMP-00959,2025-05-01,2025-05-30,151.2,5.2,6625.69,1670.09,4955.6,WA,False,none
PE-EMP-00959-06,EMP-00959,2025-05-31,2025-06-29,162.4,3.7,6533.91,1406.9,5127.01,WA,False,none
PE-EMP-00960-01,EMP-00960,2025-01-01,2025-01-30,140.2,0.0,7683.0,1429.31,6253.69,TX,False,none
PE-EMP-00960-02,EMP-00960,2025-01-31,2025-03-01,149.0,0.0,7683.0,1639.45,6043.55,TX,False,none
PE-EMP-00960-03,EMP-00960,2025-03-02,2025-03-31,161.0,0.0,7683.0,2054.29,5628.71,TX,False,none
PE-EMP-00960-04,EMP-00960,2025-04-01,2025-04-30,142.5,0.0,7683.0,2128.95,5554.05,TX,False,none
PE-EMP-00960-05,EMP-00960,2025-05-01,2025-05-30,148.2,0.0,7683.0,1869.17,5813.83,TX,False,none
PE-EMP-00960-06,EMP-00960,2025-05-31,2025-06-29,142.4,0.0,7683.0,1894.37,5788.63,TX,False,none
PE-EMP-00961-01,EMP-00961,2025-01-01,2025-01-30,150.8,0.0,8509.0,1816.09,6692.91,DE_national,False,none
PE-EMP-00961-02,EMP-00961,2025-01-31,2025-03-01,156.4,0.0,8509.0,1851.2,6657.8,DE_national,False,none
PE-EMP-00961-03,EMP-00961,2025-03-02,2025-03-31,150.0,0.0,8509.0,2015.02,6493.98,DE_national,False,none
PE-EMP-00961-04,EMP-00961,2025-04-01,2025-04-30,143.2,0.0,8509.0,2203.71,6305.29,DE_national,True,ghost_employee
PE-EMP-00961-05,EMP-00961,2025-05-01,2025-05-30,146.9,0.0,8509.0,1854.82,6654.18,DE_national,False,none
PE-EMP-00961-06,EMP-00961,2025-05-31,2025-06-29,157.2,0.0,8509.0,2345.52,6163.48,DE_national,False,none
PE-EMP-00962-01,EMP-00962,2025-01-01,2025-01-30,163.5,0.0,7522.0,1850.43,5671.57,FL,False,none
PE-EMP-00962-02,EMP-00962,2025-01-31,2025-03-01,153.2,0.0,7522.0,2039.22,5482.78,FL,False,none
PE-EMP-00962-03,EMP-00962,2025-03-02,2025-03-31,140.8,0.0,7522.0,1490.64,6031.36,FL,False,none
PE-EMP-00962-04,EMP-00962,2025-04-01,2025-04-30,156.6,0.0,7522.0,1473.11,6048.89,FL,False,none
PE-EMP-00962-05,EMP-00962,2025-05-01,2025-05-30,158.2,0.0,7522.0,2103.73,5418.27,FL,False,none
PE-EMP-00962-06,EMP-00962,2025-05-31,2025-06-29,149.6,0.0,7522.0,1662.26,5859.74,FL,False,none
PE-EMP-00963-01,EMP-00963,2025-01-01,2025-01-30,142.3,3.7,3913.59,773.75,3139.84,DE_national,False,none
PE-EMP-00963-02,EMP-00963,2025-01-31,2025-03-01,162.9,12.1,4210.21,865.8,3344.41,DE_national,False,none
PE-EMP-00963-03,EMP-00963,2025-03-02,2025-03-31,165.0,10.2,4144.13,777.66,3366.47,DE_national,False,none
PE-EMP-00963-04,EMP-00963,2025-04-01,2025-04-30,166.8,9.4,4112.49,1026.71,3085.78,DE_national,False,none
PE-EMP-00963-05,EMP-00963,2025-05-01,2025-05-30,149.4,4.8,3952.92,1063.99,2888.93,DE_national,False,none
PE-EMP-00963-06,EMP-00963,2025-05-31,2025-06-29,148.4,13.1,4244.75,1033.52,3211.23,DE_national,False,none
PE-EMP-00964-01,EMP-00964,2025-01-01,2025-01-30,141.2,0.0,7934.0,2085.24,5848.76,WA,False,none
PE-EMP-00964-02,EMP-00964,2025-01-31,2025-03-01,143.5,0.0,7934.0,1724.3,6209.7,WA,False,none
PE-EMP-00964-03,EMP-00964,2025-03-02,2025-03-31,155.7,0.0,7934.0,1578.0,6356.0,WA,False,none
PE-EMP-00964-04,EMP-00964,2025-04-01,2025-04-30,153.7,0.0,7934.0,1429.09,6504.91,WA,False,none
PE-EMP-00964-05,EMP-00964,2025-05-01,2025-05-30,147.4,0.0,7934.0,1597.9,6336.1,WA,False,none
PE-EMP-00964-06,EMP-00964,2025-05-31,2025-06-29,145.8,0.0,7934.0,1814.19,6119.81,WA,False,none
PE-EMP-00965-01,EMP-00965,2025-01-01,2025-01-30,164.4,2.0,6170.39,1639.61,4530.78,TX,False,none
PE-EMP-00965-02,EMP-00965,2025-01-31,2025-03-01,147.6,3.9,6280.23,1293.2,4987.03,TX,False,none
PE-EMP-00965-03,EMP-00965,2025-03-02,2025-03-31,146.4,1.7,6154.84,1572.55,4582.29,TX,False,none
PE-EMP-00965-04,EMP-00965,2025-04-01,2025-04-30,140.6,4.8,6325.96,1272.41,5053.55,TX,False,none
PE-EMP-00965-05,EMP-00965,2025-05-01,2025-05-30,151.7,6.2,6406.67,1664.0,4742.67,TX,False,none
PE-EMP-00965-06,EMP-00965,2025-05-31,2025-06-29,164.1,6.0,6398.47,1596.53,4801.94,TX,False,none
PE-EMP-00966-01,EMP-00966,2025-01-01,2025-01-30,157.0,0.0,8339.0,2050.79,6288.21,WA,False,none
PE-EMP-00966-02,EMP-00966,2025-01-31,2025-03-01,165.8,0.0,8339.0,2305.89,6033.11,WA,False,none
PE-EMP-00966-03,EMP-00966,2025-03-02,2025-03-31,144.8,0.0,8339.0,1976.07,6362.93,WA,False,none
PE-EMP-00966-04,EMP-00966,2025-04-01,2025-04-30,164.0,0.0,8339.0,1948.47,6390.53,WA,False,none
PE-EMP-00966-05,EMP-00966,2025-05-01,2025-05-30,154.3,0.0,8339.0,2283.62,6055.38,WA,False,none
PE-EMP-00966-06,EMP-00966,2025-05-31,2025-06-29,164.4,0.0,8339.0,2139.17,6199.83,WA,False,none
PE-EMP-00967-01,EMP-00967,2025-01-01,2025-01-30,149.8,0.0,8165.0,2085.67,6079.33,TX,False,none
PE-EMP-00967-02,EMP-00967,2025-01-31,2025-03-01,146.6,0.0,8165.0,2168.36,5996.64,TX,False,none
PE-EMP-00967-03,EMP-00967,2025-03-02,2025-03-31,149.2,0.0,8165.0,2148.56,6016.44,TX,False,none
PE-EMP-00967-04,EMP-00967,2025-04-01,2025-04-30,152.7,0.0,8165.0,2080.95,6084.05,TX,False,none
PE-EMP-00967-05,EMP-00967,2025-05-01,2025-05-30,143.5,0.0,8165.0,2160.34,6004.66,TX,False,none
PE-EMP-00967-06,EMP-00967,2025-05-31,2025-06-29,145.5,0.0,8165.0,1686.79,6478.21,TX,False,none
PE-EMP-00968-01,EMP-00968,2025-01-01,2025-01-30,151.9,0.0,8253.0,2015.22,6237.78,federal,False,none
PE-EMP-00968-02,EMP-00968,2025-01-31,2025-03-01,155.7,0.0,8253.0,1941.76,6311.24,federal,False,none
PE-EMP-00968-03,EMP-00968,2025-03-02,2025-03-31,143.0,0.0,8253.0,1584.43,6668.57,federal,False,none
PE-EMP-00968-04,EMP-00968,2025-04-01,2025-04-30,163.3,0.0,8253.0,1802.25,6450.75,federal,False,none
PE-EMP-00968-05,EMP-00968,2025-05-01,2025-05-30,160.2,0.0,8253.0,1709.19,6543.81,federal,False,none
PE-EMP-00968-06,EMP-00968,2025-05-31,2025-06-29,145.7,0.0,8253.0,2169.71,6083.29,federal,False,none
PE-EMP-00969-01,EMP-00969,2025-01-01,2025-01-30,156.5,0.0,8919.0,2450.15,6468.85,federal,False,none
PE-EMP-00969-02,EMP-00969,2025-01-31,2025-03-01,165.2,0.0,8919.0,2283.27,6635.73,federal,False,none
PE-EMP-00969-03,EMP-00969,2025-03-02,2025-03-31,145.8,0.0,8919.0,2057.84,6861.16,federal,False,none
PE-EMP-00969-04,EMP-00969,2025-04-01,2025-04-30,158.3,0.0,8919.0,2024.52,6894.48,federal,False,none
PE-EMP-00969-05,EMP-00969,2025-05-01,2025-05-30,154.3,0.0,8919.0,1925.74,6993.26,federal,False,none
PE-EMP-00969-06,EMP-00969,2025-05-31,2025-06-29,146.0,0.0,8919.0,2258.56,6660.44,federal,False,none
PE-EMP-00970-01,EMP-00970,2025-01-01,2025-01-30,153.3,0.0,8482.0,1767.62,6714.38,WA,False,none
PE-EMP-00970-02,EMP-00970,2025-01-31,2025-03-01,147.0,0.0,8482.0,1538.57,6943.43,WA,False,none
PE-EMP-00970-03,EMP-00970,2025-03-02,2025-03-31,140.2,0.0,8482.0,1724.01,6757.99,WA,False,none
PE-EMP-00970-04,EMP-00970,2025-04-01,2025-04-30,165.6,0.0,8482.0,1537.33,6944.67,WA,False,none
PE-EMP-00970-05,EMP-00970,2025-05-01,2025-05-30,149.8,0.0,8482.0,2325.83,6156.17,WA,False,none
PE-EMP-00970-06,EMP-00970,2025-05-31,2025-06-29,157.8,0.0,8482.0,1961.59,6520.41,WA,False,none
PE-EMP-00971-01,EMP-00971,2025-01-01,2025-01-30,140.6,0.0,8537.0,1894.47,6642.53,UK_national,False,none
PE-EMP-00971-02,EMP-00971,2025-01-31,2025-03-01,151.1,0.0,8537.0,2001.88,6535.12,UK_national,False,none
PE-EMP-00971-03,EMP-00971,2025-03-02,2025-03-31,162.1,0.0,8537.0,1834.33,6702.67,UK_national,False,none
PE-EMP-00971-04,EMP-00971,2025-04-01,2025-04-30,165.9,0.0,8537.0,2364.65,6172.35,UK_national,False,none
PE-EMP-00971-05,EMP-00971,2025-05-01,2025-05-30,163.7,0.0,8537.0,1594.56,6942.44,UK_national,False,none
PE-EMP-00971-06,EMP-00971,2025-05-31,2025-06-29,146.5,0.0,8537.0,2272.85,6264.15,UK_national,False,none
PE-EMP-00972-01,EMP-00972,2025-01-01,2025-01-30,158.3,1.3,6572.63,1205.98,5366.65,NY,False,none
PE-EMP-00972-02,EMP-00972,2025-01-31,2025-03-01,147.5,6.8,6906.2,1335.62,5570.58,NY,False,none
PE-EMP-00972-03,EMP-00972,2025-03-02,2025-03-31,159.8,4.2,6750.28,1228.34,5521.94,NY,False,none
PE-EMP-00972-04,EMP-00972,2025-04-01,2025-04-30,159.7,7.4,6946.88,1661.39,5285.49,NY,False,none
PE-EMP-00972-05,EMP-00972,2025-05-01,2025-05-30,147.6,1.5,6586.07,1327.15,5258.92,NY,False,none
PE-EMP-00972-06,EMP-00972,2025-05-31,2025-06-29,155.4,15.0,7406.38,1511.05,5895.33,NY,False,none
PE-EMP-00973-01,EMP-00973,2025-01-01,2025-01-30,157.4,0.0,7238.0,1357.33,5880.67,WA,False,none
PE-EMP-00973-02,EMP-00973,2025-01-31,2025-03-01,148.7,0.0,7238.0,1820.06,5417.94,WA,False,none
PE-EMP-00973-03,EMP-00973,2025-03-02,2025-03-31,165.9,0.0,7238.0,1993.89,5244.11,WA,False,none
PE-EMP-00973-04,EMP-00973,2025-04-01,2025-04-30,147.8,0.0,7238.0,1407.21,5830.79,WA,False,none
PE-EMP-00973-05,EMP-00973,2025-05-01,2025-05-30,140.8,0.0,7238.0,1991.98,5246.02,WA,False,none
PE-EMP-00973-06,EMP-00973,2025-05-31,2025-06-29,155.6,0.0,7238.0,1831.35,5406.65,WA,False,none
PE-EMP-00974-01,EMP-00974,2025-01-01,2025-01-30,150.9,0.0,7832.0,1528.04,6303.96,DE_national,False,none
PE-EMP-00974-02,EMP-00974,2025-01-31,2025-03-01,166.1,0.0,7832.0,1610.07,6221.93,DE_national,False,none
PE-EMP-00974-03,EMP-00974,2025-03-02,2025-03-31,145.1,0.0,7832.0,1728.42,6103.58,DE_national,False,none
PE-EMP-00974-04,EMP-00974,2025-04-01,2025-04-30,167.8,0.0,7832.0,1702.05,6129.95,DE_national,False,none
PE-EMP-00974-05,EMP-00974,2025-05-01,2025-05-30,162.2,0.0,7832.0,2069.2,5762.8,DE_national,False,none
PE-EMP-00974-06,EMP-00974,2025-05-31,2025-06-29,140.4,0.0,7832.0,1555.06,6276.94,DE_national,False,none
PE-EMP-00975-01,EMP-00975,2025-01-01,2025-01-30,158.9,12.5,4354.28,1085.91,3268.37,WA,False,none
PE-EMP-00975-02,EMP-00975,2025-01-31,2025-03-01,154.9,2.6,3992.5,758.45,3234.05,WA,False,none
PE-EMP-00975-03,EMP-00975,2025-03-02,2025-03-31,148.6,9.3,4238.87,778.02,3460.85,WA,False,none
PE-EMP-00975-04,EMP-00975,2025-04-01,2025-04-30,150.7,7.9,4186.24,795.06,3391.18,WA,False,none
PE-EMP-00975-05,EMP-00975,2025-05-01,2025-05-30,155.3,0.8,3925.55,711.31,3214.24,WA,False,none
PE-EMP-00975-06,EMP-00975,2025-05-31,2025-06-29,141.6,6.7,4143.93,1016.42,3127.51,WA,False,none
PE-EMP-00976-01,EMP-00976,2025-01-01,2025-01-30,161.8,0.0,8755.0,2390.09,6364.91,NY,False,none
PE-EMP-00976-02,EMP-00976,2025-01-31,2025-03-01,149.4,0.0,8755.0,1603.74,7151.26,NY,False,none
PE-EMP-00976-03,EMP-00976,2025-03-02,2025-03-31,150.9,0.0,8755.0,2269.67,6485.33,NY,False,none
PE-EMP-00976-04,EMP-00976,2025-04-01,2025-04-30,160.2,0.0,8755.0,2278.57,6476.43,NY,False,none
PE-EMP-00976-05,EMP-00976,2025-05-01,2025-05-30,150.1,0.0,8755.0,1637.25,7117.75,NY,False,none
PE-EMP-00976-06,EMP-00976,2025-05-31,2025-06-29,155.2,0.0,8755.0,1934.22,6820.78,NY,False,none
PE-EMP-00977-01,EMP-00977,2025-01-01,2025-01-30,149.5,0.0,7641.0,1399.2,6241.8,CA,False,none
PE-EMP-00977-02,EMP-00977,2025-01-31,2025-03-01,148.8,0.0,7641.0,1738.94,5902.06,CA,False,none
PE-EMP-00977-03,EMP-00977,2025-03-02,2025-03-31,153.9,0.0,7641.0,1421.17,6219.83,CA,False,none
PE-EMP-00977-04,EMP-00977,2025-04-01,2025-04-30,166.7,0.0,7641.0,1479.73,6161.27,CA,True,ghost_employee
PE-EMP-00977-05,EMP-00977,2025-05-01,2025-05-30,140.3,0.0,7641.0,1805.63,5835.37,CA,False,none
PE-EMP-00977-06,EMP-00977,2025-05-31,2025-06-29,146.1,0.0,7641.0,1985.54,5655.46,CA,False,none
PE-EMP-00978-01,EMP-00978,2025-01-01,2025-01-30,145.3,0.0,8006.0,1810.54,6195.46,FL,False,none
PE-EMP-00978-02,EMP-00978,2025-01-31,2025-03-01,158.3,0.0,8006.0,2064.5,5941.5,FL,False,none
PE-EMP-00978-03,EMP-00978,2025-03-02,2025-03-31,142.6,0.0,8006.0,1578.52,6427.48,FL,False,none
PE-EMP-00978-04,EMP-00978,2025-04-01,2025-04-30,162.8,0.0,8006.0,1604.56,6401.44,FL,False,none
PE-EMP-00978-05,EMP-00978,2025-05-01,2025-05-30,160.8,0.0,8006.0,1894.52,6111.48,FL,False,none
PE-EMP-00978-06,EMP-00978,2025-05-31,2025-06-29,142.1,0.0,8006.0,1819.45,6186.55,FL,False,none
PE-EMP-00979-01,EMP-00979,2025-01-01,2025-01-30,144.0,0.0,7218.0,1580.63,5637.37,WA,False,none
PE-EMP-00979-02,EMP-00979,2025-01-31,2025-03-01,162.5,0.0,7218.0,1385.82,5832.18,WA,False,none
PE-EMP-00979-03,EMP-00979,2025-03-02,2025-03-31,164.4,0.0,7218.0,1482.49,5735.51,WA,False,none
PE-EMP-00979-04,EMP-00979,2025-04-01,2025-04-30,147.8,0.0,7218.0,1811.68,5406.32,WA,False,none
PE-EMP-00979-05,EMP-00979,2025-05-01,2025-05-30,143.1,0.0,7218.0,1593.38,5624.62,WA,False,none
PE-EMP-00979-06,EMP-00979,2025-05-31,2025-06-29,155.9,0.0,7218.0,1657.24,5560.76,WA,False,none
PE-EMP-00980-01,EMP-00980,2025-01-01,2025-01-30,167.8,0.0,7049.0,1654.51,5394.49,federal,False,none
PE-EMP-00980-02,EMP-00980,2025-01-31,2025-03-01,163.4,0.0,7049.0,1317.04,5731.96,federal,False,none
PE-EMP-00980-03,EMP-00980,2025-03-02,2025-03-31,148.6,0.0,7049.0,1589.4,5459.6,federal,False,none
PE-EMP-00980-04,EMP-00980,2025-04-01,2025-04-30,167.5,0.0,7049.0,1555.76,5493.24,federal,False,none
PE-EMP-00980-05,EMP-00980,2025-05-01,2025-05-30,146.3,0.0,7049.0,1370.82,5678.18,federal,False,none
PE-EMP-00980-06,EMP-00980,2025-05-31,2025-06-29,164.0,0.0,7049.0,1481.37,5567.63,federal,False,none
PE-EMP-00981-01,EMP-00981,2025-01-01,2025-01-30,143.7,0.0,7638.0,2085.69,5552.31,FL,False,none
PE-EMP-00981-02,EMP-00981,2025-01-31,2025-03-01,142.6,0.0,7638.0,1650.22,5987.78,FL,False,none
PE-EMP-00981-03,EMP-00981,2025-03-02,2025-03-31,144.0,0.0,7638.0,1678.31,5959.69,FL,False,none
PE-EMP-00981-04,EMP-00981,2025-04-01,2025-04-30,165.5,0.0,7638.0,1513.15,6124.85,FL,False,none
PE-EMP-00981-05,EMP-00981,2025-05-01,2025-05-30,142.3,0.0,7638.0,1580.97,6057.03,FL,False,none
PE-EMP-00981-06,EMP-00981,2025-05-31,2025-06-29,165.6,0.0,7638.0,2103.77,5534.23,FL,False,none
PE-EMP-00982-01,EMP-00982,2025-01-01,2025-01-30,147.6,10.0,4584.71,833.05,3751.66,TX,False,none
PE-EMP-00982-02,EMP-00982,2025-01-31,2025-03-01,163.6,11.1,4630.46,1040.04,3590.42,TX,False,none
PE-EMP-00982-03,EMP-00982,2025-03-02,2025-03-31,140.6,13.2,4713.83,1025.65,3688.18,TX,False,none
PE-EMP-00982-04,EMP-00982,2025-04-01,2025-04-30,157.5,10.1,4590.66,1019.43,3571.23,TX,False,none
PE-EMP-00982-05,EMP-00982,2025-05-01,2025-05-30,143.7,4.7,4379.21,886.64,3492.57,TX,False,none
PE-EMP-00982-06-DUP,EMP-00982,2025-05-31,2025-06-29,156.9,6.1,4434.15,1087.05,3347.1,TX,True,duplicate_payment
PE-EMP-00983-01,EMP-00983,2025-01-01,2025-01-30,167.2,4.5,4846.24,1142.35,3703.89,UK_national,False,none
PE-EMP-00983-02,EMP-00983,2025-01-31,2025-03-01,149.7,10.2,5092.78,1054.38,4038.4,UK_national,False,none
PE-EMP-00983-03,EMP-00983,2025-03-02,2025-03-31,149.8,10.4,5102.53,1216.62,3885.91,UK_national,False,none
PE-EMP-00983-04,EMP-00983,2025-04-01,2025-04-30,143.0,5.7,4899.97,946.39,3953.58,UK_national,False,none
PE-EMP-00983-05,EMP-00983,2025-05-01,2025-05-30,166.0,10.0,5086.43,1078.15,4008.28,UK_national,False,none
PE-EMP-00983-06,EMP-00983,2025-05-31,2025-06-29,144.8,8.7,5030.21,1328.78,3701.43,UK_national,False,none
PE-EMP-00984-01,EMP-00984,2025-01-01,2025-01-30,164.7,0.0,7513.0,1675.3,5837.7,CA,False,none
PE-EMP-00984-02,EMP-00984,2025-01-31,2025-03-01,159.7,0.0,7513.0,2098.66,5414.34,CA,False,none
PE-EMP-00984-03,EMP-00984,2025-03-02,2025-03-31,162.5,0.0,7513.0,1902.67,5610.33,CA,False,none
PE-EMP-00984-04,EMP-00984,2025-04-01,2025-04-30,147.1,0.0,7513.0,2017.16,5495.84,CA,False,none
PE-EMP-00984-05,EMP-00984,2025-05-01,2025-05-30,162.2,0.0,7513.0,1770.06,5742.94,CA,False,none
PE-EMP-00984-06,EMP-00984,2025-05-31,2025-06-29,154.4,0.0,7513.0,2034.75,5478.25,CA,False,none
PE-EMP-00985-01,EMP-00985,2025-01-01,2025-01-30,146.0,0.0,6987.0,1552.02,5434.98,TX,False,none
PE-EMP-00985-02,EMP-00985,2025-01-31,2025-03-01,141.6,0.0,6987.0,1522.73,5464.27,TX,False,none
PE-EMP-00985-03,EMP-00985,2025-03-02,2025-03-31,154.7,0.0,6987.0,1264.42,5722.58,TX,False,none
PE-EMP-00985-04,EMP-00985,2025-04-01,2025-04-30,147.2,0.0,6987.0,1475.63,5511.37,TX,False,none
PE-EMP-00985-05,EMP-00985,2025-05-01,2025-05-30,146.5,0.0,6987.0,1614.82,5372.18,TX,False,none
PE-EMP-00985-06,EMP-00985,2025-05-31,2025-06-29,155.6,0.0,6987.0,1831.2,5155.8,TX,False,none
PE-EMP-00986-01,EMP-00986,2025-01-01,2025-01-30,155.8,0.0,6891.0,1301.41,5589.59,UK_national,False,none
PE-EMP-00986-02,EMP-00986,2025-01-31,2025-03-01,153.7,0.0,6891.0,1634.47,5256.53,UK_national,False,none
PE-EMP-00986-03,EMP-00986,2025-03-02,2025-03-31,155.9,0.0,6891.0,1667.42,5223.58,UK_national,False,none
PE-EMP-00986-04,EMP-00986,2025-04-01,2025-04-30,148.4,0.0,6891.0,1299.47,5591.53,UK_national,False,none
PE-EMP-00986-05,EMP-00986,2025-05-01,2025-05-30,156.0,0.0,6891.0,1275.08,5615.92,UK_national,False,none
PE-EMP-00986-06,EMP-00986,2025-05-31,2025-06-29,154.8,0.0,6891.0,1740.74,5150.26,UK_national,False,none
PE-EMP-00987-01,EMP-00987,2025-01-01,2025-01-30,165.0,0.0,8278.0,2172.05,6105.95,CA,False,none
PE-EMP-00987-02,EMP-00987,2025-01-31,2025-03-01,151.0,0.0,8278.0,2296.72,5981.28,CA,False,none
PE-EMP-00987-03,EMP-00987,2025-03-02,2025-03-31,157.5,0.0,8278.0,2286.34,5991.66,CA,False,none
PE-EMP-00987-04,EMP-00987,2025-04-01,2025-04-30,162.0,0.0,8278.0,2180.1,6097.9,CA,False,none
PE-EMP-00987-05,EMP-00987,2025-05-01,2025-05-30,147.8,0.0,8278.0,2300.99,5977.01,CA,False,none
PE-EMP-00987-06,EMP-00987,2025-05-31,2025-06-29,152.2,0.0,8278.0,1712.73,6565.27,CA,False,none
PE-EMP-00988-01,EMP-00988,2025-01-01,2025-01-30,166.6,0.0,8462.0,1903.14,6558.86,federal,False,none
PE-EMP-00988-02,EMP-00988,2025-01-31,2025-03-01,143.3,0.0,8462.0,1949.79,6512.21,federal,False,none
PE-EMP-00988-03,EMP-00988,2025-03-02,2025-03-31,154.8,0.0,8462.0,2008.95,6453.05,federal,False,none
PE-EMP-00988-04,EMP-00988,2025-04-01,2025-04-30,152.1,0.0,8462.0,1792.73,6669.27,federal,False,none
PE-EMP-00988-05-DUP,EMP-00988,2025-05-01,2025-05-30,164.0,0.0,8462.0,1648.43,6813.57,federal,True,duplicate_payment
PE-EMP-00988-06,EMP-00988,2025-05-31,2025-06-29,167.9,0.0,8462.0,1665.47,6796.53,federal,False,none
PE-EMP-00989-01,EMP-00989,2025-01-01,2025-01-30,159.2,3.0,6561.9,1658.1,4903.8,NY,False,none
PE-EMP-00989-02,EMP-00989,2025-01-31,2025-03-01,150.1,11.1,7049.51,1879.55,5169.96,NY,False,none
PE-EMP-00989-03,EMP-00989,2025-03-02,2025-03-31,161.3,4.9,6678.18,1788.85,4889.33,NY,False,none
PE-EMP-00989-04,EMP-00989,2025-04-01,2025-04-30,155.4,0.0,6384.78,1162.43,5222.35,NY,False,none
PE-EMP-00989-05,EMP-00989,2025-05-01,2025-05-30,160.8,5.7,6721.31,1743.02,4978.29,NY,False,none
PE-EMP-00989-06,EMP-00989,2025-05-31,2025-06-29,156.6,14.9,7275.28,1639.44,5635.84,NY,False,none
PE-EMP-00990-01,EMP-00990,2025-01-01,2025-01-30,154.6,9.2,7404.95,1335.38,6069.57,CA,False,none
PE-EMP-00990-02,EMP-00990,2025-01-31,2025-03-01,142.5,11.5,7554.46,1788.99,5765.47,CA,False,none
PE-EMP-00990-03,EMP-00990,2025-03-02,2025-03-31,140.1,3.8,7059.73,1557.51,5502.22,CA,False,none
PE-EMP-00990-04,EMP-00990,2025-04-01,2025-04-30,142.6,8.7,7373.75,1958.38,5415.37,CA,False,none
PE-EMP-00990-05,EMP-00990,2025-05-01,2025-05-30,144.3,8.5,7362.32,1871.05,5491.27,CA,False,none
PE-EMP-00990-06,EMP-00990,2025-05-31,2025-06-29,145.6,3.5,7043.41,1750.65,5292.76,CA,False,none
PE-EMP-00991-01,EMP-00991,2025-01-01,2025-01-30,163.3,0.0,8245.0,1860.69,6384.31,federal,False,none
PE-EMP-00991-02,EMP-00991,2025-01-31,2025-03-01,166.5,0.0,8245.0,2039.2,6205.8,federal,False,none
PE-EMP-00991-03,EMP-00991,2025-03-02,2025-03-31,152.9,0.0,8245.0,1959.98,6285.02,federal,True,ghost_employee
PE-EMP-00991-04,EMP-00991,2025-04-01,2025-04-30,141.3,0.0,8245.0,2074.74,6170.26,federal,False,none
PE-EMP-00991-05,EMP-00991,2025-05-01,2025-05-30,162.3,0.0,8245.0,1491.44,6753.56,federal,False,none
PE-EMP-00991-06,EMP-00991,2025-05-31,2025-06-29,155.2,0.0,8245.0,1761.82,6483.18,federal,False,none
PE-EMP-00992-01,EMP-00992,2025-01-01,2025-01-30,142.3,0.0,8087.0,2137.11,5949.89,TX,False,none
PE-EMP-00992-02,EMP-00992,2025-01-31,2025-03-01,165.5,0.0,8087.0,2146.75,5940.25,TX,False,none
PE-EMP-00992-03,EMP-00992,2025-03-02,2025-03-31,168.0,0.0,8087.0,1799.57,6287.43,TX,False,none
PE-EMP-00992-04,EMP-00992,2025-04-01,2025-04-30,141.1,0.0,8087.0,1769.85,6317.15,TX,False,none
PE-EMP-00992-05,EMP-00992,2025-05-01,2025-05-30,156.7,0.0,8087.0,1474.31,6612.69,TX,False,none
PE-EMP-00992-06,EMP-00992,2025-05-31,2025-06-29,156.5,0.0,8087.0,2135.9,5951.1,TX,False,none
PE-EMP-00993-01,EMP-00993,2025-01-01,2025-01-30,146.1,0.0,7770.0,1614.09,6155.91,CA,False,none
PE-EMP-00993-02,EMP-00993,2025-01-31,2025-03-01,164.9,0.0,7770.0,1736.25,6033.75,CA,False,none
PE-EMP-00993-03,EMP-00993,2025-03-02,2025-03-31,146.8,0.0,7770.0,1960.38,5809.62,CA,False,none
PE-EMP-00993-04,EMP-00993,2025-04-01,2025-04-30,166.0,0.0,7770.0,1744.88,6025.12,CA,False,none
PE-EMP-00993-05,EMP-00993,2025-05-01,2025-05-30,142.4,0.0,7770.0,1805.28,5964.72,CA,False,none
PE-EMP-00993-06,EMP-00993,2025-05-31,2025-06-29,156.9,0.0,7770.0,1470.45,6299.55,CA,False,none
PE-EMP-00994-01,EMP-00994,2025-01-01,2025-01-30,159.4,0.0,8254.0,2018.73,6235.27,WA,False,none
PE-EMP-00994-02,EMP-00994,2025-01-31,2025-03-01,144.0,0.0,8254.0,1757.88,6496.12,WA,False,none
PE-EMP-00994-03,EMP-00994,2025-03-02,2025-03-31,162.5,0.0,8254.0,1958.95,6295.05,WA,False,none
PE-EMP-00994-04,EMP-00994,2025-04-01,2025-04-30,140.5,0.0,8254.0,1609.6,6644.4,WA,False,none
PE-EMP-00994-05,EMP-00994,2025-05-01,2025-05-30,162.5,0.0,8254.0,2010.61,6243.39,WA,False,none
PE-EMP-00994-06,EMP-00994,2025-05-31,2025-06-29,141.9,0.0,8254.0,2034.39,6219.61,WA,False,none
PE-EMP-00995-01,EMP-00995,2025-01-01,2025-01-30,161.4,0.0,8210.0,1644.84,6565.16,DE_national,False,none
PE-EMP-00995-02,EMP-00995,2025-01-31,2025-03-01,151.5,0.0,8210.0,1705.82,6504.18,DE_national,False,none
PE-EMP-00995-03,EMP-00995,2025-03-02,2025-03-31,150.5,0.0,8210.0,1844.36,6365.64,DE_national,False,none
PE-EMP-00995-04,EMP-00995,2025-04-01,2025-04-30,156.7,0.0,8210.0,1949.67,6260.33,DE_national,False,none
PE-EMP-00995-05,EMP-00995,2025-05-01,2025-05-30,164.9,0.0,8210.0,1710.46,6499.54,DE_national,False,none
PE-EMP-00995-06,EMP-00995,2025-05-31,2025-06-29,151.3,0.0,8210.0,1702.21,6507.79,DE_national,False,none
PE-EMP-00996-01,EMP-00996,2025-01-01,2025-01-30,160.1,0.0,8654.0,1939.9,6714.1,WA,False,none
PE-EMP-00996-02,EMP-00996,2025-01-31,2025-03-01,155.4,0.0,8654.0,1640.36,7013.64,WA,False,none
PE-EMP-00996-03,EMP-00996,2025-03-02,2025-03-31,158.0,0.0,8654.0,1788.78,6865.22,WA,False,none
PE-EMP-00996-04,EMP-00996,2025-04-01,2025-04-30,143.9,0.0,8654.0,1571.59,7082.41,WA,False,none
PE-EMP-00996-05,EMP-00996,2025-05-01,2025-05-30,165.5,0.0,8654.0,2224.07,6429.93,WA,False,none
PE-EMP-00996-06,EMP-00996,2025-05-31,2025-06-29,144.3,0.0,8654.0,2153.74,6500.26,WA,False,none
PE-EMP-00997-01,EMP-00997,2025-01-01,2025-01-30,146.2,0.0,6983.0,1353.15,5629.85,WA,False,none
PE-EMP-00997-02,EMP-00997,2025-01-31,2025-03-01,165.8,0.0,6983.0,1568.9,5414.1,WA,False,none
PE-EMP-00997-03,EMP-00997,2025-03-02,2025-03-31,140.0,0.0,6983.0,1458.74,5524.26,WA,False,none
PE-EMP-00997-04,EMP-00997,2025-04-01,2025-04-30,151.0,0.0,6983.0,1927.99,5055.01,WA,False,none
PE-EMP-00997-05,EMP-00997,2025-05-01,2025-05-30,149.7,0.0,6983.0,1280.46,5702.54,WA,False,none
PE-EMP-00997-06,EMP-00997,2025-05-31,2025-06-29,153.9,0.0,6983.0,1876.5,5106.5,WA,False,none
PE-EMP-00998-01,EMP-00998,2025-01-01,2025-01-30,165.3,0.0,6852.0,1705.34,5146.66,WA,False,none
PE-EMP-00998-02,EMP-00998,2025-01-31,2025-03-01,162.1,0.0,6852.0,1553.74,5298.26,WA,False,none
PE-EMP-00998-03,EMP-00998,2025-03-02,2025-03-31,167.2,0.0,6852.0,1479.01,5372.99,WA,True,ghost_employee
PE-EMP-00998-04,EMP-00998,2025-04-01,2025-04-30,144.5,0.0,6852.0,1515.38,5336.62,WA,False,none
PE-EMP-00998-05,EMP-00998,2025-05-01,2025-05-30,149.6,0.0,6852.0,1870.97,4981.03,WA,False,none
PE-EMP-00998-06,EMP-00998,2025-05-31,2025-06-29,140.2,0.0,6852.0,1544.74,5307.26,WA,False,none
PE-EMP-00999-01,EMP-00999,2025-01-01,2025-01-30,157.4,0.0,6911.0,1304.24,5606.76,NY,False,none
PE-EMP-00999-02,EMP-00999,2025-01-31,2025-03-01,155.7,0.0,6911.0,1929.89,4981.11,NY,False,none
PE-EMP-00999-03,EMP-00999,2025-03-02,2025-03-31,159.6,0.0,6911.0,1340.38,5570.62,NY,False,none
PE-EMP-00999-04,EMP-00999,2025-04-01,2025-04-30,143.3,0.0,6911.0,1318.05,5592.95,NY,False,none
PE-EMP-00999-05,EMP-00999,2025-05-01,2025-05-30,141.9,0.0,6911.0,1533.32,5377.68,NY,False,none
PE-EMP-00999-06,EMP-00999,2025-05-31,2025-06-29,157.7,0.0,6911.0,1366.09,5544.91,NY,False,none
PE-EMP-01000-01,EMP-01000,2025-01-01,2025-01-30,155.8,0.0,7665.0,1630.62,6034.38,TX,False,none
PE-EMP-01000-02,EMP-01000,2025-01-31,2025-03-01,164.3,0.0,7665.0,1599.58,6065.42,TX,True,ghost_employee
PE-EMP-01000-03,EMP-01000,2025-03-02,2025-03-31,164.7,0.0,7665.0,1684.45,5980.55,TX,False,none
PE-EMP-01000-04,EMP-01000,2025-04-01,2025-04-30,156.8,0.0,7665.0,1426.33,6238.67,TX,False,none
PE-EMP-01000-05,EMP-01000,2025-05-01,2025-05-30,147.4,0.0,7665.0,1547.61,6117.39,TX,False,none
PE-EMP-01000-06,EMP-01000,2025-05-31,2025-06-29,141.5,0.0,7665.0,1692.74,5972.26,TX,False,none
